// 'close_water_img', 160x128px
const uint16_t close_water_img [] PROGMEM = {
	0x630c, 0x630c, 0x630c, 0x630c, 0x630c, 0x630c, 0x630c, 0x630c, 0x630c, 0x630c, 0x630c, 0x630c, 0x630c, 0x630c, 0x630c, 0x630c, 
	0x630c, 0x630c, 0x630c, 0x630c, 0x630c, 0x630c, 0x630c, 0x630c, 0x630c, 0x630c, 0x630c, 0x630c, 0x630c, 0x630c, 0x630c, 0x5b0c, 
	0x630c, 0x630c, 0x630c, 0x630c, 0x630c, 0x630c, 0x630c, 0x630c, 0x630c, 0x630c, 0x630c, 0x630c, 0x5b0c, 0x630c, 0x630c, 0x630c, 
	0x630c, 0x630c, 0x630c, 0x630c, 0x630c, 0x630c, 0x630c, 0x630c, 0x630c, 0x630c, 0x630c, 0x630c, 0x630c, 0x630c, 0x630c, 0x630c, 
	0x630c, 0x630c, 0x630c, 0x630c, 0x630c, 0x630c, 0x630c, 0x630c, 0x630c, 0x630c, 0x630c, 0x630c, 0x630c, 0x630c, 0x630c, 0x630c, 
	0x630c, 0x630c, 0x630c, 0x630c, 0x5b0c, 0x5b0c, 0x5b0c, 0x5b0c, 0x5b0c, 0x5b0c, 0x5b0c, 0x5b0c, 0x5b0c, 0x5b0c, 0x5b0c, 0x5b0c, 
	0x5b0c, 0x5b0c, 0x5b0c, 0x5b0c, 0x5b0c, 0x5b0c, 0x5b0c, 0x5b0c, 0x5b0c, 0x5b0c, 0x5b0c, 0x5b0c, 0x5b0c, 0x5b0c, 0x5b0c, 0x5b0c, 
	0x5b0c, 0x5b0c, 0x5b0c, 0x5b0c, 0x5b0c, 0x5b0c, 0x5b0c, 0x5b0c, 0x5b0c, 0x5b0c, 0x5b0c, 0x5b0c, 0x5b0c, 0x5b0c, 0x5b0c, 0x5b0c, 
	0x5b0c, 0x5b0c, 0x5b0c, 0x5b0c, 0x5b0c, 0x5b0c, 0x5b0c, 0x5b0c, 0x5b0c, 0x5b0c, 0x5b0c, 0x5b0c, 0x5b0c, 0x5b0c, 0x5b0c, 0x5b0c, 
	0x5b0c, 0x5b0c, 0x5b0c, 0x5b0c, 0x5b0c, 0x5b0c, 0x5b0c, 0x5b0c, 0x5b0c, 0x5b0c, 0x5b0c, 0x5b0c, 0x5b0c, 0x5b0c, 0x630c, 0x630c, 
	0x7bf0, 0x63af, 0x5bb0, 0x63b0, 0x63b0, 0x5bb0, 0x5bb0, 0x5bb0, 0x63d0, 0x5bb0, 0x5bb0, 0x5bb0, 0x63d0, 0x5baf, 0x5bb0, 0x5bb0, 
	0x63d0, 0x5bb0, 0x5bb0, 0x5bb0, 0x5bb0, 0x63b0, 0x5bb0, 0x5bb0, 0x5bb0, 0x63b0, 0x5bb0, 0x5bb0, 0x5bb0, 0x63b0, 0x5bb0, 0x5baf, 
	0x5bb0, 0x63b0, 0x63b0, 0x5bb0, 0x5bb0, 0x63b0, 0x63b0, 0x5bb0, 0x5bb0, 0x5bb0, 0x63d0, 0x5bb0, 0x5baf, 0x5bb0, 0x63d0, 0x5bb0, 
	0x5bb0, 0x5bb0, 0x5bb0, 0x63d0, 0x5bb0, 0x5bb0, 0x5bb0, 0x63d0, 0x5bb0, 0x5bb0, 0x5bb0, 0x63b0, 0x63b0, 0x5bb0, 0x5bb0, 0x5bb0, 
	0x63d0, 0x5bb0, 0x5bb0, 0x5bb0, 0x63d0, 0x5bb0, 0x5bb0, 0x5bb0, 0x63d0, 0x5bb0, 0x5baf, 0x5bb0, 0x5bb0, 0x63b0, 0x5bb0, 0x5bb0, 
	0x5bb0, 0x63d0, 0x5bb0, 0x5bb0, 0x5bb0, 0x63b0, 0x5bb0, 0x5baf, 0x5bb0, 0x63b0, 0x63b0, 0x5bb0, 0x5bb0, 0x5bb0, 0x63b0, 0x5bb0, 
	0x5bb0, 0x5bb0, 0x63d0, 0x5bb0, 0x5bb0, 0x5bb0, 0x63b0, 0x5bb0, 0x5bb0, 0x5bb0, 0x5bb0, 0x63d0, 0x5bb0, 0x5bb0, 0x5bb0, 0x63d0, 
	0x5baf, 0x5bb0, 0x5bb0, 0x63b0, 0x63b0, 0x5bb0, 0x5bb0, 0x5bb0, 0x63d0, 0x5bb0, 0x5bb0, 0x5bb0, 0x63d0, 0x5bb0, 0x5bb0, 0x5bb0, 
	0x63d0, 0x5bb0, 0x5bb0, 0x5bb0, 0x63b0, 0x63b0, 0x5bb0, 0x5bb0, 0x5bb0, 0x63d0, 0x5bb0, 0x5bb0, 0x5bb0, 0x63b0, 0x5bb0, 0x5bb0, 
	0x5bb0, 0x63b0, 0x63b0, 0x5bb0, 0x5bb0, 0x63b0, 0x63b0, 0x5bb0, 0x5bb0, 0x5bb0, 0x63d0, 0x5bb0, 0x5bb0, 0x5bb0, 0x73f0, 0x8410, 
	0x7bf0, 0x5bb0, 0x4b90, 0x53b1, 0x53b1, 0x4b90, 0x4b90, 0x53b0, 0x53d1, 0x4b90, 0x4b90, 0x4b90, 0x53d1, 0x4b90, 0x4b90, 0x4b90, 
	0x53b1, 0x53b0, 0x4b90, 0x4b90, 0x53b1, 0x53b1, 0x4b90, 0x4b90, 0x4bb0, 0x53b1, 0x4b90, 0x4b90, 0x4bb0, 0x53b1, 0x53b0, 0x4b90, 
	0x4b90, 0x53b1, 0x53b1, 0x4b90, 0x4b90, 0x53b1, 0x53b1, 0x4b90, 0x4b90, 0x4b90, 0x53d1, 0x4bb0, 0x4b90, 0x4b90, 0x53d1, 0x4bb0, 
	0x4b90, 0x4b90, 0x53b0, 0x53d1, 0x4b90, 0x4b90, 0x4b90, 0x53d1, 0x4b90, 0x4b90, 0x4b90, 0x53b1, 0x53b1, 0x4b90, 0x4b90, 0x53b0, 
	0x53d1, 0x4b90, 0x4b90, 0x4b90, 0x53d1, 0x4b90, 0x4b90, 0x4b90, 0x53d1, 0x53b0, 0x4b90, 0x4b90, 0x53b1, 0x53b1, 0x4b90, 0x4b90, 
	0x4bb0, 0x53d1, 0x4b90, 0x4b90, 0x4bb0, 0x53b1, 0x4bb0, 0x4b90, 0x4b90, 0x53b1, 0x53b1, 0x4b90, 0x4b90, 0x53b1, 0x53b1, 0x4b90, 
	0x4b90, 0x4b90, 0x53d1, 0x53b0, 0x4b90, 0x4b90, 0x53b1, 0x4bb0, 0x4b90, 0x4b90, 0x53b0, 0x53d1, 0x4b90, 0x4b90, 0x4b90, 0x53d1, 
	0x4b90, 0x4b90, 0x4b90, 0x53b1, 0x53b1, 0x4b90, 0x4b90, 0x53b0, 0x53d1, 0x4b90, 0x4b90, 0x4b90, 0x53d1, 0x4b90, 0x4b90, 0x4b90, 
	0x53d1, 0x4bb0, 0x4b90, 0x4b90, 0x53b1, 0x53b1, 0x4b90, 0x4b90, 0x5390, 0x53d1, 0x4b90, 0x4b90, 0x4bb0, 0x53b1, 0x4bb0, 0x4b90, 
	0x4b90, 0x53b1, 0x53b1, 0x4b90, 0x4b90, 0x53b1, 0x53b1, 0x4b90, 0x4b90, 0x4b90, 0x53b1, 0x4b90, 0x4b90, 0x5390, 0x6bd0, 0x8410, 
	0x7bf0, 0x5bb0, 0x53b1, 0x53d1, 0x53d1, 0x53b1, 0x53b1, 0x53b1, 0x53f1, 0x53b1, 0x53b1, 0x53b1, 0x53f2, 0x53b1, 0x53b1, 0x53b1, 
	0x53d1, 0x53d1, 0x53b1, 0x53b1, 0x53d1, 0x53d1, 0x53b1, 0x53b1, 0x53d1, 0x53d1, 0x53b1, 0x53b1, 0x53b1, 0x53d1, 0x53b1, 0x53b1, 
	0x53b1, 0x53d1, 0x53d1, 0x53b1, 0x53b1, 0x53d1, 0x53d1, 0x53b1, 0x53b1, 0x53b1, 0x53d1, 0x53d1, 0x53b1, 0x53b1, 0x53d1, 0x53d1, 
	0x53b1, 0x53b1, 0x53b1, 0x53f1, 0x53b1, 0x53b1, 0x53b1, 0x53f2, 0x53b1, 0x53b1, 0x53b1, 0x53d1, 0x53d1, 0x53b1, 0x53b1, 0x53b1, 
	0x53d1, 0x53b1, 0x53b1, 0x53b1, 0x53f2, 0x53b1, 0x53b1, 0x53b1, 0x53d1, 0x53d1, 0x53b1, 0x53b1, 0x53d1, 0x53d1, 0x53b1, 0x53b1, 
	0x53d1, 0x53d1, 0x53b1, 0x53b1, 0x53b1, 0x53d1, 0x53b1, 0x53b1, 0x53b1, 0x53d1, 0x53d1, 0x53b1, 0x53b1, 0x53d1, 0x53d1, 0x53b1, 
	0x53b1, 0x53b1, 0x53d1, 0x53d1, 0x53b1, 0x53b1, 0x53d1, 0x53d1, 0x53b1, 0x53b1, 0x53b1, 0x53d1, 0x53b1, 0x53b1, 0x53b1, 0x53f2, 
	0x53b1, 0x53b1, 0x53b1, 0x53d1, 0x53d1, 0x53b1, 0x53b1, 0x53d1, 0x53d1, 0x53b1, 0x53b1, 0x53b1, 0x53f2, 0x53b1, 0x53b1, 0x53b1, 
	0x53d1, 0x53d1, 0x53b1, 0x53b1, 0x53d1, 0x53d1, 0x53b1, 0x53b1, 0x53b1, 0x53d1, 0x53b1, 0x53b1, 0x53b1, 0x53d1, 0x53b1, 0x53b1, 
	0x53b1, 0x53d1, 0x53d1, 0x53b1, 0x53b1, 0x53d1, 0x53d1, 0x53b1, 0x53b1, 0x53b1, 0x53d1, 0x53b1, 0x53b1, 0x53b1, 0x73f0, 0x8410, 
	0x7bf0, 0x5bb0, 0x4b90, 0x53b1, 0x53b1, 0x4bb0, 0x4b90, 0x4bb0, 0x53d1, 0x4bb0, 0x4bb0, 0x4bb0, 0x53d1, 0x4b90, 0x4b90, 0x4bb0, 
	0x53d1, 0x53b0, 0x4b90, 0x5390, 0x53b1, 0x53b1, 0x4bb0, 0x4bb0, 0x4bb0, 0x53d1, 0x4b90, 0x4bb0, 0x4bb0, 0x53b1, 0x4bb0, 0x4b90, 
	0x5390, 0x53b1, 0x53b1, 0x4bb0, 0x4bb0, 0x53b1, 0x53b1, 0x4bb0, 0x4bb0, 0x4bb0, 0x53d1, 0x53b0, 0x4b90, 0x4b90, 0x53d1, 0x4bb0, 
	0x4bb0, 0x4b90, 0x4bb0, 0x53d1, 0x4bb0, 0x4bb0, 0x4bb0, 0x53d1, 0x4bb0, 0x5390, 0x4b90, 0x53b1, 0x53b1, 0x4bb0, 0x4b90, 0x53b0, 
	0x53d1, 0x4bb0, 0x4bb0, 0x4bb0, 0x53d1, 0x4b90, 0x4b90, 0x4bb0, 0x53d1, 0x53b0, 0x4b90, 0x4b90, 0x53b1, 0x53b1, 0x4bb0, 0x4bb0, 
	0x4bb0, 0x53d1, 0x4b90, 0x4bb0, 0x4bb0, 0x53b1, 0x4bb0, 0x4b90, 0x5390, 0x53b1, 0x53b1, 0x4bb0, 0x4bb0, 0x53b1, 0x53b1, 0x4bb0, 
	0x4bb0, 0x4bb0, 0x53d1, 0x4bb0, 0x5390, 0x4b90, 0x53d1, 0x4bb0, 0x4bb0, 0x4b90, 0x4bb0, 0x53d1, 0x4bb0, 0x4bb0, 0x4b90, 0x53d1, 
	0x4b90, 0x5390, 0x4b90, 0x53b1, 0x53b1, 0x4bb0, 0x4b90, 0x53b0, 0x53d1, 0x4bb0, 0x4bb0, 0x4bb0, 0x53d1, 0x4b90, 0x4b90, 0x4bb0, 
	0x53d1, 0x4bb0, 0x4bb0, 0x4bb0, 0x53b1, 0x53b1, 0x4bb0, 0x4bb0, 0x4b90, 0x53d1, 0x4b90, 0x4bb0, 0x4bb0, 0x53b1, 0x4bb0, 0x5390, 
	0x4bb0, 0x53b1, 0x53b1, 0x4bb0, 0x4bb0, 0x53b1, 0x53b1, 0x4bb0, 0x4bb0, 0x4bb0, 0x53d1, 0x4bb0, 0x5390, 0x5390, 0x6bd0, 0x8410, 
	0x7bef, 0x5b90, 0x4b90, 0x53b1, 0x53b1, 0x4b90, 0x4b90, 0x4bb0, 0x53d1, 0x4b90, 0x4b90, 0x4b90, 0x53d1, 0x4b90, 0x4b90, 0x4b90, 
	0x53b1, 0x53b0, 0x4b90, 0x4b90, 0x53b1, 0x53b1, 0x4b90, 0x4b90, 0x4bb0, 0x53b1, 0x4b90, 0x4b90, 0x4bb0, 0x53b1, 0x4bb0, 0x4b90, 
	0x4b90, 0x53b0, 0x53b0, 0x4b90, 0x4b90, 0x53b0, 0x53b0, 0x4b90, 0x4b90, 0x4b90, 0x53b1, 0x4bb0, 0x4b90, 0x4b90, 0x53b1, 0x4bb0, 
	0x4b90, 0x4b90, 0x4b90, 0x53d1, 0x4b90, 0x4b90, 0x4b90, 0x53d1, 0x4b90, 0x4b90, 0x4b90, 0x53b1, 0x53b0, 0x4b90, 0x4b90, 0x5390, 
	0x53b1, 0x4b90, 0x4b90, 0x4b90, 0x53d1, 0x4b90, 0x4b90, 0x4b90, 0x53b1, 0x53b0, 0x4b90, 0x4b90, 0x53b1, 0x53b1, 0x4b90, 0x4b90, 
	0x4bb0, 0x53b1, 0x4b90, 0x4b90, 0x4bb0, 0x53b1, 0x4b90, 0x4b90, 0x4b90, 0x53b0, 0x53b0, 0x4b90, 0x4b90, 0x53b0, 0x53b0, 0x4b90, 
	0x4b90, 0x4b90, 0x53b1, 0x5390, 0x4b90, 0x4b90, 0x53b1, 0x4bb0, 0x4b90, 0x4b90, 0x4b90, 0x53d1, 0x4b90, 0x4b90, 0x4b90, 0x53d1, 
	0x4b90, 0x4b90, 0x4b90, 0x53b1, 0x53b0, 0x4b90, 0x4b90, 0x4bb0, 0x53b1, 0x4b90, 0x4b90, 0x4b90, 0x53d1, 0x4b90, 0x4b90, 0x4b90, 
	0x53d1, 0x4b90, 0x4b90, 0x4b90, 0x53b1, 0x53b1, 0x4b90, 0x4b90, 0x4b90, 0x53b1, 0x4b90, 0x4b90, 0x5390, 0x53b1, 0x4b90, 0x4b90, 
	0x4b90, 0x53b0, 0x53b0, 0x4b90, 0x4b90, 0x53b0, 0x53b0, 0x4b90, 0x4b90, 0x4b90, 0x53b1, 0x4b90, 0x4b90, 0x5390, 0x6bd0, 0x8410, 
	0x7bef, 0x5b90, 0x4b90, 0x53b1, 0x53b1, 0x4b90, 0x4b90, 0x4bb0, 0x53d1, 0x4b90, 0x4b90, 0x4b90, 0x53d1, 0x4b90, 0x4b90, 0x4b90, 
	0x53b1, 0x53b0, 0x4b90, 0x4b90, 0x53b1, 0x53b1, 0x4b90, 0x4b90, 0x4bb0, 0x53b1, 0x4b90, 0x4b90, 0x4bb0, 0x53b1, 0x4bb0, 0x4b90, 
	0x4b90, 0x53b0, 0x53b0, 0x4b90, 0x4b90, 0x53b0, 0x53b0, 0x4b90, 0x4b90, 0x4b90, 0x53b1, 0x4bb0, 0x4b90, 0x4b90, 0x53b1, 0x4bb0, 
	0x4b90, 0x4b90, 0x4b90, 0x53d1, 0x4b90, 0x4b90, 0x4b90, 0x53d1, 0x4b90, 0x4b90, 0x4b90, 0x53b1, 0x53b0, 0x4b90, 0x4b90, 0x5390, 
	0x53b1, 0x4b90, 0x4b90, 0x4b90, 0x53d1, 0x4b90, 0x4b90, 0x4b90, 0x53b1, 0x53b0, 0x4b90, 0x4b90, 0x4bb1, 0x53b1, 0x4b90, 0x4b90, 
	0x4bb0, 0x53b1, 0x4b90, 0x4b90, 0x4bb0, 0x53b1, 0x4b90, 0x4b90, 0x4b90, 0x53b0, 0x53b0, 0x4b90, 0x4b90, 0x53b0, 0x53b0, 0x4b90, 
	0x4b90, 0x4b90, 0x53b1, 0x4b90, 0x4b90, 0x4b90, 0x53b1, 0x4bb0, 0x4b90, 0x4b90, 0x4b90, 0x53d1, 0x4b90, 0x4b90, 0x4b90, 0x53d1, 
	0x4b90, 0x4b90, 0x4b90, 0x53b1, 0x53b0, 0x4b90, 0x4b90, 0x4bb0, 0x53b1, 0x4b90, 0x4b90, 0x4b90, 0x53d1, 0x4b90, 0x4b90, 0x4b90, 
	0x53b1, 0x4b90, 0x4b90, 0x4b90, 0x53b0, 0x53b1, 0x4b90, 0x4b90, 0x4b90, 0x53b1, 0x4b90, 0x4b90, 0x4b90, 0x53b1, 0x4b90, 0x4b90, 
	0x4b90, 0x53b0, 0x53b0, 0x4b90, 0x4b90, 0x53b0, 0x53b0, 0x4b90, 0x4b90, 0x4b90, 0x53b1, 0x4b90, 0x4b90, 0x5390, 0x6bd0, 0x8410, 
	0x7bf0, 0x5bb0, 0x53b0, 0x53d1, 0x53d1, 0x53b0, 0x53b0, 0x53b1, 0x53d1, 0x53b0, 0x53b0, 0x53b1, 0x53d1, 0x53b0, 0x53b0, 0x53b1, 
	0x53d1, 0x53b1, 0x53b0, 0x53b0, 0x53b1, 0x53d1, 0x53b0, 0x53b0, 0x53b1, 0x53d1, 0x53b0, 0x53b0, 0x53b1, 0x53d1, 0x53b1, 0x53b0, 
	0x53b0, 0x53d1, 0x53d1, 0x53b1, 0x53b1, 0x53d1, 0x53d1, 0x53b0, 0x53b1, 0x53b1, 0x53d1, 0x53b1, 0x53b0, 0x53b0, 0x53d1, 0x53b1, 
	0x53b0, 0x53b1, 0x53b1, 0x53d1, 0x53b0, 0x53b0, 0x53b1, 0x53d1, 0x53b0, 0x53b0, 0x53b0, 0x53d1, 0x53d1, 0x53b0, 0x53b0, 0x53b1, 
	0x53d1, 0x53b0, 0x53b0, 0x53b1, 0x53d1, 0x53b0, 0x53b0, 0x53b1, 0x53d1, 0x53b1, 0x53b0, 0x53b0, 0x53b1, 0x53d1, 0x53b0, 0x53b0, 
	0x53b1, 0x53d1, 0x53b0, 0x53b0, 0x53b1, 0x53d1, 0x53b1, 0x53b0, 0x53b0, 0x53d1, 0x53d1, 0x53b1, 0x53b0, 0x53b1, 0x53d1, 0x53b0, 
	0x53b1, 0x53b1, 0x53d1, 0x53b1, 0x53b0, 0x53b0, 0x53d1, 0x53b1, 0x53b0, 0x53b1, 0x53b1, 0x53d1, 0x53b0, 0x53b0, 0x53b1, 0x53d1, 
	0x53b0, 0x53b0, 0x53b0, 0x53d1, 0x53d1, 0x53b0, 0x53b0, 0x53b1, 0x53d1, 0x53b0, 0x53b0, 0x53b1, 0x53d1, 0x53b0, 0x53b0, 0x53b0, 
	0x53d1, 0x53b1, 0x53b0, 0x53b0, 0x53b1, 0x53d1, 0x53b0, 0x53b0, 0x53b1, 0x53d1, 0x53b0, 0x53b0, 0x53b1, 0x53d1, 0x53b1, 0x53b0, 
	0x53b0, 0x53d1, 0x53d1, 0x53b1, 0x53b0, 0x53b1, 0x53d1, 0x53b0, 0x53b1, 0x53b1, 0x53d1, 0x53b1, 0x53b0, 0x53b1, 0x6bf0, 0x8410, 
	0x7bef, 0x5bb0, 0x53b0, 0x53d1, 0x53d1, 0x53b0, 0x53b0, 0x53b1, 0x53d1, 0x53b0, 0x53b0, 0x53b1, 0x53f1, 0x53b0, 0x53b0, 0x53b1, 
	0x53d1, 0x53b1, 0x53b0, 0x53b0, 0x53b1, 0x53d1, 0x53b0, 0x53b0, 0x53b1, 0x53d1, 0x53b0, 0x53b0, 0x53b1, 0x53d1, 0x53b1, 0x53b0, 
	0x53b0, 0x53d1, 0x53d1, 0x53b0, 0x53b0, 0x53b1, 0x53d1, 0x53b0, 0x53b0, 0x53b1, 0x53d1, 0x53b1, 0x53b0, 0x53b0, 0x53d1, 0x53b1, 
	0x53b0, 0x53b0, 0x53b1, 0x53d1, 0x53b0, 0x53b0, 0x53b1, 0x53d1, 0x53b0, 0x53b0, 0x53b0, 0x53d1, 0x53d1, 0x53b0, 0x53b0, 0x53b1, 
	0x53d1, 0x53b0, 0x53b0, 0x53b1, 0x53d1, 0x53b0, 0x53b0, 0x53b1, 0x53d1, 0x53b1, 0x53b0, 0x53b0, 0x53b1, 0x53d1, 0x53b0, 0x53b0, 
	0x53b1, 0x53d1, 0x53b0, 0x53b0, 0x53b1, 0x53d1, 0x53b1, 0x53b0, 0x53b0, 0x53d1, 0x53d1, 0x53b0, 0x53b0, 0x53b1, 0x53d1, 0x53b0, 
	0x53b0, 0x53b1, 0x53d1, 0x53b1, 0x53b0, 0x53b0, 0x53d1, 0x53b1, 0x53b0, 0x53b0, 0x53b1, 0x53d1, 0x53b0, 0x53b0, 0x53b1, 0x53f1, 
	0x53b0, 0x53b0, 0x53b0, 0x53d1, 0x53d1, 0x53b0, 0x53b0, 0x53b1, 0x53d1, 0x53b0, 0x53b0, 0x53b1, 0x53f1, 0x53b0, 0x53b0, 0x53b0, 
	0x53d1, 0x53b1, 0x53b0, 0x53b0, 0x53b1, 0x53d1, 0x53b0, 0x53b0, 0x53b1, 0x53d1, 0x53b0, 0x53b0, 0x53b1, 0x53d1, 0x53b1, 0x53b0, 
	0x53b0, 0x53d1, 0x53d1, 0x53b0, 0x53b0, 0x53b1, 0x53d1, 0x53b0, 0x53b0, 0x53b1, 0x53d1, 0x53b1, 0x53b0, 0x53b1, 0x6bf0, 0x8410, 
	0x7bef, 0x5b90, 0x4b90, 0x53b1, 0x53b0, 0x4b90, 0x4b90, 0x4bb0, 0x53d1, 0x4b90, 0x4b90, 0x4b90, 0x53d1, 0x4b90, 0x4b90, 0x4b90, 
	0x53b1, 0x4bb0, 0x4b90, 0x4b90, 0x53b1, 0x53b1, 0x4b90, 0x4b90, 0x4bb0, 0x53b1, 0x4b90, 0x4b90, 0x4bb0, 0x53b1, 0x4bb0, 0x4b90, 
	0x4b90, 0x53b0, 0x53b0, 0x4b90, 0x4b90, 0x53b0, 0x53b0, 0x4b90, 0x4b90, 0x4b90, 0x53b1, 0x4bb0, 0x4b90, 0x4b90, 0x53b1, 0x4bb0, 
	0x4b90, 0x4b90, 0x4b90, 0x53d1, 0x4b90, 0x4b90, 0x4b90, 0x53d1, 0x4b90, 0x4b90, 0x4b90, 0x53b1, 0x53b0, 0x4b90, 0x4b90, 0x5390, 
	0x53b1, 0x4b90, 0x4b90, 0x4b90, 0x53d1, 0x4b90, 0x4b90, 0x4b90, 0x53b1, 0x53b0, 0x4b90, 0x4b90, 0x4bb0, 0x53b1, 0x4b90, 0x4b90, 
	0x4bb0, 0x53b1, 0x4b90, 0x4b90, 0x4bb0, 0x53b1, 0x4b90, 0x4b90, 0x4b90, 0x53b0, 0x53b0, 0x4b90, 0x4b90, 0x53b0, 0x53b0, 0x4b90, 
	0x4b90, 0x4b90, 0x53b1, 0x4b90, 0x4b90, 0x4b90, 0x53b1, 0x4bb0, 0x4b90, 0x4b90, 0x4b90, 0x53d1, 0x4b90, 0x4b90, 0x4b90, 0x53d1, 
	0x4b90, 0x4b90, 0x4b90, 0x53b1, 0x4bb0, 0x4b90, 0x4b90, 0x4bb0, 0x53b1, 0x4b90, 0x4b90, 0x4b90, 0x53d1, 0x4b90, 0x4b90, 0x4b90, 
	0x53b1, 0x4b90, 0x4b90, 0x4b90, 0x53b0, 0x53b1, 0x4b90, 0x4b90, 0x4b90, 0x53b1, 0x4b90, 0x4b90, 0x4b90, 0x53b1, 0x4b90, 0x4b90, 
	0x4b90, 0x53b0, 0x53b0, 0x4b90, 0x4b90, 0x53b0, 0x53b0, 0x4b90, 0x4b90, 0x4b90, 0x53b1, 0x4b90, 0x4b90, 0x5390, 0x6bd0, 0x8410, 
	0x7bef, 0x5b90, 0x4b90, 0x53b1, 0x53b1, 0x4b90, 0x4b90, 0x4b90, 0x53d1, 0x4b90, 0x4b90, 0x4b90, 0x53d1, 0x4b90, 0x4b90, 0x4b90, 
	0x53b1, 0x53b0, 0x4b90, 0x4b90, 0x53b0, 0x53b1, 0x4b90, 0x4b90, 0x4bb0, 0x53b1, 0x4b90, 0x4b90, 0x4bb0, 0x53b1, 0x4bb0, 0x4b90, 
	0x4b90, 0x53b0, 0x53b0, 0x4b90, 0x4b90, 0x53b0, 0x53b0, 0x4b90, 0x4b90, 0x4b90, 0x53b1, 0x4bb0, 0x4b90, 0x4b90, 0x53b1, 0x4bb0, 
	0x4b90, 0x4b90, 0x4b90, 0x53d1, 0x4b90, 0x4b90, 0x4b90, 0x53d1, 0x4b90, 0x4b90, 0x4b90, 0x53b1, 0x53b0, 0x4b90, 0x4b90, 0x4bb0, 
	0x53b1, 0x4b90, 0x4b90, 0x4b90, 0x53d1, 0x4b90, 0x4b90, 0x4b90, 0x53b1, 0x53b0, 0x4b90, 0x4b90, 0x53b1, 0x53b1, 0x4b90, 0x4b90, 
	0x4bb0, 0x53b1, 0x4b90, 0x4b90, 0x4bb0, 0x53b1, 0x4b90, 0x4b90, 0x4b90, 0x53b0, 0x53b0, 0x4b90, 0x4b90, 0x4bb0, 0x53b0, 0x4b90, 
	0x4b90, 0x4b90, 0x53b1, 0x4bb0, 0x4b90, 0x4b90, 0x53b1, 0x4bb0, 0x4b90, 0x4b90, 0x4b90, 0x53d1, 0x4b90, 0x4b90, 0x4b90, 0x53d1, 
	0x4b90, 0x4b90, 0x4b90, 0x53b1, 0x53b0, 0x4b90, 0x4b90, 0x4bb0, 0x53b1, 0x4b90, 0x4b90, 0x4b90, 0x53d1, 0x4b90, 0x4b90, 0x4b90, 
	0x53b1, 0x4b90, 0x4b90, 0x4b90, 0x4bb0, 0x53b1, 0x4b90, 0x4b90, 0x4b90, 0x53b1, 0x4b90, 0x4b90, 0x4bb0, 0x53b1, 0x4b90, 0x4b90, 
	0x4b90, 0x53b0, 0x53b0, 0x4b90, 0x4b90, 0x4bb0, 0x53b0, 0x4b90, 0x4b90, 0x4b90, 0x53b1, 0x4b90, 0x4b90, 0x5390, 0x6bd0, 0x8410, 
	0x7bef, 0x5bb0, 0x4b90, 0x53b1, 0x53b1, 0x4b90, 0x4b90, 0x4bb0, 0x53d1, 0x4b90, 0x4b90, 0x4bb0, 0x53d1, 0x4b90, 0x4b90, 0x4b90, 
	0x53b1, 0x53b0, 0x4b90, 0x4b90, 0x53b0, 0x53b1, 0x4b90, 0x4b90, 0x4bb0, 0x53d1, 0x4b90, 0x4b90, 0x5390, 0x53b1, 0x4bb0, 0x4b90, 
	0x4b90, 0x53b1, 0x53b1, 0x4b90, 0x4b90, 0x53b1, 0x53b1, 0x4b90, 0x4b90, 0x4b90, 0x53b1, 0x4bb0, 0x4b90, 0x4b90, 0x53d1, 0x4bb0, 
	0x4b90, 0x4b90, 0x5390, 0x53d1, 0x4bb0, 0x4b90, 0x4b90, 0x53d1, 0x4bb0, 0x4b90, 0x4b90, 0x53b1, 0x53b1, 0x4b90, 0x4b90, 0x4bb0, 
	0x53d1, 0x4b90, 0x4b90, 0x4bb0, 0x53d1, 0x4b90, 0x4b90, 0x4b90, 0x53d1, 0x53b0, 0x4b90, 0x4b90, 0x53b1, 0x53b1, 0x4b90, 0x4b90, 
	0x4bb0, 0x53b1, 0x4b90, 0x4b90, 0x5390, 0x53b1, 0x4bb0, 0x4b90, 0x4b90, 0x53b1, 0x53b1, 0x4b90, 0x4b90, 0x53b0, 0x53b1, 0x4b90, 
	0x4b90, 0x4bb0, 0x53b1, 0x53b0, 0x4b90, 0x4b90, 0x53d1, 0x4bb0, 0x4b90, 0x4b90, 0x4bb0, 0x53d1, 0x4bb0, 0x4b90, 0x4b90, 0x53d1, 
	0x4bb0, 0x4b90, 0x4b90, 0x53b1, 0x53b1, 0x4b90, 0x4b90, 0x53b1, 0x53d1, 0x4b90, 0x4b90, 0x4bb0, 0x53d1, 0x4b90, 0x4b90, 0x4b90, 
	0x53d1, 0x53b0, 0x4b90, 0x4bb0, 0x53b1, 0x53b1, 0x4b90, 0x4b90, 0x4bb0, 0x53d1, 0x4b90, 0x4b90, 0x4bb0, 0x53b1, 0x4bb0, 0x4b90, 
	0x4b90, 0x53b1, 0x53b1, 0x4b90, 0x4b90, 0x53b1, 0x53b1, 0x4b90, 0x4b90, 0x4b90, 0x53d1, 0x4bb0, 0x4b90, 0x5390, 0x6bd0, 0x8410, 
	0x7bf0, 0x5bb0, 0x53b1, 0x53d1, 0x53d1, 0x53b1, 0x53b1, 0x53b1, 0x53f1, 0x53b1, 0x53b1, 0x53b1, 0x53f1, 0x53b1, 0x53b1, 0x53b1, 
	0x53d1, 0x53d1, 0x53b1, 0x53b1, 0x53d1, 0x53d1, 0x53b1, 0x53b1, 0x53b1, 0x53d1, 0x53b1, 0x53b1, 0x53b1, 0x53d1, 0x53b1, 0x53b0, 
	0x53b1, 0x53d1, 0x53d1, 0x53b1, 0x53b1, 0x53d1, 0x53d1, 0x53b1, 0x53b1, 0x53b1, 0x53d1, 0x53b1, 0x53b1, 0x53b1, 0x53d1, 0x53b1, 
	0x53b1, 0x53b1, 0x53b1, 0x53f1, 0x53b1, 0x53b1, 0x53b1, 0x53f1, 0x53b1, 0x53b1, 0x53b1, 0x53d1, 0x53d1, 0x53b1, 0x53b1, 0x53b1, 
	0x53d1, 0x53b1, 0x53b1, 0x53b1, 0x53f1, 0x53b1, 0x53b1, 0x53b1, 0x53d1, 0x53b1, 0x53b1, 0x53b1, 0x53d1, 0x53d1, 0x53b1, 0x53b1, 
	0x53b1, 0x53d1, 0x53b1, 0x53b1, 0x53b1, 0x53d1, 0x53b1, 0x53b1, 0x53b1, 0x53d1, 0x53d1, 0x53b1, 0x53b1, 0x53d1, 0x53d1, 0x53b1, 
	0x53b1, 0x53b1, 0x53d1, 0x53d1, 0x53b1, 0x53b1, 0x53d1, 0x53b1, 0x53b1, 0x53b1, 0x53b1, 0x53d1, 0x53b1, 0x53b1, 0x53b1, 0x53f1, 
	0x53b1, 0x53b1, 0x53b1, 0x53d1, 0x53d1, 0x53b1, 0x53b1, 0x53d1, 0x53d1, 0x53b1, 0x53b1, 0x53b1, 0x53f1, 0x53b1, 0x53b1, 0x53b1, 
	0x53d1, 0x53d1, 0x53b1, 0x53b1, 0x53d1, 0x53d1, 0x53b1, 0x53b1, 0x53b1, 0x53d1, 0x53b1, 0x53b1, 0x53b1, 0x53d1, 0x53d1, 0x53b1, 
	0x53b1, 0x53d1, 0x53d1, 0x53b1, 0x53b1, 0x53d1, 0x53d1, 0x53b1, 0x53b1, 0x53b1, 0x53d1, 0x53b1, 0x53b1, 0x53b1, 0x6bf0, 0x8410, 
	0x7bef, 0x5bb0, 0x4b90, 0x53b1, 0x53b1, 0x4b90, 0x4b90, 0x53b0, 0x53d1, 0x4b90, 0x4b90, 0x4b90, 0x53d1, 0x4b90, 0x4b90, 0x4b90, 
	0x53b1, 0x53b0, 0x4bb0, 0x4bb0, 0x53b1, 0x53b1, 0x4b90, 0x4b90, 0x53b0, 0x53d1, 0x4bb0, 0x4b90, 0x53b0, 0x53b1, 0x53b0, 0x4b90, 
	0x5390, 0x53b1, 0x53b1, 0x4b90, 0x5390, 0x53b1, 0x53b1, 0x4b90, 0x4b90, 0x4bb0, 0x53d1, 0x53b0, 0x4b90, 0x4b90, 0x53d1, 0x53b0, 
	0x4b90, 0x4b90, 0x53b0, 0x53d1, 0x4b90, 0x4b90, 0x4b90, 0x53d1, 0x4b90, 0x4b90, 0x4b90, 0x53b1, 0x53b1, 0x4b90, 0x4b90, 0x53b0, 
	0x53d1, 0x4b90, 0x4b90, 0x4bb0, 0x53d1, 0x4b90, 0x4b90, 0x4b90, 0x53d1, 0x53b0, 0x4b90, 0x4b90, 0x53b1, 0x53b1, 0x4b90, 0x4b90, 
	0x53b0, 0x53d1, 0x4b90, 0x4b90, 0x53b0, 0x53b1, 0x53b0, 0x4b90, 0x4b90, 0x53b1, 0x53b1, 0x4b90, 0x4b90, 0x53b1, 0x53b1, 0x4b90, 
	0x4b90, 0x4b90, 0x53b1, 0x53b0, 0x4b90, 0x4b90, 0x53d1, 0x53b0, 0x4b90, 0x4b90, 0x53b0, 0x53d1, 0x4b90, 0x4b90, 0x4b90, 0x53d1, 
	0x4b90, 0x4b90, 0x4b90, 0x53b1, 0x53b1, 0x4b90, 0x4b90, 0x53b1, 0x53d1, 0x4b90, 0x4b90, 0x4b90, 0x53d1, 0x4b90, 0x4b90, 0x4b90, 
	0x53d1, 0x53b0, 0x5390, 0x5390, 0x53b1, 0x53b1, 0x4b90, 0x4b90, 0x53b0, 0x53d1, 0x4b90, 0x4b90, 0x53b0, 0x53b1, 0x53b0, 0x4b90, 
	0x4b90, 0x53b1, 0x53b1, 0x4b90, 0x5390, 0x53b1, 0x53b1, 0x4bb0, 0x4b90, 0x4b90, 0x53d1, 0x4bb0, 0x4b90, 0x53b0, 0x6bd0, 0x8410, 
	0x7bef, 0x5bb0, 0x4b90, 0x53b1, 0x53b0, 0x4b90, 0x4b90, 0x4b90, 0x53d1, 0x4b90, 0x4b90, 0x4b90, 0x53d1, 0x4b90, 0x4b90, 0x4b90, 
	0x53b1, 0x53b0, 0x4b90, 0x4b90, 0x53b0, 0x53b1, 0x4b90, 0x4b90, 0x4bb0, 0x53b1, 0x4b90, 0x4b90, 0x4b90, 0x53b1, 0x4b90, 0x4b90, 
	0x4b90, 0x53b0, 0x53b0, 0x4b90, 0x4b90, 0x53b0, 0x53b0, 0x4b90, 0x4b90, 0x4b90, 0x53b1, 0x4bb0, 0x4b90, 0x4b90, 0x53b1, 0x4bb0, 
	0x4b90, 0x4b90, 0x4b90, 0x53d1, 0x4b90, 0x4b90, 0x4b90, 0x53d1, 0x4b90, 0x4b90, 0x4b90, 0x53b1, 0x53b0, 0x4b90, 0x4b90, 0x4bb0, 
	0x53b1, 0x4b90, 0x4b90, 0x4bb0, 0x53d1, 0x4b90, 0x4b90, 0x4b90, 0x53b1, 0x5390, 0x4b90, 0x4b90, 0x53b0, 0x53b1, 0x4b90, 0x4b90, 
	0x4bb0, 0x53b1, 0x4b90, 0x4b90, 0x4b90, 0x53b1, 0x4b90, 0x4b90, 0x4b90, 0x53b0, 0x53b0, 0x4b90, 0x4b90, 0x53b0, 0x53b0, 0x4b90, 
	0x4b90, 0x4b90, 0x53b1, 0x4b90, 0x4b90, 0x4b90, 0x53b1, 0x4bb0, 0x4b90, 0x4b90, 0x4b90, 0x53b1, 0x4b90, 0x4b90, 0x4b90, 0x53d1, 
	0x4b90, 0x4b90, 0x4b90, 0x53b1, 0x4bb0, 0x4b90, 0x4b90, 0x4bb0, 0x53b1, 0x4b90, 0x4b90, 0x4b90, 0x53d1, 0x4b90, 0x4b90, 0x4b90, 
	0x53b1, 0x4b90, 0x4b90, 0x4b90, 0x53b0, 0x53b1, 0x4b90, 0x4b90, 0x4b90, 0x53b1, 0x4b90, 0x4b90, 0x4b90, 0x53b1, 0x4b90, 0x4b90, 
	0x4b90, 0x53b0, 0x53b0, 0x4b90, 0x4b90, 0x53b0, 0x53b0, 0x4b90, 0x4b90, 0x4b90, 0x53b1, 0x4b90, 0x4b90, 0x5390, 0x6bd0, 0x8410, 
	0x7bf0, 0x5b90, 0x4b90, 0x53b1, 0x53b1, 0x4b90, 0x4b90, 0x4bb0, 0x53d1, 0x4b90, 0x4b90, 0x4b90, 0x53d1, 0x4b90, 0x4b90, 0x4b90, 
	0x53b1, 0x53b0, 0x4b90, 0x4b90, 0x4bb0, 0x53b1, 0x4b90, 0x4b90, 0x4bb0, 0x53b1, 0x4b90, 0x4b90, 0x4bb0, 0x53b1, 0x4bb0, 0x4b90, 
	0x4b90, 0x53b1, 0x53b1, 0x4b90, 0x4b90, 0x53b1, 0x53b1, 0x4b90, 0x4b90, 0x4b90, 0x53b1, 0x4bb0, 0x4b90, 0x4b90, 0x53b1, 0x4bb0, 
	0x4b90, 0x4b90, 0x4bb0, 0x53d1, 0x4b90, 0x4b90, 0x4b90, 0x53d1, 0x4b90, 0x4b90, 0x4b90, 0x53b1, 0x53b1, 0x4b90, 0x4b90, 0x4bb0, 
	0x53b1, 0x4b90, 0x4b90, 0x4b90, 0x53d1, 0x4b90, 0x4b90, 0x4b90, 0x53b1, 0x53b0, 0x4b90, 0x4b90, 0x4bb0, 0x53b1, 0x4b90, 0x4b90, 
	0x4bb0, 0x53b1, 0x4b90, 0x4b90, 0x4bb0, 0x53b1, 0x4b90, 0x4b90, 0x4b90, 0x53b1, 0x53b1, 0x4b90, 0x4b90, 0x53b1, 0x53b1, 0x4b90, 
	0x4b90, 0x4b90, 0x53b1, 0x4bb0, 0x4b90, 0x4b90, 0x53b1, 0x4bb0, 0x4b90, 0x4b90, 0x4b90, 0x53d1, 0x4b90, 0x4b90, 0x4b90, 0x53d1, 
	0x4b90, 0x4b90, 0x4b90, 0x53b1, 0x53b0, 0x4b90, 0x4b90, 0x4bb0, 0x53b1, 0x4b90, 0x4b90, 0x4b90, 0x53d1, 0x4b90, 0x4b90, 0x4b90, 
	0x53b1, 0x4b90, 0x4b90, 0x4b90, 0x4bb0, 0x53b1, 0x4b90, 0x4b90, 0x4b90, 0x53b1, 0x4b90, 0x4b90, 0x4bb0, 0x53b1, 0x4b90, 0x4b90, 
	0x4b90, 0x53b0, 0x53b0, 0x4b90, 0x4b90, 0x53b1, 0x53b1, 0x4b90, 0x4b90, 0x4b90, 0x53b1, 0x4b90, 0x4b90, 0x5390, 0x6bd0, 0x8410, 
	0x7bf0, 0x5bb0, 0x53b0, 0x53b1, 0x53b1, 0x5390, 0x5390, 0x53b0, 0x53d1, 0x53b0, 0x5390, 0x5390, 0x53d1, 0x4b90, 0x5390, 0x5390, 
	0x53d1, 0x53b1, 0x53b0, 0x53b0, 0x53b1, 0x53d1, 0x53b0, 0x5390, 0x53b1, 0x53d1, 0x53b0, 0x5390, 0x53b0, 0x53d1, 0x53b1, 0x4b90, 
	0x53b0, 0x53b1, 0x53b1, 0x53b0, 0x5390, 0x53b1, 0x53b1, 0x5390, 0x5390, 0x53b0, 0x53d1, 0x53b0, 0x4b90, 0x53b0, 0x53d1, 0x53b1, 
	0x5390, 0x5390, 0x5390, 0x53d1, 0x4bb0, 0x5390, 0x5390, 0x53d1, 0x4bb0, 0x5390, 0x53b0, 0x53d1, 0x53b1, 0x5390, 0x5390, 0x53b1, 
	0x53d1, 0x53b0, 0x5390, 0x4bb0, 0x53d1, 0x53b0, 0x5390, 0x5390, 0x53d1, 0x53b1, 0x4b90, 0x5390, 0x53b1, 0x53d1, 0x53b0, 0x5390, 
	0x53b1, 0x53d1, 0x53b0, 0x5390, 0x53b0, 0x53d1, 0x53b1, 0x4b90, 0x5390, 0x53b1, 0x53b1, 0x53b0, 0x5390, 0x53b1, 0x53b1, 0x5390, 
	0x5390, 0x53b0, 0x53d1, 0x53b0, 0x5390, 0x53b0, 0x53d1, 0x53b1, 0x5390, 0x5390, 0x53b0, 0x53d1, 0x4bb0, 0x5390, 0x5390, 0x53d1, 
	0x4b90, 0x5390, 0x53b0, 0x53d1, 0x53b1, 0x5390, 0x5390, 0x53b1, 0x53d1, 0x53b0, 0x5390, 0x5390, 0x53d1, 0x53b0, 0x5390, 0x5390, 
	0x53d1, 0x53b1, 0x53b0, 0x4bb0, 0x53b1, 0x53d1, 0x53b0, 0x5390, 0x53b0, 0x53d1, 0x53b0, 0x5390, 0x53b0, 0x53d1, 0x53b0, 0x53b0, 
	0x5390, 0x53b1, 0x53b1, 0x53b0, 0x5390, 0x53b1, 0x53b1, 0x5390, 0x5390, 0x5390, 0x53d1, 0x4bb0, 0x5390, 0x53b0, 0x6bf0, 0x8410, 
	0x7bf0, 0x5bb0, 0x53b1, 0x53d1, 0x53d1, 0x53b1, 0x53b1, 0x53b1, 0x53f1, 0x53b1, 0x53b1, 0x53b1, 0x53f1, 0x53b1, 0x53b1, 0x53b1, 
	0x53d1, 0x53d1, 0x53b1, 0x53b1, 0x53d1, 0x53d1, 0x53b1, 0x53b1, 0x53d1, 0x53d1, 0x53b1, 0x53b1, 0x53b1, 0x53d1, 0x53b1, 0x53b1, 
	0x53b1, 0x53d1, 0x53d1, 0x53b1, 0x53b1, 0x53d1, 0x53d1, 0x53b1, 0x53b1, 0x53b1, 0x53d1, 0x53b1, 0x53b1, 0x53b1, 0x53d1, 0x53b1, 
	0x53b1, 0x53b1, 0x53b1, 0x53f1, 0x53b1, 0x53b1, 0x53b1, 0x53f1, 0x53b1, 0x53b1, 0x53b1, 0x53d1, 0x53d1, 0x53b1, 0x53b1, 0x53b1, 
	0x53f1, 0x53b1, 0x53b1, 0x53b1, 0x53f1, 0x53b1, 0x53b1, 0x4b90, 0x42ed, 0x3acd, 0x3acd, 0x3acd, 0x3aed, 0x42ed, 0x3acd, 0x3acd, 
	0x3acd, 0x42ed, 0x3acd, 0x3acd, 0x3acd, 0x42ed, 0x3acd, 0x432e, 0x53b1, 0x53d1, 0x53d1, 0x53b1, 0x53b1, 0x53d1, 0x53d1, 0x53b1, 
	0x53b1, 0x53b1, 0x53d1, 0x53b1, 0x53b1, 0x53b1, 0x53d1, 0x53b1, 0x53b1, 0x53b1, 0x53b1, 0x53f1, 0x53b1, 0x53b1, 0x53b1, 0x53f1, 
	0x53b1, 0x53b1, 0x53b1, 0x53d1, 0x53d1, 0x53b1, 0x53b1, 0x53d1, 0x53d1, 0x53b1, 0x53b1, 0x53b1, 0x53f1, 0x53b1, 0x53b1, 0x53b1, 
	0x53d1, 0x53d1, 0x53b1, 0x53b1, 0x53d1, 0x53d1, 0x53b1, 0x53b1, 0x53b1, 0x53d1, 0x53b1, 0x53b1, 0x53b1, 0x53d1, 0x53b1, 0x53b1, 
	0x53b1, 0x53d1, 0x53d1, 0x53b1, 0x53b1, 0x53d1, 0x53d1, 0x53b1, 0x53b1, 0x53b1, 0x53d1, 0x53b1, 0x53b1, 0x53b1, 0x73f0, 0x8410, 
	0x7bef, 0x5b90, 0x4b90, 0x53b1, 0x53b1, 0x4b90, 0x4b90, 0x4b90, 0x53d1, 0x4b90, 0x4b90, 0x4b90, 0x53d1, 0x4b90, 0x4b90, 0x4b90, 
	0x53b1, 0x53b0, 0x4b90, 0x4b90, 0x4bb0, 0x53b1, 0x4b90, 0x4b90, 0x4bb0, 0x53b1, 0x4b90, 0x4b90, 0x4bb0, 0x53b1, 0x4bb0, 0x4b90, 
	0x4b90, 0x53b0, 0x53b0, 0x4b90, 0x4b90, 0x53b0, 0x53b0, 0x4b90, 0x4b90, 0x4b90, 0x53b1, 0x4bb0, 0x4b90, 0x4b90, 0x53b1, 0x4bb0, 
	0x4b90, 0x4b90, 0x4b90, 0x53b1, 0x4b90, 0x4b90, 0x4b90, 0x53d1, 0x4b90, 0x4b90, 0x4b90, 0x53b1, 0x53b0, 0x4b90, 0x4b90, 0x4bb0, 
	0x53b1, 0x4b90, 0x4b90, 0x4b90, 0x53d1, 0x4b4f, 0x3aac, 0x2a09, 0x0021, 0x0021, 0x0021, 0x0021, 0x0021, 0x0021, 0x0021, 0x0021, 
	0x0021, 0x0021, 0x0021, 0x0021, 0x0021, 0x0021, 0x0021, 0x1945, 0x326b, 0x3a8b, 0x432e, 0x4b90, 0x4b90, 0x53b0, 0x53b0, 0x4b90, 
	0x4b90, 0x4b90, 0x53b1, 0x4b90, 0x4b90, 0x4b90, 0x53b1, 0x4bb0, 0x4b90, 0x4b90, 0x4b90, 0x53d1, 0x4b90, 0x4b90, 0x4b90, 0x53d1, 
	0x4b90, 0x4b90, 0x4b90, 0x53b1, 0x53b0, 0x4b90, 0x4b90, 0x4bb0, 0x53b1, 0x4b90, 0x4b90, 0x4b90, 0x53d1, 0x4b90, 0x4b90, 0x4b90, 
	0x53b1, 0x4b90, 0x4b90, 0x4b90, 0x53b0, 0x53b1, 0x4b90, 0x4b90, 0x4b90, 0x53b1, 0x4b90, 0x4b90, 0x4b90, 0x53b1, 0x4b90, 0x4b90, 
	0x4b90, 0x53b0, 0x53b0, 0x4b90, 0x4b90, 0x53b0, 0x53b0, 0x4b90, 0x4b90, 0x4b90, 0x53b1, 0x4b90, 0x4b90, 0x5390, 0x6bd0, 0x8410, 
	0x7bef, 0x5b90, 0x4b90, 0x53b1, 0x53b1, 0x4b90, 0x4b90, 0x4b90, 0x53d1, 0x4b90, 0x4b90, 0x4b90, 0x53d1, 0x4b90, 0x4b90, 0x4b90, 
	0x53b1, 0x53b0, 0x4b90, 0x4b90, 0x53b0, 0x53b1, 0x4b90, 0x4b90, 0x4bb0, 0x53b1, 0x4b90, 0x4b90, 0x4bb0, 0x53b1, 0x4bb0, 0x4b90, 
	0x4b90, 0x53b0, 0x53b0, 0x4b90, 0x4b90, 0x53b0, 0x53b0, 0x4b90, 0x4b90, 0x4b90, 0x53b1, 0x4bb0, 0x4b90, 0x4b90, 0x53b1, 0x4bb0, 
	0x4b90, 0x4b90, 0x4b90, 0x53d1, 0x4b90, 0x4b90, 0x4b90, 0x53d1, 0x4b90, 0x4b90, 0x4b90, 0x53b1, 0x53b0, 0x4b90, 0x4b90, 0x4bb0, 
	0x53b1, 0x4b90, 0x4b90, 0x4b90, 0x3acd, 0x2a2a, 0x10a3, 0x0841, 0x0000, 0x18c3, 0x18c3, 0x18c3, 0x18c3, 0x18c3, 0x18c3, 0x18c3, 
	0x18c3, 0x18c3, 0x18c3, 0x18c3, 0x18c3, 0x18c3, 0x18c3, 0x1082, 0x0861, 0x0862, 0x21a7, 0x3aac, 0x3aac, 0x432e, 0x53b1, 0x4b90, 
	0x4b90, 0x4b90, 0x53b1, 0x5390, 0x4b90, 0x4b90, 0x53b1, 0x4bb0, 0x4b90, 0x4b90, 0x4b90, 0x53d1, 0x4b90, 0x4b90, 0x4b90, 0x53d1, 
	0x4b90, 0x4b90, 0x4b90, 0x53b1, 0x53b0, 0x4b90, 0x4b90, 0x4bb0, 0x53b1, 0x4b90, 0x4b90, 0x4b90, 0x53d1, 0x4b90, 0x4b90, 0x4b90, 
	0x53b1, 0x4b90, 0x4b90, 0x4b90, 0x53b0, 0x53b1, 0x4b90, 0x4b90, 0x4b90, 0x53b1, 0x4b90, 0x4b90, 0x5390, 0x53b1, 0x4b90, 0x4b90, 
	0x4b90, 0x53b0, 0x53b0, 0x4b90, 0x4b90, 0x53b0, 0x53b0, 0x4b90, 0x4b90, 0x4b90, 0x53b1, 0x4b90, 0x4b90, 0x5390, 0x6bd0, 0x8410, 
	0x7bf0, 0x5b90, 0x4b90, 0x53b1, 0x53b1, 0x4b90, 0x4b90, 0x4b90, 0x53d1, 0x4b90, 0x4b90, 0x4b90, 0x53d1, 0x4b90, 0x4b90, 0x4b90, 
	0x53b1, 0x53b0, 0x4b90, 0x4b90, 0x53b0, 0x53b1, 0x4b90, 0x4b90, 0x4bb0, 0x53b1, 0x4b90, 0x4b90, 0x4bb0, 0x53b1, 0x4bb0, 0x4b90, 
	0x4b90, 0x53b1, 0x53b1, 0x4b90, 0x4b90, 0x53b1, 0x53b1, 0x4b90, 0x4b90, 0x4b90, 0x53b1, 0x4bb0, 0x4b90, 0x4b90, 0x53b1, 0x4bb0, 
	0x4b90, 0x4b90, 0x4b90, 0x53d1, 0x4b90, 0x4b90, 0x4b90, 0x53d1, 0x4b90, 0x4b90, 0x4b90, 0x53b1, 0x53b1, 0x4b90, 0x4b90, 0x4bb0, 
	0x53b1, 0x4b70, 0x432e, 0x3aed, 0x0861, 0x0041, 0x0020, 0x0861, 0x10a2, 0x5acb, 0x5acb, 0x5acb, 0x5aeb, 0x5aeb, 0x5acb, 0x5acb, 
	0x5acb, 0x5aeb, 0x5acb, 0x5acb, 0x5acb, 0x5aeb, 0x5acb, 0x31a6, 0x0861, 0x0020, 0x0020, 0x0841, 0x0861, 0x21a7, 0x4b70, 0x4b90, 
	0x4b90, 0x4b90, 0x53b1, 0x4bb0, 0x4b90, 0x4b90, 0x53b1, 0x4bb0, 0x4b90, 0x4b90, 0x4b90, 0x53d1, 0x4b90, 0x4b90, 0x4b90, 0x53d1, 
	0x4b90, 0x4b90, 0x4b90, 0x53b1, 0x53b1, 0x4b90, 0x4b90, 0x4bb0, 0x53b1, 0x4b90, 0x4b90, 0x4b90, 0x53d1, 0x4b90, 0x4b90, 0x4b90, 
	0x53b1, 0x4bb0, 0x4b90, 0x4b90, 0x53b0, 0x53b1, 0x4b90, 0x4b90, 0x4b90, 0x53b1, 0x4b90, 0x4b90, 0x4b90, 0x53b1, 0x4b90, 0x4b90, 
	0x4b90, 0x53b1, 0x53b1, 0x4b90, 0x4b90, 0x53b1, 0x53b1, 0x4b90, 0x4b90, 0x4b90, 0x53b1, 0x4b90, 0x4b90, 0x5390, 0x6bd0, 0x8410, 
	0x7bf0, 0x5bd1, 0x53d1, 0x53f1, 0x53f1, 0x53d1, 0x53d1, 0x53d1, 0x53f2, 0x53d1, 0x53d1, 0x53d1, 0x5412, 0x53d1, 0x53d1, 0x53d1, 
	0x53f2, 0x53d1, 0x53d1, 0x53d1, 0x53d1, 0x53f1, 0x53d1, 0x53d1, 0x53d1, 0x53f2, 0x53d1, 0x53d1, 0x53d1, 0x53f2, 0x53d1, 0x53d1, 
	0x53d1, 0x53f1, 0x53f1, 0x53d1, 0x53d1, 0x53f1, 0x53f1, 0x53d1, 0x53d1, 0x53d1, 0x53f2, 0x53d1, 0x53d1, 0x53d1, 0x53f2, 0x53d1, 
	0x53d1, 0x53d1, 0x53d1, 0x53f2, 0x53d1, 0x53d1, 0x53d1, 0x5412, 0x53d1, 0x53d1, 0x53d1, 0x53f1, 0x53d1, 0x53d1, 0x53d1, 0x53d1, 
	0x53d1, 0x3aed, 0x0882, 0x0000, 0x0000, 0x0000, 0x18e3, 0x630c, 0x6b6d, 0x6b6d, 0x6b4d, 0x6b4d, 0x6b6d, 0x6b6d, 0x6b4d, 0x6b4d, 
	0x6b4d, 0x6b6d, 0x6b4d, 0x6b4d, 0x6b4d, 0x6b6d, 0x6b4d, 0x6b4d, 0x6b4d, 0x39e7, 0x0000, 0x0000, 0x0000, 0x0000, 0x324a, 0x53b0, 
	0x53d1, 0x53d1, 0x53f2, 0x53d1, 0x53d1, 0x53d1, 0x53f2, 0x53d1, 0x53d1, 0x53d1, 0x53d1, 0x53f2, 0x53d1, 0x53d1, 0x53d1, 0x5412, 
	0x53d1, 0x53d1, 0x53d1, 0x53f2, 0x53d1, 0x53d1, 0x53d1, 0x53d1, 0x53f2, 0x53d1, 0x53d1, 0x53d1, 0x5412, 0x53d1, 0x53d1, 0x53d1, 
	0x53f2, 0x53d1, 0x53d1, 0x53d1, 0x53d1, 0x53f1, 0x53d1, 0x53d1, 0x53d1, 0x53f2, 0x53d1, 0x53d1, 0x53d1, 0x53f2, 0x53d1, 0x53d1, 
	0x53d1, 0x53f1, 0x53f1, 0x53d1, 0x53d1, 0x53f1, 0x53f1, 0x53d1, 0x53d1, 0x53d1, 0x53f2, 0x53d1, 0x53d1, 0x53d1, 0x73f0, 0x8410, 
	0x7bef, 0x5390, 0x4b90, 0x53b1, 0x53b0, 0x4b90, 0x4b90, 0x4b90, 0x53b1, 0x4b90, 0x4b90, 0x4b90, 0x53d1, 0x4b90, 0x4b90, 0x4b90, 
	0x53b1, 0x4b90, 0x4b90, 0x4b90, 0x4bb0, 0x53b0, 0x4b90, 0x4b90, 0x4b90, 0x53b1, 0x4b90, 0x4b90, 0x4b90, 0x53b0, 0x4b90, 0x4b90, 
	0x4b90, 0x53b0, 0x53b0, 0x4b90, 0x4b90, 0x53b0, 0x53b0, 0x4b90, 0x4b90, 0x4b90, 0x53b1, 0x4b90, 0x4b90, 0x4b90, 0x53b1, 0x4b90, 
	0x4b90, 0x4b90, 0x4b90, 0x53d1, 0x4b90, 0x4b90, 0x4b90, 0x53d1, 0x4b90, 0x4b90, 0x4b90, 0x53b1, 0x4bb0, 0x4b70, 0x432e, 0x430e, 
	0x0000, 0x0020, 0x0861, 0x10a2, 0x6b4d, 0x632c, 0x632c, 0x632c, 0x6b4d, 0x632c, 0x632c, 0x632c, 0x632c, 0x632c, 0x632c, 0x632c, 
	0x632c, 0x6b4d, 0x632c, 0x632c, 0x632c, 0x632c, 0x632c, 0x632c, 0x632c, 0x632c, 0x632c, 0x632c, 0x39c7, 0x0841, 0x0000, 0x0000, 
	0x21a7, 0x4b4f, 0x53b1, 0x4b90, 0x4b90, 0x4b90, 0x53b1, 0x4b90, 0x4b90, 0x4b90, 0x4b90, 0x53b1, 0x4b90, 0x4b90, 0x4b90, 0x53d1, 
	0x4b90, 0x4b90, 0x4b90, 0x53b1, 0x4bb0, 0x4b90, 0x4b90, 0x4bb0, 0x53b1, 0x4b90, 0x4b90, 0x4b90, 0x53d1, 0x4b90, 0x4b90, 0x4b90, 
	0x53b1, 0x4b90, 0x4b90, 0x4b90, 0x53b0, 0x53b0, 0x4b90, 0x4b90, 0x4b90, 0x53b1, 0x4b90, 0x4b90, 0x4b90, 0x53b1, 0x4b90, 0x4b90, 
	0x4b90, 0x53b0, 0x53b0, 0x4b90, 0x4b90, 0x53b0, 0x53b0, 0x4b90, 0x4b90, 0x4b90, 0x53b1, 0x4b90, 0x4b90, 0x4b90, 0x6bd0, 0x8410, 
	0x7bef, 0x5b90, 0x4b90, 0x53b1, 0x53b1, 0x4b90, 0x4b90, 0x4b90, 0x53d1, 0x4b90, 0x4b90, 0x4b90, 0x53d1, 0x4b90, 0x4b90, 0x4b90, 
	0x53b1, 0x53b0, 0x4b90, 0x4b90, 0x53b0, 0x53b1, 0x4b90, 0x4b90, 0x4bb0, 0x53b1, 0x4b90, 0x4b90, 0x4b90, 0x53b1, 0x4b90, 0x4b90, 
	0x4b90, 0x53b0, 0x53b1, 0x4b90, 0x4b90, 0x53b1, 0x53b0, 0x4b90, 0x4b90, 0x4b90, 0x53b1, 0x4b90, 0x4b90, 0x4b90, 0x53b1, 0x5390, 
	0x4b90, 0x4b90, 0x5390, 0x53d1, 0x4b90, 0x4b90, 0x4b90, 0x53d1, 0x4b90, 0x4b90, 0x4b90, 0x53b1, 0x4b90, 0x3a8c, 0x1104, 0x08a2, 
	0x10a2, 0x2104, 0x4a49, 0x52aa, 0x6b4d, 0x632c, 0x632c, 0x632c, 0x6b4d, 0x6b4d, 0x6b4d, 0x6b4d, 0x6b4d, 0x6b4d, 0x6b4d, 0x6b4d, 
	0x6b4d, 0x6b6d, 0x6b4d, 0x6b4d, 0x6b4d, 0x6b6d, 0x6b4d, 0x632c, 0x632c, 0x632c, 0x632c, 0x632c, 0x5acb, 0x31a6, 0x10a2, 0x0020, 
	0x0861, 0x29c8, 0x4b6f, 0x5390, 0x4b90, 0x4b90, 0x53b1, 0x5390, 0x4b90, 0x4b90, 0x4b90, 0x53d1, 0x4b90, 0x4b90, 0x4b90, 0x53d1, 
	0x4b90, 0x4b90, 0x4b90, 0x53b1, 0x53b0, 0x4b90, 0x4b90, 0x4b90, 0x53b1, 0x4b90, 0x4b90, 0x4b90, 0x53d1, 0x4b90, 0x4b90, 0x4b90, 
	0x53d1, 0x4b90, 0x4b90, 0x4b90, 0x53b0, 0x53b1, 0x4b90, 0x4b90, 0x4b90, 0x53b1, 0x4b90, 0x4b90, 0x4b90, 0x53b1, 0x4b90, 0x4b90, 
	0x4b90, 0x53b0, 0x53b1, 0x4b90, 0x4b90, 0x53b1, 0x53b0, 0x4b90, 0x4b90, 0x4b90, 0x53b1, 0x4b90, 0x4b90, 0x5390, 0x6bd0, 0x8410, 
	0x7bef, 0x5b90, 0x4b90, 0x53b1, 0x53b1, 0x4b90, 0x4b90, 0x4b90, 0x53d1, 0x4b90, 0x4b90, 0x4b90, 0x53d1, 0x4b90, 0x4b90, 0x4b90, 
	0x53b1, 0x53b0, 0x4b90, 0x4b90, 0x53b0, 0x53b1, 0x4b90, 0x4b90, 0x4bb0, 0x53b1, 0x4b90, 0x4b90, 0x4b90, 0x53b1, 0x4b90, 0x4b90, 
	0x4b90, 0x53b1, 0x53b1, 0x4b90, 0x4b90, 0x53b1, 0x53b1, 0x4b90, 0x4b90, 0x4b90, 0x53b1, 0x4b90, 0x4b90, 0x4b90, 0x53b1, 0x4b90, 
	0x4b90, 0x4b90, 0x4b90, 0x53d1, 0x4b90, 0x4b90, 0x4b90, 0x53d1, 0x4b90, 0x4b90, 0x4b90, 0x53b1, 0x3aed, 0x1104, 0x0021, 0x0861, 
	0x528a, 0x52aa, 0x630c, 0x632c, 0x6b4d, 0x632c, 0x632c, 0x632c, 0x6b4d, 0x73ae, 0x738e, 0x73ae, 0x73ae, 0x73ae, 0x73ae, 0x73ae, 
	0x73ae, 0x7bcf, 0x73ae, 0x73ae, 0x73ae, 0x7bcf, 0x73ae, 0x6b6d, 0x632c, 0x632c, 0x632c, 0x632c, 0x632c, 0x5aeb, 0x528a, 0x2124, 
	0x0841, 0x0862, 0x3aac, 0x4b90, 0x4b90, 0x4b90, 0x53b1, 0x4b90, 0x4b90, 0x4b90, 0x4b90, 0x53d1, 0x4b90, 0x4b90, 0x4b90, 0x53d1, 
	0x4b90, 0x4b90, 0x4b90, 0x53b1, 0x4bb1, 0x4b90, 0x4b90, 0x4b90, 0x53b1, 0x4b90, 0x4b90, 0x4b90, 0x53d1, 0x4b90, 0x4b90, 0x4b90, 
	0x53d1, 0x4b90, 0x4b90, 0x4b90, 0x53b0, 0x53b1, 0x4b90, 0x4b90, 0x4b90, 0x53b1, 0x4b90, 0x4b90, 0x4bb0, 0x53b1, 0x4b90, 0x4b90, 
	0x4b90, 0x53b0, 0x53b1, 0x4b90, 0x4b90, 0x53b1, 0x53b1, 0x4b90, 0x4b90, 0x4b90, 0x53b1, 0x4b90, 0x4b90, 0x5390, 0x6bd0, 0x8410, 
	0x7bf0, 0x5bb0, 0x53b1, 0x53d1, 0x53d1, 0x53b1, 0x53b1, 0x53b1, 0x53d1, 0x53b1, 0x53b1, 0x53b1, 0x53d1, 0x53b1, 0x53b1, 0x53b1, 
	0x53d1, 0x53b1, 0x53b1, 0x53b1, 0x53d1, 0x53d1, 0x53b1, 0x53b1, 0x53b1, 0x53d1, 0x53b1, 0x53b1, 0x53b1, 0x53d1, 0x53b1, 0x53b0, 
	0x53b1, 0x53d1, 0x53d1, 0x53b1, 0x53b1, 0x53d1, 0x53d1, 0x53b1, 0x53b1, 0x53b1, 0x53d1, 0x53b1, 0x53b0, 0x53b1, 0x53d1, 0x53b1, 
	0x53b1, 0x53b1, 0x53b1, 0x53d1, 0x53b1, 0x53b1, 0x53b1, 0x53d1, 0x53b1, 0x53b1, 0x53b1, 0x53b1, 0x08a3, 0x0020, 0x0861, 0x528a, 
	0x6b6d, 0x632c, 0x632c, 0x632c, 0x6b6d, 0x632c, 0x632c, 0x632c, 0x6b6d, 0x7bef, 0x7bcf, 0x7bcf, 0x7bef, 0x7bef, 0x7bcf, 0x7bcf, 
	0x7bef, 0x8410, 0x7bcf, 0x7bcf, 0x7bef, 0x8410, 0x7bef, 0x738e, 0x632c, 0x6b4d, 0x6b4d, 0x632c, 0x632c, 0x6b4d, 0x6b4d, 0x5aeb, 
	0x2945, 0x0000, 0x326b, 0x53b1, 0x53b1, 0x53b1, 0x53d1, 0x53b1, 0x53b1, 0x53b1, 0x53b1, 0x53d1, 0x53b1, 0x53b1, 0x53b1, 0x53d1, 
	0x53b0, 0x53b1, 0x53b1, 0x53d1, 0x53d1, 0x53b1, 0x53b1, 0x53b1, 0x53d1, 0x53b1, 0x53b1, 0x53b1, 0x53d1, 0x53b1, 0x53b1, 0x53b1, 
	0x53d1, 0x53d1, 0x53b1, 0x53b1, 0x53d1, 0x53d1, 0x53b1, 0x53b1, 0x53b1, 0x53d1, 0x53b1, 0x53b1, 0x53b1, 0x53d1, 0x53b1, 0x53b1, 
	0x53b1, 0x53d1, 0x53d1, 0x53b1, 0x53b1, 0x53d1, 0x53d1, 0x53b1, 0x53b1, 0x53b1, 0x53d1, 0x53b1, 0x53b1, 0x53b1, 0x6bf0, 0x8410, 
	0x7bf0, 0x5bb0, 0x53b1, 0x53d1, 0x53d1, 0x53b1, 0x53b0, 0x53b1, 0x53d1, 0x53b1, 0x53b1, 0x53b1, 0x53d1, 0x53b0, 0x53b1, 0x53b1, 
	0x53d1, 0x53b1, 0x53b0, 0x53b1, 0x53d1, 0x53d1, 0x53b1, 0x53b1, 0x53b1, 0x53d1, 0x53b1, 0x53b1, 0x53b1, 0x53d1, 0x53b1, 0x53b0, 
	0x53b1, 0x53d1, 0x53d1, 0x53b1, 0x53b1, 0x53d1, 0x53d1, 0x53b1, 0x53b1, 0x53b1, 0x53d1, 0x53b1, 0x53b0, 0x53b1, 0x53d1, 0x53b1, 
	0x53b1, 0x53b1, 0x53b1, 0x53d1, 0x53b1, 0x53b1, 0x53b1, 0x53d1, 0x53b1, 0x53b1, 0x4b4f, 0x0882, 0x0000, 0x1082, 0x528a, 0x6b4d, 
	0x6b4d, 0x632c, 0x632c, 0x6b4d, 0x8410, 0x7bcf, 0x7bcf, 0x7bcf, 0x7bef, 0x7bef, 0x7bcf, 0x7bcf, 0x7bef, 0x7bef, 0x7bcf, 0x7bcf, 
	0x7bef, 0x7bef, 0x7bcf, 0x7bcf, 0x7bef, 0x7bef, 0x7bef, 0x7bcf, 0x7bcf, 0x7bef, 0x7bef, 0x6b6d, 0x632c, 0x6b4d, 0x6b4d, 0x632c, 
	0x630c, 0x2965, 0x0000, 0x3aac, 0x53b1, 0x53b1, 0x53d1, 0x53b1, 0x53b1, 0x53b1, 0x53b1, 0x53d1, 0x53b1, 0x53b1, 0x53b1, 0x53d1, 
	0x53b0, 0x53b1, 0x53b1, 0x53d1, 0x53b1, 0x53b1, 0x53b1, 0x53b1, 0x53d1, 0x53b1, 0x53b1, 0x53b1, 0x53d1, 0x53b1, 0x53b1, 0x53b1, 
	0x53d1, 0x53b1, 0x53b0, 0x53b1, 0x53b1, 0x53d1, 0x53b1, 0x53b1, 0x53b1, 0x53d1, 0x53b1, 0x53b1, 0x53b1, 0x53d1, 0x53b1, 0x53b1, 
	0x53b1, 0x53d1, 0x53d1, 0x53b1, 0x53b1, 0x53d1, 0x53d1, 0x53b1, 0x53b1, 0x53b1, 0x53d1, 0x53b1, 0x53b1, 0x53b1, 0x6bf0, 0x8410, 
	0x7bf0, 0x5b90, 0x4b90, 0x53b1, 0x53b1, 0x4b90, 0x4b90, 0x4b90, 0x53d1, 0x4b90, 0x4b90, 0x4b90, 0x53d1, 0x4b90, 0x4b90, 0x4b90, 
	0x53b1, 0x4bb0, 0x4b90, 0x4b90, 0x53b1, 0x53b1, 0x4b90, 0x4b90, 0x4bb0, 0x53b1, 0x4b90, 0x4b90, 0x4b90, 0x53b1, 0x4bb0, 0x4b90, 
	0x4b90, 0x53b1, 0x53b1, 0x4b90, 0x4b90, 0x53b1, 0x53b1, 0x4b90, 0x4b90, 0x4b90, 0x53b1, 0x4bb0, 0x4b90, 0x4b90, 0x53b1, 0x4bb0, 
	0x4b90, 0x4b90, 0x4b90, 0x53b1, 0x4b90, 0x4b90, 0x4b90, 0x53d1, 0x4b90, 0x42ed, 0x1925, 0x0000, 0x1082, 0x4a49, 0x630c, 0x632c, 
	0x6b4d, 0x632c, 0x632c, 0x632c, 0x7bef, 0x7bcf, 0x7bcf, 0x7bcf, 0x7bef, 0x7bcf, 0x7bcf, 0x7bcf, 0x7bef, 0x7bef, 0x7bcf, 0x7bcf, 
	0x7bcf, 0x7bef, 0x7bcf, 0x7bcf, 0x7bcf, 0x7bef, 0x7bcf, 0x73ae, 0x7bcf, 0x7bcf, 0x7bcf, 0x6b6d, 0x632c, 0x6b4d, 0x632c, 0x632c, 
	0x630c, 0x31a6, 0x0000, 0x324a, 0x4b70, 0x4b90, 0x53b1, 0x4bb0, 0x4b90, 0x4b90, 0x4b90, 0x53d1, 0x4b90, 0x4b90, 0x4b90, 0x53d1, 
	0x4b90, 0x4b90, 0x4b90, 0x53b1, 0x4bb1, 0x4b90, 0x4b90, 0x4bb0, 0x53b1, 0x4b90, 0x4b90, 0x4b90, 0x53d1, 0x4b90, 0x4b90, 0x4b90, 
	0x53b1, 0x4bb0, 0x4b90, 0x4b90, 0x53b0, 0x53b1, 0x4b90, 0x4b90, 0x4b90, 0x53b1, 0x4b90, 0x4b90, 0x4b90, 0x53b1, 0x4b90, 0x4b90, 
	0x4b90, 0x53b0, 0x53b0, 0x4b90, 0x4b90, 0x53b1, 0x53b1, 0x4b90, 0x4b90, 0x4b90, 0x53b1, 0x4b90, 0x4b90, 0x5390, 0x6bd0, 0x8410, 
	0x7bf0, 0x5b90, 0x4b90, 0x53b1, 0x53b0, 0x4b90, 0x4b90, 0x4b90, 0x53d1, 0x4b90, 0x4b90, 0x4b90, 0x53d1, 0x4b90, 0x4b90, 0x4b90, 
	0x53b1, 0x53b0, 0x4b90, 0x4b90, 0x53b1, 0x53b1, 0x4b90, 0x4b90, 0x4bb0, 0x53b1, 0x4b90, 0x4b90, 0x4b90, 0x53b1, 0x4bb0, 0x4b90, 
	0x4b90, 0x53b0, 0x53b1, 0x4b90, 0x4b90, 0x53b1, 0x53b0, 0x4b90, 0x4b90, 0x4b90, 0x53b1, 0x4bb0, 0x4b90, 0x4b90, 0x53b1, 0x4bb0, 
	0x4b90, 0x4b90, 0x4b90, 0x53b1, 0x4b90, 0x4b90, 0x4b90, 0x53d1, 0x430e, 0x1945, 0x0041, 0x0841, 0x4a69, 0x5aeb, 0x632c, 0x632c, 
	0x6b4d, 0x632c, 0x738e, 0x738e, 0x7bef, 0x7bcf, 0x7bcf, 0x7bcf, 0x8430, 0x8430, 0x8410, 0x8410, 0x8430, 0x8430, 0x8410, 0x8410, 
	0x8410, 0x8430, 0x8410, 0x8410, 0x8410, 0x8430, 0x7bef, 0x73ae, 0x7bcf, 0x7bcf, 0x7bcf, 0x73ae, 0x738e, 0x73ae, 0x6b6d, 0x632c, 
	0x630c, 0x52aa, 0x18c3, 0x08a3, 0x3aac, 0x4b90, 0x53b1, 0x4bb0, 0x4b90, 0x4b90, 0x4b90, 0x53d1, 0x4b90, 0x4b90, 0x4b90, 0x53d1, 
	0x4b90, 0x4b90, 0x4b90, 0x53b1, 0x53b0, 0x4b90, 0x4b90, 0x4bb0, 0x53b1, 0x4b90, 0x4b90, 0x4b90, 0x53d1, 0x4b90, 0x4b90, 0x4b90, 
	0x53b1, 0x4b90, 0x4b90, 0x4b90, 0x53b0, 0x53b1, 0x4b90, 0x4b90, 0x4b90, 0x53b1, 0x4b90, 0x4b90, 0x4b90, 0x53b1, 0x4b90, 0x4b90, 
	0x4b90, 0x53b0, 0x53b0, 0x4b90, 0x4b90, 0x53b0, 0x53b0, 0x4b90, 0x4b90, 0x4b90, 0x53b1, 0x4b90, 0x4b90, 0x5390, 0x6bd0, 0x8410, 
	0x7bef, 0x5bb0, 0x4b90, 0x53b1, 0x53b0, 0x4b90, 0x4b90, 0x4b90, 0x53d1, 0x4b90, 0x4b90, 0x4b90, 0x53d1, 0x4b90, 0x4b90, 0x4b90, 
	0x53b1, 0x4bb0, 0x4b90, 0x4b90, 0x53b1, 0x53b1, 0x4b90, 0x4b90, 0x4bb0, 0x53b1, 0x4b90, 0x4b90, 0x4bb0, 0x53b1, 0x4bb0, 0x4b90, 
	0x4b90, 0x53b0, 0x53b0, 0x4b90, 0x4b90, 0x53b0, 0x53b0, 0x4b90, 0x4b90, 0x4b90, 0x53b1, 0x4bb0, 0x4b90, 0x4b90, 0x53b1, 0x4bb0, 
	0x4b90, 0x4b90, 0x4b90, 0x53d1, 0x4b90, 0x4b90, 0x4b90, 0x4b90, 0x1946, 0x0041, 0x0841, 0x4208, 0x632c, 0x632c, 0x632c, 0x632c, 
	0x6b4d, 0x6b4d, 0x73ae, 0x7bcf, 0x7bef, 0x7bcf, 0x7bcf, 0x7bcf, 0x8c51, 0x8430, 0x8430, 0x8430, 0x8c51, 0x8c51, 0x8430, 0x8430, 
	0x8430, 0x8c51, 0x8430, 0x8430, 0x8430, 0x8c51, 0x8410, 0x7bcf, 0x7bcf, 0x7bcf, 0x7bcf, 0x7bcf, 0x7bcf, 0x7bcf, 0x6b6d, 0x632c, 
	0x632c, 0x630c, 0x2945, 0x0000, 0x322a, 0x4b90, 0x53b1, 0x4bb0, 0x4b90, 0x4b90, 0x4b90, 0x53d1, 0x4b90, 0x4b90, 0x4b90, 0x53d1, 
	0x4b90, 0x4b90, 0x4b90, 0x53b1, 0x4bb0, 0x4b90, 0x4b90, 0x4bb0, 0x53b1, 0x4b90, 0x4b90, 0x4b90, 0x53d1, 0x4b90, 0x4b90, 0x4b90, 
	0x53b1, 0x4b90, 0x4b90, 0x4b90, 0x53b0, 0x53b1, 0x4b90, 0x4b90, 0x4b90, 0x53b1, 0x4b90, 0x4b90, 0x4b90, 0x53b1, 0x4b90, 0x4b90, 
	0x4b90, 0x53b0, 0x53b0, 0x4b90, 0x4b90, 0x53b0, 0x53b0, 0x4b90, 0x4b90, 0x4b90, 0x53b1, 0x4b90, 0x4b90, 0x5390, 0x6bd0, 0x8410, 
	0x7bf0, 0x5bb0, 0x53b1, 0x53d1, 0x53d1, 0x53d1, 0x53b1, 0x53d1, 0x53f1, 0x53d1, 0x53d1, 0x53b1, 0x53f2, 0x53b1, 0x53d1, 0x53b1, 
	0x53d1, 0x53d1, 0x53d1, 0x53b1, 0x53d1, 0x53f1, 0x53d1, 0x53b1, 0x53d1, 0x53f1, 0x53b1, 0x53b1, 0x53d1, 0x53f1, 0x53d1, 0x53b1, 
	0x53b1, 0x53d1, 0x53d1, 0x53b1, 0x53b1, 0x53d1, 0x53d1, 0x53b1, 0x53d1, 0x53b1, 0x53f1, 0x53d1, 0x53b1, 0x53b1, 0x53f1, 0x53d1, 
	0x53b1, 0x53b1, 0x53d1, 0x53f2, 0x53d1, 0x53d1, 0x53b1, 0x1946, 0x0000, 0x0841, 0x39e7, 0x6b4d, 0x6b4d, 0x6b4d, 0x6b4d, 0x7bcf, 
	0x7bef, 0x7bcf, 0x7bef, 0x7bef, 0x8430, 0x8410, 0x8430, 0x8c51, 0x9492, 0x8c71, 0x8c51, 0x8c71, 0x8c71, 0x8c71, 0x8c51, 0x8c51, 
	0x8c71, 0x9492, 0x8c51, 0x8c71, 0x8c71, 0x9492, 0x8c51, 0x8c51, 0x8430, 0x8410, 0x8410, 0x7bef, 0x7bef, 0x8410, 0x7bef, 0x6b6d, 
	0x6b4d, 0x6b4d, 0x5aeb, 0x18c3, 0x08a3, 0x3aac, 0x53f1, 0x53d1, 0x53d1, 0x53d1, 0x53d1, 0x53f1, 0x53d1, 0x53d1, 0x53b1, 0x53f2, 
	0x53b1, 0x53b1, 0x53b1, 0x53f1, 0x53d1, 0x53b1, 0x53b1, 0x53d1, 0x53f1, 0x53d1, 0x53b1, 0x53b1, 0x53f2, 0x53b1, 0x53d1, 0x53d1, 
	0x53f1, 0x53d1, 0x53b1, 0x53d1, 0x53d1, 0x53d1, 0x53d1, 0x53b1, 0x53d1, 0x53f1, 0x53b1, 0x53d1, 0x53d1, 0x53f1, 0x53d1, 0x53b1, 
	0x53b1, 0x53d1, 0x53d1, 0x53b1, 0x53b1, 0x53d1, 0x53d1, 0x53d1, 0x53b1, 0x53b1, 0x53f1, 0x53d1, 0x53b1, 0x53b1, 0x73f0, 0x8410, 
	0x7bf0, 0x5bb0, 0x4bb0, 0x53b1, 0x53b1, 0x4bb0, 0x4bb0, 0x4bb0, 0x53d1, 0x4b90, 0x4bb0, 0x4b90, 0x53d1, 0x4b90, 0x4bb0, 0x4bb0, 
	0x53b1, 0x53b0, 0x4bb0, 0x4bb0, 0x53b1, 0x53b1, 0x4bb0, 0x4bb0, 0x4bb0, 0x53b1, 0x4bb0, 0x4bb0, 0x4bb0, 0x53b1, 0x4bb0, 0x4b90, 
	0x4bb0, 0x53b1, 0x53b1, 0x4bb0, 0x4b90, 0x53b1, 0x53b1, 0x4bb0, 0x4bb0, 0x4bb0, 0x53b1, 0x4bb0, 0x4b90, 0x4bb0, 0x53b1, 0x4bb0, 
	0x4bb0, 0x4bb0, 0x4bb0, 0x53d1, 0x4bb0, 0x4bb0, 0x4b90, 0x0862, 0x0020, 0x4228, 0x630c, 0x6b4d, 0x632c, 0x6b4d, 0x738e, 0x7bcf, 
	0x7bef, 0x7bcf, 0x7bcf, 0x7bcf, 0x7bef, 0x7bef, 0x8430, 0x8430, 0x8c51, 0x8c51, 0x8430, 0x8430, 0x8c51, 0x8c51, 0x8430, 0x8430, 
	0x8430, 0x8c51, 0x8430, 0x8430, 0x8430, 0x8c51, 0x8430, 0x8430, 0x8410, 0x7bcf, 0x7bcf, 0x7bcf, 0x7bcf, 0x7bcf, 0x7bcf, 0x73ae, 
	0x6b6d, 0x632c, 0x6b4d, 0x18e3, 0x0020, 0x2a2a, 0x53b1, 0x4bb0, 0x4bb0, 0x4bb0, 0x4bb0, 0x53d1, 0x4bb0, 0x4bb0, 0x4b90, 0x53d1, 
	0x4bb0, 0x4bb0, 0x4bb0, 0x53b1, 0x53b1, 0x4bb0, 0x4bb0, 0x4bb0, 0x53d1, 0x4bb0, 0x4bb0, 0x4b90, 0x53d1, 0x4bb0, 0x4bb0, 0x4bb0, 
	0x53d1, 0x4bb0, 0x4b90, 0x4bb0, 0x53b1, 0x53b1, 0x4bb0, 0x4bb0, 0x4b90, 0x53b1, 0x4b90, 0x4bb0, 0x4bb0, 0x53b1, 0x4bb0, 0x4bb0, 
	0x4bb0, 0x53b1, 0x53b1, 0x4bb0, 0x4b90, 0x53b1, 0x53b1, 0x4bb0, 0x4bb0, 0x4b90, 0x53b1, 0x4bb0, 0x4bb0, 0x4bb0, 0x6bd0, 0x8410, 
	0x7bef, 0x5b90, 0x4b90, 0x53b1, 0x53b1, 0x4b90, 0x4b90, 0x4b90, 0x53d1, 0x4b90, 0x4b90, 0x4b90, 0x53d1, 0x4b90, 0x4b90, 0x4b90, 
	0x53b1, 0x53b0, 0x4b90, 0x4b90, 0x53b1, 0x53b1, 0x4b90, 0x4b90, 0x4bb0, 0x53b1, 0x4b90, 0x4b90, 0x4bb0, 0x53b1, 0x4bb0, 0x4b90, 
	0x4b90, 0x53b0, 0x53b0, 0x4b90, 0x4b90, 0x53b0, 0x53b0, 0x4b90, 0x4b90, 0x4b90, 0x53b1, 0x4bb0, 0x4b90, 0x4b90, 0x53b1, 0x4bb0, 
	0x4b90, 0x4b90, 0x4b90, 0x53b1, 0x4b90, 0x4b4f, 0x21a7, 0x0020, 0x4208, 0x5aeb, 0x632c, 0x6b4d, 0x632c, 0x6b4d, 0x73ae, 0x7bcf, 
	0x7bef, 0x7bcf, 0x7bcf, 0x7bcf, 0x8c51, 0x8410, 0x8430, 0x8430, 0x8c51, 0x8430, 0x8430, 0x8430, 0x8c51, 0x8c51, 0x8430, 0x8430, 
	0x8430, 0x8c51, 0x8430, 0x8430, 0x8430, 0x8c51, 0x8430, 0x8430, 0x8430, 0x8430, 0x7bef, 0x7bcf, 0x7bcf, 0x7bcf, 0x7bcf, 0x7bcf, 
	0x6b6d, 0x632c, 0x6b4d, 0x4a69, 0x18c3, 0x10a3, 0x3acd, 0x4bb0, 0x4b90, 0x4b90, 0x4b90, 0x53d1, 0x4b90, 0x4b90, 0x4b90, 0x53d1, 
	0x4b90, 0x4b90, 0x4b90, 0x53b1, 0x53b0, 0x4b90, 0x4b90, 0x4bb0, 0x53b1, 0x4b90, 0x4b90, 0x4b90, 0x53d1, 0x4b90, 0x4b90, 0x4b90, 
	0x53b1, 0x4bb0, 0x4b90, 0x4b90, 0x53b0, 0x53b1, 0x4b90, 0x4b90, 0x4b90, 0x53b1, 0x4b90, 0x4b90, 0x5390, 0x53b1, 0x4b90, 0x4b90, 
	0x4b90, 0x53b0, 0x53b0, 0x4b90, 0x4b90, 0x53b0, 0x53b0, 0x4b90, 0x4b90, 0x4b90, 0x53b1, 0x4b90, 0x4b90, 0x5390, 0x6bd0, 0x8410, 
	0x7bef, 0x5b90, 0x4b90, 0x53b1, 0x53b1, 0x4b90, 0x4b90, 0x4bb0, 0x53d1, 0x4b90, 0x4b90, 0x4b90, 0x53d1, 0x4b90, 0x4b90, 0x4b90, 
	0x53b1, 0x53b0, 0x4b90, 0x4b90, 0x53b1, 0x53b1, 0x4b90, 0x4b90, 0x4bb0, 0x53b1, 0x4b90, 0x4b90, 0x4bb0, 0x53b1, 0x4bb0, 0x4b90, 
	0x4b90, 0x53b0, 0x53b1, 0x4b90, 0x4b90, 0x53b1, 0x53b0, 0x4b90, 0x4b90, 0x4b90, 0x53b1, 0x4bb0, 0x4b90, 0x4b90, 0x53b1, 0x4bb0, 
	0x4b90, 0x4b90, 0x4b90, 0x53d1, 0x4b90, 0x430e, 0x10e4, 0x0020, 0x5acb, 0x632c, 0x632c, 0x6b4d, 0x738e, 0x738e, 0x73ae, 0x7bcf, 
	0x7bef, 0x7bcf, 0x7bcf, 0x7bcf, 0x8c71, 0x8430, 0x8430, 0x8430, 0x8c51, 0x8430, 0x8430, 0x8430, 0x8430, 0x8c51, 0x8430, 0x8430, 
	0x8430, 0x8c51, 0x8430, 0x8430, 0x8430, 0x8c51, 0x8430, 0x8430, 0x8430, 0x8c51, 0x8410, 0x7bcf, 0x7bcf, 0x7bcf, 0x7bcf, 0x7bcf, 
	0x73ae, 0x6b4d, 0x6b4d, 0x632c, 0x2124, 0x0020, 0x326b, 0x4bb0, 0x4b90, 0x4b90, 0x4b90, 0x53d1, 0x4b90, 0x4b90, 0x4b90, 0x53d1, 
	0x4b90, 0x4b90, 0x4b90, 0x53b1, 0x53b0, 0x4b90, 0x4b90, 0x4bb0, 0x53b1, 0x4b90, 0x4b90, 0x4b90, 0x53d1, 0x4b90, 0x4b90, 0x4b90, 
	0x53b1, 0x4bb0, 0x4b90, 0x4b90, 0x53b0, 0x53b1, 0x4b90, 0x4b90, 0x4b90, 0x53b1, 0x4b90, 0x4b90, 0x4b90, 0x53b1, 0x4b90, 0x4b90, 
	0x4b90, 0x53b0, 0x53b1, 0x4b90, 0x4b90, 0x53b0, 0x53b0, 0x4b90, 0x4b90, 0x4b90, 0x53b1, 0x4b90, 0x4b90, 0x5390, 0x6bd0, 0x8410, 
	0x7bf0, 0x5bb0, 0x53b1, 0x53d1, 0x53d1, 0x53b1, 0x53b1, 0x53b1, 0x53d1, 0x53b1, 0x53b1, 0x53b1, 0x53f1, 0x53b0, 0x53b1, 0x53b1, 
	0x53d1, 0x53b1, 0x53b1, 0x53b1, 0x53b1, 0x53d1, 0x53b1, 0x53b1, 0x53b1, 0x53d1, 0x53b1, 0x53b1, 0x53b1, 0x53d1, 0x53b1, 0x53b0, 
	0x53b1, 0x53d1, 0x53d1, 0x53b1, 0x53b1, 0x53d1, 0x53d1, 0x53b1, 0x53b1, 0x53b1, 0x53d1, 0x53b1, 0x53b0, 0x53b1, 0x53d1, 0x53b1, 
	0x53b1, 0x53b1, 0x53b1, 0x53d1, 0x4b90, 0x29e9, 0x0861, 0x39c7, 0x630c, 0x632c, 0x632c, 0x6b4d, 0x7bef, 0x7bcf, 0x7bcf, 0x7bef, 
	0x8410, 0x7bef, 0x8410, 0x8430, 0x9492, 0x8c51, 0x8c51, 0x8c51, 0x8c71, 0x8c51, 0x8430, 0x8410, 0x8410, 0x8430, 0x8410, 0x8410, 
	0x8410, 0x8430, 0x8410, 0x8410, 0x8430, 0x8c71, 0x8c51, 0x8c51, 0x8c51, 0x8c71, 0x8c51, 0x8430, 0x8410, 0x7bef, 0x7bef, 0x7bcf, 
	0x7bcf, 0x738e, 0x6b4d, 0x6b4d, 0x2124, 0x0020, 0x3a8b, 0x53b1, 0x53b1, 0x53b1, 0x53b1, 0x53d1, 0x53b1, 0x53b1, 0x53b1, 0x53f1, 
	0x53b0, 0x53b1, 0x53b1, 0x53d1, 0x53d1, 0x53b1, 0x53b1, 0x53b1, 0x53d1, 0x53b1, 0x53b1, 0x53b1, 0x53f1, 0x53b1, 0x53b1, 0x53b1, 
	0x53d1, 0x53b1, 0x53b1, 0x53b1, 0x53d1, 0x53d1, 0x53b1, 0x53b1, 0x53b1, 0x53d1, 0x53b1, 0x53b1, 0x53b1, 0x53d1, 0x53b1, 0x53b1, 
	0x53b1, 0x53d1, 0x53d1, 0x53b1, 0x53b1, 0x53d1, 0x53d1, 0x53b1, 0x53b1, 0x53b1, 0x53d1, 0x53b1, 0x53b1, 0x53b1, 0x6bf0, 0x8410, 
	0x7bf0, 0x5bb0, 0x53b0, 0x53b1, 0x53b1, 0x53b0, 0x53b0, 0x53b1, 0x53d1, 0x53b0, 0x53b0, 0x53b0, 0x53d1, 0x53b0, 0x53b0, 0x53b0, 
	0x53d1, 0x53b1, 0x53b0, 0x53b0, 0x53b1, 0x53d1, 0x53b0, 0x53b0, 0x53b1, 0x53d1, 0x53b0, 0x53b0, 0x53b1, 0x53d1, 0x53b1, 0x53b0, 
	0x53b0, 0x53b1, 0x53d1, 0x53b0, 0x53b0, 0x53b1, 0x53b1, 0x53b0, 0x53b0, 0x53b0, 0x53d1, 0x53b1, 0x53b0, 0x53b0, 0x53d1, 0x53b1, 
	0x53b0, 0x53b0, 0x53b0, 0x53d1, 0x4b6f, 0x1104, 0x0000, 0x5aeb, 0x632c, 0x6b4d, 0x738e, 0x73ae, 0x7bef, 0x7bcf, 0x7bcf, 0x7bcf, 
	0x8410, 0x7bef, 0x8430, 0x8c51, 0x8c71, 0x8c51, 0x8c51, 0x8c51, 0x8c71, 0x8c51, 0x8410, 0x7bcf, 0x7bef, 0x7bef, 0x7bcf, 0x7bcf, 
	0x7bcf, 0x7bef, 0x7bcf, 0x7bcf, 0x7bef, 0x8c71, 0x8c51, 0x8c51, 0x8c51, 0x8c51, 0x8c51, 0x8c51, 0x8410, 0x7bef, 0x7bef, 0x7bcf, 
	0x7bcf, 0x738e, 0x6b4d, 0x632c, 0x2124, 0x0020, 0x3a8b, 0x53b1, 0x53b0, 0x53b0, 0x53b1, 0x53d1, 0x53b0, 0x53b0, 0x53b0, 0x53d1, 
	0x53b0, 0x53b0, 0x53b0, 0x53d1, 0x53b1, 0x53b0, 0x53b0, 0x53b1, 0x53d1, 0x53b0, 0x53b0, 0x53b0, 0x53d1, 0x53b0, 0x53b0, 0x53b0, 
	0x53d1, 0x53b1, 0x53b0, 0x53b0, 0x53b1, 0x53d1, 0x53b0, 0x53b0, 0x53b1, 0x53d1, 0x53b0, 0x53b0, 0x53b1, 0x53d1, 0x53b1, 0x53b0, 
	0x53b0, 0x53b1, 0x53d1, 0x53b0, 0x53b0, 0x53b1, 0x53b1, 0x53b0, 0x53b0, 0x53b0, 0x53d1, 0x53b0, 0x53b0, 0x53b0, 0x6bf0, 0x8410, 
	0x7bef, 0x5bb0, 0x4b90, 0x53b1, 0x53b0, 0x4b90, 0x4b90, 0x4bb0, 0x53d1, 0x4b90, 0x4b90, 0x4b90, 0x53d1, 0x4b90, 0x4b90, 0x4b90, 
	0x53d1, 0x4bb0, 0x4b90, 0x4b90, 0x53b0, 0x53b1, 0x4b90, 0x4b90, 0x4bb0, 0x53b1, 0x4b90, 0x4b90, 0x4b90, 0x53b1, 0x4bb0, 0x4b90, 
	0x4b90, 0x53b0, 0x4bb0, 0x4b90, 0x4b90, 0x53b0, 0x53b0, 0x4b90, 0x4b90, 0x4b90, 0x53d1, 0x4bb0, 0x4b90, 0x4b90, 0x53b1, 0x4bb0, 
	0x4b90, 0x4b90, 0x4b90, 0x53d1, 0x21a7, 0x1082, 0x3186, 0x632c, 0x632c, 0x632c, 0x738e, 0x7bef, 0x7bcf, 0x7bcf, 0x7bef, 0x8410, 
	0x8430, 0x8410, 0x8430, 0x8430, 0x8c71, 0x8430, 0x8410, 0x7bef, 0x8410, 0x7bef, 0x7bcf, 0x7bcf, 0x7bcf, 0x7bcf, 0x7bcf, 0x7bcf, 
	0x7bcf, 0x7bef, 0x7bcf, 0x7bcf, 0x7bcf, 0x8410, 0x8410, 0x8430, 0x8430, 0x8c51, 0x8c51, 0x8430, 0x8410, 0x8410, 0x7bef, 0x7bcf, 
	0x73ae, 0x6b6d, 0x6b4d, 0x632c, 0x2124, 0x0000, 0x328b, 0x4bb0, 0x4b90, 0x4b90, 0x4b90, 0x53b1, 0x4b90, 0x4b90, 0x4b90, 0x53d1, 
	0x4b90, 0x4b90, 0x4b90, 0x53b1, 0x4bb0, 0x4b90, 0x4b90, 0x4bb0, 0x53b1, 0x4b90, 0x4b90, 0x4b90, 0x53d1, 0x4b90, 0x4b90, 0x4b90, 
	0x53b1, 0x4b90, 0x4b90, 0x4b90, 0x53b0, 0x53b1, 0x4b90, 0x4b90, 0x4b90, 0x53b1, 0x4b90, 0x4b90, 0x4b90, 0x53b1, 0x4b90, 0x4b90, 
	0x4b90, 0x53b0, 0x4bb0, 0x4b90, 0x4b90, 0x53b0, 0x53b0, 0x4b90, 0x4b90, 0x4b90, 0x53b1, 0x4b90, 0x4b90, 0x5390, 0x6bd0, 0x8410, 
	0x7bef, 0x5b90, 0x4b90, 0x53b1, 0x53b1, 0x4b90, 0x4b90, 0x5390, 0x53d1, 0x4b90, 0x4b90, 0x4b90, 0x53d1, 0x4b90, 0x4b90, 0x4b90, 
	0x53b1, 0x53b0, 0x4b90, 0x4b90, 0x53b0, 0x53b1, 0x4b90, 0x4b90, 0x4bb0, 0x53b1, 0x4b90, 0x4b90, 0x4bb0, 0x53b1, 0x4b90, 0x4b90, 
	0x4b90, 0x53b0, 0x53b0, 0x4b90, 0x4b90, 0x53b0, 0x53b0, 0x4b90, 0x4b90, 0x4b90, 0x53b1, 0x5390, 0x4b90, 0x4b90, 0x53b1, 0x4bb0, 
	0x4b90, 0x4b90, 0x5390, 0x53d1, 0x10c3, 0x0861, 0x4a49, 0x6b4d, 0x6b6d, 0x738e, 0x73ae, 0x7bef, 0x7bcf, 0x7bcf, 0x8410, 0x8430, 
	0x8c51, 0x8430, 0x8430, 0x8430, 0x8c71, 0x8430, 0x8410, 0x7bcf, 0x7bef, 0x7bcf, 0x73ae, 0x7bcf, 0x7bcf, 0x7bef, 0x7bcf, 0x7bcf, 
	0x7bcf, 0x7bef, 0x7bcf, 0x7bcf, 0x7bcf, 0x7bef, 0x8410, 0x8430, 0x8430, 0x8c51, 0x8c51, 0x8430, 0x8430, 0x8c51, 0x8410, 0x7bcf, 
	0x73ae, 0x6b6d, 0x6b4d, 0x632c, 0x2124, 0x0000, 0x326b, 0x4bb0, 0x4b90, 0x4b90, 0x4b90, 0x53d1, 0x4b90, 0x4b90, 0x4b90, 0x53d1, 
	0x4b90, 0x4b90, 0x4b90, 0x53b1, 0x53b0, 0x4b90, 0x4b90, 0x4bb0, 0x53b1, 0x4b90, 0x4b90, 0x4b90, 0x53d1, 0x4b90, 0x4b90, 0x4b90, 
	0x53d1, 0x4b90, 0x4b90, 0x4b90, 0x53b0, 0x53b1, 0x4b90, 0x4b90, 0x4b90, 0x53b1, 0x4b90, 0x4b90, 0x4b90, 0x53b1, 0x4b90, 0x4b90, 
	0x4b90, 0x53b0, 0x53b0, 0x4b90, 0x4b90, 0x53b0, 0x53b0, 0x4b90, 0x4b90, 0x4b90, 0x53b1, 0x4b90, 0x4b90, 0x5390, 0x6bd0, 0x8410, 
	0x7bef, 0x5bb0, 0x4b90, 0x53b1, 0x53b1, 0x4b90, 0x4b90, 0x4bb0, 0x53d1, 0x4b90, 0x4b90, 0x4b90, 0x53d1, 0x4b90, 0x4b90, 0x4b90, 
	0x53d1, 0x4bb0, 0x4b90, 0x4b90, 0x4bb0, 0x53b1, 0x4b90, 0x4b90, 0x4bb0, 0x53b1, 0x4b90, 0x4b90, 0x4bb0, 0x53b1, 0x4bb0, 0x4b90, 
	0x4b90, 0x53b0, 0x53b0, 0x4b90, 0x4b90, 0x53b0, 0x53b0, 0x4b90, 0x4b90, 0x4b90, 0x53d1, 0x4bb0, 0x4b90, 0x4b90, 0x53b1, 0x4bb0, 
	0x4b90, 0x4b90, 0x4bb0, 0x324a, 0x0861, 0x0861, 0x4a49, 0x6b4d, 0x73ae, 0x7bcf, 0x7bcf, 0x7bef, 0x8410, 0x7bef, 0x8430, 0x8430, 
	0x8c51, 0x8430, 0x8410, 0x8410, 0x8430, 0x8410, 0x7bef, 0x7bcf, 0x7bef, 0x7bcf, 0x73ae, 0x7bcf, 0x7bcf, 0x7bef, 0x7bcf, 0x7bcf, 
	0x7bcf, 0x7bef, 0x7bcf, 0x7bcf, 0x7bcf, 0x7bef, 0x7bef, 0x7bef, 0x8410, 0x8c51, 0x8c51, 0x8430, 0x8430, 0x8c51, 0x8410, 0x7bcf, 
	0x7bcf, 0x6b6d, 0x6b4d, 0x632c, 0x2124, 0x0000, 0x326b, 0x4bb0, 0x4b90, 0x4b90, 0x4b90, 0x53d1, 0x4b90, 0x4b90, 0x4b90, 0x53d1, 
	0x4b90, 0x4b90, 0x4b90, 0x53b1, 0x4bb0, 0x4b90, 0x4b90, 0x4bb0, 0x53b1, 0x4b90, 0x4b90, 0x4b90, 0x53d1, 0x4b90, 0x4b90, 0x4b90, 
	0x53d1, 0x4bb0, 0x4b90, 0x4b90, 0x4bb0, 0x53b1, 0x4b90, 0x4b90, 0x4b90, 0x53b1, 0x4b90, 0x4b90, 0x4bb0, 0x53b1, 0x4bb0, 0x4b90, 
	0x4b90, 0x53b0, 0x53b0, 0x4b90, 0x4b90, 0x53b0, 0x53b0, 0x4b90, 0x4b90, 0x4b90, 0x53b1, 0x4b90, 0x4b90, 0x4b90, 0x6bd0, 0x8410, 
	0x7bf0, 0x5bb0, 0x53b0, 0x53d1, 0x53d1, 0x53b0, 0x53b0, 0x53b1, 0x53d1, 0x53b0, 0x53b0, 0x53b1, 0x53d1, 0x53b0, 0x53b0, 0x53b1, 
	0x53d1, 0x53b1, 0x53b0, 0x53b0, 0x53b1, 0x53d1, 0x53b0, 0x53b0, 0x53b1, 0x53d1, 0x53b0, 0x53b0, 0x53b1, 0x53d1, 0x53b1, 0x53b0, 
	0x53b0, 0x53d1, 0x53d1, 0x53b1, 0x53b1, 0x53d1, 0x53d1, 0x53b0, 0x53b0, 0x53b1, 0x53d1, 0x53b1, 0x53b0, 0x53b0, 0x53d1, 0x53b1, 
	0x53b0, 0x53b1, 0x53b1, 0x0882, 0x0000, 0x2945, 0x5acb, 0x73ae, 0x7bcf, 0x7bcf, 0x7bcf, 0x7bef, 0x8c51, 0x8c51, 0x8c51, 0x8c51, 
	0x8c71, 0x8430, 0x7bef, 0x7bcf, 0x8410, 0x7bcf, 0x7bcf, 0x7bcf, 0x8410, 0x7bef, 0x7bcf, 0x7bcf, 0x7bef, 0x7bef, 0x7bcf, 0x7bcf, 
	0x7bef, 0x7bef, 0x7bcf, 0x7bcf, 0x7bef, 0x7bef, 0x7bef, 0x7bcf, 0x8410, 0x8c71, 0x8c71, 0x8c51, 0x8c51, 0x8c71, 0x8430, 0x8410, 
	0x7bef, 0x738e, 0x6b4d, 0x632c, 0x2124, 0x0020, 0x3a8b, 0x53b1, 0x53b0, 0x53b1, 0x53b1, 0x53d1, 0x53b0, 0x53b0, 0x53b1, 0x53d1, 
	0x53b0, 0x53b0, 0x53b0, 0x53d1, 0x53d1, 0x53b0, 0x53b0, 0x53b1, 0x53d1, 0x53b0, 0x53b0, 0x53b1, 0x53d1, 0x53b0, 0x53b0, 0x53b0, 
	0x53d1, 0x53b1, 0x53b0, 0x53b0, 0x53b1, 0x53d1, 0x53b0, 0x53b0, 0x53b1, 0x53d1, 0x53b0, 0x53b0, 0x53b1, 0x53d1, 0x53b1, 0x53b0, 
	0x53b0, 0x53d1, 0x53d1, 0x53b1, 0x53b1, 0x53d1, 0x53d1, 0x53b0, 0x53b1, 0x53b1, 0x53d1, 0x53b1, 0x53b0, 0x53b1, 0x6bf0, 0x8410, 
	0x7bef, 0x5bb0, 0x53b0, 0x53d1, 0x53d1, 0x53b0, 0x53b0, 0x53b1, 0x53d1, 0x53b0, 0x53b0, 0x53b1, 0x53d1, 0x53b0, 0x53b0, 0x53b1, 
	0x53d1, 0x53b1, 0x53b0, 0x53b0, 0x53b1, 0x53d1, 0x53b0, 0x53b0, 0x53b1, 0x53d1, 0x53b0, 0x53b0, 0x53b1, 0x53d1, 0x53b1, 0x53b0, 
	0x53b0, 0x53d1, 0x53d1, 0x53b0, 0x53b0, 0x53d1, 0x53d1, 0x53b0, 0x53b0, 0x53b1, 0x53d1, 0x53b1, 0x53b0, 0x53b0, 0x53d1, 0x53b1, 
	0x53b0, 0x4b90, 0x324a, 0x0021, 0x0020, 0x4a49, 0x632c, 0x7bef, 0x7bcf, 0x7bcf, 0x7bcf, 0x7bef, 0x8430, 0x8410, 0x8410, 0x8410, 
	0x8c51, 0x8410, 0x7bef, 0x7bcf, 0x8410, 0x7bcf, 0x7bcf, 0x7bcf, 0x8410, 0x7bef, 0x7bcf, 0x7bcf, 0x7bef, 0x7bef, 0x7bcf, 0x7bcf, 
	0x7bef, 0x7bef, 0x7bcf, 0x7bcf, 0x7bef, 0x7bef, 0x7bef, 0x7bcf, 0x7bef, 0x8430, 0x8c51, 0x8c51, 0x8c51, 0x8c71, 0x8c71, 0x8c51, 
	0x8410, 0x738e, 0x6b4d, 0x632c, 0x2124, 0x0020, 0x3a8b, 0x53b1, 0x53b0, 0x53b1, 0x53b1, 0x53d1, 0x53b0, 0x53b0, 0x53b1, 0x53d1, 
	0x53b0, 0x53b0, 0x53b0, 0x53d1, 0x53d1, 0x53b0, 0x53b0, 0x53b1, 0x53d1, 0x53b0, 0x53b0, 0x53b1, 0x53f1, 0x53b0, 0x53b0, 0x53b0, 
	0x53d1, 0x53b1, 0x53b0, 0x53b0, 0x53b1, 0x53d1, 0x53b0, 0x53b0, 0x53b1, 0x53d1, 0x53b0, 0x53b0, 0x53b1, 0x53d1, 0x53b1, 0x53b0, 
	0x53b0, 0x53d1, 0x53d1, 0x53b0, 0x53b0, 0x53d1, 0x53d1, 0x53b0, 0x53b0, 0x53b1, 0x53d1, 0x53b1, 0x53b0, 0x53b0, 0x6bf0, 0x8410, 
	0x7bef, 0x5b90, 0x4b90, 0x53b1, 0x53b1, 0x4b90, 0x4b90, 0x4bb0, 0x53d1, 0x4b90, 0x4b90, 0x4b90, 0x53d1, 0x4b90, 0x4b90, 0x4b90, 
	0x53b1, 0x53b0, 0x4b90, 0x4b90, 0x53b0, 0x53b1, 0x4b90, 0x4b90, 0x4bb0, 0x53b1, 0x4b90, 0x4b90, 0x4bb0, 0x53b1, 0x4bb0, 0x4b90, 
	0x4b90, 0x53b0, 0x53b0, 0x4b90, 0x4b90, 0x53b0, 0x53b0, 0x4b90, 0x4b90, 0x4b90, 0x53b1, 0x4bb0, 0x4b90, 0x4b90, 0x53b1, 0x4b90, 
	0x4b90, 0x4b4f, 0x1925, 0x0000, 0x2945, 0x52aa, 0x6b6d, 0x7bef, 0x7bcf, 0x7bcf, 0x7bcf, 0x7bef, 0x7bcf, 0x7bcf, 0x7bcf, 0x7bcf, 
	0x7bef, 0x7bcf, 0x7bcf, 0x7bcf, 0x7bef, 0x7bcf, 0x7bcf, 0x7bcf, 0x7bef, 0x7bcf, 0x73ae, 0x7bcf, 0x7bcf, 0x7bcf, 0x7bcf, 0x7bcf, 
	0x7bcf, 0x7bef, 0x7bcf, 0x7bcf, 0x7bcf, 0x7bef, 0x7bcf, 0x73ae, 0x7bcf, 0x7bcf, 0x8410, 0x8430, 0x8430, 0x8c51, 0x8c51, 0x8430, 
	0x7bef, 0x6b6d, 0x6b4d, 0x632c, 0x2124, 0x0000, 0x3a6b, 0x4b90, 0x4b90, 0x4b90, 0x4b90, 0x53d1, 0x4b90, 0x4b90, 0x4b90, 0x53d1, 
	0x4b90, 0x4b90, 0x4b90, 0x53b1, 0x53b0, 0x4b90, 0x4b90, 0x4bb0, 0x53b1, 0x4b90, 0x4b90, 0x4b90, 0x53d1, 0x4b90, 0x4b90, 0x4b90, 
	0x53d1, 0x4b90, 0x4b90, 0x4b90, 0x53b0, 0x53b1, 0x4b90, 0x4b90, 0x4b90, 0x53b1, 0x4b90, 0x4b90, 0x4b90, 0x53b1, 0x4b90, 0x4b90, 
	0x4b90, 0x53b0, 0x53b0, 0x4b90, 0x4b90, 0x53b0, 0x53b0, 0x4b90, 0x4b90, 0x4b90, 0x53b1, 0x4b90, 0x4b90, 0x5390, 0x6bd0, 0x8410, 
	0x7bf0, 0x5b90, 0x4b90, 0x53b1, 0x53b1, 0x4b90, 0x4b90, 0x4b90, 0x53d1, 0x4b90, 0x4b90, 0x4b90, 0x53d1, 0x4b90, 0x4b90, 0x4b90, 
	0x53b1, 0x53b0, 0x4b90, 0x4b90, 0x53b0, 0x53b1, 0x4b90, 0x4b90, 0x4bb0, 0x53b1, 0x4b90, 0x4b90, 0x4bb0, 0x53b1, 0x4bb0, 0x4b90, 
	0x4b90, 0x53b1, 0x53b1, 0x4b90, 0x4b90, 0x53b1, 0x53b1, 0x4b90, 0x4b90, 0x4b90, 0x53b1, 0x4bb0, 0x4b90, 0x4b90, 0x53b1, 0x4bb0, 
	0x4b90, 0x4b4f, 0x1904, 0x0000, 0x4a69, 0x632c, 0x738e, 0x7bef, 0x7bcf, 0x7bcf, 0x7bcf, 0x7bef, 0x7bcf, 0x7bcf, 0x7bcf, 0x7bcf, 
	0x7bef, 0x7bcf, 0x7bcf, 0x7bcf, 0x7bef, 0x73ae, 0x7bcf, 0x7bcf, 0x7bef, 0x7bcf, 0x73ae, 0x7bcf, 0x7bcf, 0x7bcf, 0x7bcf, 0x7bcf, 
	0x7bcf, 0x7bef, 0x7bcf, 0x7bcf, 0x7bcf, 0x7bef, 0x7bcf, 0x73ae, 0x7bcf, 0x7bcf, 0x8410, 0x8430, 0x8430, 0x8c51, 0x8c51, 0x8430, 
	0x7bef, 0x6b6d, 0x6b4d, 0x632c, 0x2124, 0x0000, 0x3a6b, 0x4bb0, 0x4b90, 0x4b90, 0x4b90, 0x53d1, 0x4b90, 0x4b90, 0x4b90, 0x53d1, 
	0x4b90, 0x4b90, 0x4b90, 0x53b1, 0x53b1, 0x4b90, 0x4b90, 0x4bb0, 0x53b1, 0x4b90, 0x4b90, 0x4b90, 0x53d1, 0x4b90, 0x4b90, 0x4b90, 
	0x53b1, 0x4b90, 0x4b90, 0x4b90, 0x53b0, 0x53b1, 0x4b90, 0x4b90, 0x4b90, 0x53b1, 0x4b90, 0x4b90, 0x5390, 0x53b1, 0x4b90, 0x4b90, 
	0x4b90, 0x53b0, 0x53b0, 0x4b90, 0x4b90, 0x53b1, 0x53b1, 0x4b90, 0x4b90, 0x4b90, 0x53b1, 0x4b90, 0x4b90, 0x5390, 0x6bd0, 0x8410, 
	0x7bf0, 0x5bb0, 0x4bb0, 0x53b1, 0x53b1, 0x4bb0, 0x4b90, 0x4bb0, 0x53d1, 0x4bb0, 0x4bb0, 0x5390, 0x53d1, 0x4b90, 0x4bb0, 0x4bb0, 
	0x53d1, 0x53b1, 0x4bb0, 0x5390, 0x53b1, 0x53b1, 0x4bb0, 0x4bb0, 0x4bb1, 0x53d1, 0x4bb0, 0x5390, 0x4bb0, 0x53b1, 0x4bb0, 0x4b90, 
	0x5390, 0x53b1, 0x53b1, 0x4bb0, 0x4bb0, 0x53b1, 0x53b1, 0x4bb0, 0x4bb0, 0x4bb0, 0x53d1, 0x53b0, 0x4b90, 0x4b90, 0x53d1, 0x4bb1, 
	0x4bb0, 0x4b4f, 0x1905, 0x0000, 0x528a, 0x6b4d, 0x73ae, 0x7bef, 0x7bcf, 0x7bcf, 0x7bcf, 0x7bef, 0x7bcf, 0x7bcf, 0x7bcf, 0x7bcf, 
	0x7bef, 0x7bcf, 0x7bcf, 0x7bcf, 0x7bef, 0x7bcf, 0x7bcf, 0x7bcf, 0x7bef, 0x7bcf, 0x7bcf, 0x7bcf, 0x7bef, 0x7bef, 0x7bcf, 0x7bcf, 
	0x7bcf, 0x7bef, 0x7bcf, 0x7bcf, 0x7bcf, 0x7bef, 0x7bcf, 0x7bcf, 0x7bcf, 0x7bef, 0x8410, 0x8410, 0x8430, 0x8c51, 0x8c51, 0x8430, 
	0x7bef, 0x6b6d, 0x6b4d, 0x632c, 0x2124, 0x0000, 0x3a8b, 0x4bb1, 0x4bb0, 0x4b90, 0x4bb0, 0x53d1, 0x4bb0, 0x4bb0, 0x4b90, 0x53d1, 
	0x4b90, 0x5390, 0x4bb0, 0x53d1, 0x53b1, 0x4bb0, 0x4b90, 0x53b1, 0x53d1, 0x4bb0, 0x4bb0, 0x5390, 0x53d1, 0x4bb0, 0x4bb0, 0x4bb0, 
	0x53d1, 0x53b0, 0x4bb0, 0x4bb0, 0x53b1, 0x53b1, 0x4bb0, 0x4bb0, 0x5390, 0x53d1, 0x4b90, 0x4bb0, 0x53b0, 0x53d1, 0x4bb0, 0x4bb0, 
	0x4bb0, 0x53b1, 0x53b1, 0x4bb0, 0x4bb0, 0x53b1, 0x53b1, 0x4bb0, 0x4bb0, 0x4bb0, 0x53b1, 0x4bb0, 0x4bb0, 0x5390, 0x6bd0, 0x8410, 
	0x7bf0, 0x5bb0, 0x53b1, 0x53d1, 0x53d1, 0x53b1, 0x53b1, 0x53d1, 0x53f1, 0x53b1, 0x53b1, 0x53b1, 0x53f2, 0x53b1, 0x53b1, 0x53b1, 
	0x53d1, 0x53d1, 0x53b1, 0x53b1, 0x53d1, 0x53d1, 0x53b1, 0x53b1, 0x53d1, 0x53d1, 0x53b1, 0x53b1, 0x53d1, 0x53d1, 0x53d1, 0x53b1, 
	0x53b1, 0x53d1, 0x53d1, 0x53b1, 0x53b1, 0x53d1, 0x53d1, 0x53b1, 0x53b1, 0x53b1, 0x53d1, 0x53d1, 0x53b1, 0x53b1, 0x53d1, 0x53d1, 
	0x53b1, 0x4b70, 0x1905, 0x0000, 0x528a, 0x6b4d, 0x73ae, 0x8410, 0x7bef, 0x7bef, 0x7bef, 0x8410, 0x7bef, 0x7bef, 0x7bef, 0x7bef, 
	0x8410, 0x7bef, 0x7bef, 0x7bef, 0x8410, 0x7bef, 0x7bef, 0x7bef, 0x8410, 0x7bef, 0x7bef, 0x7bef, 0x7bef, 0x8410, 0x7bef, 0x7bef, 
	0x7bef, 0x8410, 0x7bef, 0x7bef, 0x7bef, 0x8410, 0x7bef, 0x7bef, 0x7bef, 0x7bef, 0x7bef, 0x7bef, 0x8410, 0x8c71, 0x8c71, 0x8c51, 
	0x8410, 0x738e, 0x6b6d, 0x6b4d, 0x2124, 0x0020, 0x3a8b, 0x53d1, 0x53b1, 0x53b1, 0x53d1, 0x53f1, 0x53b1, 0x53b1, 0x53b1, 0x53f2, 
	0x53b1, 0x53b1, 0x53b1, 0x53d1, 0x53d1, 0x53b1, 0x53b1, 0x53d1, 0x53f1, 0x53b1, 0x53b1, 0x53b1, 0x53f2, 0x53b1, 0x53b1, 0x53b1, 
	0x53f1, 0x53d1, 0x53b1, 0x53b1, 0x53d1, 0x53d1, 0x53b1, 0x53b1, 0x53d1, 0x53f1, 0x53b1, 0x53b1, 0x53d1, 0x53d1, 0x53d1, 0x53b1, 
	0x53b1, 0x53d1, 0x53d1, 0x53b1, 0x53b1, 0x53d1, 0x53d1, 0x53b1, 0x53b1, 0x53b1, 0x53d1, 0x53d1, 0x53b1, 0x53b1, 0x6bf0, 0x8410, 
	0x7bef, 0x5bb0, 0x4b90, 0x53b1, 0x53b1, 0x4b90, 0x4b90, 0x4b90, 0x53d1, 0x4b90, 0x4b90, 0x4b90, 0x53d1, 0x4b90, 0x4b90, 0x4b90, 
	0x53b1, 0x4bb0, 0x4b90, 0x4b90, 0x4bb1, 0x53b1, 0x4b90, 0x4b90, 0x4bb0, 0x53b1, 0x4b90, 0x4b90, 0x4bb0, 0x53b1, 0x4bb0, 0x4b90, 
	0x4b90, 0x53b1, 0x53b1, 0x4b90, 0x4b90, 0x53b1, 0x53b1, 0x4b90, 0x4b90, 0x4b90, 0x53b1, 0x4bb0, 0x4b90, 0x4b90, 0x53b1, 0x4bb0, 
	0x4b90, 0x4b4f, 0x1105, 0x0000, 0x4a69, 0x632c, 0x738e, 0x7bef, 0x7bcf, 0x7bcf, 0x7bcf, 0x7bef, 0x7bcf, 0x7bcf, 0x7bcf, 0x7bcf, 
	0x7bef, 0x7bcf, 0x7bcf, 0x7bcf, 0x7bef, 0x7bcf, 0x7bcf, 0x7bcf, 0x7bef, 0x7bcf, 0x73ae, 0x6b6d, 0x4a49, 0x4a49, 0x4a49, 0x5acb, 
	0x7bcf, 0x7bef, 0x7bcf, 0x7bcf, 0x7bcf, 0x7bef, 0x7bcf, 0x73ae, 0x7bcf, 0x7bcf, 0x7bcf, 0x7bcf, 0x7bcf, 0x8410, 0x8410, 0x8410, 
	0x7bcf, 0x6b6d, 0x6b4d, 0x632c, 0x2124, 0x0000, 0x326b, 0x4bb0, 0x4b90, 0x4b90, 0x4b90, 0x53d1, 0x4b90, 0x4b90, 0x4b90, 0x53d1, 
	0x4b90, 0x4b90, 0x4b90, 0x53b1, 0x4bb1, 0x4b90, 0x4b90, 0x4bb0, 0x53b1, 0x4b90, 0x4b90, 0x4b90, 0x53d1, 0x4b90, 0x4b90, 0x4b90, 
	0x53b1, 0x4bb0, 0x4b90, 0x4b90, 0x4bb0, 0x53b1, 0x4b90, 0x4b90, 0x4b90, 0x53b1, 0x4b90, 0x4b90, 0x4bb0, 0x53b1, 0x4b90, 0x4b90, 
	0x4b90, 0x53b1, 0x53b1, 0x4b90, 0x4b90, 0x53b1, 0x53b1, 0x4b90, 0x4b90, 0x4b90, 0x53b1, 0x4b90, 0x4b90, 0x4b90, 0x6bd0, 0x8410, 
	0x7bef, 0x5b90, 0x4b90, 0x53b1, 0x53b1, 0x4b90, 0x4b90, 0x4b90, 0x53d1, 0x4b90, 0x4b90, 0x4b90, 0x53d1, 0x4b90, 0x4b90, 0x4b90, 
	0x53b1, 0x4bb0, 0x4b90, 0x4b90, 0x53b0, 0x53b1, 0x4b90, 0x4b90, 0x4bb0, 0x53b1, 0x4b90, 0x4b90, 0x4b90, 0x53b1, 0x4b90, 0x4b90, 
	0x4b90, 0x53b0, 0x53b1, 0x4b90, 0x4b90, 0x53b1, 0x53b0, 0x4b90, 0x4b90, 0x4b90, 0x53b1, 0x4b90, 0x4b90, 0x4b90, 0x53b1, 0x4bb0, 
	0x4b90, 0x4b4f, 0x1104, 0x0000, 0x4a69, 0x632c, 0x738e, 0x7bef, 0x7bcf, 0x7bcf, 0x7bcf, 0x7bef, 0x7bcf, 0x7bcf, 0x7bcf, 0x7bcf, 
	0x7bef, 0x7bcf, 0x7bcf, 0x7bcf, 0x7bef, 0x7bcf, 0x7bcf, 0x7bcf, 0x7bef, 0x7bcf, 0x73ae, 0x5aeb, 0x0841, 0x0841, 0x0841, 0x2965, 
	0x7bcf, 0x7bef, 0x7bcf, 0x7bcf, 0x7bcf, 0x7bef, 0x7bcf, 0x73ae, 0x7bcf, 0x7bcf, 0x7bcf, 0x7bcf, 0x7bcf, 0x7bcf, 0x7bef, 0x7bcf, 
	0x7bcf, 0x6b6d, 0x6b4d, 0x632c, 0x2124, 0x0000, 0x326b, 0x4bb0, 0x4b90, 0x4b90, 0x4b90, 0x53d1, 0x4b90, 0x4b90, 0x4b90, 0x53d1, 
	0x4b90, 0x4b90, 0x4b90, 0x53b1, 0x53b0, 0x4b90, 0x4b90, 0x4bb0, 0x53b1, 0x4b90, 0x4b90, 0x4b90, 0x53d1, 0x4b90, 0x4b90, 0x4b90, 
	0x53b1, 0x4b90, 0x4b90, 0x4b90, 0x53b0, 0x53b1, 0x4b90, 0x4b90, 0x4b90, 0x53b1, 0x4b90, 0x4b90, 0x4bb0, 0x53b1, 0x4b90, 0x4b90, 
	0x4b90, 0x53b0, 0x53b1, 0x4b90, 0x4b90, 0x53b0, 0x53b0, 0x4b90, 0x4b90, 0x4b90, 0x53b1, 0x4b90, 0x4b90, 0x5390, 0x6bd0, 0x8410, 
	0x7bef, 0x53b0, 0x4b90, 0x53b1, 0x53b1, 0x4b90, 0x4b90, 0x4bb0, 0x53d1, 0x4b90, 0x4b90, 0x4b90, 0x53d1, 0x4b90, 0x4b90, 0x4b90, 
	0x53b1, 0x53b0, 0x4b90, 0x4b90, 0x4bb0, 0x53b1, 0x4b90, 0x4b90, 0x4bb0, 0x53b1, 0x4b90, 0x4b90, 0x4b90, 0x53b1, 0x4bb0, 0x4b90, 
	0x4b90, 0x53b0, 0x53b0, 0x4b90, 0x4b90, 0x53b0, 0x53b0, 0x4b90, 0x4b90, 0x4b90, 0x53b1, 0x4bb0, 0x4b90, 0x4b90, 0x53b1, 0x4bb0, 
	0x4b90, 0x4b4f, 0x1104, 0x0000, 0x4a69, 0x632c, 0x738e, 0x7bef, 0x7bcf, 0x7bcf, 0x7bcf, 0x7bef, 0x7bcf, 0x7bcf, 0x7bcf, 0x7bcf, 
	0x7bef, 0x7bcf, 0x7bcf, 0x7bcf, 0x7bef, 0x7bcf, 0x7bcf, 0x7bcf, 0x7bef, 0x738e, 0x630c, 0x4a6a, 0x10c3, 0x10c3, 0x10a3, 0x2966, 
	0x630c, 0x6b4d, 0x73ae, 0x7bcf, 0x7bcf, 0x7bef, 0x7bcf, 0x73ae, 0x7bcf, 0x7bcf, 0x7bcf, 0x7bcf, 0x7bcf, 0x7bcf, 0x7bcf, 0x7bcf, 
	0x73ae, 0x6b6d, 0x6b4d, 0x632c, 0x2124, 0x0000, 0x328b, 0x4bb0, 0x4b90, 0x4b90, 0x4bb0, 0x53d1, 0x4b90, 0x4b90, 0x4b90, 0x53d1, 
	0x4b90, 0x4b90, 0x4b90, 0x53b1, 0x53b0, 0x4b90, 0x4b90, 0x4bb0, 0x53b1, 0x4b90, 0x4b90, 0x4b90, 0x53d1, 0x4b90, 0x4b90, 0x4b90, 
	0x53d1, 0x4bb0, 0x4b90, 0x4b90, 0x4bb0, 0x53b1, 0x4b90, 0x4b90, 0x4b90, 0x53b1, 0x4b90, 0x4b90, 0x4bb0, 0x53b1, 0x4b90, 0x4b90, 
	0x4b90, 0x53b0, 0x53b0, 0x4b90, 0x4b90, 0x53b0, 0x53b0, 0x4b90, 0x4b90, 0x4b90, 0x53b1, 0x4b90, 0x4b90, 0x5390, 0x6bd0, 0x8410, 
	0x7bef, 0x5bb0, 0x4b90, 0x53b1, 0x53b0, 0x4b90, 0x4b90, 0x4b90, 0x53d1, 0x4b90, 0x4b90, 0x4b90, 0x53d1, 0x4b90, 0x4b90, 0x4b90, 
	0x53b1, 0x53b0, 0x4b90, 0x4b90, 0x53b0, 0x53b1, 0x4b90, 0x4b90, 0x4bb0, 0x53b1, 0x4b90, 0x4b90, 0x5390, 0x53b1, 0x4b90, 0x4b90, 
	0x5390, 0x53b1, 0x53b1, 0x4b90, 0x4b90, 0x53b0, 0x53b0, 0x4b90, 0x4b90, 0x4b90, 0x53b1, 0x53b0, 0x4b90, 0x4b90, 0x53b1, 0x53b0, 
	0x4b90, 0x4b4f, 0x1905, 0x0000, 0x4a69, 0x632c, 0x738e, 0x7bef, 0x7bcf, 0x7bcf, 0x7bcf, 0x7bef, 0x7bcf, 0x7bcf, 0x7bcf, 0x7bcf, 
	0x7bef, 0x7bcf, 0x7bcf, 0x7bcf, 0x7bef, 0x7bcf, 0x7bcf, 0x7bcf, 0x7bef, 0x5acb, 0x0841, 0x10c3, 0x4bb1, 0x53b1, 0x4b90, 0x326b, 
	0x0000, 0x2945, 0x73ae, 0x7bcf, 0x7bcf, 0x7bef, 0x7bcf, 0x7bcf, 0x7bcf, 0x7bcf, 0x7bcf, 0x7bcf, 0x7bcf, 0x7bcf, 0x7bcf, 0x7bcf, 
	0x73ae, 0x6b6d, 0x6b4d, 0x632c, 0x2124, 0x0000, 0x3a8b, 0x53b0, 0x4b90, 0x4b90, 0x5390, 0x53b1, 0x4b90, 0x4b90, 0x4b90, 0x53d1, 
	0x4b90, 0x4b90, 0x4b90, 0x53b1, 0x53b0, 0x4b90, 0x4b90, 0x53b0, 0x53b1, 0x4b90, 0x4b90, 0x4b90, 0x53d1, 0x4b90, 0x4b90, 0x4b90, 
	0x53b1, 0x5390, 0x4b90, 0x4b90, 0x53b0, 0x53b1, 0x4b90, 0x4b90, 0x4b90, 0x53b1, 0x4b90, 0x4b90, 0x4b90, 0x53b1, 0x4b90, 0x4b90, 
	0x4b90, 0x53b1, 0x53b0, 0x4b90, 0x4b90, 0x53b0, 0x53b0, 0x4b90, 0x4b90, 0x4b90, 0x53b1, 0x4b90, 0x4b90, 0x5390, 0x6bd0, 0x8410, 
	0x7bf0, 0x5bb0, 0x53d1, 0x53d1, 0x53d1, 0x53d1, 0x53d1, 0x53d1, 0x53f1, 0x53d1, 0x53d1, 0x53b1, 0x53f2, 0x53b1, 0x53d1, 0x53b1, 
	0x53d1, 0x53d1, 0x53d1, 0x53d1, 0x53d1, 0x53f1, 0x53d1, 0x53d1, 0x53d1, 0x53f1, 0x53d1, 0x53d1, 0x53d1, 0x53d1, 0x53d1, 0x53b1, 
	0x53b1, 0x53d1, 0x53d1, 0x53d1, 0x53d1, 0x53d1, 0x53d1, 0x53d1, 0x53d1, 0x53b1, 0x53f1, 0x53d1, 0x53b1, 0x53b1, 0x53f1, 0x53d1, 
	0x53d1, 0x4b6f, 0x1905, 0x0000, 0x528a, 0x6b4d, 0x7bcf, 0x8430, 0x7bef, 0x7bef, 0x7bef, 0x8410, 0x7bef, 0x7bef, 0x7bef, 0x7bef, 
	0x8410, 0x7bef, 0x7bef, 0x7bef, 0x8430, 0x7bef, 0x7bef, 0x7bef, 0x8410, 0x5acb, 0x0841, 0x10c3, 0x53d1, 0x53f1, 0x53d1, 0x3a8b, 
	0x0000, 0x2965, 0x7bcf, 0x7bef, 0x7bef, 0x8410, 0x7bef, 0x7bef, 0x7bef, 0x8410, 0x8410, 0x7bef, 0x7bef, 0x8410, 0x8410, 0x7bef, 
	0x7bef, 0x738e, 0x6b6d, 0x6b4d, 0x2124, 0x0020, 0x3a8b, 0x53d1, 0x53d1, 0x53d1, 0x53d1, 0x53f1, 0x53d1, 0x53d1, 0x53b1, 0x53f2, 
	0x53d1, 0x53b1, 0x53d1, 0x53f1, 0x53d1, 0x53d1, 0x53b1, 0x53d1, 0x53f1, 0x53d1, 0x53d1, 0x53b1, 0x53f2, 0x53d1, 0x53d1, 0x53d1, 
	0x53f1, 0x53d1, 0x53b1, 0x53d1, 0x53d1, 0x53d1, 0x53d1, 0x53d1, 0x53d1, 0x53f1, 0x53b1, 0x53d1, 0x53d1, 0x53f1, 0x53d1, 0x53d1, 
	0x53d1, 0x53d1, 0x53d1, 0x53b1, 0x53b1, 0x53d1, 0x53d1, 0x53d1, 0x53d1, 0x53b1, 0x53f1, 0x53d1, 0x53d1, 0x53b1, 0x73f0, 0x8410, 
	0x7bef, 0x5b90, 0x4b90, 0x53b1, 0x53b1, 0x4b90, 0x4b90, 0x4b90, 0x53d1, 0x4b90, 0x4b90, 0x4b90, 0x53d1, 0x4b90, 0x4b90, 0x4b90, 
	0x53b1, 0x53b0, 0x4b90, 0x4b90, 0x53b0, 0x53b1, 0x4b90, 0x4b90, 0x4bb0, 0x53b1, 0x4b90, 0x4b90, 0x4bb0, 0x53b1, 0x4bb0, 0x4b90, 
	0x4b90, 0x53b0, 0x53b1, 0x4b90, 0x4b90, 0x53b1, 0x53b0, 0x4b90, 0x4b90, 0x4b90, 0x53b1, 0x4bb0, 0x4b90, 0x4b90, 0x53b1, 0x4bb0, 
	0x4b90, 0x4b4f, 0x1104, 0x0000, 0x4a69, 0x632c, 0x738e, 0x7bef, 0x7bcf, 0x7bcf, 0x7bcf, 0x7bef, 0x7bcf, 0x7bcf, 0x7bcf, 0x7bcf, 
	0x7bef, 0x7bcf, 0x7bcf, 0x7bcf, 0x7bef, 0x7bcf, 0x7bcf, 0x7bcf, 0x7bef, 0x52aa, 0x0841, 0x10c3, 0x53b0, 0x53b1, 0x4b90, 0x326b, 
	0x0000, 0x2945, 0x73ae, 0x7bcf, 0x7bcf, 0x7bef, 0x7bcf, 0x73ae, 0x7bcf, 0x7bcf, 0x7bcf, 0x7bcf, 0x7bcf, 0x7bcf, 0x7bcf, 0x7bcf, 
	0x73ae, 0x6b6d, 0x6b4d, 0x632c, 0x2124, 0x0000, 0x326b, 0x4bb0, 0x4b90, 0x4b90, 0x4b90, 0x53d1, 0x4b90, 0x4b90, 0x4b90, 0x53d1, 
	0x4b90, 0x4b90, 0x4b90, 0x53b1, 0x53b0, 0x4b90, 0x4b90, 0x4bb0, 0x53b1, 0x4b90, 0x4b90, 0x4b90, 0x53d1, 0x4b90, 0x4b90, 0x4b90, 
	0x53b1, 0x4b90, 0x4b90, 0x4b90, 0x53b0, 0x53b1, 0x4b90, 0x4b90, 0x4b90, 0x53b1, 0x4b90, 0x4b90, 0x4b90, 0x53b1, 0x4b90, 0x4b90, 
	0x4b90, 0x53b0, 0x53b1, 0x4b90, 0x4b90, 0x53b0, 0x53b0, 0x4b90, 0x4b90, 0x4b90, 0x53b1, 0x4b90, 0x4b90, 0x5390, 0x6bd0, 0x8410, 
	0x7bef, 0x5b90, 0x4b90, 0x53b1, 0x53b1, 0x4b90, 0x4b90, 0x4b90, 0x53d1, 0x4b90, 0x4b90, 0x4b90, 0x53d1, 0x4b90, 0x4b90, 0x4b90, 
	0x53b1, 0x53b0, 0x4b90, 0x4b90, 0x53b0, 0x53b1, 0x4b90, 0x4b90, 0x4bb0, 0x53b1, 0x4b90, 0x4b90, 0x4bb0, 0x53b1, 0x4bb0, 0x4b90, 
	0x4b90, 0x53b0, 0x53b0, 0x4b90, 0x4b90, 0x53b0, 0x53b0, 0x4b90, 0x4b90, 0x4b90, 0x53b1, 0x4bb0, 0x4b90, 0x4b90, 0x53b1, 0x4bb0, 
	0x42ed, 0x3a8b, 0x10c3, 0x0000, 0x4a69, 0x632c, 0x738e, 0x7bef, 0x7bcf, 0x7bcf, 0x7bcf, 0x7bef, 0x7bcf, 0x7bcf, 0x7bcf, 0x7bcf, 
	0x7bef, 0x7bcf, 0x7bcf, 0x7bcf, 0x7bef, 0x7bcf, 0x7bcf, 0x7bcf, 0x7bef, 0x52aa, 0x0841, 0x08a2, 0x3acd, 0x432e, 0x4b90, 0x326b, 
	0x0000, 0x2945, 0x73ae, 0x7bcf, 0x7bcf, 0x7bef, 0x7bcf, 0x73ae, 0x7bcf, 0x7bcf, 0x7bcf, 0x7bcf, 0x7bcf, 0x7bcf, 0x7bcf, 0x7bcf, 
	0x73ae, 0x6b6d, 0x6b4d, 0x632c, 0x2124, 0x0000, 0x328b, 0x4bb0, 0x4b90, 0x4b90, 0x4b90, 0x53d1, 0x4b90, 0x4b90, 0x4b90, 0x53d1, 
	0x4b90, 0x4b90, 0x4b90, 0x53b1, 0x53b0, 0x4b90, 0x4b90, 0x4bb0, 0x53b1, 0x4b90, 0x4b90, 0x4b90, 0x53d1, 0x4b90, 0x4b90, 0x4b90, 
	0x53b1, 0x4b90, 0x4b90, 0x4b90, 0x53b0, 0x53b1, 0x4b90, 0x4b90, 0x4b90, 0x53b1, 0x4b90, 0x4b90, 0x5390, 0x53b1, 0x4b90, 0x4b90, 
	0x4b90, 0x53b0, 0x53b0, 0x4b90, 0x4b90, 0x53b0, 0x53b0, 0x4b90, 0x4b90, 0x4b90, 0x53b1, 0x4b90, 0x4b90, 0x5390, 0x6bd0, 0x8410, 
	0x7bf0, 0x5bb0, 0x4b90, 0x53b1, 0x53b1, 0x4b90, 0x4b90, 0x4bb0, 0x53d1, 0x4b90, 0x4b90, 0x4b90, 0x53d1, 0x4b90, 0x4b90, 0x4b90, 
	0x53b1, 0x4bb0, 0x4b90, 0x4b90, 0x4bb0, 0x53b1, 0x4b90, 0x4b90, 0x4bb0, 0x53b1, 0x4b90, 0x4b90, 0x4bb0, 0x53b1, 0x4bb0, 0x4b90, 
	0x4b90, 0x53b1, 0x4bb1, 0x4b90, 0x4b90, 0x53b1, 0x53b1, 0x4b90, 0x4b90, 0x4b90, 0x53b1, 0x4bb0, 0x4b90, 0x4b90, 0x53b1, 0x4bb0, 
	0x1925, 0x0041, 0x0000, 0x0000, 0x4a69, 0x632c, 0x738e, 0x7bef, 0x7bcf, 0x7bcf, 0x7bcf, 0x7bef, 0x7bcf, 0x7bcf, 0x7bcf, 0x7bcf, 
	0x7bef, 0x7bcf, 0x7bcf, 0x7bcf, 0x7bef, 0x73ae, 0x7bcf, 0x7bcf, 0x7bef, 0x52aa, 0x0841, 0x0000, 0x0861, 0x1966, 0x4b70, 0x326b, 
	0x0000, 0x2945, 0x73ae, 0x7bcf, 0x7bcf, 0x7bef, 0x7bcf, 0x7bcf, 0x7bcf, 0x7bef, 0x7bcf, 0x7bcf, 0x7bcf, 0x7bcf, 0x7bcf, 0x7bcf, 
	0x73ae, 0x6b6d, 0x6b4d, 0x632c, 0x2124, 0x0000, 0x326b, 0x4bb0, 0x4b90, 0x4b90, 0x4bb0, 0x53d1, 0x4b90, 0x4b90, 0x4b90, 0x53d1, 
	0x4b90, 0x4b90, 0x4b90, 0x53b1, 0x4bb1, 0x4b90, 0x4b90, 0x4bb0, 0x53b1, 0x4b90, 0x4b90, 0x4b90, 0x53d1, 0x4b90, 0x4b90, 0x4b90, 
	0x53d1, 0x4bb0, 0x4b90, 0x4b90, 0x53b1, 0x53b1, 0x4b90, 0x4b90, 0x4b90, 0x53b1, 0x4b90, 0x4b90, 0x4b90, 0x53b1, 0x4b90, 0x4b90, 
	0x4b90, 0x4bb1, 0x4bb1, 0x4b90, 0x4b90, 0x53b1, 0x53b1, 0x4b90, 0x4b90, 0x4b90, 0x53b1, 0x4b90, 0x4b90, 0x4b90, 0x6bd0, 0x8410, 
	0x7bf0, 0x5bd1, 0x53d1, 0x53f1, 0x53d1, 0x53d1, 0x53d1, 0x53d1, 0x5bf2, 0x53d1, 0x53d1, 0x53d1, 0x5bf2, 0x53d1, 0x53d1, 0x53d1, 
	0x53f2, 0x53d1, 0x53d1, 0x53d1, 0x53d1, 0x53f2, 0x53d1, 0x53d1, 0x53d1, 0x53f2, 0x53d1, 0x53d1, 0x53d1, 0x53f2, 0x53d1, 0x53d1, 
	0x53d1, 0x53d1, 0x53d1, 0x53d1, 0x53d1, 0x53d1, 0x53d1, 0x53d1, 0x53d1, 0x53d1, 0x5bf2, 0x53d1, 0x53d1, 0x53d1, 0x53d1, 0x53b1, 
	0x1104, 0x0000, 0x0000, 0x0000, 0x528a, 0x6b4d, 0x73ae, 0x8410, 0x7bcf, 0x7bcf, 0x7bcf, 0x8410, 0x7bef, 0x7bcf, 0x7bcf, 0x7bef, 
	0x8410, 0x7bcf, 0x7bcf, 0x7bcf, 0x8410, 0x7bcf, 0x7bcf, 0x7bcf, 0x8410, 0x5acb, 0x0841, 0x0000, 0x0000, 0x1945, 0x4b90, 0x328b, 
	0x0000, 0x2965, 0x7bcf, 0x7bef, 0x8410, 0x8430, 0x8430, 0x8c71, 0x8c71, 0x9492, 0x8c51, 0x7bef, 0x7bef, 0x8410, 0x8410, 0x7bef, 
	0x7bef, 0x73ae, 0x6b6d, 0x6b4d, 0x2124, 0x0020, 0x3aac, 0x53d1, 0x53d1, 0x53d1, 0x53d1, 0x5bf2, 0x53d1, 0x53d1, 0x53d1, 0x5bf2, 
	0x53d1, 0x53d1, 0x53d1, 0x53f2, 0x53d1, 0x53d1, 0x53d1, 0x53d1, 0x5bf2, 0x53d1, 0x53d1, 0x53d1, 0x5bf2, 0x53d1, 0x53d1, 0x53d1, 
	0x53f2, 0x53d1, 0x53d1, 0x53d1, 0x53d1, 0x53f1, 0x53d1, 0x53d1, 0x53d1, 0x5bf2, 0x53d1, 0x53d1, 0x53d1, 0x53f2, 0x53d1, 0x53d1, 
	0x53d1, 0x53f1, 0x53d1, 0x53d1, 0x53d1, 0x53d1, 0x53d1, 0x53d1, 0x53d1, 0x53d1, 0x5bf2, 0x53d1, 0x53d1, 0x53d1, 0x73f0, 0x8410, 
	0x7bef, 0x5bb0, 0x4b90, 0x53b1, 0x53b1, 0x4b90, 0x4b90, 0x4b90, 0x53d1, 0x4b90, 0x4b90, 0x4b90, 0x53d1, 0x4b90, 0x4b90, 0x4b90, 
	0x53b1, 0x53b0, 0x4b90, 0x4b90, 0x53b0, 0x53b1, 0x4b90, 0x4b90, 0x4bb0, 0x53b1, 0x4b90, 0x4b90, 0x4bb0, 0x53b1, 0x4bb0, 0x4b90, 
	0x4b90, 0x53b0, 0x53b0, 0x4b90, 0x4b90, 0x53b0, 0x53b0, 0x4b90, 0x4b90, 0x4b90, 0x53b1, 0x4bb0, 0x4b90, 0x4b70, 0x1966, 0x0041, 
	0x4248, 0x52aa, 0x18e3, 0x0000, 0x0020, 0x0841, 0x0841, 0x0841, 0x0841, 0x0841, 0x0841, 0x0841, 0x0841, 0x0841, 0x0841, 0x0841, 
	0x0841, 0x0841, 0x0841, 0x0841, 0x0841, 0x0841, 0x0841, 0x0841, 0x0841, 0x0020, 0x0000, 0x10a2, 0x5aeb, 0x4228, 0x0861, 0x0021, 
	0x0000, 0x2945, 0x73ae, 0x7bcf, 0x7bcf, 0x7bef, 0x8410, 0x8430, 0x8430, 0x8c51, 0x8410, 0x7bcf, 0x7bcf, 0x7bcf, 0x7bcf, 0x7bcf, 
	0x73ae, 0x6b6d, 0x6b4d, 0x632c, 0x2124, 0x0000, 0x3a6b, 0x4bb0, 0x4b90, 0x4b90, 0x4b90, 0x53d1, 0x4b90, 0x4b90, 0x4b90, 0x53d1, 
	0x4b90, 0x4b90, 0x4b90, 0x53b1, 0x53b0, 0x4b90, 0x4b90, 0x4bb0, 0x53b1, 0x4b90, 0x4b90, 0x4b90, 0x53d1, 0x4b90, 0x4b90, 0x4b90, 
	0x53b1, 0x4bb0, 0x4b90, 0x4b90, 0x53b0, 0x53b1, 0x4b90, 0x4b90, 0x4b90, 0x53b1, 0x4b90, 0x4b90, 0x4b90, 0x53b1, 0x4b90, 0x4b90, 
	0x4b90, 0x53b0, 0x53b0, 0x4b90, 0x4b90, 0x53b0, 0x53b0, 0x4b90, 0x4b90, 0x4b90, 0x53b1, 0x4b90, 0x4b90, 0x5390, 0x6bd0, 0x8410, 
	0x7bef, 0x5b90, 0x4b90, 0x53b1, 0x53b0, 0x4b90, 0x4b90, 0x4b90, 0x53d1, 0x4b90, 0x4b90, 0x4b90, 0x53d1, 0x4b90, 0x4b90, 0x4b90, 
	0x53b1, 0x4bb0, 0x4b90, 0x4b90, 0x53b0, 0x53b1, 0x4b90, 0x4b90, 0x4b90, 0x53b1, 0x4b90, 0x4b90, 0x4b90, 0x53b1, 0x4b90, 0x4b90, 
	0x4b90, 0x53b0, 0x53b0, 0x4b90, 0x4b90, 0x53b0, 0x53b0, 0x4b90, 0x4b90, 0x4b90, 0x53b1, 0x4b90, 0x4b90, 0x4b70, 0x1925, 0x0000, 
	0x4a49, 0x5aeb, 0x2945, 0x10a2, 0x1082, 0x1082, 0x1082, 0x10a2, 0x1082, 0x1082, 0x1082, 0x1082, 0x1082, 0x1082, 0x1082, 0x1082, 
	0x10a2, 0x1082, 0x1082, 0x1082, 0x10a2, 0x1082, 0x1082, 0x1082, 0x10a2, 0x1082, 0x1082, 0x2124, 0x632c, 0x4228, 0x0020, 0x0000, 
	0x0000, 0x2945, 0x73ae, 0x7bcf, 0x7bcf, 0x7bef, 0x7bef, 0x8430, 0x8430, 0x8c51, 0x8410, 0x7bcf, 0x7bcf, 0x7bcf, 0x7bcf, 0x7bcf, 
	0x73ae, 0x6b6d, 0x6b4d, 0x632c, 0x2124, 0x0000, 0x3a6b, 0x4b90, 0x4b90, 0x4b90, 0x4b90, 0x53b1, 0x4b90, 0x4b90, 0x4b90, 0x53d1, 
	0x4b90, 0x4b90, 0x4b90, 0x53b1, 0x4bb0, 0x4b90, 0x4b90, 0x4bb0, 0x53b1, 0x4b90, 0x4b90, 0x4b90, 0x53d1, 0x4b90, 0x4b90, 0x4b90, 
	0x53b1, 0x4b90, 0x4b90, 0x4b90, 0x53b0, 0x53b1, 0x4b90, 0x4b90, 0x4b90, 0x53b1, 0x4b90, 0x4b90, 0x4b90, 0x53b1, 0x4b90, 0x4b90, 
	0x4b90, 0x53b0, 0x53b0, 0x4b90, 0x4b90, 0x53b0, 0x53b0, 0x4b90, 0x4b90, 0x4b90, 0x53b1, 0x4b90, 0x4b90, 0x5390, 0x6bd0, 0x8410, 
	0x7bef, 0x5b90, 0x4b90, 0x53b1, 0x53b0, 0x4b90, 0x4b90, 0x4b90, 0x53d1, 0x4b90, 0x4b90, 0x4b90, 0x53d1, 0x4b90, 0x4b90, 0x4b90, 
	0x53b1, 0x4bb0, 0x4b90, 0x4b90, 0x4bb0, 0x53b1, 0x4b90, 0x4b90, 0x4bb0, 0x53b1, 0x4b90, 0x4b90, 0x4b90, 0x53b1, 0x4b90, 0x4b90, 
	0x4b90, 0x53b0, 0x53b0, 0x4b90, 0x4b90, 0x53b0, 0x53b0, 0x4b90, 0x4b90, 0x4b90, 0x53b1, 0x4b90, 0x4b90, 0x4b70, 0x1925, 0x0000, 
	0x4a49, 0x630c, 0x52aa, 0x528a, 0x4a69, 0x4a69, 0x4a69, 0x528a, 0x528a, 0x52aa, 0x52aa, 0x52aa, 0x528a, 0x4a69, 0x4a69, 0x52aa, 
	0x5acb, 0x52aa, 0x52aa, 0x52aa, 0x5acb, 0x52aa, 0x52aa, 0x52aa, 0x52aa, 0x4a69, 0x4a69, 0x528a, 0x632c, 0x4228, 0x0020, 0x0000, 
	0x0000, 0x2945, 0x73ae, 0x7bcf, 0x7bcf, 0x7bef, 0x8410, 0x8430, 0x8430, 0x8c51, 0x8410, 0x7bcf, 0x7bcf, 0x7bcf, 0x7bcf, 0x7bcf, 
	0x73ae, 0x6b6d, 0x6b4d, 0x632c, 0x2124, 0x0000, 0x3a6b, 0x4b90, 0x4b90, 0x4b90, 0x4b90, 0x53b1, 0x4b90, 0x4b90, 0x4b90, 0x53d1, 
	0x4b90, 0x4b90, 0x4b90, 0x53b1, 0x4bb0, 0x4b90, 0x4b90, 0x4bb0, 0x53b1, 0x4b90, 0x4b90, 0x4b90, 0x53d1, 0x4b90, 0x4b90, 0x4b90, 
	0x53b1, 0x4b90, 0x4b90, 0x4b90, 0x53b0, 0x53b0, 0x4b90, 0x4b90, 0x4b90, 0x53b1, 0x4b90, 0x4b90, 0x4b90, 0x53b1, 0x4b90, 0x4b90, 
	0x4b90, 0x53b0, 0x53b0, 0x4b90, 0x4b90, 0x53b0, 0x53b0, 0x4b90, 0x4b90, 0x4b90, 0x53b1, 0x4b90, 0x4b90, 0x5390, 0x6bd0, 0x8410, 
	0x7bf0, 0x5bb0, 0x53b0, 0x53d1, 0x53b1, 0x53b0, 0x4bb0, 0x4bb1, 0x53d1, 0x53b0, 0x53b0, 0x53b0, 0x53d1, 0x4bb0, 0x53b0, 0x53b0, 
	0x53d1, 0x53b1, 0x4bb0, 0x53b0, 0x53b1, 0x53d1, 0x53b0, 0x53b0, 0x53b1, 0x53d1, 0x4bb0, 0x53b0, 0x53b1, 0x53d1, 0x53b1, 0x4b90, 
	0x53b0, 0x53b1, 0x53b1, 0x53b0, 0x53b0, 0x53b1, 0x53b1, 0x53b0, 0x53b0, 0x4bb0, 0x53d1, 0x53b1, 0x4b90, 0x4b90, 0x1945, 0x0000, 
	0x4a69, 0x632c, 0x632c, 0x6b4d, 0x632c, 0x632c, 0x632c, 0x6b6d, 0x8c51, 0x9492, 0x9492, 0x94b2, 0x6b4d, 0x632c, 0x6b6d, 0x8c71, 
	0x94b2, 0x9492, 0x9492, 0x9492, 0x9cd3, 0x9492, 0x9492, 0x9492, 0x9492, 0x6b4d, 0x632c, 0x632c, 0x6b4d, 0x4249, 0x0020, 0x0000, 
	0x0000, 0x2945, 0x73ae, 0x7bcf, 0x7bef, 0x8c51, 0x8430, 0x8430, 0x8430, 0x8c51, 0x8c51, 0x8430, 0x7bef, 0x7bef, 0x7bef, 0x7bcf, 
	0x7bcf, 0x6b6d, 0x6b4d, 0x632c, 0x2124, 0x0000, 0x3a8b, 0x53b1, 0x53b0, 0x4bb0, 0x4bb1, 0x53d1, 0x53b0, 0x53b0, 0x53b0, 0x53d1, 
	0x4bb0, 0x53b0, 0x53b0, 0x53d1, 0x53b1, 0x53b0, 0x53b0, 0x53b1, 0x53d1, 0x53b0, 0x53b0, 0x53b0, 0x53d1, 0x53b0, 0x53b0, 0x53b0, 
	0x53d1, 0x53b1, 0x53b0, 0x53b0, 0x53b1, 0x53d1, 0x53b0, 0x53b0, 0x4bb0, 0x53d1, 0x53b0, 0x53b0, 0x53b1, 0x53d1, 0x4bb0, 0x4bb0, 
	0x4bb0, 0x53d1, 0x53b1, 0x53b0, 0x53b0, 0x53b1, 0x53b1, 0x53b0, 0x53b0, 0x53b0, 0x53d1, 0x4bb0, 0x53b0, 0x53b0, 0x6bf0, 0x8410, 
	0x7bf0, 0x5bb0, 0x53b1, 0x53d1, 0x53d1, 0x53b1, 0x53b1, 0x53d1, 0x53f1, 0x53b1, 0x53b1, 0x53b1, 0x53f2, 0x53b1, 0x53b1, 0x53b1, 
	0x53f1, 0x53d1, 0x53d1, 0x53b1, 0x53d1, 0x53d1, 0x53b1, 0x53b1, 0x53d1, 0x53f1, 0x53b1, 0x53b1, 0x53d1, 0x53d1, 0x53d1, 0x53b1, 
	0x53b1, 0x53d1, 0x53d1, 0x53b1, 0x53b1, 0x53d1, 0x53d1, 0x53b1, 0x53b1, 0x53b1, 0x53d1, 0x53d1, 0x53b1, 0x53b1, 0x53d1, 0x4b90, 
	0x1904, 0x0861, 0x4a69, 0x6b6d, 0x6b4d, 0x6b4d, 0x6b4d, 0x6b6d, 0x94b2, 0x9cf3, 0x9cf3, 0xa514, 0x6b6d, 0x6b4d, 0x738e, 0x9cd3, 
	0xa534, 0x9cf3, 0x9cf3, 0x9cf3, 0xa534, 0x9cf3, 0x9cf3, 0x9cf3, 0x9cf3, 0x6b4d, 0x6b4d, 0x528a, 0x0020, 0x1945, 0x4b6f, 0x326b, 
	0x0000, 0x2945, 0x7bcf, 0x7bef, 0x8410, 0x8c71, 0x8c71, 0x8c51, 0x8c51, 0x8c71, 0x8c71, 0x8c51, 0x8430, 0x7bef, 0x8410, 0x7bef, 
	0x7bef, 0x738e, 0x6b6d, 0x6b4d, 0x2124, 0x0020, 0x3a8b, 0x53d1, 0x53b1, 0x53b1, 0x53d1, 0x53f1, 0x53b1, 0x53b1, 0x53b1, 0x53f2, 
	0x53b1, 0x53b1, 0x53b1, 0x53d1, 0x53d1, 0x53b1, 0x53b1, 0x53d1, 0x53d1, 0x53b1, 0x53b1, 0x53b1, 0x53f2, 0x53b1, 0x53b1, 0x53b1, 
	0x53f1, 0x53d1, 0x53b1, 0x53b1, 0x53d1, 0x53d1, 0x53b1, 0x53b1, 0x53d1, 0x53f1, 0x53b1, 0x53b1, 0x53d1, 0x53d1, 0x53d1, 0x53b1, 
	0x53b1, 0x53d1, 0x53d1, 0x53b1, 0x53b1, 0x53d1, 0x53d1, 0x53b1, 0x53b1, 0x53b1, 0x53f1, 0x53d1, 0x53b1, 0x53b1, 0x6bf0, 0x8410, 
	0x7bef, 0x5bb0, 0x4b90, 0x53b1, 0x53b1, 0x4b90, 0x4b90, 0x4bb0, 0x53d1, 0x4b90, 0x4b90, 0x4b90, 0x53d1, 0x4b90, 0x4b90, 0x4b90, 
	0x53b1, 0x4bb0, 0x4b90, 0x4b90, 0x53b0, 0x53b1, 0x4b90, 0x4b90, 0x4bb0, 0x53b1, 0x4b90, 0x4b90, 0x4b90, 0x53b1, 0x4bb0, 0x4b90, 
	0x4b90, 0x53b1, 0x53b1, 0x4b90, 0x4b90, 0x53b1, 0x53b1, 0x4b90, 0x4b90, 0x4b90, 0x53b1, 0x4bb0, 0x4b90, 0x4b90, 0x53b1, 0x4bb0, 
	0x1925, 0x0862, 0x4228, 0x630c, 0x5aeb, 0x5aeb, 0x5aeb, 0x630c, 0x632c, 0x632c, 0x632c, 0x6b4d, 0x5aeb, 0x5aeb, 0x5aeb, 0x632c, 
	0x6b4d, 0x632c, 0x632c, 0x632c, 0x6b4d, 0x632c, 0x632c, 0x632c, 0x6b4d, 0x5aeb, 0x5aeb, 0x4a49, 0x0041, 0x1966, 0x4b70, 0x326b, 
	0x0000, 0x2945, 0x73ae, 0x7bcf, 0x7bef, 0x8c51, 0x8430, 0x8430, 0x8430, 0x8c51, 0x8c51, 0x8430, 0x8430, 0x8430, 0x7bef, 0x7bcf, 
	0x73ae, 0x6b6d, 0x6b4d, 0x632c, 0x2124, 0x0000, 0x326b, 0x4bb0, 0x4b90, 0x4b90, 0x4b90, 0x53d1, 0x4b90, 0x4b90, 0x4b90, 0x53d1, 
	0x4b90, 0x4b90, 0x4b90, 0x53b1, 0x4bb0, 0x4b90, 0x4b90, 0x4bb0, 0x53b1, 0x4b90, 0x4b90, 0x4b90, 0x53d1, 0x4b90, 0x4b90, 0x4b90, 
	0x53b1, 0x4bb0, 0x4b90, 0x4b90, 0x53b0, 0x53b1, 0x4b90, 0x4b90, 0x4b90, 0x53b1, 0x4b90, 0x4b90, 0x4b90, 0x53b1, 0x4b90, 0x4b90, 
	0x4b90, 0x53b1, 0x53b1, 0x4b90, 0x4b90, 0x53b1, 0x53b1, 0x4b90, 0x4b90, 0x4b90, 0x53b1, 0x4b90, 0x4b90, 0x4b90, 0x6bd0, 0x8410, 
	0x7bef, 0x5b90, 0x4b90, 0x53b1, 0x53b1, 0x4b90, 0x4b90, 0x4b90, 0x53d1, 0x4b90, 0x4b90, 0x4b90, 0x53d1, 0x4b90, 0x4b90, 0x4b90, 
	0x53b1, 0x53b0, 0x4b90, 0x4b90, 0x53b0, 0x53b1, 0x4b90, 0x4b90, 0x4bb0, 0x53b1, 0x4b90, 0x4b90, 0x4b90, 0x53b1, 0x4b90, 0x4b90, 
	0x4b90, 0x53b0, 0x53b0, 0x4b90, 0x4b90, 0x53b0, 0x53b0, 0x4b90, 0x4b90, 0x4b90, 0x53b1, 0x4b90, 0x4b90, 0x4b90, 0x53b1, 0x4bb0, 
	0x3acc, 0x324a, 0x2166, 0x2104, 0x2104, 0x2104, 0x2104, 0x2104, 0x2104, 0x2104, 0x2104, 0x2104, 0x2104, 0x2104, 0x2104, 0x2104, 
	0x2104, 0x2104, 0x2104, 0x2104, 0x2104, 0x2104, 0x2104, 0x2104, 0x2104, 0x2104, 0x2104, 0x2145, 0x326b, 0x42ed, 0x4b90, 0x326b, 
	0x0000, 0x2945, 0x7bcf, 0x8410, 0x8410, 0x8c51, 0x8430, 0x8430, 0x8430, 0x8c51, 0x8c51, 0x8430, 0x8430, 0x8c51, 0x8410, 0x7bcf, 
	0x73ae, 0x6b6d, 0x6b4d, 0x632c, 0x2124, 0x0000, 0x3a6b, 0x4bb0, 0x4b90, 0x4b90, 0x4b90, 0x53d1, 0x4b90, 0x4b90, 0x4b90, 0x53d1, 
	0x4b90, 0x4b90, 0x4b90, 0x53b1, 0x53b0, 0x4b90, 0x4b90, 0x4bb0, 0x53b1, 0x4b90, 0x4b90, 0x4b90, 0x53d1, 0x4b90, 0x4b90, 0x4b90, 
	0x53b1, 0x4b90, 0x4b90, 0x4b90, 0x53b0, 0x53b1, 0x4b90, 0x4b90, 0x4b90, 0x53b1, 0x4b90, 0x4b90, 0x5390, 0x53b1, 0x4b90, 0x4b90, 
	0x4b90, 0x53b0, 0x53b0, 0x4b90, 0x4b90, 0x53b0, 0x53b0, 0x4b90, 0x4b90, 0x4b90, 0x53b1, 0x4b90, 0x4b90, 0x5390, 0x6bd0, 0x8410, 
	0x7bef, 0x5b90, 0x4b90, 0x53b1, 0x53b1, 0x4b90, 0x4b90, 0x4b90, 0x53d1, 0x4b90, 0x4b90, 0x4b90, 0x53d1, 0x4b90, 0x4b90, 0x4b90, 
	0x53b1, 0x4bb0, 0x4b90, 0x4b90, 0x53b1, 0x53b1, 0x4b90, 0x4b90, 0x4bb0, 0x53b1, 0x4b90, 0x4b90, 0x4b90, 0x53b1, 0x4bb0, 0x4b90, 
	0x4b90, 0x53b0, 0x53b0, 0x4b90, 0x4b90, 0x53b0, 0x53b0, 0x4b90, 0x4b90, 0x4b90, 0x53b1, 0x4bb0, 0x4b90, 0x4b90, 0x53b1, 0x4bb0, 
	0x4b90, 0x4b4f, 0x1925, 0x0020, 0x0020, 0x0020, 0x0020, 0x0020, 0x0020, 0x0020, 0x0020, 0x0020, 0x0020, 0x0020, 0x0020, 0x0020, 
	0x0020, 0x0020, 0x0020, 0x0020, 0x0020, 0x0020, 0x0020, 0x0020, 0x0020, 0x0020, 0x0020, 0x10e4, 0x53b0, 0x53b1, 0x4b90, 0x326b, 
	0x0000, 0x2945, 0x7bcf, 0x8430, 0x8430, 0x8c51, 0x8430, 0x8430, 0x8430, 0x8c51, 0x8c51, 0x8430, 0x8430, 0x8c51, 0x8410, 0x7bcf, 
	0x73ae, 0x6b6d, 0x6b4d, 0x632c, 0x2124, 0x0000, 0x326b, 0x4bb0, 0x4b90, 0x4b90, 0x4b90, 0x53d1, 0x4b90, 0x4b90, 0x4b90, 0x53d1, 
	0x4b90, 0x4b90, 0x4b90, 0x53b1, 0x4bb0, 0x4b90, 0x4b90, 0x4bb0, 0x53b1, 0x4b90, 0x4b90, 0x4b90, 0x53d1, 0x4b90, 0x4b90, 0x4b90, 
	0x53d1, 0x4bb0, 0x4b90, 0x4b90, 0x4bb0, 0x53b1, 0x4b90, 0x4b90, 0x4b90, 0x53b1, 0x4b90, 0x4b90, 0x4b90, 0x53b1, 0x4bb0, 0x4b90, 
	0x4b90, 0x53b0, 0x53b0, 0x4b90, 0x4b90, 0x53b0, 0x53b0, 0x4b90, 0x4b90, 0x4b90, 0x53b1, 0x4b90, 0x4b90, 0x5390, 0x6bd0, 0x8410, 
	0x7bf0, 0x5bb0, 0x53b1, 0x53d1, 0x53d1, 0x53d1, 0x53b1, 0x53d1, 0x53f1, 0x53d1, 0x53d1, 0x53b1, 0x53f2, 0x53b1, 0x53d1, 0x53b1, 
	0x53d1, 0x53d1, 0x53d1, 0x53b1, 0x53d1, 0x53f1, 0x53d1, 0x53b1, 0x53d1, 0x53f1, 0x53b1, 0x53b1, 0x53d1, 0x53f1, 0x53d1, 0x53b1, 
	0x53b1, 0x53d1, 0x53d1, 0x53b1, 0x53b1, 0x53d1, 0x53d1, 0x53b1, 0x53d1, 0x53b1, 0x53f1, 0x53d1, 0x53b1, 0x53b1, 0x53f1, 0x53d1, 
	0x53b1, 0x53b0, 0x430e, 0x42ed, 0x3acc, 0x3acc, 0x3acc, 0x42ed, 0x3acc, 0x3acc, 0x3acc, 0x42ed, 0x42cd, 0x3acc, 0x3acc, 0x3acd, 
	0x42ed, 0x3acc, 0x3acc, 0x3acc, 0x42ed, 0x3acc, 0x3acc, 0x3acc, 0x42ed, 0x42cd, 0x3acc, 0x430d, 0x53d1, 0x53f1, 0x53d1, 0x3a8b, 
	0x0000, 0x2965, 0x8410, 0x8c51, 0x8c71, 0x9492, 0x8c71, 0x8c51, 0x8c51, 0x8c71, 0x8c71, 0x8c51, 0x8c51, 0x8c71, 0x8430, 0x7bef, 
	0x7bef, 0x738e, 0x6b6d, 0x6b4d, 0x2124, 0x0020, 0x3a8b, 0x53d1, 0x53d1, 0x53d1, 0x53d1, 0x53f1, 0x53d1, 0x53d1, 0x53d1, 0x53f2, 
	0x53b1, 0x53b1, 0x53b1, 0x53f1, 0x53d1, 0x53b1, 0x53b1, 0x53d1, 0x53f1, 0x53d1, 0x53b1, 0x53b1, 0x53f2, 0x53b1, 0x53d1, 0x53d1, 
	0x53f1, 0x53d1, 0x53b1, 0x53d1, 0x53d1, 0x53d1, 0x53b1, 0x53b1, 0x53d1, 0x53f1, 0x53b1, 0x53d1, 0x53d1, 0x53f1, 0x53d1, 0x53b1, 
	0x53b1, 0x53d1, 0x53d1, 0x53b1, 0x53b1, 0x53d1, 0x53d1, 0x53d1, 0x53b1, 0x53b1, 0x53f1, 0x53d1, 0x53d1, 0x53b1, 0x73f0, 0x8410, 
	0x7bf0, 0x5bb0, 0x4bb0, 0x53b1, 0x53b1, 0x4bb0, 0x4b90, 0x4bb0, 0x53d1, 0x4b90, 0x4bb0, 0x4b90, 0x53d1, 0x4b90, 0x4b90, 0x4bb0, 
	0x53b1, 0x53b0, 0x4bb0, 0x4bb0, 0x53b1, 0x53b1, 0x4bb0, 0x4bb0, 0x4bb0, 0x53b1, 0x4b90, 0x4bb0, 0x4bb0, 0x53b1, 0x4bb0, 0x4b90, 
	0x4bb0, 0x53b1, 0x53b1, 0x4bb0, 0x4b90, 0x53b1, 0x53b1, 0x4bb0, 0x4bb0, 0x4bb0, 0x53b1, 0x4bb0, 0x4b90, 0x4bb0, 0x53b1, 0x4bb0, 
	0x4bb0, 0x4b90, 0x4b90, 0x53d1, 0x4bb0, 0x4bb0, 0x4b90, 0x53d1, 0x4b90, 0x4b90, 0x4b90, 0x53b1, 0x53b1, 0x4bb0, 0x4bb0, 0x4bb0, 
	0x53d1, 0x4bb0, 0x4bb0, 0x4bb0, 0x53d1, 0x4b90, 0x4bb0, 0x4bb0, 0x53b1, 0x53b0, 0x4b90, 0x4b90, 0x4bb1, 0x53b1, 0x4bb0, 0x326b, 
	0x0000, 0x2945, 0x7bcf, 0x8430, 0x8430, 0x8c51, 0x8430, 0x8430, 0x8430, 0x8c51, 0x8c51, 0x8430, 0x8430, 0x8c51, 0x8410, 0x7bcf, 
	0x7bcf, 0x6b6d, 0x6b4d, 0x632c, 0x2124, 0x0000, 0x3a8b, 0x4bb0, 0x4bb0, 0x4b90, 0x4bb0, 0x53d1, 0x4bb0, 0x4bb0, 0x4b90, 0x53d1, 
	0x4b90, 0x4bb0, 0x4bb0, 0x53b1, 0x53b1, 0x4bb0, 0x4bb0, 0x4bb0, 0x53d1, 0x4bb0, 0x4bb0, 0x4b90, 0x53d1, 0x4bb0, 0x4bb0, 0x4bb0, 
	0x53b1, 0x4bb0, 0x4b90, 0x4b90, 0x53b1, 0x53b1, 0x4bb0, 0x4bb0, 0x4b90, 0x53b1, 0x4b90, 0x4bb0, 0x4bb0, 0x53b1, 0x4bb0, 0x4bb0, 
	0x4bb0, 0x53b1, 0x53b1, 0x4bb0, 0x4b90, 0x53b1, 0x53b1, 0x4bb0, 0x4bb0, 0x4b90, 0x53b1, 0x4bb0, 0x4b90, 0x4bb0, 0x6bd0, 0x8410, 
	0x7bef, 0x5b90, 0x4b90, 0x53b1, 0x53b1, 0x4b90, 0x4b90, 0x4bb0, 0x53d1, 0x4b90, 0x4b90, 0x4b90, 0x53d1, 0x4b90, 0x4b90, 0x4b90, 
	0x53b1, 0x53b0, 0x4b90, 0x4b90, 0x53b0, 0x53b1, 0x4b90, 0x4b90, 0x4bb0, 0x53b1, 0x4b90, 0x4b90, 0x4bb0, 0x53b1, 0x4bb0, 0x4b90, 
	0x4b90, 0x53b0, 0x53b0, 0x4b90, 0x4b90, 0x53b0, 0x53b0, 0x4b90, 0x4b90, 0x4b90, 0x53b1, 0x4bb0, 0x4b90, 0x4b90, 0x53b1, 0x4bb0, 
	0x4b90, 0x4b90, 0x4b90, 0x53d1, 0x4b90, 0x4b90, 0x4b90, 0x53d1, 0x4b90, 0x4b90, 0x4b90, 0x53b1, 0x53b0, 0x4b90, 0x4b90, 0x4bb0, 
	0x53b1, 0x4b90, 0x4b90, 0x4b90, 0x53d1, 0x4b90, 0x4b90, 0x4b90, 0x53b1, 0x53b0, 0x4b90, 0x4b90, 0x53b0, 0x53b1, 0x4b90, 0x326b, 
	0x0000, 0x2945, 0x7bcf, 0x8430, 0x8430, 0x8c51, 0x8430, 0x8430, 0x8430, 0x8c51, 0x8c51, 0x8430, 0x8430, 0x8c51, 0x8410, 0x7bcf, 
	0x73ae, 0x6b6d, 0x6b4d, 0x632c, 0x2124, 0x0000, 0x3a6b, 0x4bb0, 0x4b90, 0x4b90, 0x4b90, 0x53d1, 0x4b90, 0x4b90, 0x4b90, 0x53d1, 
	0x4b90, 0x4b90, 0x4b90, 0x53b1, 0x53b0, 0x4b90, 0x4b90, 0x4bb0, 0x53b1, 0x4b90, 0x4b90, 0x4b90, 0x53d1, 0x4b90, 0x4b90, 0x4b90, 
	0x53b1, 0x4b90, 0x4b90, 0x4b90, 0x53b0, 0x53b1, 0x4b90, 0x4b90, 0x4b90, 0x53b1, 0x4b90, 0x4b90, 0x5390, 0x53b1, 0x4b90, 0x4b90, 
	0x4b90, 0x53b0, 0x53b0, 0x4b90, 0x4b90, 0x53b0, 0x53b0, 0x4b90, 0x4b90, 0x4b90, 0x53b1, 0x4b90, 0x4b90, 0x5390, 0x6bd0, 0x8410, 
	0x7bef, 0x5b90, 0x4b90, 0x53b1, 0x53b1, 0x4b90, 0x4b90, 0x4b90, 0x53d1, 0x4b90, 0x4b90, 0x4b90, 0x53d1, 0x4b90, 0x4b90, 0x4b90, 
	0x53b1, 0x53b0, 0x4b90, 0x4b90, 0x53b0, 0x53b1, 0x4b90, 0x4b90, 0x4bb0, 0x53b1, 0x4b90, 0x4b90, 0x4bb0, 0x53b1, 0x4bb0, 0x4b90, 
	0x4b90, 0x53b0, 0x53b0, 0x4b90, 0x4b90, 0x53b0, 0x53b0, 0x4b90, 0x4b90, 0x4b90, 0x53b1, 0x4bb0, 0x4b90, 0x4b90, 0x53b1, 0x4bb0, 
	0x4b90, 0x4b90, 0x4b90, 0x53d1, 0x4b90, 0x4b90, 0x4b90, 0x53d1, 0x4b90, 0x4b90, 0x4b90, 0x53b1, 0x53b0, 0x4b90, 0x4b90, 0x4bb0, 
	0x53b1, 0x4b90, 0x4b90, 0x4b90, 0x53d1, 0x4b90, 0x4b90, 0x4b90, 0x53b1, 0x53b0, 0x4b90, 0x4b90, 0x53b0, 0x53b1, 0x4b90, 0x326b, 
	0x0000, 0x2945, 0x7bcf, 0x8430, 0x8430, 0x8c51, 0x8430, 0x8430, 0x8430, 0x8c51, 0x8c51, 0x8430, 0x8430, 0x8c51, 0x8410, 0x7bcf, 
	0x73ae, 0x6b6d, 0x6b4d, 0x632c, 0x2124, 0x0000, 0x326b, 0x4bb0, 0x4b90, 0x4b90, 0x4b90, 0x53d1, 0x4b90, 0x4b90, 0x4b90, 0x53d1, 
	0x4b90, 0x4b90, 0x4b90, 0x53b1, 0x53b0, 0x4b90, 0x4b90, 0x4bb0, 0x53b1, 0x4b90, 0x4b90, 0x4b90, 0x53d1, 0x4b90, 0x4b90, 0x4b90, 
	0x53b1, 0x4b90, 0x4b90, 0x4b90, 0x53b0, 0x53b1, 0x4b90, 0x4b90, 0x4b90, 0x53b1, 0x4b90, 0x4b90, 0x4b90, 0x53b1, 0x4b90, 0x4b90, 
	0x4b90, 0x53b0, 0x53b0, 0x4b90, 0x4b90, 0x53b0, 0x53b0, 0x4b90, 0x4b90, 0x4b90, 0x53b1, 0x4b90, 0x4b90, 0x5390, 0x6bd0, 0x8410, 
	0x7bf0, 0x5bb0, 0x53b0, 0x53d1, 0x53d1, 0x53b1, 0x53b0, 0x53b1, 0x53d1, 0x53b1, 0x53b1, 0x53b1, 0x53f1, 0x53b0, 0x53b0, 0x53b1, 
	0x53d1, 0x53b1, 0x53b1, 0x53b0, 0x53b1, 0x53d1, 0x53b1, 0x53b0, 0x53b1, 0x53d1, 0x53b1, 0x53b0, 0x53b1, 0x53d1, 0x53b1, 0x53b0, 
	0x53b1, 0x53d1, 0x53d1, 0x53b1, 0x53b1, 0x53d1, 0x53d1, 0x53b1, 0x53b0, 0x53b1, 0x53d1, 0x53b1, 0x53b0, 0x53b0, 0x53d1, 0x53b1, 
	0x53b1, 0x53b1, 0x53b1, 0x53d1, 0x53b1, 0x53b1, 0x53b1, 0x53d1, 0x53b1, 0x53b1, 0x53b1, 0x53d1, 0x53b1, 0x53b1, 0x53b1, 0x53b1, 
	0x53d1, 0x53b1, 0x53b1, 0x53b1, 0x53d1, 0x53b1, 0x53b1, 0x53b1, 0x53d1, 0x53b1, 0x53b0, 0x53b0, 0x53b1, 0x53d1, 0x53b1, 0x328b, 
	0x0000, 0x2945, 0x7bef, 0x8c51, 0x8c51, 0x8c71, 0x8c51, 0x8c51, 0x8c51, 0x8c71, 0x8c51, 0x8c51, 0x8c51, 0x8c51, 0x8410, 0x7bcf, 
	0x7bcf, 0x738e, 0x6b4d, 0x632c, 0x2124, 0x0020, 0x3a8b, 0x53b1, 0x53b1, 0x53b1, 0x53b1, 0x53d1, 0x53b1, 0x53b1, 0x53b1, 0x53f1, 
	0x53b0, 0x53b1, 0x53b1, 0x53d1, 0x53b1, 0x53b1, 0x53b1, 0x53b1, 0x53d1, 0x53b1, 0x53b1, 0x53b1, 0x53f1, 0x53b1, 0x53b1, 0x53b1, 
	0x53d1, 0x53b1, 0x53b1, 0x53b0, 0x53b1, 0x53d1, 0x53b1, 0x53b1, 0x53b1, 0x53d1, 0x53b0, 0x53b0, 0x53b1, 0x53d1, 0x53b1, 0x53b1, 
	0x53b0, 0x53d1, 0x53d1, 0x53b1, 0x53b1, 0x53d1, 0x53d1, 0x53b1, 0x53b0, 0x53b1, 0x53d1, 0x53b0, 0x53b0, 0x53b1, 0x6bf0, 0x8410, 
	0x7bf0, 0x5bb0, 0x53b0, 0x53d1, 0x53d1, 0x53b1, 0x53b1, 0x53b1, 0x53d1, 0x53b1, 0x53b1, 0x53b1, 0x53f1, 0x53b0, 0x53b0, 0x53b1, 
	0x53d1, 0x53b1, 0x53b1, 0x53b0, 0x53b1, 0x53d1, 0x53b1, 0x53b0, 0x53b1, 0x53d1, 0x53b1, 0x53b1, 0x53b1, 0x53d1, 0x53b1, 0x53b0, 
	0x53b1, 0x53d1, 0x53d1, 0x53b1, 0x53b1, 0x53d1, 0x53d1, 0x53b1, 0x53b1, 0x53b1, 0x53d1, 0x53b1, 0x53b1, 0x53b0, 0x53d1, 0x53b1, 
	0x53b1, 0x53b1, 0x53b1, 0x53d1, 0x53b1, 0x53b1, 0x53b1, 0x53f1, 0x53b1, 0x53b1, 0x53b1, 0x53d1, 0x53d1, 0x53b1, 0x53b1, 0x53b1, 
	0x53d1, 0x53b1, 0x53b1, 0x53b1, 0x53d1, 0x53b1, 0x53b1, 0x53b1, 0x53d1, 0x53b1, 0x53b1, 0x53b0, 0x53b1, 0x53d1, 0x53b1, 0x328b, 
	0x0000, 0x2945, 0x7bef, 0x8c51, 0x8c51, 0x8c71, 0x8c51, 0x8c51, 0x8c51, 0x8c71, 0x8c71, 0x8c51, 0x8c51, 0x8c71, 0x8410, 0x7bcf, 
	0x7bcf, 0x738e, 0x6b4d, 0x6b4d, 0x2124, 0x0020, 0x3a8b, 0x53b1, 0x53b1, 0x53b1, 0x53b1, 0x53d1, 0x53b1, 0x53b1, 0x53b1, 0x53f1, 
	0x53b0, 0x53b1, 0x53b1, 0x53d1, 0x53b1, 0x53b1, 0x53b1, 0x53b1, 0x53d1, 0x53b1, 0x53b1, 0x53b1, 0x53f1, 0x53b1, 0x53b1, 0x53b1, 
	0x53d1, 0x53b1, 0x53b1, 0x53b0, 0x53b1, 0x53d1, 0x53b1, 0x53b1, 0x53b1, 0x53d1, 0x53b0, 0x53b0, 0x53b1, 0x53d1, 0x53b1, 0x53b1, 
	0x53b0, 0x53d1, 0x53d1, 0x53b1, 0x53b1, 0x53d1, 0x53d1, 0x53b1, 0x53b1, 0x53b1, 0x53d1, 0x53b1, 0x53b0, 0x53b1, 0x73f0, 0x8410, 
	0x7bf0, 0x5b90, 0x4b90, 0x53b1, 0x53b1, 0x4b90, 0x4b90, 0x5390, 0x53d1, 0x4b90, 0x4b90, 0x4b90, 0x53d1, 0x4b90, 0x4b90, 0x4b90, 
	0x53b1, 0x53b0, 0x4b90, 0x4b90, 0x53b0, 0x53b1, 0x4b90, 0x4b90, 0x4bb0, 0x53b1, 0x4b90, 0x4b90, 0x4b90, 0x53b1, 0x4b90, 0x4b90, 
	0x4b90, 0x53b1, 0x53b1, 0x4b90, 0x4b90, 0x53b1, 0x53b1, 0x4b90, 0x4b90, 0x4b90, 0x53b1, 0x5390, 0x4b90, 0x4b90, 0x53b1, 0x4bb0, 
	0x4b90, 0x4b90, 0x5390, 0x53d1, 0x4b90, 0x4b90, 0x4b90, 0x53d1, 0x4b90, 0x4b90, 0x4b90, 0x53b1, 0x53b0, 0x4b90, 0x4b90, 0x4bb0, 
	0x53d1, 0x4b90, 0x4b90, 0x4b90, 0x53d1, 0x4b90, 0x4b90, 0x4b90, 0x53b1, 0x53b0, 0x4b90, 0x4b90, 0x53b0, 0x53b1, 0x4b90, 0x326b, 
	0x0000, 0x2945, 0x7bcf, 0x8430, 0x8430, 0x8c51, 0x8430, 0x8430, 0x8430, 0x8c51, 0x8c51, 0x8430, 0x8430, 0x8c51, 0x8410, 0x7bcf, 
	0x7bcf, 0x6b6d, 0x6b4d, 0x632c, 0x2124, 0x0000, 0x3a6b, 0x4bb0, 0x4b90, 0x4b90, 0x4bb0, 0x53d1, 0x4b90, 0x4b90, 0x4b90, 0x53d1, 
	0x4b90, 0x4b90, 0x4b90, 0x53b1, 0x53b0, 0x4b90, 0x4b90, 0x4bb0, 0x53d1, 0x4b90, 0x4b90, 0x4b90, 0x53d1, 0x4b90, 0x4b90, 0x4b90, 
	0x53d1, 0x4bb0, 0x4b90, 0x4b90, 0x53b0, 0x53b1, 0x4b90, 0x4b90, 0x4b90, 0x53b1, 0x4b90, 0x4b90, 0x4bb0, 0x53b1, 0x4b90, 0x4b90, 
	0x4b90, 0x53b1, 0x53b1, 0x4b90, 0x4b90, 0x53b1, 0x53b1, 0x4b90, 0x4b90, 0x4b90, 0x53b1, 0x4b90, 0x4b90, 0x5390, 0x6bd0, 0x8410, 
	0x7bef, 0x5bb0, 0x4b90, 0x53b1, 0x53b0, 0x4b90, 0x4b90, 0x4b90, 0x53d1, 0x4b90, 0x4b90, 0x4b90, 0x53d1, 0x4b90, 0x4b90, 0x4b90, 
	0x53b1, 0x53b0, 0x4b90, 0x4b90, 0x4bb0, 0x53b1, 0x4b90, 0x4b90, 0x4bb0, 0x53b1, 0x4b90, 0x4b90, 0x4b90, 0x53b1, 0x4b90, 0x4b90, 
	0x4b90, 0x53b0, 0x53b0, 0x4b90, 0x4b90, 0x4bb0, 0x4bb0, 0x4b90, 0x4b90, 0x4b90, 0x53b1, 0x4bb0, 0x4b90, 0x4b90, 0x53b1, 0x4bb0, 
	0x4b90, 0x4b90, 0x4b90, 0x53d1, 0x4b90, 0x4b90, 0x4b90, 0x53d1, 0x4b90, 0x4b90, 0x4b90, 0x53b1, 0x53b0, 0x4b90, 0x4b90, 0x4bb0, 
	0x53b1, 0x4b90, 0x4b90, 0x4b90, 0x53d1, 0x4b90, 0x4b90, 0x4b90, 0x53b1, 0x4b90, 0x4b90, 0x4b90, 0x4bb0, 0x53b1, 0x4b90, 0x326b, 
	0x0000, 0x2945, 0x7bcf, 0x8430, 0x8430, 0x8c51, 0x8430, 0x8430, 0x8430, 0x8c51, 0x8c51, 0x8430, 0x8430, 0x8430, 0x8410, 0x73ae, 
	0x73ae, 0x6b6d, 0x6b4d, 0x632c, 0x2124, 0x0000, 0x328b, 0x4bb0, 0x4b90, 0x4b90, 0x4b90, 0x53b1, 0x4b90, 0x4b90, 0x4b90, 0x53d1, 
	0x4b90, 0x4b90, 0x4b90, 0x53b1, 0x4bb0, 0x4b90, 0x4b90, 0x4bb0, 0x53b1, 0x4b90, 0x4b90, 0x4b90, 0x53d1, 0x4b90, 0x4b90, 0x4b90, 
	0x53b1, 0x4bb0, 0x4b90, 0x4b90, 0x4bb0, 0x53b1, 0x4b90, 0x4b90, 0x4b90, 0x53b1, 0x4b90, 0x4b90, 0x4b90, 0x53b1, 0x4b90, 0x4b90, 
	0x4b90, 0x53b0, 0x4bb0, 0x4b90, 0x4b90, 0x4bb0, 0x4bb0, 0x4b90, 0x4b90, 0x4b90, 0x53b1, 0x4b90, 0x4b90, 0x5390, 0x6bd0, 0x8410, 
	0x7bef, 0x5bb0, 0x4b90, 0x53b1, 0x53b1, 0x4b90, 0x4b90, 0x4b90, 0x53d1, 0x4b90, 0x4b90, 0x4b90, 0x53d1, 0x4b90, 0x4b90, 0x4b90, 
	0x53b1, 0x53b0, 0x4b90, 0x4b90, 0x53b1, 0x53b1, 0x4b90, 0x4b90, 0x5390, 0x53b1, 0x4b90, 0x4b90, 0x5390, 0x53b1, 0x5390, 0x4b90, 
	0x5390, 0x53b1, 0x53b1, 0x4b90, 0x4b90, 0x53b1, 0x53b1, 0x4b90, 0x4b90, 0x4b90, 0x53b1, 0x5390, 0x4b90, 0x4b90, 0x53b1, 0x5390, 
	0x4b90, 0x4b90, 0x4b90, 0x53d1, 0x4b90, 0x4b90, 0x4b90, 0x53d1, 0x4b90, 0x4b90, 0x4b90, 0x53b1, 0x53b0, 0x4b90, 0x4b90, 0x53b0, 
	0x53d1, 0x4b90, 0x4b90, 0x4b90, 0x53d1, 0x4b90, 0x4b90, 0x4b90, 0x53b1, 0x53b0, 0x4b90, 0x4b90, 0x53b0, 0x53b1, 0x4b90, 0x326b, 
	0x0000, 0x2945, 0x7bcf, 0x8430, 0x8430, 0x8c51, 0x8430, 0x8430, 0x8430, 0x8c51, 0x8c51, 0x8430, 0x8430, 0x8c51, 0x8410, 0x7bcf, 
	0x7bcf, 0x6b6d, 0x6b4d, 0x632c, 0x2124, 0x0000, 0x3a6b, 0x5390, 0x4b90, 0x4b90, 0x4b90, 0x53d1, 0x4b90, 0x4b90, 0x4b90, 0x53d1, 
	0x4b90, 0x4b90, 0x4b90, 0x53b1, 0x53b0, 0x4b90, 0x4b90, 0x53b0, 0x53d1, 0x4b90, 0x4b90, 0x4b90, 0x53d1, 0x4b90, 0x4b90, 0x4b90, 
	0x53b1, 0x5390, 0x4b90, 0x4b90, 0x53b0, 0x53b1, 0x4b90, 0x4b90, 0x4b90, 0x53b1, 0x4b90, 0x4b90, 0x5390, 0x53b1, 0x4b90, 0x4b90, 
	0x4b90, 0x53b1, 0x53b1, 0x4b90, 0x4b90, 0x53b0, 0x53b1, 0x4b90, 0x4b90, 0x4b90, 0x53b1, 0x4b90, 0x4b90, 0x5390, 0x6bd0, 0x8410, 
	0x7bf0, 0x5bb0, 0x53b1, 0x53d1, 0x53d1, 0x53b1, 0x53b0, 0x53b1, 0x53d1, 0x53b0, 0x53b0, 0x53b1, 0x53f1, 0x53b0, 0x53b0, 0x53b1, 
	0x53d1, 0x53b1, 0x53b0, 0x53b1, 0x53d1, 0x53d1, 0x53b0, 0x53b0, 0x53b1, 0x53d1, 0x53b0, 0x53b1, 0x53b1, 0x53d1, 0x53b1, 0x53b0, 
	0x53b1, 0x53d1, 0x53d1, 0x53b0, 0x53b1, 0x53d1, 0x53d1, 0x53b1, 0x53b0, 0x53b1, 0x53d1, 0x53b1, 0x53b0, 0x53b1, 0x53d1, 0x53b1, 
	0x53b1, 0x53b1, 0x53b1, 0x53d1, 0x53b0, 0x53b1, 0x53b1, 0x53f1, 0x53b0, 0x53b1, 0x53b0, 0x53d1, 0x53d1, 0x53b1, 0x53b0, 0x53b1, 
	0x53d1, 0x53b0, 0x53b0, 0x53b1, 0x53d1, 0x53b0, 0x53b0, 0x53b1, 0x53d1, 0x53b1, 0x53b0, 0x53b0, 0x53d1, 0x53d1, 0x53b1, 0x328b, 
	0x0000, 0x2945, 0x7bef, 0x8c51, 0x8c51, 0x8c71, 0x8c51, 0x8c51, 0x8c51, 0x8c71, 0x8c71, 0x8c51, 0x8c51, 0x8c71, 0x8430, 0x7bcf, 
	0x7bcf, 0x738e, 0x6b4d, 0x6b4d, 0x2124, 0x0020, 0x3a8b, 0x53b1, 0x53b0, 0x53b1, 0x53b1, 0x53d1, 0x53b1, 0x53b0, 0x53b1, 0x53f1, 
	0x53b0, 0x53b0, 0x53b1, 0x53d1, 0x53d1, 0x53b0, 0x53b0, 0x53b1, 0x53d1, 0x53b0, 0x53b0, 0x53b1, 0x53f1, 0x53b0, 0x53b0, 0x53b1, 
	0x53d1, 0x53b1, 0x53b0, 0x53b0, 0x53d1, 0x53d1, 0x53b1, 0x53b0, 0x53b1, 0x53d1, 0x53b0, 0x53b1, 0x53b1, 0x53d1, 0x53b1, 0x53b1, 
	0x53b1, 0x53d1, 0x53d1, 0x53b0, 0x53b1, 0x53d1, 0x53d1, 0x53b0, 0x53b0, 0x53b1, 0x53d1, 0x53b1, 0x53b1, 0x53b1, 0x6bf0, 0x8410, 
	0x7bef, 0x5bb0, 0x53b0, 0x53d1, 0x53b1, 0x53b0, 0x53b0, 0x53b1, 0x53d1, 0x53b0, 0x53b0, 0x53b0, 0x53d1, 0x4bb0, 0x53b0, 0x53b0, 
	0x53d1, 0x53b1, 0x53b0, 0x53b0, 0x53b1, 0x53d1, 0x53b0, 0x53b0, 0x53b1, 0x53d1, 0x53b0, 0x53b0, 0x53b1, 0x53d1, 0x53b1, 0x53b0, 
	0x53b0, 0x53d1, 0x53d1, 0x53b0, 0x53b0, 0x53b1, 0x53b1, 0x53b0, 0x53b0, 0x53b0, 0x53d1, 0x53b1, 0x53b0, 0x53b0, 0x53d1, 0x53b1, 
	0x53b0, 0x53b0, 0x53b1, 0x53d1, 0x53b0, 0x53b0, 0x53b0, 0x53d1, 0x53b0, 0x53b0, 0x53b0, 0x53d1, 0x53b1, 0x53b0, 0x53b0, 0x53b1, 
	0x53d1, 0x53b0, 0x53b0, 0x53b0, 0x53d1, 0x53b0, 0x53b0, 0x53b0, 0x53d1, 0x53b1, 0x53b0, 0x53b0, 0x53b1, 0x53d1, 0x53b0, 0x328b, 
	0x0000, 0x2945, 0x7bef, 0x8c51, 0x8c51, 0x8c71, 0x8c51, 0x8430, 0x8c51, 0x8c51, 0x8c51, 0x8430, 0x8430, 0x8c51, 0x8410, 0x7bcf, 
	0x7bcf, 0x6b6d, 0x6b4d, 0x632c, 0x2124, 0x0020, 0x3a8b, 0x53b1, 0x53b0, 0x53b0, 0x53b1, 0x53d1, 0x53b0, 0x53b0, 0x53b0, 0x53d1, 
	0x53b0, 0x53b0, 0x53b0, 0x53d1, 0x53b1, 0x53b0, 0x53b0, 0x53b1, 0x53d1, 0x53b0, 0x53b0, 0x53b0, 0x53d1, 0x53b0, 0x53b0, 0x53b0, 
	0x53d1, 0x53b1, 0x53b0, 0x53b0, 0x53b1, 0x53d1, 0x53b0, 0x53b0, 0x53b0, 0x53d1, 0x53b0, 0x53b0, 0x53b1, 0x53d1, 0x53b1, 0x53b0, 
	0x53b0, 0x53d1, 0x53b1, 0x53b0, 0x53b0, 0x53b1, 0x53b1, 0x53b0, 0x53b0, 0x53b0, 0x53d1, 0x4bb0, 0x53b0, 0x53b0, 0x6bf0, 0x8410, 
	0x7bef, 0x5b90, 0x4b90, 0x53b1, 0x53b1, 0x4b90, 0x4b90, 0x4b90, 0x53d1, 0x4b90, 0x4b90, 0x4b90, 0x53d1, 0x4b90, 0x4b90, 0x4b90, 
	0x53b1, 0x53b0, 0x4b90, 0x4b90, 0x53b0, 0x53b1, 0x4b90, 0x4b90, 0x4bb0, 0x53b1, 0x4b90, 0x4b90, 0x4bb0, 0x53b1, 0x4bb0, 0x4b90, 
	0x4b90, 0x53b0, 0x53b0, 0x4b90, 0x4b90, 0x53b0, 0x53b0, 0x4b90, 0x4b90, 0x4b90, 0x53b1, 0x4bb0, 0x4b90, 0x4b90, 0x53b1, 0x4bb0, 
	0x4b90, 0x4b90, 0x4b90, 0x53d1, 0x4b90, 0x4b90, 0x4b90, 0x53d1, 0x4b90, 0x4b90, 0x4b90, 0x53b1, 0x53b0, 0x4b90, 0x4b90, 0x4bb0, 
	0x53b1, 0x4b90, 0x4b90, 0x4b90, 0x53d1, 0x4b90, 0x4b90, 0x4b90, 0x53b1, 0x53b0, 0x4b90, 0x4b90, 0x53b0, 0x53b1, 0x4b90, 0x326b, 
	0x0000, 0x2945, 0x7bcf, 0x8430, 0x8430, 0x8c51, 0x8430, 0x8430, 0x8430, 0x8c51, 0x8c51, 0x8430, 0x8430, 0x8c51, 0x8410, 0x7bcf, 
	0x73ae, 0x6b6d, 0x6b4d, 0x632c, 0x2124, 0x0000, 0x328b, 0x4bb0, 0x4b90, 0x4b90, 0x4b90, 0x53d1, 0x4b90, 0x4b90, 0x4b90, 0x53d1, 
	0x4b90, 0x4b90, 0x4b90, 0x53b1, 0x53b0, 0x4b90, 0x4b90, 0x4bb0, 0x53b1, 0x4b90, 0x4b90, 0x4b90, 0x53d1, 0x4b90, 0x4b90, 0x4b90, 
	0x53b1, 0x4b90, 0x4b90, 0x4b90, 0x53b0, 0x53b1, 0x4b90, 0x4b90, 0x4b90, 0x53b1, 0x4b90, 0x4b90, 0x4b90, 0x53b1, 0x4b90, 0x4b90, 
	0x4b90, 0x53b0, 0x53b0, 0x4b90, 0x4b90, 0x53b0, 0x53b0, 0x4b90, 0x4b90, 0x4b90, 0x53b1, 0x4b90, 0x4b90, 0x5390, 0x6bd0, 0x8410, 
	0x7bf0, 0x5b90, 0x4b90, 0x53b1, 0x53b1, 0x4b90, 0x4b90, 0x4b90, 0x53d1, 0x4b90, 0x4b90, 0x4b90, 0x53d1, 0x4b90, 0x4b90, 0x4b90, 
	0x53b1, 0x53b0, 0x4b90, 0x4b90, 0x53b0, 0x53b1, 0x4b90, 0x4b90, 0x4bb0, 0x53b1, 0x4b90, 0x4b90, 0x4bb0, 0x53b1, 0x4bb0, 0x4b90, 
	0x4b90, 0x53b1, 0x53b1, 0x4b90, 0x4b90, 0x53b1, 0x53b1, 0x4b90, 0x4b90, 0x4b90, 0x53b1, 0x4bb0, 0x4b90, 0x4b90, 0x53b1, 0x4bb0, 
	0x4b90, 0x4b90, 0x4b90, 0x53b1, 0x4b90, 0x4b90, 0x4b90, 0x53d1, 0x4b90, 0x4b90, 0x4b90, 0x53b1, 0x53b1, 0x4b90, 0x4b90, 0x4bb0, 
	0x53b1, 0x4b90, 0x4b90, 0x4b90, 0x53d1, 0x4b90, 0x4b90, 0x4b90, 0x53b1, 0x53b0, 0x4b90, 0x4b90, 0x53b0, 0x53b1, 0x4b90, 0x326b, 
	0x0000, 0x2945, 0x7bcf, 0x8430, 0x8430, 0x8c51, 0x8430, 0x8430, 0x8430, 0x8c51, 0x8c51, 0x8430, 0x8430, 0x8c51, 0x8410, 0x7bcf, 
	0x73ae, 0x6b6d, 0x6b4d, 0x632c, 0x2124, 0x0000, 0x326b, 0x4bb0, 0x4b90, 0x4b90, 0x4b90, 0x53d1, 0x4b90, 0x4b90, 0x4b90, 0x53d1, 
	0x4b90, 0x4b90, 0x4b90, 0x53b1, 0x53b1, 0x4b90, 0x4b90, 0x4bb0, 0x53b1, 0x4b90, 0x4b90, 0x4b90, 0x53d1, 0x4b90, 0x4b90, 0x4b90, 
	0x53b1, 0x4b90, 0x4b90, 0x4b90, 0x53b0, 0x53b1, 0x4b90, 0x4b90, 0x4b90, 0x53b1, 0x4b90, 0x4b90, 0x4b90, 0x53b1, 0x4b90, 0x4b90, 
	0x4b90, 0x53b1, 0x53b1, 0x4b90, 0x4b90, 0x53b1, 0x53b1, 0x4b90, 0x4b90, 0x4b90, 0x53b1, 0x4b90, 0x4b90, 0x5390, 0x6bd0, 0x8410, 
	0x7bf0, 0x5bb0, 0x4bb0, 0x53b1, 0x53b1, 0x4bb0, 0x4b90, 0x53b1, 0x53d1, 0x4bb0, 0x4bb0, 0x5390, 0x53d1, 0x4b90, 0x4bb0, 0x4bb0, 
	0x53d1, 0x53b1, 0x4bb0, 0x4bb0, 0x53b1, 0x53b1, 0x4bb0, 0x4bb0, 0x4bb1, 0x53d1, 0x4bb0, 0x5390, 0x4bb0, 0x53b1, 0x4bb0, 0x4b90, 
	0x5390, 0x53b1, 0x53b1, 0x4bb0, 0x4bb0, 0x53b1, 0x53b1, 0x4bb0, 0x4bb0, 0x4bb0, 0x53d1, 0x53b0, 0x5390, 0x4b90, 0x53d1, 0x4bb1, 
	0x4bb0, 0x4bb0, 0x53b0, 0x53d1, 0x4bb0, 0x4bb0, 0x4b90, 0x53d1, 0x4bb0, 0x5390, 0x4bb0, 0x53b1, 0x53b1, 0x4bb0, 0x4b90, 0x53b1, 
	0x53d1, 0x4bb0, 0x4bb0, 0x4bb0, 0x53d1, 0x4bb0, 0x4bb0, 0x4bb0, 0x53d1, 0x53b1, 0x4b90, 0x5390, 0x53b1, 0x53b1, 0x4bb0, 0x326b, 
	0x0000, 0x2945, 0x7bef, 0x8430, 0x8430, 0x8c51, 0x8430, 0x8430, 0x8430, 0x8c51, 0x8c51, 0x8430, 0x8430, 0x8c51, 0x8410, 0x7bcf, 
	0x73ae, 0x6b6d, 0x6b4d, 0x632c, 0x2124, 0x0000, 0x328b, 0x4bb1, 0x4bb0, 0x4bb0, 0x53b0, 0x53d1, 0x4bb0, 0x4bb0, 0x4b90, 0x53d1, 
	0x4bb0, 0x5390, 0x4bb0, 0x53d1, 0x53b1, 0x4bb0, 0x4b90, 0x53b1, 0x53d1, 0x4bb0, 0x4bb0, 0x5390, 0x53d1, 0x4bb0, 0x4bb0, 0x4bb0, 
	0x53d1, 0x53b0, 0x4bb0, 0x4bb0, 0x53b1, 0x53b1, 0x4bb0, 0x4bb0, 0x5390, 0x53d1, 0x4b90, 0x4bb0, 0x4bb1, 0x53d1, 0x4bb0, 0x5390, 
	0x4bb0, 0x53b1, 0x53b1, 0x4bb0, 0x4bb0, 0x53b1, 0x53b1, 0x4bb0, 0x4bb0, 0x4bb0, 0x53d1, 0x4bb0, 0x4bb0, 0x5390, 0x6bd0, 0x8410, 
	0x7bf0, 0x5bb0, 0x53b1, 0x53d1, 0x53d1, 0x53d1, 0x53b1, 0x53d1, 0x53f1, 0x53b1, 0x53d1, 0x53b1, 0x53f2, 0x53b1, 0x53b1, 0x53b1, 
	0x53d1, 0x53d1, 0x53b1, 0x53b1, 0x53d1, 0x53d1, 0x53b1, 0x53b1, 0x53d1, 0x53f1, 0x53b1, 0x53d1, 0x53d1, 0x53d1, 0x53d1, 0x53b1, 
	0x53b1, 0x53d1, 0x53d1, 0x53b1, 0x53b1, 0x53d1, 0x53d1, 0x53b1, 0x53d1, 0x53b1, 0x53d1, 0x53d1, 0x53b1, 0x53b1, 0x53f1, 0x53d1, 
	0x53b1, 0x53b1, 0x53d1, 0x53f1, 0x53d1, 0x53d1, 0x53b1, 0x53f2, 0x53b1, 0x53b1, 0x53b1, 0x53d1, 0x53d1, 0x53b1, 0x53b1, 0x53d1, 
	0x53f1, 0x53b1, 0x53b1, 0x53b1, 0x53f2, 0x53b1, 0x53b1, 0x53b1, 0x53d1, 0x53d1, 0x53b1, 0x53b1, 0x53d1, 0x53d1, 0x53b1, 0x328b, 
	0x0000, 0x2945, 0x7bef, 0x8c51, 0x8c71, 0x9492, 0x8c71, 0x8c51, 0x8c51, 0x8c71, 0x8c71, 0x8c51, 0x8c51, 0x8c71, 0x8430, 0x7bef, 
	0x738e, 0x6b4d, 0x6b6d, 0x6b4d, 0x2124, 0x0020, 0x3a8b, 0x53d1, 0x53d1, 0x53b1, 0x53d1, 0x53f1, 0x53d1, 0x53d1, 0x53b1, 0x53f2, 
	0x53b1, 0x53b1, 0x53b1, 0x53d1, 0x53d1, 0x53b1, 0x53b1, 0x53d1, 0x53f1, 0x53b1, 0x53b1, 0x53b1, 0x53f2, 0x53b1, 0x53b1, 0x53d1, 
	0x53f1, 0x53d1, 0x53b1, 0x53b1, 0x53d1, 0x53d1, 0x53b1, 0x53b1, 0x53b1, 0x53f1, 0x53b1, 0x53d1, 0x53d1, 0x53d1, 0x53d1, 0x53b1, 
	0x53b1, 0x53d1, 0x53d1, 0x53b1, 0x53b1, 0x53d1, 0x53d1, 0x53d1, 0x53b1, 0x53b1, 0x53d1, 0x53d1, 0x53b1, 0x53b1, 0x6bf0, 0x8410, 
	0x7bef, 0x5b90, 0x4b90, 0x53b1, 0x53b1, 0x4b90, 0x4b90, 0x4bb0, 0x53d1, 0x4b90, 0x4b90, 0x4b90, 0x53d1, 0x4b90, 0x4b90, 0x4b90, 
	0x53b1, 0x4bb0, 0x4b90, 0x4b90, 0x4bb0, 0x53b1, 0x4b90, 0x4b90, 0x4b90, 0x53b1, 0x4b90, 0x4b90, 0x4b90, 0x53b1, 0x4bb0, 0x4b90, 
	0x4b90, 0x53b0, 0x53b1, 0x4b90, 0x4b90, 0x53b1, 0x53b0, 0x4b90, 0x4b90, 0x4b90, 0x53b1, 0x4bb0, 0x4b90, 0x4b90, 0x53b1, 0x4bb0, 
	0x4b90, 0x4b90, 0x4b90, 0x53d1, 0x4b90, 0x4b90, 0x4b90, 0x53d1, 0x4b90, 0x4b90, 0x4b90, 0x53b1, 0x53b0, 0x4b90, 0x4b90, 0x4bb0, 
	0x53b1, 0x4b90, 0x4b90, 0x4b90, 0x53d1, 0x4b90, 0x4b90, 0x4b90, 0x53b1, 0x53b0, 0x4b90, 0x4b90, 0x4bb0, 0x53b1, 0x4b90, 0x326b, 
	0x0000, 0x2945, 0x7bcf, 0x8430, 0x8430, 0x8c51, 0x8430, 0x8430, 0x8430, 0x8c51, 0x8c51, 0x8430, 0x8430, 0x8c51, 0x8410, 0x7bcf, 
	0x6b6d, 0x632c, 0x6b4d, 0x632c, 0x2124, 0x0000, 0x326b, 0x4bb0, 0x4b90, 0x4b90, 0x4b90, 0x53d1, 0x4b90, 0x4b90, 0x4b90, 0x53d1, 
	0x4b90, 0x4b90, 0x4b90, 0x53b1, 0x53b0, 0x4b90, 0x4b90, 0x4bb0, 0x53b1, 0x4b90, 0x4b90, 0x4b90, 0x53d1, 0x4b90, 0x4b90, 0x4b90, 
	0x53d1, 0x4b90, 0x4b90, 0x4b90, 0x53b0, 0x53b1, 0x4b90, 0x4b90, 0x4b90, 0x53b1, 0x4b90, 0x4b90, 0x4b90, 0x53b1, 0x4b90, 0x4b90, 
	0x4b90, 0x53b0, 0x53b1, 0x4b90, 0x4b90, 0x53b1, 0x53b0, 0x4b90, 0x4b90, 0x4b90, 0x53b1, 0x4b90, 0x4b90, 0x4b90, 0x6bd0, 0x8410, 
	0x7bef, 0x5b90, 0x4b90, 0x53b1, 0x53b1, 0x4b90, 0x4b90, 0x4bb0, 0x53d1, 0x4b90, 0x4b90, 0x4b90, 0x53d1, 0x4b90, 0x4b90, 0x4b90, 
	0x53b1, 0x53b0, 0x4b90, 0x4b90, 0x53b0, 0x53b1, 0x4b90, 0x4b90, 0x4bb0, 0x53b1, 0x4b90, 0x4b90, 0x4b90, 0x53b1, 0x4bb0, 0x4b90, 
	0x4b90, 0x53b0, 0x53b0, 0x4b90, 0x4b90, 0x53b0, 0x53b0, 0x4b90, 0x4b90, 0x4b90, 0x53b1, 0x4bb0, 0x4b90, 0x4b90, 0x53b1, 0x4bb0, 
	0x4b90, 0x4b90, 0x4b90, 0x53d1, 0x4b90, 0x4b90, 0x4b90, 0x53d1, 0x4b90, 0x4b90, 0x4b90, 0x53b1, 0x53b0, 0x4b90, 0x4b90, 0x4bb0, 
	0x53b1, 0x4b90, 0x4b90, 0x4b90, 0x53d1, 0x4b90, 0x4b90, 0x4b90, 0x53b1, 0x53b0, 0x4b90, 0x4b90, 0x53b0, 0x53b1, 0x4b90, 0x326b, 
	0x0000, 0x2945, 0x7bcf, 0x8410, 0x8410, 0x8c51, 0x8430, 0x8430, 0x8430, 0x8c51, 0x8c51, 0x8430, 0x8410, 0x8430, 0x7bef, 0x7bcf, 
	0x6b6d, 0x632c, 0x6b4d, 0x632c, 0x2124, 0x0000, 0x328b, 0x4bb0, 0x4b90, 0x4b90, 0x4b90, 0x53d1, 0x4b90, 0x4b90, 0x4b90, 0x53d1, 
	0x4b90, 0x4b90, 0x4b90, 0x53b1, 0x53b0, 0x4b90, 0x4b90, 0x4bb0, 0x53b1, 0x4b90, 0x4b90, 0x4b90, 0x53d1, 0x4b90, 0x4b90, 0x4b90, 
	0x53d1, 0x4b90, 0x4b90, 0x4b90, 0x53b0, 0x53b1, 0x4b90, 0x4b90, 0x4b90, 0x53b1, 0x4b90, 0x4b90, 0x5390, 0x53b1, 0x4b90, 0x4b90, 
	0x4b90, 0x53b0, 0x53b0, 0x4b90, 0x4b90, 0x53b0, 0x53b0, 0x4b90, 0x4b90, 0x4b90, 0x53b1, 0x4b90, 0x4b90, 0x5390, 0x6bd0, 0x8410, 
	0x7bf0, 0x5b90, 0x4b90, 0x53b1, 0x53b1, 0x4b90, 0x4b90, 0x4bb0, 0x53d1, 0x4b90, 0x4b90, 0x4b90, 0x53d1, 0x4b90, 0x4b90, 0x4b90, 
	0x53b1, 0x53b0, 0x4b90, 0x4b90, 0x53b0, 0x53b1, 0x4b90, 0x4b90, 0x4bb0, 0x53b1, 0x4b90, 0x4b90, 0x4b90, 0x53b1, 0x4bb0, 0x4b90, 
	0x4b90, 0x53b0, 0x53b0, 0x4b90, 0x4b90, 0x53b0, 0x53b0, 0x4b90, 0x4b90, 0x4b90, 0x53b1, 0x4bb0, 0x4b90, 0x4b90, 0x53b1, 0x4bb0, 
	0x4b90, 0x4b90, 0x4bb0, 0x53d1, 0x4b90, 0x4b90, 0x4b90, 0x53d1, 0x4b90, 0x4b90, 0x4b90, 0x53b1, 0x53b0, 0x4b90, 0x4b90, 0x4bb0, 
	0x53b1, 0x4b90, 0x4b90, 0x4b90, 0x53d1, 0x4b90, 0x4b90, 0x4b90, 0x53b1, 0x53b0, 0x4b90, 0x4b90, 0x53b0, 0x53b1, 0x4b90, 0x326b, 
	0x0000, 0x2945, 0x73ae, 0x7bcf, 0x7bef, 0x8c51, 0x8430, 0x8430, 0x8430, 0x8c51, 0x8c51, 0x8430, 0x7bef, 0x7bcf, 0x7bcf, 0x7bcf, 
	0x6b6d, 0x632c, 0x6b4d, 0x632c, 0x2124, 0x0000, 0x326b, 0x4bb0, 0x4b90, 0x4b90, 0x4b90, 0x53d1, 0x4b90, 0x4b90, 0x4b90, 0x53d1, 
	0x4b90, 0x4b90, 0x4b90, 0x53b1, 0x53b0, 0x4b90, 0x4b90, 0x4bb0, 0x53b1, 0x4b90, 0x4b90, 0x4b90, 0x53d1, 0x4b90, 0x4b90, 0x4b90, 
	0x53d1, 0x4bb0, 0x4b90, 0x4b90, 0x53b0, 0x53b1, 0x4b90, 0x4b90, 0x4b90, 0x53b1, 0x4b90, 0x4b90, 0x4bb0, 0x53b1, 0x4b90, 0x4b90, 
	0x4b90, 0x53b0, 0x53b0, 0x4b90, 0x4b90, 0x53b0, 0x53b0, 0x4b90, 0x4b90, 0x4b90, 0x53b1, 0x4b90, 0x4b90, 0x5390, 0x6bd0, 0x8410, 
	0x7bf0, 0x5bb0, 0x53b1, 0x53d1, 0x53d1, 0x53b1, 0x53b1, 0x53d1, 0x53f1, 0x53b1, 0x53b1, 0x53b1, 0x53f2, 0x53b1, 0x53b1, 0x53b1, 
	0x53d1, 0x53d1, 0x53b1, 0x53b1, 0x53d1, 0x53d1, 0x53b1, 0x53b1, 0x53d1, 0x53d1, 0x53b1, 0x53b1, 0x53b1, 0x53d1, 0x53d1, 0x53b1, 
	0x53b1, 0x53d1, 0x53d1, 0x53b1, 0x53b1, 0x53d1, 0x53d1, 0x53b1, 0x53b1, 0x53b1, 0x53d1, 0x53d1, 0x53b1, 0x53b1, 0x53d1, 0x53d1, 
	0x53b1, 0x53b1, 0x53b1, 0x53f1, 0x53b1, 0x53b1, 0x53b1, 0x53f2, 0x53b1, 0x53b1, 0x53b1, 0x53d1, 0x53d1, 0x53b1, 0x53b1, 0x53d1, 
	0x53f1, 0x53b1, 0x53b1, 0x53b1, 0x53f2, 0x53b1, 0x53b1, 0x53b1, 0x53d1, 0x53d1, 0x53b1, 0x53b1, 0x53d1, 0x53d1, 0x53b1, 0x3a8b, 
	0x0000, 0x2945, 0x7bcf, 0x7bef, 0x8410, 0x8c71, 0x8c51, 0x8c51, 0x8c51, 0x8c71, 0x8c71, 0x8c51, 0x8410, 0x7bef, 0x8410, 0x7bef, 
	0x738e, 0x6b4d, 0x6b6d, 0x6b4d, 0x2124, 0x0020, 0x3a8b, 0x53d1, 0x53b1, 0x53b1, 0x53d1, 0x53f1, 0x53b1, 0x53b1, 0x53b1, 0x53f2, 
	0x53b1, 0x53b1, 0x53b1, 0x53d1, 0x53d1, 0x53b1, 0x53b1, 0x53d1, 0x53f1, 0x53b1, 0x53b1, 0x53b1, 0x53f2, 0x53b1, 0x53b1, 0x53b1, 
	0x53d1, 0x53d1, 0x53b1, 0x53b1, 0x53d1, 0x53d1, 0x53b1, 0x53b1, 0x53d1, 0x53f1, 0x53b1, 0x53b1, 0x53d1, 0x53d1, 0x53b1, 0x53b1, 
	0x53b1, 0x53d1, 0x53d1, 0x53b1, 0x53b1, 0x53d1, 0x53d1, 0x53b1, 0x53b1, 0x53b1, 0x53f1, 0x53d1, 0x53b1, 0x53b1, 0x6bf0, 0x8410, 
	0x7bf0, 0x5bb0, 0x53b0, 0x53d1, 0x53b1, 0x53b0, 0x4bb0, 0x53b1, 0x53d1, 0x53b0, 0x53b0, 0x53b0, 0x53d1, 0x4bb0, 0x53b0, 0x53b0, 
	0x53d1, 0x53b1, 0x4bb0, 0x53b0, 0x53b1, 0x53d1, 0x53b0, 0x53b0, 0x53b1, 0x53d1, 0x4bb0, 0x4bb0, 0x53b1, 0x53d1, 0x53b1, 0x4b90, 
	0x53b0, 0x53b1, 0x53b1, 0x53b0, 0x53b0, 0x53b1, 0x53b1, 0x53b0, 0x4bb0, 0x4bb0, 0x53d1, 0x53b1, 0x4b90, 0x53b0, 0x53d1, 0x53b1, 
	0x53b0, 0x4bb0, 0x53b0, 0x53d1, 0x4bb0, 0x53b0, 0x53b0, 0x53d1, 0x53b0, 0x53b0, 0x53b0, 0x53d1, 0x53b1, 0x53b0, 0x53b0, 0x53b1, 
	0x53d1, 0x53b0, 0x53b0, 0x4bb0, 0x53d1, 0x4bb0, 0x53b0, 0x53b0, 0x53d1, 0x53b1, 0x4b90, 0x53b0, 0x53b1, 0x53d1, 0x53b0, 0x326b, 
	0x0000, 0x2945, 0x73ae, 0x7bcf, 0x7bef, 0x8c71, 0x8c51, 0x8430, 0x8430, 0x8c51, 0x8410, 0x7bcf, 0x7bcf, 0x7bef, 0x7bef, 0x7bcf, 
	0x6b6d, 0x632c, 0x6b4d, 0x632c, 0x2124, 0x0000, 0x3a8b, 0x53b1, 0x53b0, 0x4bb0, 0x4bb0, 0x53d1, 0x4bb0, 0x53b0, 0x53b0, 0x53d1, 
	0x4b90, 0x53b0, 0x53b0, 0x53d1, 0x53b1, 0x53b0, 0x53b0, 0x53b1, 0x53d1, 0x53b0, 0x53b0, 0x53b0, 0x53d1, 0x53b0, 0x53b0, 0x53b0, 
	0x53d1, 0x53b1, 0x4bb0, 0x4bb0, 0x53b1, 0x53b1, 0x53b0, 0x53b0, 0x4bb0, 0x53d1, 0x53b0, 0x4bb0, 0x53b1, 0x53d1, 0x4bb0, 0x53b0, 
	0x4bb0, 0x53b1, 0x53b1, 0x53b0, 0x53b0, 0x53b1, 0x53b1, 0x53b0, 0x53b0, 0x53b0, 0x53d1, 0x4bb0, 0x53b0, 0x53b0, 0x6bf0, 0x8410, 
	0x7bef, 0x5b90, 0x4b90, 0x53b1, 0x53b0, 0x4b90, 0x4b90, 0x4b90, 0x53d1, 0x4b90, 0x4b90, 0x4b90, 0x53d1, 0x4b90, 0x4b90, 0x4b90, 
	0x53b1, 0x4b90, 0x4b90, 0x4b90, 0x4bb0, 0x53b1, 0x4b90, 0x4b90, 0x4b90, 0x53b1, 0x4b90, 0x4b90, 0x4b90, 0x53b1, 0x4b90, 0x4b90, 
	0x4b90, 0x53b0, 0x53b0, 0x4b90, 0x4b90, 0x53b0, 0x53b0, 0x4b90, 0x4b90, 0x4b90, 0x53b1, 0x4b90, 0x4b90, 0x4b90, 0x53b1, 0x4b90, 
	0x4b90, 0x4b90, 0x4b90, 0x53b1, 0x4b90, 0x4b90, 0x4b90, 0x53d1, 0x4b90, 0x4b90, 0x4b90, 0x53b1, 0x4bb0, 0x4b90, 0x4b90, 0x4b90, 
	0x53b1, 0x4b90, 0x4b90, 0x4b90, 0x53d1, 0x4b90, 0x4b90, 0x4b90, 0x53b1, 0x4b90, 0x4b90, 0x4b90, 0x4bb0, 0x53b1, 0x4b90, 0x326b, 
	0x0000, 0x2945, 0x73ae, 0x7bcf, 0x7bcf, 0x8430, 0x8430, 0x8430, 0x8430, 0x8c51, 0x8410, 0x7bcf, 0x73ae, 0x7bcf, 0x7bcf, 0x7bcf, 
	0x6b6d, 0x632c, 0x6b4d, 0x632c, 0x2124, 0x0000, 0x3a6b, 0x4b90, 0x4b90, 0x4b90, 0x4b90, 0x53b1, 0x4b90, 0x4b90, 0x4b90, 0x53d1, 
	0x4b90, 0x4b90, 0x4b90, 0x53b1, 0x4bb0, 0x4b90, 0x4b90, 0x4bb0, 0x53b1, 0x4b90, 0x4b90, 0x4b90, 0x53d1, 0x4b90, 0x4b90, 0x4b90, 
	0x53b1, 0x4b90, 0x4b90, 0x4b90, 0x53b0, 0x53b1, 0x4b90, 0x4b90, 0x4b90, 0x53b1, 0x4b90, 0x4b90, 0x4b90, 0x53b1, 0x4b90, 0x4b90, 
	0x4b90, 0x53b0, 0x53b0, 0x4b90, 0x4b90, 0x53b0, 0x53b0, 0x4b90, 0x4b90, 0x4b90, 0x53b1, 0x4b90, 0x4b90, 0x5390, 0x6bd0, 0x8410, 
	0x7bef, 0x5b90, 0x4b90, 0x53b1, 0x53b0, 0x4b90, 0x4b90, 0x4b90, 0x53d1, 0x4b90, 0x4b90, 0x4b90, 0x53d1, 0x4b90, 0x4b90, 0x4b90, 
	0x53b1, 0x4bb0, 0x4b90, 0x4b90, 0x5390, 0x53b1, 0x4b90, 0x4b90, 0x4b90, 0x53b1, 0x4b90, 0x4b90, 0x4b90, 0x53b1, 0x4b90, 0x4b90, 
	0x4b90, 0x53b0, 0x53b0, 0x4b90, 0x4b90, 0x53b0, 0x53b0, 0x4b90, 0x4b90, 0x4b90, 0x53b1, 0x4b90, 0x4b90, 0x4b90, 0x53b1, 0x4b90, 
	0x4b90, 0x4b90, 0x4b90, 0x53d1, 0x4b90, 0x4b90, 0x4b90, 0x53d1, 0x4b90, 0x4b90, 0x4b90, 0x53b1, 0x53b0, 0x4b90, 0x4b90, 0x4b90, 
	0x53b1, 0x4b90, 0x4b90, 0x4b90, 0x53d1, 0x4b90, 0x4b90, 0x4b90, 0x53b1, 0x4bb0, 0x4b90, 0x4b90, 0x4bb0, 0x53b1, 0x4b90, 0x326b, 
	0x0000, 0x2945, 0x73ae, 0x7bcf, 0x7bcf, 0x7bef, 0x8410, 0x8430, 0x8430, 0x8c51, 0x8410, 0x7bcf, 0x7bcf, 0x7bcf, 0x7bcf, 0x73ae, 
	0x6b4d, 0x632c, 0x6b4d, 0x632c, 0x2124, 0x0000, 0x3a6b, 0x4b90, 0x4b90, 0x4b90, 0x4b90, 0x53b1, 0x4b90, 0x4b90, 0x4b90, 0x53d1, 
	0x4b90, 0x4b90, 0x4b90, 0x53b1, 0x53b0, 0x4b90, 0x4b90, 0x4bb0, 0x53b1, 0x4b90, 0x4b90, 0x4b90, 0x53d1, 0x4b90, 0x4b90, 0x4b90, 
	0x53b1, 0x4b90, 0x4b90, 0x4b90, 0x53b0, 0x53b1, 0x4b90, 0x4b90, 0x4b90, 0x53b1, 0x4b90, 0x4b90, 0x4b90, 0x53b1, 0x4b90, 0x4b90, 
	0x4b90, 0x53b0, 0x53b0, 0x4b90, 0x4b90, 0x53b0, 0x53b0, 0x4b90, 0x4b90, 0x4b90, 0x53b1, 0x4b90, 0x4b90, 0x5390, 0x6bd0, 0x8410, 
	0x7bf0, 0x5bb0, 0x4bb0, 0x53b1, 0x53b1, 0x4bb0, 0x4bb0, 0x4bb0, 0x53d1, 0x4bb0, 0x4bb0, 0x4bb0, 0x53d1, 0x4bb0, 0x4bb0, 0x4bb0, 
	0x53d1, 0x53b1, 0x4bb0, 0x4bb0, 0x53b1, 0x53b1, 0x4bb0, 0x4bb0, 0x4bb1, 0x53d1, 0x4bb0, 0x4bb0, 0x4bb0, 0x53d1, 0x4bb0, 0x4bb0, 
	0x4bb0, 0x53b1, 0x53b1, 0x4bb0, 0x4bb0, 0x53b1, 0x53b1, 0x4bb0, 0x4bb0, 0x4bb0, 0x53d1, 0x53b0, 0x4bb0, 0x4bb0, 0x53d1, 0x53b1, 
	0x4bb0, 0x4bb0, 0x53b0, 0x53d1, 0x4bb0, 0x4bb0, 0x4bb0, 0x53d1, 0x4bb0, 0x4bb0, 0x4bb0, 0x53b1, 0x53b1, 0x4bb0, 0x4bb0, 0x4bb0, 
	0x53d1, 0x4bb0, 0x4bb0, 0x4bb0, 0x53d1, 0x4bb0, 0x4bb0, 0x4bb0, 0x53d1, 0x53b1, 0x4b90, 0x4bb0, 0x53b1, 0x53b1, 0x4bb0, 0x326b, 
	0x0000, 0x2945, 0x73ae, 0x7bcf, 0x7bcf, 0x7bef, 0x8410, 0x8430, 0x8430, 0x8c51, 0x8410, 0x7bcf, 0x7bcf, 0x7bef, 0x7bef, 0x6b6d, 
	0x632c, 0x632c, 0x6b4d, 0x632c, 0x2124, 0x0000, 0x3a8b, 0x53b1, 0x4bb0, 0x4bb0, 0x53b1, 0x53d1, 0x4bb0, 0x4bb0, 0x4bb0, 0x53d1, 
	0x4bb0, 0x4bb0, 0x4bb0, 0x53d1, 0x53b1, 0x4bb0, 0x4bb0, 0x53b1, 0x53d1, 0x4bb0, 0x4bb0, 0x4bb0, 0x53d1, 0x4bb0, 0x4bb0, 0x4bb0, 
	0x53d1, 0x53b1, 0x4b90, 0x4bb0, 0x53b1, 0x53b1, 0x4bb0, 0x4bb0, 0x4bb0, 0x53d1, 0x4bb0, 0x4bb0, 0x53b0, 0x53d1, 0x4bb0, 0x4bb0, 
	0x4bb0, 0x53b1, 0x53b1, 0x4bb0, 0x4bb0, 0x53b1, 0x53b1, 0x4bb0, 0x4bb0, 0x4bb0, 0x53d1, 0x4bb0, 0x4bb0, 0x53b0, 0x6bd0, 0x8410, 
	0x7bf0, 0x5bb0, 0x53d1, 0x53d1, 0x53d1, 0x53d1, 0x53d1, 0x53d1, 0x53f2, 0x53d1, 0x53d1, 0x53d1, 0x53f2, 0x53b1, 0x53d1, 0x53d1, 
	0x53f1, 0x53d1, 0x53d1, 0x53d1, 0x53d1, 0x53d1, 0x53d1, 0x53d1, 0x53d1, 0x53f1, 0x53d1, 0x53d1, 0x53d1, 0x53d1, 0x53d1, 0x53b1, 
	0x53d1, 0x53d1, 0x53d1, 0x53d1, 0x53d1, 0x53d1, 0x53d1, 0x53d1, 0x53d1, 0x53d1, 0x53f1, 0x53d1, 0x53b1, 0x53d1, 0x53f1, 0x53d1, 
	0x53d1, 0x53b1, 0x53d1, 0x53f2, 0x53d1, 0x53d1, 0x53d1, 0x53f2, 0x53d1, 0x53d1, 0x53d1, 0x53d1, 0x53d1, 0x53d1, 0x53d1, 0x53d1, 
	0x53f1, 0x53d1, 0x53d1, 0x53d1, 0x5bf2, 0x53d1, 0x53d1, 0x53d1, 0x53f1, 0x53d1, 0x53b1, 0x53d1, 0x53d1, 0x53d1, 0x53d1, 0x3a8b, 
	0x0000, 0x2965, 0x7bcf, 0x7bef, 0x7bef, 0x8410, 0x8430, 0x8c51, 0x8c51, 0x8c71, 0x8430, 0x7bef, 0x7bef, 0x8410, 0x8410, 0x738e, 
	0x6b4d, 0x6b4d, 0x6b6d, 0x6b4d, 0x2124, 0x0020, 0x3a8c, 0x53d1, 0x53d1, 0x53b1, 0x53d1, 0x53f1, 0x53d1, 0x53d1, 0x53d1, 0x53f2, 
	0x53b1, 0x53d1, 0x53d1, 0x53f1, 0x53d1, 0x53d1, 0x53d1, 0x53d1, 0x53f1, 0x53d1, 0x53d1, 0x53d1, 0x53f2, 0x53d1, 0x53d1, 0x53d1, 
	0x53f1, 0x53d1, 0x53b1, 0x53d1, 0x53d1, 0x53d1, 0x53d1, 0x53d1, 0x53d1, 0x53f1, 0x53d1, 0x53d1, 0x53d1, 0x53d1, 0x53d1, 0x53d1, 
	0x53d1, 0x53d1, 0x53d1, 0x53d1, 0x53d1, 0x53d1, 0x53d1, 0x53d1, 0x53d1, 0x53d1, 0x53f1, 0x53d1, 0x53d1, 0x53d1, 0x73f0, 0x8410, 
	0x7bef, 0x5bb0, 0x4b90, 0x53b1, 0x53b1, 0x4b90, 0x4b90, 0x4bb0, 0x53d1, 0x4b90, 0x4b90, 0x4b90, 0x53d1, 0x4b90, 0x4b90, 0x4b90, 
	0x53d1, 0x4bb0, 0x4b90, 0x4b90, 0x53b1, 0x53b1, 0x4b90, 0x4b90, 0x4bb0, 0x53b1, 0x4b90, 0x4b90, 0x4b90, 0x53b1, 0x4bb0, 0x4b90, 
	0x4b90, 0x53b0, 0x53b0, 0x4b90, 0x4b90, 0x53b0, 0x53b0, 0x4b90, 0x4b90, 0x4b90, 0x53d1, 0x4bb0, 0x4b90, 0x4b90, 0x53b1, 0x4bb0, 
	0x4b90, 0x4b90, 0x4b90, 0x53d1, 0x4b90, 0x4b90, 0x4b90, 0x53d1, 0x4b90, 0x4b90, 0x4b90, 0x53b1, 0x4bb0, 0x4b90, 0x4b90, 0x4bb0, 
	0x53b1, 0x4b90, 0x4b90, 0x4bb0, 0x53d1, 0x4b90, 0x4b90, 0x4b90, 0x53d1, 0x4bb0, 0x4b90, 0x4b90, 0x53b1, 0x53b1, 0x4b90, 0x326b, 
	0x0000, 0x2945, 0x73ae, 0x7bcf, 0x7bcf, 0x7bef, 0x7bcf, 0x7bcf, 0x7bcf, 0x7bef, 0x7bcf, 0x7bcf, 0x7bcf, 0x7bcf, 0x7bcf, 0x6b4d, 
	0x632c, 0x632c, 0x6b4d, 0x632c, 0x2124, 0x0000, 0x326b, 0x4bb0, 0x4b90, 0x4b90, 0x4b90, 0x53d1, 0x4b90, 0x4b90, 0x4b90, 0x53d1, 
	0x4b90, 0x4b90, 0x4b90, 0x53b1, 0x4bb0, 0x4b90, 0x4b90, 0x4bb0, 0x53b1, 0x4b90, 0x4b90, 0x4b90, 0x53d1, 0x4b90, 0x4b90, 0x4b90, 
	0x53b1, 0x4bb0, 0x4b90, 0x4b90, 0x53b0, 0x53b1, 0x4b90, 0x4b90, 0x4b90, 0x53b1, 0x4b90, 0x4b90, 0x4b90, 0x53b1, 0x4b90, 0x4b90, 
	0x4b90, 0x53b0, 0x53b0, 0x4b90, 0x4b90, 0x53b0, 0x53b0, 0x4b90, 0x4b90, 0x4b90, 0x53b1, 0x4b90, 0x4b90, 0x5390, 0x6bd0, 0x8410, 
	0x7bef, 0x5b90, 0x4b90, 0x53b1, 0x53b1, 0x4b90, 0x4b90, 0x4b90, 0x53d1, 0x4b90, 0x4b90, 0x4b90, 0x53d1, 0x4b90, 0x4b90, 0x4b90, 
	0x53b1, 0x53b0, 0x4b90, 0x4b90, 0x53b1, 0x53b1, 0x4b90, 0x4b90, 0x4bb0, 0x53b1, 0x4b90, 0x4b90, 0x4b90, 0x53b1, 0x4bb0, 0x4b90, 
	0x4b90, 0x53b0, 0x53b0, 0x4b90, 0x4b90, 0x53b0, 0x53b0, 0x4b90, 0x4b90, 0x4b90, 0x53b1, 0x4bb0, 0x4b90, 0x4b90, 0x53b1, 0x4bb0, 
	0x4b90, 0x4b90, 0x4b90, 0x53d1, 0x4b90, 0x4b90, 0x4b90, 0x53d1, 0x4b90, 0x4b90, 0x4b90, 0x53b1, 0x53b0, 0x4b90, 0x4b90, 0x4b90, 
	0x53b1, 0x4b90, 0x4b90, 0x4b90, 0x53d1, 0x4b90, 0x4b90, 0x4b90, 0x53b1, 0x53b0, 0x4b90, 0x4b90, 0x53b1, 0x53b1, 0x4b90, 0x326b, 
	0x0000, 0x2945, 0x73ae, 0x7bcf, 0x7bcf, 0x7bef, 0x7bcf, 0x73ae, 0x7bcf, 0x7bcf, 0x7bcf, 0x7bcf, 0x7bcf, 0x7bcf, 0x7bcf, 0x6b4d, 
	0x632c, 0x632c, 0x6b4d, 0x632c, 0x2124, 0x0000, 0x3a6b, 0x4bb0, 0x4b90, 0x4b90, 0x4b90, 0x53d1, 0x4b90, 0x4b90, 0x4b90, 0x53d1, 
	0x4b90, 0x4b90, 0x4b90, 0x53b1, 0x53b0, 0x4b90, 0x4b90, 0x4bb0, 0x53b1, 0x4b90, 0x4b90, 0x4b90, 0x53d1, 0x4b90, 0x4b90, 0x4b90, 
	0x53b1, 0x4b90, 0x4b90, 0x4b90, 0x53b0, 0x53b1, 0x4b90, 0x4b90, 0x4b90, 0x53b1, 0x4b90, 0x4b90, 0x4b90, 0x53b1, 0x4b90, 0x4b90, 
	0x4b90, 0x53b0, 0x53b0, 0x4b90, 0x4b90, 0x53b0, 0x53b0, 0x4b90, 0x4b90, 0x4b90, 0x53b1, 0x4b90, 0x4b90, 0x5390, 0x6bd0, 0x8410, 
	0x7bf0, 0x5b90, 0x4b90, 0x53b1, 0x53b1, 0x4b90, 0x4b90, 0x4bb0, 0x53d1, 0x4b90, 0x4b90, 0x4b90, 0x53d1, 0x4b90, 0x4b90, 0x4b90, 
	0x53b1, 0x4bb0, 0x4b90, 0x4b90, 0x53b1, 0x53b1, 0x4b90, 0x4b90, 0x4bb0, 0x53b1, 0x4b90, 0x4b90, 0x4bb0, 0x53b1, 0x4bb0, 0x4b90, 
	0x4b90, 0x53b0, 0x53b0, 0x4b90, 0x4b90, 0x53b0, 0x53b0, 0x4b90, 0x4b90, 0x4b90, 0x53b1, 0x4bb0, 0x4b90, 0x4b90, 0x53b1, 0x4bb0, 
	0x4b90, 0x4b90, 0x4b90, 0x53d1, 0x4b90, 0x4b90, 0x4b90, 0x53d1, 0x4b90, 0x4b90, 0x4b90, 0x53b1, 0x4bb0, 0x4b90, 0x4b90, 0x4b90, 
	0x53b1, 0x4b90, 0x4b90, 0x4b90, 0x53d1, 0x4b90, 0x4b90, 0x4b90, 0x53b1, 0x4bb0, 0x4b90, 0x4b90, 0x53b1, 0x53b1, 0x4b90, 0x326b, 
	0x0000, 0x2945, 0x73ae, 0x7bcf, 0x7bcf, 0x7bef, 0x7bcf, 0x73ae, 0x7bcf, 0x7bcf, 0x7bcf, 0x7bcf, 0x7bcf, 0x7bcf, 0x7bcf, 0x6b4d, 
	0x632c, 0x632c, 0x6b4d, 0x632c, 0x2124, 0x0000, 0x326b, 0x4bb0, 0x4b90, 0x4b90, 0x4b90, 0x53d1, 0x4b90, 0x4b90, 0x4b90, 0x53d1, 
	0x4b90, 0x4b90, 0x4b90, 0x53b1, 0x4bb0, 0x4b90, 0x4b90, 0x4bb0, 0x53b1, 0x4b90, 0x4b90, 0x4b90, 0x53d1, 0x4b90, 0x4b90, 0x4b90, 
	0x53d1, 0x4b90, 0x4b90, 0x4b90, 0x53b0, 0x53b1, 0x4b90, 0x4b90, 0x4b90, 0x53b1, 0x4b90, 0x4b90, 0x4bb0, 0x53b1, 0x4b90, 0x4b90, 
	0x4b90, 0x53b0, 0x53b0, 0x4b90, 0x4b90, 0x53b0, 0x53b0, 0x4b90, 0x4b90, 0x4b90, 0x53b1, 0x4b90, 0x4b90, 0x5390, 0x6bd0, 0x8410, 
	0x7bf0, 0x5bb0, 0x53d1, 0x53d1, 0x53d1, 0x53d1, 0x53d1, 0x53d1, 0x53f2, 0x53d1, 0x53d1, 0x53d1, 0x53f2, 0x53b1, 0x53d1, 0x53d1, 
	0x53f1, 0x53d1, 0x53d1, 0x53d1, 0x53d1, 0x53f1, 0x53d1, 0x53b1, 0x53d1, 0x53f1, 0x53d1, 0x53b1, 0x53d1, 0x53f1, 0x53d1, 0x53b1, 
	0x53b1, 0x53d1, 0x53d1, 0x53d1, 0x53b1, 0x53d1, 0x53d1, 0x53b1, 0x53d1, 0x53d1, 0x53f1, 0x53d1, 0x53b1, 0x53d1, 0x53f1, 0x53d1, 
	0x53d1, 0x53d1, 0x53d1, 0x53f2, 0x53d1, 0x53d1, 0x53d1, 0x53f2, 0x53d1, 0x53b1, 0x53d1, 0x53d1, 0x53d1, 0x53b1, 0x53b1, 0x53d1, 
	0x53f2, 0x53d1, 0x53b1, 0x53d1, 0x5bf2, 0x53d1, 0x53d1, 0x53d1, 0x53f1, 0x53d1, 0x53b1, 0x53b1, 0x53d1, 0x53f1, 0x53d1, 0x3a8b, 
	0x0000, 0x2965, 0x7bcf, 0x7bef, 0x7bef, 0x8410, 0x7bef, 0x7bef, 0x7bef, 0x8410, 0x8410, 0x7bef, 0x7bef, 0x8410, 0x8410, 0x738e, 
	0x6b4d, 0x6b4d, 0x6b6d, 0x6b4d, 0x2124, 0x0020, 0x3a8b, 0x53d1, 0x53d1, 0x53d1, 0x53d1, 0x53f2, 0x53d1, 0x53d1, 0x53d1, 0x53f2, 
	0x53d1, 0x53b1, 0x53d1, 0x53f1, 0x53d1, 0x53d1, 0x53d1, 0x53d1, 0x53f2, 0x53d1, 0x53b1, 0x53b1, 0x53f2, 0x53d1, 0x53d1, 0x53d1, 
	0x53f1, 0x53d1, 0x53d1, 0x53d1, 0x53d1, 0x53d1, 0x53d1, 0x53b1, 0x53d1, 0x53f1, 0x53d1, 0x53d1, 0x53d1, 0x53f1, 0x53d1, 0x53d1, 
	0x53d1, 0x53d1, 0x53d1, 0x53d1, 0x53b1, 0x53d1, 0x53d1, 0x53d1, 0x53b1, 0x53b1, 0x53f1, 0x53d1, 0x53d1, 0x53d1, 0x73f0, 0x8410, 
	0x7bf0, 0x5bb0, 0x4b90, 0x53b1, 0x53b1, 0x4b90, 0x4b90, 0x4b90, 0x53d1, 0x4b90, 0x4b90, 0x4b90, 0x53d1, 0x4b90, 0x4b90, 0x4b90, 
	0x53b1, 0x4bb0, 0x4b90, 0x4b90, 0x53b1, 0x53b1, 0x4b90, 0x4b90, 0x4bb0, 0x53b1, 0x4b90, 0x4b90, 0x4bb0, 0x53b1, 0x4bb0, 0x4b90, 
	0x4b90, 0x53b1, 0x53b1, 0x4b90, 0x4b90, 0x53b1, 0x53b1, 0x4b90, 0x4b90, 0x4b90, 0x53b1, 0x4bb0, 0x4b90, 0x4b90, 0x53b1, 0x4bb0, 
	0x4b90, 0x4b90, 0x4b90, 0x53d1, 0x4b90, 0x4b90, 0x4b90, 0x53d1, 0x4b90, 0x4b90, 0x4b90, 0x53b1, 0x53b1, 0x4b90, 0x4b90, 0x4bb0, 
	0x53d1, 0x4b90, 0x4b90, 0x4b90, 0x53d1, 0x4b90, 0x4b90, 0x4b90, 0x53b1, 0x4b90, 0x4b90, 0x4b90, 0x4bb1, 0x53b1, 0x4b90, 0x326b, 
	0x0000, 0x2945, 0x73ae, 0x73ae, 0x7bcf, 0x7bef, 0x7bcf, 0x73ae, 0x7bcf, 0x7bcf, 0x7bcf, 0x7bcf, 0x7bcf, 0x7bcf, 0x7bcf, 0x6b4d, 
	0x632c, 0x632c, 0x6b4d, 0x632c, 0x2124, 0x0000, 0x3a6b, 0x4bb0, 0x4b90, 0x4b90, 0x4b90, 0x53d1, 0x4b90, 0x4b90, 0x4b90, 0x53d1, 
	0x4b90, 0x4b90, 0x4b90, 0x53b1, 0x4bb0, 0x4b90, 0x4b90, 0x4bb0, 0x53b1, 0x4b90, 0x4b90, 0x4b90, 0x53d1, 0x4b90, 0x4b90, 0x4b90, 
	0x53b1, 0x4bb0, 0x4b90, 0x4b90, 0x53b1, 0x53b1, 0x4b90, 0x4b90, 0x4b90, 0x53b1, 0x4b90, 0x4b90, 0x4bb0, 0x53b1, 0x4b90, 0x4b90, 
	0x4b90, 0x53b1, 0x53b1, 0x4b90, 0x4b90, 0x53b1, 0x53b1, 0x4b90, 0x4b90, 0x4b90, 0x53b1, 0x4b90, 0x4b90, 0x4b90, 0x6bd0, 0x8410, 
	0x7bef, 0x5b90, 0x4b90, 0x53b1, 0x53b1, 0x4b90, 0x4b90, 0x4bb0, 0x53d1, 0x4b90, 0x4b90, 0x4b90, 0x53d1, 0x4b90, 0x4b90, 0x4b90, 
	0x53b1, 0x53b0, 0x4b90, 0x4b90, 0x53b0, 0x53b1, 0x4b90, 0x4b90, 0x4bb0, 0x53b1, 0x4b90, 0x4b90, 0x4bb0, 0x53b1, 0x4bb0, 0x4b90, 
	0x4b90, 0x53b0, 0x4bb0, 0x4b90, 0x4b90, 0x53b0, 0x53b0, 0x4b90, 0x4b90, 0x4b90, 0x53b1, 0x4bb0, 0x4b90, 0x4b90, 0x53b1, 0x4bb0, 
	0x4b90, 0x4b90, 0x4b90, 0x53d1, 0x4b90, 0x4b90, 0x4b90, 0x53d1, 0x4b90, 0x4b90, 0x4b90, 0x53b1, 0x53b0, 0x4b90, 0x4b90, 0x5390, 
	0x53b1, 0x4b90, 0x4b90, 0x4b90, 0x53d1, 0x4b90, 0x4b90, 0x4b90, 0x53b1, 0x53b0, 0x4b90, 0x4b90, 0x4bb0, 0x53b1, 0x4b90, 0x326b, 
	0x0000, 0x2945, 0x73ae, 0x7bcf, 0x7bcf, 0x7bef, 0x7bcf, 0x73ae, 0x7bcf, 0x7bcf, 0x7bcf, 0x7bcf, 0x7bcf, 0x7bcf, 0x7bcf, 0x6b4d, 
	0x632c, 0x632c, 0x6b4d, 0x632c, 0x2124, 0x0000, 0x328b, 0x4bb0, 0x4b90, 0x4b90, 0x4b90, 0x53d1, 0x4b90, 0x4b90, 0x4b90, 0x53d1, 
	0x4b90, 0x4b90, 0x4b90, 0x53b1, 0x53b0, 0x4b90, 0x4b90, 0x4bb0, 0x53b1, 0x4b90, 0x4b90, 0x4b90, 0x53d1, 0x4b90, 0x4b90, 0x4b90, 
	0x53b1, 0x4b90, 0x4b90, 0x4b90, 0x53b0, 0x53b1, 0x4b90, 0x4b90, 0x4b90, 0x53b1, 0x4b90, 0x4b90, 0x5390, 0x53b1, 0x4b90, 0x4b90, 
	0x4b90, 0x53b0, 0x4bb0, 0x4b90, 0x4b90, 0x53b0, 0x53b0, 0x4b90, 0x4b90, 0x4b90, 0x53b1, 0x4b90, 0x4b90, 0x5390, 0x6bd0, 0x8410, 
	0x7bef, 0x5b90, 0x4b90, 0x53b1, 0x53b1, 0x4b90, 0x4b90, 0x4b90, 0x53d1, 0x4b90, 0x4b90, 0x4b90, 0x53d1, 0x4b90, 0x4b90, 0x4b90, 
	0x53b1, 0x53b0, 0x4b90, 0x4b90, 0x53b0, 0x53b1, 0x4b90, 0x4b90, 0x4bb0, 0x53b1, 0x4b90, 0x4b90, 0x4bb0, 0x53b1, 0x4bb0, 0x4b90, 
	0x4b90, 0x53b0, 0x53b0, 0x4b90, 0x4b90, 0x53b0, 0x53b0, 0x4b90, 0x4b90, 0x4b90, 0x53b1, 0x4bb0, 0x4b90, 0x4b90, 0x53b1, 0x4bb0, 
	0x4b90, 0x4b90, 0x4b90, 0x53b1, 0x4b90, 0x4b90, 0x4b90, 0x53d1, 0x4b90, 0x4b90, 0x4b90, 0x53b1, 0x53b0, 0x4b90, 0x4b90, 0x4b90, 
	0x53b1, 0x4b90, 0x4b90, 0x4b90, 0x53d1, 0x4b90, 0x4b90, 0x4b90, 0x53b1, 0x53b0, 0x4b90, 0x4b90, 0x53b0, 0x53b1, 0x4b90, 0x326b, 
	0x0000, 0x2945, 0x73ae, 0x7bcf, 0x7bcf, 0x7bef, 0x7bcf, 0x73ae, 0x7bcf, 0x7bcf, 0x7bcf, 0x7bcf, 0x7bcf, 0x73ae, 0x6b6d, 0x632c, 
	0x632c, 0x632c, 0x6b4d, 0x632c, 0x2124, 0x0000, 0x326b, 0x4bb0, 0x4b90, 0x4b90, 0x4b90, 0x53d1, 0x4b90, 0x4b90, 0x4b90, 0x53d1, 
	0x4b90, 0x4b90, 0x4b90, 0x53b1, 0x53b0, 0x4b90, 0x4b90, 0x4bb0, 0x53b1, 0x4b90, 0x4b90, 0x4b90, 0x53d1, 0x4b90, 0x4b90, 0x4b90, 
	0x53b1, 0x4b90, 0x4b90, 0x4b90, 0x53b0, 0x53b1, 0x4b90, 0x4b90, 0x4b90, 0x53b1, 0x4b90, 0x4b90, 0x4b90, 0x53b1, 0x4b90, 0x4b90, 
	0x4b90, 0x53b0, 0x53b0, 0x4b90, 0x4b90, 0x53b0, 0x53b0, 0x4b90, 0x4b90, 0x4b90, 0x53b1, 0x4b90, 0x4b90, 0x5390, 0x6bd0, 0x8410, 
	0x7bf0, 0x5bb0, 0x53b1, 0x53d1, 0x53d1, 0x53b1, 0x53b0, 0x53b1, 0x53d1, 0x53b1, 0x53b1, 0x53b1, 0x53f1, 0x53b0, 0x53b1, 0x53b1, 
	0x53d1, 0x53b1, 0x53b1, 0x53b0, 0x53b1, 0x53d1, 0x53b1, 0x53b1, 0x53b1, 0x53d1, 0x53b1, 0x53b0, 0x53b1, 0x53d1, 0x53b1, 0x53b0, 
	0x53b1, 0x53d1, 0x53d1, 0x53b1, 0x53b1, 0x53d1, 0x53d1, 0x53b1, 0x53b0, 0x53b1, 0x53d1, 0x53b1, 0x53b0, 0x53b1, 0x53d1, 0x53b1, 
	0x53b1, 0x53b0, 0x53b1, 0x53d1, 0x53b1, 0x53b1, 0x53b1, 0x53f1, 0x53b1, 0x53b1, 0x53b1, 0x53d1, 0x53b1, 0x53b1, 0x53b0, 0x53b1, 
	0x53d1, 0x53b1, 0x53b1, 0x53b1, 0x53d1, 0x53b1, 0x53b0, 0x53b1, 0x53d1, 0x53b1, 0x4bb0, 0x53b0, 0x53b1, 0x53d1, 0x53b0, 0x328b, 
	0x0000, 0x2945, 0x73ae, 0x7bcf, 0x7bcf, 0x7bef, 0x7bcf, 0x7bcf, 0x7bcf, 0x7bef, 0x7bef, 0x7bcf, 0x7bcf, 0x738e, 0x6b4d, 0x632c, 
	0x632c, 0x632c, 0x6b4d, 0x632c, 0x2124, 0x0000, 0x3a8b, 0x53b1, 0x53b1, 0x53b0, 0x53b1, 0x53d1, 0x53b1, 0x53b1, 0x53b1, 0x53f1, 
	0x53b0, 0x53b1, 0x53b1, 0x53d1, 0x53b1, 0x53b1, 0x53b0, 0x53b1, 0x53d1, 0x53b1, 0x53b1, 0x53b1, 0x53f1, 0x53b1, 0x53b1, 0x53b1, 
	0x53d1, 0x53b1, 0x53b1, 0x53b0, 0x53b1, 0x53d1, 0x53b1, 0x53b1, 0x53b1, 0x53d1, 0x53b1, 0x53b0, 0x53b1, 0x53d1, 0x53b1, 0x53b1, 
	0x53b1, 0x53d1, 0x53d1, 0x53b1, 0x53b1, 0x53d1, 0x53d1, 0x53b1, 0x53b0, 0x53b1, 0x53d1, 0x53b1, 0x53b1, 0x53b0, 0x6bf0, 0x8410, 
	0x7bf0, 0x5bb0, 0x53b1, 0x53d1, 0x53d1, 0x53b1, 0x53b1, 0x53b1, 0x53d1, 0x53b1, 0x53b1, 0x53b1, 0x53f1, 0x53b0, 0x53b1, 0x53b1, 
	0x53d1, 0x53b1, 0x53b1, 0x53b1, 0x53b1, 0x53d1, 0x53b1, 0x53b1, 0x53b1, 0x53d1, 0x53b1, 0x53b1, 0x53b1, 0x53d1, 0x53b1, 0x53b0, 
	0x53b1, 0x53d1, 0x53d1, 0x53b1, 0x53b1, 0x53d1, 0x53d1, 0x53b1, 0x53b1, 0x53b1, 0x53d1, 0x53b1, 0x53b1, 0x53b1, 0x53d1, 0x53b1, 
	0x53b1, 0x53b1, 0x53b1, 0x53d1, 0x53b1, 0x53b1, 0x53b1, 0x53f1, 0x53b1, 0x53b1, 0x53b1, 0x53d1, 0x53b1, 0x53b1, 0x53b1, 0x53b1, 
	0x53d1, 0x53b1, 0x53b1, 0x53b1, 0x53f1, 0x53b1, 0x53b1, 0x53b1, 0x53d1, 0x53b1, 0x53b0, 0x53b0, 0x53d1, 0x53d1, 0x53b1, 0x328b, 
	0x0000, 0x2945, 0x7bcf, 0x7bcf, 0x7bef, 0x7bef, 0x7bef, 0x7bcf, 0x7bcf, 0x7bef, 0x7bef, 0x7bcf, 0x7bcf, 0x73ae, 0x6b4d, 0x632c, 
	0x632c, 0x632c, 0x6b4d, 0x6b4d, 0x2124, 0x0000, 0x3a8b, 0x53b1, 0x53b1, 0x53b1, 0x53b1, 0x53d1, 0x53b1, 0x53b1, 0x53b1, 0x53f1, 
	0x53b1, 0x53b1, 0x53b1, 0x53d1, 0x53b1, 0x53b1, 0x53b1, 0x53b1, 0x53d1, 0x53b1, 0x53b1, 0x53b1, 0x53f1, 0x53b1, 0x53b1, 0x53b1, 
	0x53d1, 0x53b1, 0x53b1, 0x53b1, 0x53d1, 0x53d1, 0x53b1, 0x53b1, 0x53b1, 0x53d1, 0x53b1, 0x53b1, 0x53b1, 0x53d1, 0x53b1, 0x53b1, 
	0x53b1, 0x53d1, 0x53d1, 0x53b1, 0x53b1, 0x53d1, 0x53d1, 0x53b1, 0x53b1, 0x53b1, 0x53d1, 0x53b1, 0x53b1, 0x53b1, 0x6bf0, 0x8410, 
	0x7bf0, 0x5bb0, 0x4b90, 0x53b1, 0x53b1, 0x4b90, 0x4b90, 0x4b90, 0x53d1, 0x4b90, 0x4b90, 0x4b90, 0x53d1, 0x4b90, 0x4b90, 0x4b90, 
	0x53b1, 0x4bb0, 0x4b90, 0x4b90, 0x53b1, 0x53b1, 0x4b90, 0x4b90, 0x4bb0, 0x53b1, 0x4b90, 0x4b90, 0x4bb0, 0x53b1, 0x4bb0, 0x4b90, 
	0x4b90, 0x53b1, 0x53b1, 0x4b90, 0x4b90, 0x53b1, 0x53b1, 0x4b90, 0x4b90, 0x4b90, 0x53b1, 0x4bb0, 0x4b90, 0x4b90, 0x53b1, 0x4bb0, 
	0x4b90, 0x4b90, 0x4b90, 0x53d1, 0x4b90, 0x4b90, 0x4b90, 0x53d1, 0x4b90, 0x4b90, 0x4b90, 0x53b1, 0x53b1, 0x4b90, 0x4b90, 0x4bb0, 
	0x53d1, 0x4b90, 0x4b90, 0x4b90, 0x53d1, 0x4b90, 0x4b90, 0x4b90, 0x53b1, 0x53b0, 0x4b90, 0x4b90, 0x4bb1, 0x53b1, 0x4b90, 0x326b, 
	0x0000, 0x2945, 0x73ae, 0x7bcf, 0x7bcf, 0x7bef, 0x7bcf, 0x73ae, 0x7bcf, 0x7bcf, 0x7bcf, 0x7bcf, 0x7bcf, 0x738e, 0x632c, 0x632c, 
	0x632c, 0x632c, 0x6b4d, 0x632c, 0x2124, 0x0000, 0x3a6b, 0x4bb0, 0x4b90, 0x4b90, 0x4b90, 0x53d1, 0x4b90, 0x4b90, 0x4b90, 0x53d1, 
	0x4b90, 0x4b90, 0x4b90, 0x53b1, 0x53b1, 0x4b90, 0x4b90, 0x4bb0, 0x53d1, 0x4b90, 0x4b90, 0x4b90, 0x53d1, 0x4b90, 0x4b90, 0x4b90, 
	0x53b1, 0x4bb0, 0x4b90, 0x4b90, 0x53b1, 0x53b1, 0x4b90, 0x4b90, 0x4b90, 0x53b1, 0x4b90, 0x4b90, 0x4bb0, 0x53b1, 0x4bb0, 0x4b90, 
	0x4b90, 0x53b1, 0x53b1, 0x4b90, 0x4b90, 0x53b1, 0x53b1, 0x4b90, 0x4b90, 0x4b90, 0x53b1, 0x4b90, 0x4b90, 0x4bb0, 0x6bf0, 0x8410, 
	0x7bf0, 0x5b90, 0x4b90, 0x53b1, 0x53b0, 0x4b90, 0x4b90, 0x4b90, 0x53b1, 0x4b90, 0x4b90, 0x4b90, 0x53d1, 0x4b90, 0x4b90, 0x4b90, 
	0x53b1, 0x53b0, 0x4b90, 0x4b90, 0x53b1, 0x53b1, 0x4b90, 0x4b90, 0x4bb0, 0x53b1, 0x4b90, 0x4b90, 0x4bb0, 0x53b1, 0x4b90, 0x4b90, 
	0x4b90, 0x53b0, 0x53b0, 0x4b90, 0x4b90, 0x53b0, 0x53b0, 0x4b90, 0x4b90, 0x4b90, 0x53b1, 0x4bb0, 0x4b90, 0x4b90, 0x53b1, 0x4bb0, 
	0x4b90, 0x4b90, 0x4b90, 0x53b1, 0x4b90, 0x4b90, 0x4b90, 0x53d1, 0x4b90, 0x4b90, 0x4b90, 0x53b1, 0x53b0, 0x4b90, 0x4b90, 0x4bb0, 
	0x53b1, 0x4b90, 0x4b90, 0x4b90, 0x53d1, 0x4b90, 0x4b90, 0x4b90, 0x53b1, 0x4b90, 0x4b90, 0x4b90, 0x4bb0, 0x53b1, 0x4b90, 0x326b, 
	0x0000, 0x2945, 0x73ae, 0x73ae, 0x7bcf, 0x7bef, 0x7bcf, 0x73ae, 0x7bcf, 0x7bcf, 0x7bcf, 0x738e, 0x6b4d, 0x6b4d, 0x632c, 0x632c, 
	0x632c, 0x632c, 0x6b4d, 0x632c, 0x2124, 0x0000, 0x328b, 0x4bb0, 0x4b90, 0x4b90, 0x4b90, 0x53d1, 0x4b90, 0x4b90, 0x4b90, 0x53d1, 
	0x4b90, 0x4b90, 0x4b90, 0x53b1, 0x4bb0, 0x4b90, 0x4b90, 0x4bb0, 0x53b1, 0x4b90, 0x4b90, 0x4b90, 0x53d1, 0x4b90, 0x4b90, 0x4b90, 
	0x53b1, 0x4b90, 0x4b90, 0x4b90, 0x53b0, 0x53b1, 0x4b90, 0x4b90, 0x4b90, 0x53b1, 0x4b90, 0x4b90, 0x4b90, 0x53b1, 0x4b90, 0x4b90, 
	0x4b90, 0x53b0, 0x53b0, 0x4b90, 0x4b90, 0x53b0, 0x53b0, 0x4b90, 0x4b90, 0x4b90, 0x53b1, 0x4b90, 0x4b90, 0x5390, 0x6bd0, 0x8410, 
	0x7bf0, 0x5b90, 0x4b90, 0x53b1, 0x53b1, 0x4b90, 0x4b90, 0x4bb0, 0x53d1, 0x4b90, 0x4b90, 0x4b90, 0x53d1, 0x4b90, 0x4b90, 0x4b90, 
	0x53b1, 0x53b0, 0x4b90, 0x4b90, 0x53b1, 0x53b1, 0x4b90, 0x4b90, 0x4bb0, 0x53b1, 0x4b90, 0x4b90, 0x4bb0, 0x53b1, 0x4bb0, 0x4b90, 
	0x4b90, 0x53b0, 0x53b1, 0x4b90, 0x4b90, 0x53b1, 0x53b0, 0x4b90, 0x4b90, 0x4b90, 0x53b1, 0x4bb0, 0x4b90, 0x4b90, 0x53b1, 0x4bb0, 
	0x4b90, 0x4b90, 0x4b90, 0x53d1, 0x4b90, 0x4b90, 0x4b90, 0x53d1, 0x4b90, 0x4b90, 0x4b90, 0x53b1, 0x53b0, 0x4b90, 0x4b90, 0x4bb0, 
	0x53b1, 0x4b90, 0x4b90, 0x4b90, 0x53d1, 0x4b90, 0x4b90, 0x4b90, 0x53b1, 0x53b0, 0x4b90, 0x4b90, 0x4bb1, 0x53b1, 0x4b90, 0x326b, 
	0x0000, 0x2945, 0x73ae, 0x7bcf, 0x7bcf, 0x7bef, 0x7bcf, 0x73ae, 0x7bcf, 0x7bcf, 0x7bcf, 0x6b6d, 0x632c, 0x632c, 0x632c, 0x632c, 
	0x632c, 0x632c, 0x6b4d, 0x632c, 0x2124, 0x0000, 0x326b, 0x4bb0, 0x4b90, 0x4b90, 0x4b90, 0x53d1, 0x4b90, 0x4b90, 0x4b90, 0x53d1, 
	0x4b90, 0x4b90, 0x4b90, 0x53b1, 0x53b0, 0x4b90, 0x4b90, 0x4bb0, 0x53b1, 0x4b90, 0x4b90, 0x4b90, 0x53d1, 0x4b90, 0x4b90, 0x4b90, 
	0x53d1, 0x4b90, 0x4b90, 0x4b90, 0x53b1, 0x53b1, 0x4b90, 0x4b90, 0x4b90, 0x53b1, 0x4b90, 0x4b90, 0x4b90, 0x53b1, 0x4b90, 0x4b90, 
	0x4b90, 0x53b0, 0x53b1, 0x4b90, 0x4b90, 0x53b1, 0x53b0, 0x4b90, 0x4b90, 0x4b90, 0x53b1, 0x4b90, 0x4b90, 0x5390, 0x6bd0, 0x8410, 
	0x7bf0, 0x5bb0, 0x53b1, 0x53d1, 0x53d1, 0x53b1, 0x53b1, 0x53b1, 0x53d1, 0x53b1, 0x53b1, 0x53b1, 0x53f1, 0x53b0, 0x53b1, 0x53b1, 
	0x53d1, 0x53b1, 0x53b1, 0x53b1, 0x53b1, 0x53d1, 0x53b1, 0x53b1, 0x53b1, 0x53d1, 0x53b1, 0x53b1, 0x53b1, 0x53d1, 0x53b1, 0x53b0, 
	0x53b1, 0x53d1, 0x53d1, 0x53b1, 0x53b1, 0x53d1, 0x53d1, 0x53b1, 0x53b1, 0x53b1, 0x53d1, 0x53b1, 0x53b1, 0x53b1, 0x53d1, 0x53b1, 
	0x53b1, 0x53b1, 0x53b1, 0x53f1, 0x53b1, 0x53b1, 0x53b1, 0x53f1, 0x53b1, 0x53b1, 0x53b1, 0x53d1, 0x53d1, 0x53b1, 0x53b1, 0x53b1, 
	0x53d1, 0x53b1, 0x53b1, 0x53b1, 0x53d1, 0x53b1, 0x53b1, 0x53b1, 0x53d1, 0x53b1, 0x53b0, 0x53b1, 0x53d1, 0x53d1, 0x53b1, 0x328b, 
	0x0000, 0x2945, 0x7bcf, 0x7bcf, 0x7bef, 0x8410, 0x7bef, 0x7bcf, 0x7bcf, 0x7bef, 0x7bef, 0x738e, 0x632c, 0x6b4d, 0x6b4d, 0x632c, 
	0x632c, 0x632c, 0x6b4d, 0x6b4d, 0x2124, 0x0020, 0x3a8b, 0x53b1, 0x53b1, 0x53b1, 0x53b1, 0x53d1, 0x53b1, 0x53b1, 0x53b1, 0x53f1, 
	0x53b1, 0x53b1, 0x53b1, 0x53d1, 0x53d1, 0x53b1, 0x53b1, 0x53b1, 0x53d1, 0x53b1, 0x53b1, 0x53b1, 0x53f1, 0x53b1, 0x53b1, 0x53b1, 
	0x53d1, 0x53b1, 0x53b1, 0x53b1, 0x53d1, 0x53d1, 0x53b1, 0x53b1, 0x53b1, 0x53d1, 0x53b1, 0x53b1, 0x53b1, 0x53d1, 0x53b1, 0x53b1, 
	0x53b1, 0x53d1, 0x53d1, 0x53b1, 0x53b1, 0x53d1, 0x53d1, 0x53b1, 0x53b1, 0x53b1, 0x53d1, 0x53b1, 0x53b1, 0x53b1, 0x6bf0, 0x8410, 
	0x7bef, 0x5bb0, 0x53b0, 0x53d1, 0x53d1, 0x53b0, 0x53b0, 0x53b1, 0x53d1, 0x53b0, 0x53b0, 0x53b0, 0x53d1, 0x53b0, 0x53b0, 0x53b0, 
	0x53d1, 0x53b1, 0x53b0, 0x53b0, 0x53b1, 0x53d1, 0x53b0, 0x53b0, 0x53b1, 0x53d1, 0x53b0, 0x53b0, 0x53b1, 0x53d1, 0x53b1, 0x53b0, 
	0x53b0, 0x53d1, 0x53d1, 0x53b0, 0x53b0, 0x53b1, 0x53d1, 0x53b0, 0x53b0, 0x4bb0, 0x53d1, 0x53b1, 0x53b0, 0x53b0, 0x53d1, 0x53b1, 
	0x53b0, 0x53b0, 0x53b1, 0x53d1, 0x53b0, 0x53b0, 0x53b1, 0x53d1, 0x53b0, 0x53b0, 0x53b0, 0x53d1, 0x53d1, 0x53b0, 0x53b0, 0x53b1, 
	0x53d1, 0x53b0, 0x53b0, 0x4bb0, 0x53d1, 0x53b0, 0x53b0, 0x53b0, 0x53d1, 0x53b1, 0x53b0, 0x53b0, 0x53b1, 0x53d1, 0x53b0, 0x328b, 
	0x0000, 0x2945, 0x73ae, 0x7bcf, 0x7bcf, 0x7bef, 0x7bcf, 0x7bcf, 0x7bcf, 0x7bef, 0x7bef, 0x6b6d, 0x632c, 0x6b4d, 0x6b4d, 0x632c, 
	0x632c, 0x632c, 0x6b4d, 0x632c, 0x2124, 0x0020, 0x3a8b, 0x53b1, 0x53b0, 0x53b0, 0x53b1, 0x53d1, 0x53b0, 0x53b0, 0x53b0, 0x53d1, 
	0x53b0, 0x53b0, 0x53b0, 0x53d1, 0x53d1, 0x53b0, 0x53b0, 0x53b1, 0x53d1, 0x53b0, 0x53b0, 0x53b0, 0x53d1, 0x53b0, 0x53b0, 0x53b0, 
	0x53d1, 0x53b1, 0x53b0, 0x53b0, 0x53b1, 0x53d1, 0x53b0, 0x53b0, 0x53b1, 0x53d1, 0x53b0, 0x53b0, 0x53b1, 0x53d1, 0x53b1, 0x53b0, 
	0x53b0, 0x53d1, 0x53d1, 0x53b0, 0x53b0, 0x53b1, 0x53d1, 0x53b0, 0x53b0, 0x53b0, 0x53d1, 0x53b0, 0x53b0, 0x53b0, 0x6bf0, 0x8410, 
	0x7bef, 0x5b90, 0x4b90, 0x53b1, 0x53b1, 0x4b90, 0x4b90, 0x4bb0, 0x53d1, 0x4b90, 0x4b90, 0x4b90, 0x53d1, 0x4b90, 0x4b90, 0x4b90, 
	0x53b1, 0x53b0, 0x4b90, 0x4b90, 0x53b1, 0x53b1, 0x4b90, 0x4b90, 0x4bb0, 0x53b1, 0x4b90, 0x4b90, 0x4b90, 0x53b1, 0x4bb0, 0x4b90, 
	0x4b90, 0x53b0, 0x53b0, 0x4b90, 0x4b90, 0x53b0, 0x53b0, 0x4b90, 0x4b90, 0x4b90, 0x53b1, 0x4bb0, 0x4b90, 0x4b90, 0x53b1, 0x4bb0, 
	0x4b90, 0x4b90, 0x4b90, 0x53d1, 0x4b90, 0x4b90, 0x4b90, 0x53d1, 0x4b90, 0x4b90, 0x4b90, 0x53b1, 0x53b0, 0x4b90, 0x4b90, 0x4bb0, 
	0x53b1, 0x4b90, 0x4b90, 0x4b90, 0x53d1, 0x4b90, 0x4b90, 0x4b90, 0x53b1, 0x53b0, 0x4b90, 0x4b90, 0x53b1, 0x53b1, 0x4b90, 0x326b, 
	0x0000, 0x2945, 0x73ae, 0x7bcf, 0x7bcf, 0x7bef, 0x7bcf, 0x7bcf, 0x7bcf, 0x73ae, 0x738e, 0x6b4d, 0x632c, 0x632c, 0x632c, 0x632c, 
	0x632c, 0x632c, 0x6b4d, 0x632c, 0x2124, 0x0000, 0x326b, 0x4bb0, 0x4b90, 0x4b90, 0x4b90, 0x53d1, 0x4b90, 0x4b90, 0x4b90, 0x53d1, 
	0x4b90, 0x4b90, 0x4b90, 0x53b1, 0x53b0, 0x4b90, 0x4b90, 0x4bb0, 0x53b1, 0x4b90, 0x4b90, 0x4b90, 0x53d1, 0x4b90, 0x4b90, 0x4b90, 
	0x53d1, 0x4b90, 0x4b90, 0x4b90, 0x53b1, 0x53b1, 0x4b90, 0x4b90, 0x4b90, 0x53b1, 0x4b90, 0x4b90, 0x4b90, 0x53b1, 0x4b90, 0x4b90, 
	0x4b90, 0x53b0, 0x53b0, 0x4b90, 0x4b90, 0x53b0, 0x53b0, 0x4b90, 0x4b90, 0x4b90, 0x53b1, 0x4b90, 0x4b90, 0x5390, 0x6bd0, 0x8410, 
	0x7bef, 0x5b90, 0x4b90, 0x53b1, 0x53b1, 0x4b90, 0x4b90, 0x4bb0, 0x53d1, 0x4b90, 0x4b90, 0x4b90, 0x53d1, 0x4b90, 0x4b90, 0x4b90, 
	0x53b1, 0x53b0, 0x4b90, 0x4b90, 0x53b0, 0x53b1, 0x4b90, 0x4b90, 0x4bb0, 0x53b1, 0x4b90, 0x4b90, 0x4b90, 0x53b1, 0x4bb0, 0x4b90, 
	0x4b90, 0x53b0, 0x53b0, 0x4b90, 0x4b90, 0x53b0, 0x53b0, 0x4b90, 0x4b90, 0x4b90, 0x53b1, 0x4bb0, 0x4b90, 0x4b90, 0x53b1, 0x4bb0, 
	0x4b90, 0x4b90, 0x4bb0, 0x53d1, 0x4b90, 0x4b90, 0x4b90, 0x53d1, 0x4b90, 0x4b90, 0x4b90, 0x53b1, 0x53b0, 0x4b90, 0x4b90, 0x4bb0, 
	0x53b1, 0x4b90, 0x4b90, 0x4b90, 0x53d1, 0x4b90, 0x4b90, 0x4b90, 0x53b1, 0x53b0, 0x4b90, 0x4b90, 0x53b0, 0x53b1, 0x4b90, 0x326b, 
	0x0000, 0x2945, 0x73ae, 0x7bcf, 0x7bcf, 0x7bef, 0x7bcf, 0x73ae, 0x7bcf, 0x738e, 0x632c, 0x632c, 0x632c, 0x632c, 0x632c, 0x632c, 
	0x632c, 0x632c, 0x6b4d, 0x632c, 0x2124, 0x0000, 0x3a6b, 0x4bb0, 0x4b90, 0x4b90, 0x4b90, 0x53d1, 0x4b90, 0x4b90, 0x4b90, 0x53d1, 
	0x4b90, 0x4b90, 0x4b90, 0x53b1, 0x53b0, 0x4b90, 0x4b90, 0x4bb0, 0x53b1, 0x4b90, 0x4b90, 0x4b90, 0x53d1, 0x4b90, 0x4b90, 0x4b90, 
	0x53d1, 0x4b90, 0x4b90, 0x4b90, 0x53b0, 0x53b1, 0x4b90, 0x4b90, 0x4b90, 0x53b1, 0x4b90, 0x4b90, 0x4bb0, 0x53b1, 0x4b90, 0x4b90, 
	0x4b90, 0x53b0, 0x53b0, 0x4b90, 0x4b90, 0x53b0, 0x53b0, 0x4b90, 0x4b90, 0x4b90, 0x53b1, 0x4b90, 0x4b90, 0x5390, 0x6bd0, 0x8410, 
	0x7bef, 0x5bb0, 0x53b0, 0x53d1, 0x53b1, 0x53b0, 0x53b0, 0x53b1, 0x53d1, 0x53b0, 0x53b0, 0x53b0, 0x53d1, 0x4bb0, 0x53b0, 0x53b0, 
	0x53d1, 0x53b1, 0x4bb0, 0x53b0, 0x53b1, 0x53d1, 0x53b0, 0x53b0, 0x53b0, 0x53d1, 0x53b0, 0x53b0, 0x53b0, 0x53d1, 0x53b0, 0x4b90, 
	0x53b0, 0x53b1, 0x53b1, 0x53b0, 0x53b0, 0x53b1, 0x53b1, 0x53b0, 0x53b0, 0x4bb0, 0x53d1, 0x53b0, 0x53b0, 0x53b0, 0x53d1, 0x53b0, 
	0x53b0, 0x53b0, 0x53b0, 0x53d1, 0x4bb0, 0x53b0, 0x53b0, 0x53d1, 0x4bb0, 0x53b0, 0x53b0, 0x53d1, 0x53b1, 0x53b0, 0x53b0, 0x53b1, 
	0x53d1, 0x4bb0, 0x53b0, 0x4bb0, 0x53d1, 0x53b0, 0x53b0, 0x53b0, 0x53d1, 0x53b1, 0x5390, 0x5390, 0x53b1, 0x53d1, 0x4bb0, 0x326b, 
	0x0000, 0x2945, 0x73ae, 0x7bcf, 0x7bcf, 0x7bef, 0x7bcf, 0x73ae, 0x738e, 0x6b6d, 0x6b4d, 0x632c, 0x632c, 0x6b4d, 0x6b4d, 0x632c, 
	0x632c, 0x632c, 0x6b4d, 0x632c, 0x2124, 0x0020, 0x3a8b, 0x53b0, 0x53b0, 0x53b0, 0x53b0, 0x53d1, 0x4bb0, 0x53b0, 0x53b0, 0x53d1, 
	0x4bb0, 0x53b0, 0x53b0, 0x53d1, 0x53b1, 0x53b0, 0x53b0, 0x53b1, 0x53d1, 0x4bb0, 0x53b0, 0x53b0, 0x53d1, 0x53b0, 0x53b0, 0x53b0, 
	0x53d1, 0x53b0, 0x53b0, 0x53b0, 0x53b1, 0x53d1, 0x53b0, 0x53b0, 0x53b0, 0x53d1, 0x53b0, 0x53b0, 0x53b0, 0x53d1, 0x53b0, 0x53b0, 
	0x53b0, 0x53b1, 0x53b1, 0x53b0, 0x53b0, 0x53b1, 0x53b1, 0x53b0, 0x53b0, 0x53b0, 0x53d1, 0x53b0, 0x53b0, 0x53b0, 0x6bf0, 0x8410, 
	0x7bf0, 0x5bb0, 0x53b1, 0x53d1, 0x53d1, 0x53b1, 0x53b1, 0x53b1, 0x53f1, 0x53b1, 0x53b1, 0x53b1, 0x53f1, 0x53b1, 0x53b1, 0x53b1, 
	0x53d1, 0x53d1, 0x53b1, 0x53b1, 0x53d1, 0x53d1, 0x53b1, 0x53b1, 0x53b1, 0x53d1, 0x53b1, 0x53b1, 0x53b1, 0x53d1, 0x53d1, 0x53b1, 
	0x53b1, 0x53d1, 0x53d1, 0x53b1, 0x53b1, 0x53d1, 0x53d1, 0x53b1, 0x53b1, 0x53b1, 0x53d1, 0x53b1, 0x53b1, 0x53b1, 0x53d1, 0x53b1, 
	0x53b1, 0x53b1, 0x53b1, 0x53f1, 0x53b1, 0x53b1, 0x53b1, 0x53f1, 0x53b1, 0x53b1, 0x53b1, 0x53d1, 0x53d1, 0x53b1, 0x53b1, 0x53b1, 
	0x53f1, 0x53b1, 0x53b1, 0x53b1, 0x53f1, 0x53b1, 0x53b1, 0x53b1, 0x53d1, 0x53b1, 0x53b1, 0x53b1, 0x53d1, 0x53d1, 0x53b1, 0x42ed, 
	0x2166, 0x31c7, 0x4a49, 0x630c, 0x7bef, 0x8410, 0x7bef, 0x738e, 0x6b4d, 0x6b4d, 0x6b4d, 0x6b4d, 0x6b4d, 0x6b4d, 0x6b4d, 0x6b4d, 
	0x6b4d, 0x6b4d, 0x528a, 0x39e7, 0x29a7, 0x2187, 0x430e, 0x53b1, 0x53b1, 0x53b1, 0x53b1, 0x53f1, 0x53b1, 0x53b1, 0x53b1, 0x53f1, 
	0x53b1, 0x53b1, 0x53b1, 0x53d1, 0x53d1, 0x53b1, 0x53b1, 0x53d1, 0x53f1, 0x53b1, 0x53b1, 0x53b1, 0x53f1, 0x53b1, 0x53b1, 0x53b1, 
	0x53d1, 0x53d1, 0x53b1, 0x53b1, 0x53d1, 0x53d1, 0x53b1, 0x53b1, 0x53b1, 0x53d1, 0x53b1, 0x53b1, 0x53b1, 0x53d1, 0x53b1, 0x53b1, 
	0x53b1, 0x53d1, 0x53d1, 0x53b1, 0x53b1, 0x53d1, 0x53d1, 0x53b1, 0x53b1, 0x53b1, 0x53d1, 0x53d1, 0x53b1, 0x53b1, 0x6bf0, 0x8410, 
	0x7bef, 0x5b90, 0x4b90, 0x53b1, 0x53b1, 0x4b90, 0x4b90, 0x4b90, 0x53d1, 0x4b90, 0x4b90, 0x4b90, 0x53d1, 0x4b90, 0x4b90, 0x4b90, 
	0x53b1, 0x4bb0, 0x4b90, 0x4b90, 0x4bb0, 0x53b1, 0x4b90, 0x4b90, 0x4b90, 0x53b1, 0x4b90, 0x4b90, 0x4b90, 0x53b1, 0x4b90, 0x4b90, 
	0x4b90, 0x53b0, 0x53b1, 0x4b90, 0x4b90, 0x53b1, 0x53b0, 0x4b90, 0x4b90, 0x4b90, 0x53b1, 0x4b90, 0x4b90, 0x4b90, 0x53b1, 0x4b90, 
	0x4b90, 0x4b90, 0x4b90, 0x53d1, 0x4b90, 0x4b90, 0x4b90, 0x53d1, 0x4b90, 0x4b90, 0x4b90, 0x53b1, 0x4bb0, 0x4b90, 0x4b90, 0x4b90, 
	0x53b1, 0x4b90, 0x4b90, 0x4b90, 0x53d1, 0x4b90, 0x4b90, 0x4b90, 0x53b1, 0x4b90, 0x4b90, 0x4b90, 0x4bb0, 0x53b1, 0x4b90, 0x4b90, 
	0x4b90, 0x326b, 0x0000, 0x2965, 0x6b6d, 0x738e, 0x6b6d, 0x6b4d, 0x632c, 0x632c, 0x632c, 0x632c, 0x632c, 0x632c, 0x632c, 0x632c, 
	0x632c, 0x630c, 0x2124, 0x0000, 0x324a, 0x4b90, 0x53b1, 0x4b90, 0x4b90, 0x4b90, 0x4b90, 0x53b1, 0x4b90, 0x4b90, 0x4b90, 0x53d1, 
	0x4b90, 0x4b90, 0x4b90, 0x53b1, 0x4bb0, 0x4b90, 0x4b90, 0x4b90, 0x53b1, 0x4b90, 0x4b90, 0x4b90, 0x53d1, 0x4b90, 0x4b90, 0x4b90, 
	0x53b1, 0x4b90, 0x4b90, 0x4b90, 0x4bb0, 0x53b1, 0x4b90, 0x4b90, 0x4b90, 0x53b1, 0x4b90, 0x4b90, 0x4b90, 0x53b1, 0x4b90, 0x4b90, 
	0x4b90, 0x53b0, 0x53b1, 0x4b90, 0x4b90, 0x53b1, 0x53b0, 0x4b90, 0x4b90, 0x4b90, 0x53b1, 0x4b90, 0x4b90, 0x4b90, 0x6bd0, 0x8410, 
	0x7bef, 0x5b90, 0x4b90, 0x53b1, 0x53b1, 0x4b90, 0x4b90, 0x4b90, 0x53d1, 0x4b90, 0x4b90, 0x4b90, 0x53d1, 0x4b90, 0x4b90, 0x4b90, 
	0x53b1, 0x53b0, 0x4b90, 0x4b90, 0x53b0, 0x53b1, 0x4b90, 0x4b90, 0x4bb0, 0x53b1, 0x4b90, 0x4b90, 0x4b90, 0x53b1, 0x4bb0, 0x4b90, 
	0x4b90, 0x53b0, 0x53b0, 0x4b90, 0x4b90, 0x53b0, 0x53b0, 0x4b90, 0x4b90, 0x4b90, 0x53b1, 0x4bb0, 0x4b90, 0x4b90, 0x53b1, 0x4bb0, 
	0x4b90, 0x4b90, 0x4b90, 0x53d1, 0x4b90, 0x4b90, 0x4b90, 0x53d1, 0x4b90, 0x4b90, 0x4b90, 0x53b1, 0x53b0, 0x4b90, 0x4b90, 0x4bb0, 
	0x53b1, 0x4b90, 0x4b90, 0x4b90, 0x53d1, 0x4b90, 0x4b90, 0x4b90, 0x53b1, 0x53b0, 0x4b90, 0x4b90, 0x53b0, 0x53b1, 0x4b90, 0x4b90, 
	0x4bb0, 0x326b, 0x0000, 0x2945, 0x632c, 0x6b4d, 0x632c, 0x632c, 0x632c, 0x632c, 0x632c, 0x632c, 0x632c, 0x632c, 0x632c, 0x632c, 
	0x632c, 0x630c, 0x2124, 0x0000, 0x324a, 0x4b90, 0x53b1, 0x4bb0, 0x4b90, 0x4b90, 0x4b90, 0x53d1, 0x4b90, 0x4b90, 0x4b90, 0x53d1, 
	0x4b90, 0x4b90, 0x4b90, 0x53b1, 0x53b0, 0x4b90, 0x4b90, 0x4bb0, 0x53b1, 0x4b90, 0x4b90, 0x4b90, 0x53d1, 0x4b90, 0x4b90, 0x4b90, 
	0x53b1, 0x4b90, 0x4b90, 0x4b90, 0x4bb0, 0x53b1, 0x4b90, 0x4b90, 0x4b90, 0x53b1, 0x4b90, 0x4b90, 0x4b90, 0x53b1, 0x4b90, 0x4b90, 
	0x4b90, 0x53b0, 0x53b0, 0x4b90, 0x4b90, 0x53b0, 0x53b0, 0x4b90, 0x4b90, 0x4b90, 0x53b1, 0x4b90, 0x4b90, 0x5390, 0x6bd0, 0x8410, 
	0x7bef, 0x5bb0, 0x4b90, 0x53b1, 0x53b1, 0x4b90, 0x4b90, 0x4b90, 0x53d1, 0x4b90, 0x4b90, 0x4b90, 0x53d1, 0x4b90, 0x4b90, 0x4b90, 
	0x53b1, 0x53b0, 0x4b90, 0x4b90, 0x53b0, 0x53b1, 0x4b90, 0x4b90, 0x4bb0, 0x53b1, 0x4b90, 0x4b90, 0x4b90, 0x53b1, 0x4bb0, 0x4b90, 
	0x4b90, 0x53b0, 0x53b0, 0x4b90, 0x4b90, 0x53b0, 0x53b0, 0x4b90, 0x4b90, 0x4b90, 0x53b1, 0x4bb0, 0x4b90, 0x4b90, 0x53b1, 0x4bb0, 
	0x4b90, 0x4b90, 0x4b90, 0x53d1, 0x4b90, 0x4b90, 0x4b90, 0x53d1, 0x4b90, 0x4b90, 0x4b90, 0x53b1, 0x53b0, 0x4b90, 0x4b90, 0x4bb0, 
	0x53b1, 0x4b90, 0x4b90, 0x4b90, 0x53d1, 0x4b90, 0x4b90, 0x4b90, 0x53b1, 0x53b0, 0x4b90, 0x4b90, 0x53b0, 0x53b1, 0x4b90, 0x4b90, 
	0x4bb0, 0x326b, 0x0000, 0x2945, 0x632c, 0x6b4d, 0x632c, 0x632c, 0x632c, 0x632c, 0x632c, 0x632c, 0x632c, 0x632c, 0x632c, 0x632c, 
	0x632c, 0x630c, 0x2124, 0x0000, 0x324a, 0x4b90, 0x53b1, 0x4bb0, 0x4b90, 0x4b90, 0x4b90, 0x53d1, 0x4b90, 0x4b90, 0x4b90, 0x53d1, 
	0x4b90, 0x4b90, 0x4b90, 0x53b1, 0x53b0, 0x4b90, 0x4b90, 0x4bb0, 0x53b1, 0x4b90, 0x4b90, 0x4b90, 0x53d1, 0x4b90, 0x4b90, 0x4b90, 
	0x53b1, 0x4b90, 0x4b90, 0x4b90, 0x4bb0, 0x53b1, 0x4b90, 0x4b90, 0x4b90, 0x53b1, 0x4b90, 0x4b90, 0x4b90, 0x53b1, 0x4b90, 0x4b90, 
	0x4b90, 0x53b0, 0x53b0, 0x4b90, 0x4b90, 0x53b0, 0x53b0, 0x4b90, 0x4b90, 0x4b90, 0x53b1, 0x4b90, 0x4b90, 0x5390, 0x6bd0, 0x8410, 
	0x7bef, 0x5bb0, 0x4bb0, 0x53b1, 0x53b1, 0x5390, 0x5390, 0x53b0, 0x53d1, 0x5390, 0x5390, 0x5390, 0x53d1, 0x4b90, 0x5390, 0x5390, 
	0x53d1, 0x53b0, 0x4bb0, 0x5390, 0x53b1, 0x53b1, 0x4b90, 0x5390, 0x4bb0, 0x53d1, 0x4bb0, 0x4bb0, 0x4bb0, 0x53b1, 0x53b0, 0x4b90, 
	0x5390, 0x53b1, 0x53b1, 0x5390, 0x5390, 0x53b1, 0x53b1, 0x5390, 0x4bb0, 0x4bb0, 0x53d1, 0x53b0, 0x5390, 0x4b90, 0x53d1, 0x53b0, 
	0x5390, 0x5390, 0x53b0, 0x53d1, 0x4bb0, 0x4bb0, 0x4b90, 0x53d1, 0x4bb0, 0x5390, 0x4bb0, 0x53b1, 0x53b1, 0x5390, 0x5390, 0x53b0, 
	0x53d1, 0x4bb0, 0x5390, 0x4bb0, 0x53d1, 0x4bb0, 0x5390, 0x5390, 0x53d1, 0x53b0, 0x4b90, 0x5390, 0x53b1, 0x53b1, 0x4bb0, 0x4bb0, 
	0x4bb0, 0x3acc, 0x10c3, 0x2986, 0x528a, 0x528a, 0x528a, 0x528a, 0x528a, 0x528a, 0x528a, 0x528a, 0x528a, 0x528a, 0x528a, 0x528a, 
	0x528a, 0x528a, 0x2966, 0x10c3, 0x3a8c, 0x4b90, 0x53d1, 0x53b0, 0x4bb0, 0x4bb0, 0x53b0, 0x53d1, 0x4bb0, 0x4bb0, 0x4b90, 0x53d1, 
	0x4bb0, 0x5390, 0x4bb0, 0x53d1, 0x53b1, 0x5390, 0x5390, 0x53b0, 0x53d1, 0x4bb0, 0x5390, 0x5390, 0x53d1, 0x4bb0, 0x4bb0, 0x4bb0, 
	0x53d1, 0x53b0, 0x4bb0, 0x5390, 0x53b1, 0x53b1, 0x4b90, 0x5390, 0x5390, 0x53d1, 0x4b90, 0x4bb0, 0x4bb0, 0x53d1, 0x53b0, 0x5390, 
	0x4bb0, 0x53b1, 0x53b1, 0x5390, 0x5390, 0x53b1, 0x53b1, 0x4bb0, 0x5390, 0x5390, 0x53d1, 0x4bb0, 0x4bb0, 0x5390, 0x6bd0, 0x8410, 
	0x7bf0, 0x5bb0, 0x53b1, 0x53d1, 0x53d1, 0x53d1, 0x53b1, 0x53d1, 0x53f1, 0x53b1, 0x53d1, 0x53b1, 0x53f2, 0x53b1, 0x53b1, 0x53b1, 
	0x53d1, 0x53d1, 0x53b1, 0x53b1, 0x53d1, 0x53d1, 0x53b1, 0x53b1, 0x53d1, 0x53d1, 0x53b1, 0x53d1, 0x53d1, 0x53d1, 0x53d1, 0x53b1, 
	0x53b1, 0x53d1, 0x53d1, 0x53d1, 0x53b1, 0x53d1, 0x53d1, 0x53b1, 0x53d1, 0x53b1, 0x53d1, 0x53d1, 0x53b1, 0x53b1, 0x53f1, 0x53d1, 
	0x53b1, 0x53b1, 0x53d1, 0x53f1, 0x53d1, 0x53d1, 0x53b1, 0x53f2, 0x53b1, 0x53b1, 0x53b1, 0x53d1, 0x53d1, 0x53b1, 0x53b1, 0x53d1, 
	0x53f1, 0x53b1, 0x53b1, 0x53b1, 0x53f2, 0x53b1, 0x53b1, 0x53b1, 0x53d1, 0x53d1, 0x53b1, 0x53b1, 0x53d1, 0x53d1, 0x53d1, 0x53d1, 
	0x53d1, 0x53f1, 0x53b1, 0x3229, 0x0000, 0x0000, 0x0000, 0x0000, 0x0000, 0x0000, 0x0000, 0x0000, 0x0000, 0x0000, 0x0000, 0x0000, 
	0x0000, 0x0000, 0x3a8b, 0x53d1, 0x53b1, 0x53b1, 0x53f1, 0x53d1, 0x53d1, 0x53b1, 0x53d1, 0x53f1, 0x53d1, 0x53d1, 0x53b1, 0x53f2, 
	0x53b1, 0x53b1, 0x53b1, 0x53d1, 0x53d1, 0x53b1, 0x53b1, 0x53d1, 0x53f1, 0x53b1, 0x53b1, 0x53b1, 0x53f2, 0x53b1, 0x53b1, 0x53d1, 
	0x53f1, 0x53d1, 0x53b1, 0x53b1, 0x53d1, 0x53d1, 0x53b1, 0x53b1, 0x53b1, 0x53f1, 0x53b1, 0x53d1, 0x53d1, 0x53d1, 0x53d1, 0x53b1, 
	0x53b1, 0x53d1, 0x53d1, 0x53b1, 0x53b1, 0x53d1, 0x53d1, 0x53d1, 0x53b1, 0x53b1, 0x53d1, 0x53d1, 0x53b1, 0x53b1, 0x6bf0, 0x8410, 
	0x7bef, 0x5b90, 0x4b90, 0x53b1, 0x53b1, 0x4b90, 0x4b90, 0x4bb0, 0x53d1, 0x4b90, 0x4b90, 0x4b90, 0x53d1, 0x4b90, 0x4b90, 0x4b90, 
	0x53b1, 0x4bb0, 0x4b90, 0x4b90, 0x53b0, 0x53b1, 0x4b90, 0x4b90, 0x4bb0, 0x53b1, 0x4b90, 0x4b90, 0x4b90, 0x53b1, 0x4bb0, 0x4b90, 
	0x4b90, 0x53b0, 0x53b1, 0x4b90, 0x4b90, 0x53b1, 0x53b0, 0x4b90, 0x4b90, 0x4b90, 0x53b1, 0x4bb0, 0x4b90, 0x4b90, 0x53b1, 0x4bb0, 
	0x4b90, 0x4b90, 0x4b90, 0x53d1, 0x4b90, 0x4b90, 0x4b90, 0x53d1, 0x4b90, 0x4b90, 0x4b90, 0x53b1, 0x53b0, 0x4b90, 0x4b90, 0x4b90, 
	0x53b1, 0x4b90, 0x4b90, 0x4b90, 0x53d1, 0x4b90, 0x4b90, 0x4b90, 0x53b1, 0x53b0, 0x4b90, 0x4b90, 0x4bb1, 0x53b1, 0x4b90, 0x4b90, 
	0x4bb0, 0x53b1, 0x4b90, 0x3a8b, 0x1925, 0x1925, 0x1925, 0x1925, 0x1925, 0x1925, 0x1925, 0x1925, 0x1925, 0x1925, 0x1925, 0x1925, 
	0x1925, 0x1925, 0x3acd, 0x4bb0, 0x4b90, 0x4b90, 0x53b1, 0x4bb0, 0x4b90, 0x4b90, 0x4b90, 0x53d1, 0x4b90, 0x4b90, 0x4b90, 0x53d1, 
	0x4b90, 0x4b90, 0x4b90, 0x53b1, 0x53b0, 0x4b90, 0x4b90, 0x4bb0, 0x53b1, 0x4b90, 0x4b90, 0x4b90, 0x53d1, 0x4b90, 0x4b90, 0x4b90, 
	0x53d1, 0x4b90, 0x4b90, 0x4b90, 0x53b0, 0x53b1, 0x4b90, 0x4b90, 0x4b90, 0x53b1, 0x4b90, 0x4b90, 0x4b90, 0x53b1, 0x4b90, 0x4b90, 
	0x4b90, 0x53b0, 0x53b1, 0x4b90, 0x4b90, 0x53b1, 0x53b0, 0x4b90, 0x4b90, 0x4b90, 0x53b1, 0x4b90, 0x4b90, 0x4b90, 0x6bd0, 0x8410, 
	0x7bef, 0x5b90, 0x4b90, 0x53b1, 0x53b1, 0x4b90, 0x4b90, 0x4bb0, 0x53d1, 0x4b90, 0x4b90, 0x4b90, 0x53d1, 0x4b90, 0x4b90, 0x4b90, 
	0x53b1, 0x53b0, 0x4b90, 0x4b90, 0x53b0, 0x53b1, 0x4b90, 0x4b90, 0x4bb0, 0x53b1, 0x4b90, 0x4b90, 0x4b90, 0x53b1, 0x4bb0, 0x4b90, 
	0x4b90, 0x53b0, 0x53b0, 0x4b90, 0x4b90, 0x53b0, 0x53b0, 0x4b90, 0x4b90, 0x4b90, 0x53b1, 0x4bb0, 0x4b90, 0x4b90, 0x53b1, 0x4bb0, 
	0x4b90, 0x4b90, 0x4b90, 0x53d1, 0x4b90, 0x4b90, 0x4b90, 0x53d1, 0x4b90, 0x4b90, 0x4b90, 0x53b1, 0x53b0, 0x4b90, 0x4b90, 0x5390, 
	0x53b1, 0x4b90, 0x4b90, 0x4b90, 0x53d1, 0x4b90, 0x4b90, 0x4b90, 0x53b1, 0x53b0, 0x4b90, 0x4b90, 0x53b1, 0x53b1, 0x4b90, 0x4b90, 
	0x4bb0, 0x53b1, 0x4b90, 0x4b6f, 0x432e, 0x4b4f, 0x432e, 0x432e, 0x432e, 0x4b4f, 0x434f, 0x432e, 0x432e, 0x434f, 0x4b4f, 0x432e, 
	0x432e, 0x432e, 0x4b90, 0x4bb0, 0x4b90, 0x4b90, 0x53b1, 0x4bb0, 0x4b90, 0x4b90, 0x4b90, 0x53d1, 0x4b90, 0x4b90, 0x4b90, 0x53d1, 
	0x4b90, 0x4b90, 0x4b90, 0x53b1, 0x53b0, 0x4b90, 0x4b90, 0x4bb0, 0x53b1, 0x4b90, 0x4b90, 0x4b90, 0x53d1, 0x4b90, 0x4b90, 0x4b90, 
	0x53d1, 0x4b90, 0x4b90, 0x4b90, 0x53b0, 0x53b1, 0x4b90, 0x4b90, 0x4b90, 0x53b1, 0x4b90, 0x4b90, 0x5390, 0x53b1, 0x4b90, 0x4b90, 
	0x4b90, 0x53b0, 0x53b0, 0x4b90, 0x4b90, 0x53b0, 0x53b0, 0x4b90, 0x4b90, 0x4b90, 0x53b1, 0x4b90, 0x4b90, 0x5390, 0x6bd0, 0x8410, 
	0x7bf0, 0x53b0, 0x4b90, 0x53b1, 0x53b1, 0x4b90, 0x4b90, 0x4bb0, 0x53d1, 0x4b90, 0x4b90, 0x4b90, 0x53d1, 0x4b90, 0x4b90, 0x4b90, 
	0x53b1, 0x4bb0, 0x4bb0, 0x4b90, 0x4bb0, 0x53b1, 0x4b90, 0x4b90, 0x4bb0, 0x53b1, 0x4b90, 0x4b90, 0x4b90, 0x53b1, 0x4bb0, 0x4b90, 
	0x4b90, 0x53b1, 0x4bb1, 0x4b90, 0x4b90, 0x53b1, 0x53b1, 0x4b90, 0x4b90, 0x4b90, 0x53b1, 0x4bb0, 0x4b90, 0x4b90, 0x53b1, 0x4bb0, 
	0x4b90, 0x4b90, 0x4bb0, 0x53d1, 0x4b90, 0x4b90, 0x4b90, 0x53d1, 0x4b90, 0x4b90, 0x4b90, 0x53b1, 0x4bb1, 0x4b90, 0x4b90, 0x4bb0, 
	0x53b1, 0x4b90, 0x4b90, 0x4b90, 0x53d1, 0x4b90, 0x4b90, 0x4b90, 0x53b1, 0x4bb0, 0x4b90, 0x4b90, 0x4bb1, 0x53b1, 0x4b90, 0x4b90, 
	0x4bb0, 0x53b1, 0x4b90, 0x4b90, 0x4b90, 0x53b1, 0x4b90, 0x4b90, 0x4b90, 0x4bb1, 0x4bb1, 0x4b90, 0x4b90, 0x4bb1, 0x53b1, 0x4bb0, 
	0x4b90, 0x4b90, 0x53b1, 0x4bb0, 0x4b90, 0x4b90, 0x53b1, 0x4bb0, 0x4b90, 0x4b90, 0x4bb0, 0x53d1, 0x4b90, 0x4b90, 0x4b90, 0x53d1, 
	0x4b90, 0x4b90, 0x4b90, 0x53b1, 0x4bb1, 0x4b90, 0x4b90, 0x4bb0, 0x53b1, 0x4b90, 0x4b90, 0x4b90, 0x53d1, 0x4b90, 0x4b90, 0x4b90, 
	0x53d1, 0x4bb0, 0x4b90, 0x4b90, 0x4bb1, 0x53b1, 0x4b90, 0x4b90, 0x4b90, 0x53b1, 0x4b90, 0x4b90, 0x4bb0, 0x53b1, 0x4bb0, 0x4b90, 
	0x4b90, 0x53b1, 0x4bb1, 0x4b90, 0x4b90, 0x53b1, 0x53b1, 0x4b90, 0x4b90, 0x4b90, 0x53b1, 0x4bb0, 0x4b90, 0x4b90, 0x6bd0, 0x8410, 
	0x7bf0, 0x5bd0, 0x53d1, 0x53f1, 0x53d1, 0x53d1, 0x53d1, 0x53d1, 0x5bf2, 0x53d1, 0x53d1, 0x53d1, 0x5bf2, 0x53d1, 0x53d1, 0x53d1, 
	0x53f1, 0x53d1, 0x53d1, 0x53d1, 0x53d1, 0x53f1, 0x53d1, 0x53d1, 0x53d1, 0x53f1, 0x53d1, 0x53d1, 0x53d1, 0x53f2, 0x53d1, 0x53d1, 
	0x53d1, 0x53d1, 0x53d1, 0x53d1, 0x53d1, 0x53d1, 0x53d1, 0x53d1, 0x53d1, 0x53d1, 0x53f2, 0x53d1, 0x53d1, 0x53d1, 0x53f1, 0x53d1, 
	0x53d1, 0x53d1, 0x53d1, 0x5bf2, 0x53d1, 0x53d1, 0x53d1, 0x53f2, 0x53d1, 0x53d1, 0x53d1, 0x53f1, 0x53d1, 0x53d1, 0x53d1, 0x53d1, 
	0x5bf2, 0x53d1, 0x53d1, 0x53d1, 0x5bf2, 0x53d1, 0x53d1, 0x53d1, 0x53f2, 0x53d1, 0x53d1, 0x53d1, 0x53d1, 0x53f1, 0x53d1, 0x53d1, 
	0x53d1, 0x53f1, 0x53d1, 0x53d1, 0x53d1, 0x53f1, 0x53d1, 0x53d1, 0x53d1, 0x53f1, 0x53d1, 0x53d1, 0x53d1, 0x53d1, 0x53d1, 0x53d1, 
	0x53d1, 0x53d1, 0x53f2, 0x53d1, 0x53d1, 0x53d1, 0x53f1, 0x53d1, 0x53d1, 0x53d1, 0x53d1, 0x5bf2, 0x53d1, 0x53d1, 0x53d1, 0x5bf2, 
	0x53d1, 0x53d1, 0x53d1, 0x53f2, 0x53d1, 0x53d1, 0x53d1, 0x53d1, 0x5bf2, 0x53d1, 0x53d1, 0x53d1, 0x5bf2, 0x53d1, 0x53d1, 0x53d1, 
	0x53f2, 0x53d1, 0x53d1, 0x53d1, 0x53d1, 0x53f1, 0x53d1, 0x53d1, 0x53d1, 0x53f1, 0x53d1, 0x53d1, 0x53d1, 0x53f2, 0x53d1, 0x53d1, 
	0x53d1, 0x53d1, 0x53d1, 0x53d1, 0x53d1, 0x53d1, 0x53d1, 0x53d1, 0x53d1, 0x53d1, 0x53f2, 0x53d1, 0x53d1, 0x53d1, 0x73f0, 0x8410, 
	0x7bef, 0x5b90, 0x4b90, 0x53b1, 0x53b1, 0x4b90, 0x4b90, 0x4bb0, 0x53d1, 0x4b90, 0x4b90, 0x4b90, 0x53d1, 0x4b90, 0x4b90, 0x4b90, 
	0x53b1, 0x53b0, 0x4b90, 0x4b90, 0x53b0, 0x53b1, 0x4b90, 0x4b90, 0x4bb0, 0x53b1, 0x4b90, 0x4b90, 0x4b90, 0x53b1, 0x4bb0, 0x4b90, 
	0x4b90, 0x53b0, 0x53b0, 0x4b90, 0x4b90, 0x53b0, 0x53b0, 0x4b90, 0x4b90, 0x4b90, 0x53b1, 0x4bb0, 0x4b90, 0x4b90, 0x53b1, 0x4bb0, 
	0x4b90, 0x4b90, 0x4b90, 0x53d1, 0x4b90, 0x4b90, 0x4b90, 0x53d1, 0x4b90, 0x4b90, 0x4b90, 0x53b1, 0x53b0, 0x4b90, 0x4b90, 0x5390, 
	0x53b1, 0x4b90, 0x4b90, 0x4bb0, 0x53d1, 0x4b90, 0x4b90, 0x4b90, 0x53b1, 0x53b0, 0x4b90, 0x4b90, 0x53b0, 0x53b1, 0x4b90, 0x4b90, 
	0x4bb0, 0x53b1, 0x4b90, 0x4b90, 0x4b90, 0x53b1, 0x4b90, 0x4b90, 0x4b90, 0x53b0, 0x53b0, 0x4b90, 0x4b90, 0x53b0, 0x53b0, 0x4b90, 
	0x4b90, 0x4b90, 0x53b1, 0x4b90, 0x4b90, 0x4b90, 0x53b1, 0x4bb0, 0x4b90, 0x4b90, 0x4b90, 0x53d1, 0x4b90, 0x4b90, 0x4b90, 0x53d1, 
	0x4b90, 0x4b90, 0x4b90, 0x53b1, 0x53b0, 0x4b90, 0x4b90, 0x4bb0, 0x53b1, 0x4b90, 0x4b90, 0x4b90, 0x53d1, 0x4b90, 0x4b90, 0x4b90, 
	0x53b1, 0x4b90, 0x4b90, 0x4b90, 0x53b0, 0x53b1, 0x4b90, 0x4b90, 0x4b90, 0x53b1, 0x4b90, 0x4b90, 0x4b90, 0x53b1, 0x4b90, 0x4b90, 
	0x4b90, 0x53b0, 0x53b0, 0x4b90, 0x4b90, 0x53b0, 0x53b0, 0x4b90, 0x4b90, 0x4b90, 0x53b1, 0x4b90, 0x4b90, 0x5390, 0x6bd0, 0x8410, 
	0x7bef, 0x5bb0, 0x4b90, 0x53b1, 0x53b1, 0x4b90, 0x4b90, 0x4b90, 0x53d1, 0x4b90, 0x4b90, 0x4b90, 0x53d1, 0x4b90, 0x4b90, 0x4b90, 
	0x53b1, 0x53b0, 0x4b90, 0x4b90, 0x53b0, 0x53b1, 0x4b90, 0x4b90, 0x4bb0, 0x53b1, 0x4b90, 0x4b90, 0x4b90, 0x53b1, 0x4bb0, 0x4b90, 
	0x4b90, 0x53b0, 0x53b0, 0x4b90, 0x4b90, 0x53b0, 0x53b0, 0x4b90, 0x4b90, 0x4b90, 0x53b1, 0x4bb0, 0x4b90, 0x4b90, 0x53b1, 0x4bb0, 
	0x4b90, 0x4b90, 0x4b90, 0x53d1, 0x4b90, 0x4b90, 0x4b90, 0x53d1, 0x4b90, 0x4b90, 0x4b90, 0x53b1, 0x53b0, 0x4b90, 0x4b90, 0x4bb0, 
	0x53b1, 0x4b90, 0x4b90, 0x4b90, 0x53d1, 0x4b90, 0x4b90, 0x4b90, 0x53b1, 0x53b0, 0x4b90, 0x4b90, 0x53b0, 0x53b1, 0x4b90, 0x4b90, 
	0x4bb0, 0x53b1, 0x4b90, 0x4b90, 0x4b90, 0x53b1, 0x4b90, 0x4b90, 0x4b90, 0x53b0, 0x53b0, 0x4b90, 0x4b90, 0x53b0, 0x53b0, 0x4b90, 
	0x4b90, 0x4b90, 0x53b1, 0x4bb0, 0x4b90, 0x4b90, 0x53b1, 0x4b90, 0x4b90, 0x4b90, 0x4b90, 0x53d1, 0x4b90, 0x4b90, 0x4b90, 0x53d1, 
	0x4b90, 0x4b90, 0x4b90, 0x53b1, 0x53b0, 0x4b90, 0x4b90, 0x4bb0, 0x53b1, 0x4b90, 0x4b90, 0x4b90, 0x53d1, 0x4b90, 0x4b90, 0x4b90, 
	0x53b1, 0x4b90, 0x4b90, 0x4b90, 0x4bb0, 0x53b1, 0x4b90, 0x4b90, 0x4b90, 0x53b1, 0x4b90, 0x4b90, 0x4b90, 0x53b1, 0x4b90, 0x4b90, 
	0x4b90, 0x53b0, 0x53b0, 0x4b90, 0x4b90, 0x53b0, 0x53b0, 0x4b90, 0x4b90, 0x4b90, 0x53b1, 0x4b90, 0x4b90, 0x5390, 0x6bd0, 0x8410, 
	0x7bef, 0x5b90, 0x4b90, 0x53b1, 0x53b1, 0x4b90, 0x4b90, 0x4b90, 0x53d1, 0x4b90, 0x4b90, 0x4b90, 0x53d1, 0x4b90, 0x4b90, 0x4b90, 
	0x53b1, 0x53b0, 0x4b90, 0x4b90, 0x53b0, 0x53b1, 0x4b90, 0x4b90, 0x4bb0, 0x53b1, 0x4b90, 0x4b90, 0x4b90, 0x53b1, 0x4bb0, 0x4b90, 
	0x4b90, 0x53b0, 0x53b1, 0x4b90, 0x4b90, 0x53b1, 0x53b0, 0x4b90, 0x4b90, 0x4b90, 0x53b1, 0x4bb0, 0x4b90, 0x4b90, 0x53b1, 0x4bb0, 
	0x4b90, 0x4b90, 0x4b90, 0x53d1, 0x4b90, 0x4b90, 0x4b90, 0x53d1, 0x4b90, 0x4b90, 0x4b90, 0x53b1, 0x53b0, 0x4b90, 0x4b90, 0x4bb0, 
	0x53b1, 0x4b90, 0x4b90, 0x4b90, 0x53d1, 0x4b90, 0x4b90, 0x4b90, 0x53b1, 0x53b0, 0x4b90, 0x4b90, 0x53b0, 0x53b1, 0x4b90, 0x4b90, 
	0x4bb0, 0x53b1, 0x4b90, 0x4b90, 0x4b90, 0x53b1, 0x4b90, 0x4b90, 0x4b90, 0x53b0, 0x53b1, 0x4b90, 0x4b90, 0x4bb0, 0x53b0, 0x4b90, 
	0x4b90, 0x4b90, 0x53b1, 0x4bb0, 0x4b90, 0x4b90, 0x53b1, 0x4bb0, 0x4b90, 0x4b90, 0x4b90, 0x53d1, 0x4b90, 0x4b90, 0x4b90, 0x53d1, 
	0x4b90, 0x4b90, 0x4b90, 0x53b1, 0x53b0, 0x4b90, 0x4b90, 0x4bb0, 0x53b1, 0x4b90, 0x4b90, 0x4b90, 0x53d1, 0x4b90, 0x4b90, 0x4b90, 
	0x53b1, 0x4b90, 0x4b90, 0x4b90, 0x4bb0, 0x53b1, 0x4b90, 0x4b90, 0x4b90, 0x53b1, 0x4b90, 0x4b90, 0x4b90, 0x53b1, 0x4b90, 0x4b90, 
	0x4b90, 0x53b0, 0x53b1, 0x4b90, 0x4b90, 0x53b1, 0x53b0, 0x4b90, 0x4b90, 0x4b90, 0x53b1, 0x4b90, 0x4b90, 0x5390, 0x6bd0, 0x8410, 
	0x7bf0, 0x5bb0, 0x4b90, 0x53b1, 0x53b1, 0x4b90, 0x4b90, 0x4b90, 0x53b1, 0x4b90, 0x4b90, 0x4b90, 0x53d1, 0x4b90, 0x4b90, 0x4b90, 
	0x53b1, 0x4bb0, 0x4b90, 0x4b90, 0x4bb0, 0x53b1, 0x4b90, 0x4b90, 0x4bb0, 0x53b1, 0x4b90, 0x4b90, 0x4b90, 0x53b1, 0x4b90, 0x4b90, 
	0x4b90, 0x53b1, 0x53b1, 0x4b90, 0x4b90, 0x53b1, 0x4bb0, 0x4b90, 0x4b90, 0x4b90, 0x53b1, 0x4bb0, 0x4b90, 0x4b90, 0x53b1, 0x4bb0, 
	0x4b90, 0x4b90, 0x4b90, 0x53d1, 0x4b90, 0x4b90, 0x4b90, 0x53d1, 0x4b90, 0x4b90, 0x4b90, 0x53b1, 0x53b1, 0x4b90, 0x4b90, 0x4bb0, 
	0x53b1, 0x4b90, 0x4b90, 0x4b90, 0x53d1, 0x4b90, 0x4b90, 0x4b90, 0x53b1, 0x4b90, 0x4b90, 0x4b90, 0x4bb0, 0x53b1, 0x4b90, 0x4b90, 
	0x4b90, 0x53b1, 0x4b90, 0x4b90, 0x4b90, 0x53b1, 0x4b90, 0x4b90, 0x4b90, 0x53b1, 0x53b1, 0x4b90, 0x4b90, 0x53b0, 0x53b1, 0x4b90, 
	0x4b90, 0x4b90, 0x53b1, 0x4b90, 0x4b90, 0x4b90, 0x53b1, 0x4bb0, 0x4b90, 0x4b90, 0x4b90, 0x53b1, 0x4b90, 0x4b90, 0x4b90, 0x53d1, 
	0x4b90, 0x4b90, 0x4b90, 0x53b1, 0x4bb0, 0x4b90, 0x4b90, 0x4bb0, 0x53b1, 0x4b90, 0x4b90, 0x4b90, 0x53d1, 0x4b90, 0x4b90, 0x4b90, 
	0x53b1, 0x4bb0, 0x4b90, 0x4b90, 0x4bb0, 0x53b1, 0x4b90, 0x4b90, 0x4b90, 0x53b1, 0x4b90, 0x4b90, 0x4b90, 0x53b1, 0x4b90, 0x4b90, 
	0x4b90, 0x53b1, 0x53b0, 0x4b90, 0x4b90, 0x53b1, 0x4bb0, 0x4b90, 0x4b90, 0x4b90, 0x53b1, 0x4b90, 0x4b90, 0x4b90, 0x6bd0, 0x8410, 
	0x7bf0, 0x5bd1, 0x53d1, 0x53f1, 0x53f1, 0x53d1, 0x53d1, 0x53d1, 0x53f2, 0x53d1, 0x53d1, 0x53d1, 0x5412, 0x53d1, 0x53d1, 0x53d1, 
	0x53f2, 0x53d1, 0x53d1, 0x53d1, 0x53d1, 0x53f1, 0x53d1, 0x53d1, 0x53d1, 0x53f2, 0x53d1, 0x53d1, 0x53d1, 0x53f2, 0x53d1, 0x53d1, 
	0x53d1, 0x53f1, 0x53f1, 0x53d1, 0x53d1, 0x53f1, 0x53f1, 0x53d1, 0x53d1, 0x53d1, 0x53f2, 0x53d1, 0x53d1, 0x53d1, 0x53f2, 0x53d1, 
	0x53d1, 0x53d1, 0x53d1, 0x53f2, 0x53d1, 0x53d1, 0x53d1, 0x5412, 0x53d1, 0x53d1, 0x53d1, 0x53f1, 0x53d1, 0x53d1, 0x53d1, 0x53d1, 
	0x53f2, 0x53d1, 0x53d1, 0x53d1, 0x5412, 0x53d1, 0x53d1, 0x53d1, 0x5bf2, 0x53d1, 0x53d1, 0x53d1, 0x53d1, 0x53f1, 0x53d1, 0x53d1, 
	0x53d1, 0x5bf2, 0x53d1, 0x53d1, 0x53d1, 0x53f2, 0x53d1, 0x53d1, 0x53d1, 0x53f1, 0x53f1, 0x53d1, 0x53d1, 0x53f1, 0x53f1, 0x53d1, 
	0x53d1, 0x53d1, 0x53f2, 0x53d1, 0x53d1, 0x53d1, 0x53f2, 0x53d1, 0x53d1, 0x53d1, 0x53d1, 0x53f2, 0x53d1, 0x53d1, 0x53d1, 0x5412, 
	0x53d1, 0x53d1, 0x53d1, 0x53f2, 0x53d1, 0x53d1, 0x53d1, 0x53d1, 0x53f2, 0x53d1, 0x53d1, 0x53d1, 0x5412, 0x53d1, 0x53d1, 0x53d1, 
	0x53f2, 0x53d1, 0x53d1, 0x53d1, 0x53d1, 0x53f1, 0x53d1, 0x53d1, 0x53d1, 0x53f2, 0x53d1, 0x53d1, 0x53d1, 0x53f2, 0x53d1, 0x53d1, 
	0x53d1, 0x53f1, 0x53f1, 0x53d1, 0x53d1, 0x53f1, 0x53f1, 0x53d1, 0x53d1, 0x53d1, 0x53f2, 0x53d1, 0x53d1, 0x53d1, 0x73f0, 0x8410, 
	0x7bef, 0x5b90, 0x4b90, 0x53b1, 0x53b1, 0x4b90, 0x4b90, 0x4b90, 0x53d1, 0x4b90, 0x4b90, 0x4b90, 0x53d1, 0x4b90, 0x4b90, 0x4b90, 
	0x53b1, 0x53b0, 0x4b90, 0x4b90, 0x53b0, 0x53b1, 0x4b90, 0x4b90, 0x4bb0, 0x53b1, 0x4b90, 0x4b90, 0x4b90, 0x53b1, 0x4bb0, 0x4b90, 
	0x4b90, 0x53b0, 0x53b0, 0x4b90, 0x4b90, 0x53b0, 0x53b0, 0x4b90, 0x4b90, 0x4b90, 0x53b1, 0x4bb0, 0x4b90, 0x4b90, 0x53b1, 0x4bb0, 
	0x4b90, 0x4b90, 0x4b90, 0x53d1, 0x4b90, 0x4b90, 0x4b90, 0x53d1, 0x4b90, 0x4b90, 0x4b90, 0x53b1, 0x53b0, 0x4b90, 0x4b90, 0x5390, 
	0x53b1, 0x4b90, 0x4b90, 0x4b90, 0x53d1, 0x4b90, 0x4b90, 0x4b90, 0x53b1, 0x53b0, 0x4b90, 0x4b90, 0x53b1, 0x53b1, 0x4b90, 0x4b90, 
	0x4bb0, 0x53b1, 0x4b90, 0x4b90, 0x4b90, 0x53b1, 0x4b90, 0x4b90, 0x4b90, 0x53b0, 0x53b0, 0x4b90, 0x4b90, 0x53b0, 0x53b0, 0x4b90, 
	0x4b90, 0x4b90, 0x53b1, 0x4b90, 0x4b90, 0x4b90, 0x53b1, 0x4bb0, 0x4b90, 0x4b90, 0x4b90, 0x53d1, 0x4b90, 0x4b90, 0x4b90, 0x53d1, 
	0x4b90, 0x4b90, 0x4b90, 0x53b1, 0x53b0, 0x4b90, 0x4b90, 0x4bb0, 0x53b1, 0x4b90, 0x4b90, 0x4b90, 0x53d1, 0x4b90, 0x4b90, 0x4b90, 
	0x53b1, 0x4b90, 0x4b90, 0x4b90, 0x53b0, 0x53b1, 0x4b90, 0x4b90, 0x4b90, 0x53b1, 0x4b90, 0x4b90, 0x4b90, 0x53b1, 0x4b90, 0x4b90, 
	0x4b90, 0x53b0, 0x53b0, 0x4b90, 0x4b90, 0x53b0, 0x53b0, 0x4b90, 0x4b90, 0x4b90, 0x53b1, 0x4b90, 0x4b90, 0x5390, 0x6bd0, 0x8410, 
	0x7bef, 0x5b90, 0x4b90, 0x53b1, 0x53b1, 0x4b90, 0x4b90, 0x4b90, 0x53d1, 0x4b90, 0x4b90, 0x4b90, 0x53d1, 0x4b90, 0x4b90, 0x4b90, 
	0x53b1, 0x53b0, 0x4b90, 0x4b90, 0x53b0, 0x53b1, 0x4b90, 0x4b90, 0x4bb0, 0x53b1, 0x4b90, 0x4b90, 0x4bb0, 0x53b1, 0x4bb0, 0x4b90, 
	0x4b90, 0x53b0, 0x53b0, 0x4b90, 0x4b90, 0x53b0, 0x53b0, 0x4b90, 0x4b90, 0x4b90, 0x53b1, 0x4bb0, 0x4b90, 0x4b90, 0x53b1, 0x4bb0, 
	0x4b90, 0x4b90, 0x4b90, 0x53d1, 0x4b90, 0x4b90, 0x4b90, 0x53d1, 0x4b90, 0x4b90, 0x4b90, 0x53b1, 0x53b0, 0x4b90, 0x4b90, 0x4bb0, 
	0x53b1, 0x4b90, 0x4b90, 0x4b90, 0x53d1, 0x4b90, 0x4b90, 0x4b90, 0x53b1, 0x53b0, 0x4b90, 0x4b90, 0x53b1, 0x53b1, 0x4b90, 0x4b90, 
	0x4bb0, 0x53b1, 0x4b90, 0x4b90, 0x4b90, 0x53b1, 0x4b90, 0x4b90, 0x4b90, 0x53b0, 0x53b0, 0x4b90, 0x4b90, 0x53b0, 0x53b0, 0x4b90, 
	0x4b90, 0x4b90, 0x53b1, 0x4bb0, 0x4b90, 0x4b90, 0x53b1, 0x4bb0, 0x4b90, 0x4b90, 0x4b90, 0x53d1, 0x4b90, 0x4b90, 0x4b90, 0x53d1, 
	0x4b90, 0x4b90, 0x4b90, 0x53b1, 0x53b0, 0x4b90, 0x4b90, 0x4bb0, 0x53b1, 0x4b90, 0x4b90, 0x4b90, 0x53d1, 0x4b90, 0x4b90, 0x4b90, 
	0x53b1, 0x4b90, 0x4b90, 0x4b90, 0x4bb0, 0x53b1, 0x4b90, 0x4b90, 0x4b90, 0x53b1, 0x4b90, 0x4b90, 0x4b90, 0x53b1, 0x4b90, 0x4b90, 
	0x4b90, 0x53b0, 0x53b0, 0x4b90, 0x4b90, 0x53b0, 0x53b0, 0x4b90, 0x4b90, 0x4b90, 0x53b1, 0x4b90, 0x4b90, 0x5390, 0x6bd0, 0x8410, 
	0x7bf0, 0x5b90, 0x4b90, 0x53b1, 0x53b1, 0x4b90, 0x4b90, 0x4b90, 0x53d1, 0x4b90, 0x4b90, 0x4b90, 0x53d1, 0x4b90, 0x4b90, 0x4b90, 
	0x53b1, 0x4bb0, 0x4b90, 0x4b90, 0x53b1, 0x53b1, 0x4b90, 0x4b90, 0x4bb0, 0x53b1, 0x4b90, 0x4b90, 0x4bb0, 0x53b1, 0x4bb0, 0x4b90, 
	0x4b90, 0x53b0, 0x53b0, 0x4b90, 0x4b90, 0x53b0, 0x53b0, 0x4b90, 0x4b90, 0x4b90, 0x53b1, 0x4bb0, 0x4b90, 0x4b90, 0x53b1, 0x4bb0, 
	0x4b90, 0x4b90, 0x4b90, 0x53d1, 0x4b90, 0x4b90, 0x4b90, 0x53d1, 0x4b90, 0x4b90, 0x4b90, 0x53b1, 0x4bb0, 0x4b90, 0x4b90, 0x4bb0, 
	0x53b1, 0x4b90, 0x4b90, 0x4b90, 0x53d1, 0x4b90, 0x4b90, 0x4b90, 0x53b1, 0x4bb0, 0x4b90, 0x4b90, 0x53b1, 0x53b1, 0x4b90, 0x4b90, 
	0x4bb0, 0x53b1, 0x4b90, 0x4b90, 0x4b90, 0x53b1, 0x4bb0, 0x4b90, 0x4b90, 0x53b0, 0x53b0, 0x4b90, 0x4b90, 0x53b0, 0x53b0, 0x4b90, 
	0x4b90, 0x4b90, 0x53b1, 0x4bb0, 0x4b90, 0x4b90, 0x53b1, 0x4bb0, 0x4b90, 0x4b90, 0x4b90, 0x53d1, 0x4b90, 0x4b90, 0x4b90, 0x53d1, 
	0x4b90, 0x4b90, 0x4b90, 0x53b1, 0x4bb0, 0x4b90, 0x4b90, 0x4bb0, 0x53b1, 0x4b90, 0x4b90, 0x4b90, 0x53d1, 0x4b90, 0x4b90, 0x4b90, 
	0x53d1, 0x4bb0, 0x4b90, 0x4b90, 0x4bb0, 0x53b1, 0x4b90, 0x4b90, 0x4b90, 0x53b1, 0x4b90, 0x4b90, 0x4b90, 0x53b1, 0x4bb0, 0x4b90, 
	0x4b90, 0x53b0, 0x53b0, 0x4b90, 0x4b90, 0x53b0, 0x53b0, 0x4b90, 0x4b90, 0x4b90, 0x53b1, 0x4b90, 0x4b90, 0x5390, 0x6bd0, 0x8410, 
	0x7bf0, 0x5bb0, 0x53d1, 0x53d1, 0x53d1, 0x53d1, 0x53d1, 0x53d1, 0x53f2, 0x53d1, 0x53d1, 0x53d1, 0x53f2, 0x53b1, 0x53d1, 0x53d1, 
	0x53f1, 0x53d1, 0x53d1, 0x53d1, 0x53d1, 0x53f1, 0x53d1, 0x53d1, 0x53d1, 0x53f1, 0x53d1, 0x53d1, 0x53d1, 0x53f1, 0x53d1, 0x53b1, 
	0x53b1, 0x53d1, 0x53d1, 0x53d1, 0x53d1, 0x53d1, 0x53d1, 0x53b1, 0x53d1, 0x53d1, 0x53f1, 0x53d1, 0x53b1, 0x53d1, 0x53f1, 0x53d1, 
	0x53d1, 0x53d1, 0x53d1, 0x53f2, 0x53d1, 0x53d1, 0x53d1, 0x53f2, 0x53d1, 0x53b1, 0x53d1, 0x53d1, 0x53d1, 0x53d1, 0x53d1, 0x53d1, 
	0x53f2, 0x53d1, 0x53b1, 0x53d1, 0x53f2, 0x53d1, 0x53d1, 0x53d1, 0x53f1, 0x53d1, 0x53b1, 0x53b1, 0x53d1, 0x53f1, 0x53d1, 0x53d1, 
	0x53d1, 0x53f1, 0x53d1, 0x53d1, 0x53d1, 0x53f1, 0x53d1, 0x53b1, 0x53d1, 0x53d1, 0x53d1, 0x53d1, 0x53b1, 0x53d1, 0x53d1, 0x53d1, 
	0x53d1, 0x53d1, 0x53f1, 0x53d1, 0x53b1, 0x53d1, 0x53f1, 0x53d1, 0x53d1, 0x53d1, 0x53d1, 0x53f2, 0x53d1, 0x53d1, 0x53d1, 0x53f2, 
	0x53d1, 0x53b1, 0x53d1, 0x53f1, 0x53d1, 0x53d1, 0x53d1, 0x53d1, 0x53f2, 0x53d1, 0x53b1, 0x53d1, 0x53f2, 0x53d1, 0x53d1, 0x53d1, 
	0x53f1, 0x53d1, 0x53d1, 0x53d1, 0x53d1, 0x53f1, 0x53d1, 0x53d1, 0x53d1, 0x53f1, 0x53d1, 0x53d1, 0x53d1, 0x53f1, 0x53d1, 0x53d1, 
	0x53d1, 0x53d1, 0x53d1, 0x53d1, 0x53b1, 0x53d1, 0x53d1, 0x53d1, 0x53b1, 0x53d1, 0x53f1, 0x53d1, 0x53b1, 0x53d1, 0x73f0, 0x8410, 
	0x7bf0, 0x5bb0, 0x4b90, 0x53b1, 0x53b1, 0x4b90, 0x4b90, 0x4bb0, 0x53d1, 0x4b90, 0x4b90, 0x4b90, 0x53d1, 0x4b90, 0x4b90, 0x4b90, 
	0x53b1, 0x53b0, 0x4b90, 0x4b90, 0x53b1, 0x53b1, 0x4b90, 0x4b90, 0x4bb0, 0x53b1, 0x4b90, 0x4b90, 0x4bb0, 0x53b1, 0x4bb0, 0x4b90, 
	0x4b90, 0x53b1, 0x53b1, 0x4b90, 0x4b90, 0x53b1, 0x53b1, 0x4b90, 0x4b90, 0x4b90, 0x53b1, 0x4bb0, 0x4b90, 0x4b90, 0x53b1, 0x4bb0, 
	0x4b90, 0x4b90, 0x4bb0, 0x53d1, 0x4b90, 0x4b90, 0x4b90, 0x53d1, 0x4b90, 0x4b90, 0x4b90, 0x53b1, 0x53b1, 0x4b90, 0x4b90, 0x4bb0, 
	0x53d1, 0x4b90, 0x4b90, 0x4b90, 0x53d1, 0x4b90, 0x4b90, 0x4b90, 0x53b1, 0x53b0, 0x4b90, 0x4b90, 0x4bb1, 0x53b1, 0x4b90, 0x4b90, 
	0x4bb0, 0x53b1, 0x4b90, 0x4b90, 0x4bb0, 0x53b1, 0x4bb0, 0x4b90, 0x4b90, 0x53b1, 0x53b1, 0x4b90, 0x4b90, 0x53b1, 0x53b1, 0x4b90, 
	0x4b90, 0x4b90, 0x53b1, 0x4bb0, 0x4b90, 0x4b90, 0x53b1, 0x4bb0, 0x4b90, 0x4b90, 0x4bb0, 0x53d1, 0x4b90, 0x4b90, 0x4b90, 0x53d1, 
	0x4b90, 0x4b90, 0x4b90, 0x53b1, 0x53b1, 0x4b90, 0x4b90, 0x4bb0, 0x53d1, 0x4b90, 0x4b90, 0x4b90, 0x53d1, 0x4b90, 0x4b90, 0x4b90, 
	0x53d1, 0x4bb0, 0x4b90, 0x4b90, 0x53b1, 0x53b1, 0x4b90, 0x4b90, 0x4b90, 0x53b1, 0x4b90, 0x4b90, 0x4bb0, 0x53b1, 0x4bb0, 0x4b90, 
	0x4b90, 0x53b1, 0x53b1, 0x4b90, 0x4b90, 0x53b1, 0x53b1, 0x4b90, 0x4b90, 0x4b90, 0x53b1, 0x4b90, 0x4b90, 0x4b90, 0x6bd0, 0x8410, 
	0x7bf0, 0x5b90, 0x4b90, 0x53b1, 0x53b0, 0x4b90, 0x4b90, 0x4b90, 0x53d1, 0x4b90, 0x4b90, 0x4b90, 0x53d1, 0x4b90, 0x4b90, 0x4b90, 
	0x53b1, 0x53b0, 0x4b90, 0x4b90, 0x53b1, 0x53b1, 0x4b90, 0x4b90, 0x4bb0, 0x53b1, 0x4b90, 0x4b90, 0x4bb0, 0x53b1, 0x4bb0, 0x4b90, 
	0x4b90, 0x53b0, 0x53b0, 0x4b90, 0x4b90, 0x53b0, 0x53b0, 0x4b90, 0x4b90, 0x4b90, 0x53b1, 0x4bb0, 0x4b90, 0x4b90, 0x53b1, 0x4bb0, 
	0x4b90, 0x4b90, 0x4b90, 0x53b1, 0x4b90, 0x4b90, 0x4b90, 0x53d1, 0x4b90, 0x4b90, 0x4b90, 0x53b1, 0x53b0, 0x4b90, 0x4b90, 0x4bb0, 
	0x53b1, 0x4b90, 0x4b90, 0x4b90, 0x53d1, 0x4b90, 0x4b90, 0x4b90, 0x53b1, 0x53b0, 0x4b90, 0x4b90, 0x53b1, 0x53b1, 0x4b90, 0x4b90, 
	0x4bb0, 0x53b1, 0x4b90, 0x4b90, 0x4b90, 0x53b1, 0x4b90, 0x4b90, 0x4b90, 0x53b0, 0x53b0, 0x4b90, 0x4b90, 0x53b0, 0x53b0, 0x4b90, 
	0x4b90, 0x4b90, 0x53b1, 0x5390, 0x4b90, 0x4b90, 0x53b1, 0x4bb0, 0x4b90, 0x4b90, 0x4b90, 0x53d1, 0x4b90, 0x4b90, 0x4b90, 0x53d1, 
	0x4b90, 0x4b90, 0x4b90, 0x53b1, 0x53b0, 0x4b90, 0x4b90, 0x4bb0, 0x53b1, 0x4b90, 0x4b90, 0x4b90, 0x53d1, 0x4b90, 0x4b90, 0x4b90, 
	0x53b1, 0x4b90, 0x4b90, 0x4b90, 0x53b0, 0x53b1, 0x4b90, 0x4b90, 0x4b90, 0x53b1, 0x4b90, 0x4b90, 0x5390, 0x53b1, 0x4b90, 0x4b90, 
	0x4b90, 0x53b0, 0x53b0, 0x4b90, 0x4b90, 0x53b0, 0x53b0, 0x4b90, 0x4b90, 0x4b90, 0x53b1, 0x4b90, 0x4b90, 0x5390, 0x6bd0, 0x8410, 
	0x7bf0, 0x5b90, 0x4b90, 0x53b1, 0x53b0, 0x4b90, 0x4b90, 0x4b90, 0x53d1, 0x4b90, 0x4b90, 0x4b90, 0x53d1, 0x4b90, 0x4b90, 0x4b90, 
	0x53b1, 0x4bb0, 0x4b90, 0x4b90, 0x53b1, 0x53b1, 0x4b90, 0x4b90, 0x4b90, 0x53b1, 0x4b90, 0x4b90, 0x4bb0, 0x53b1, 0x4bb0, 0x4b90, 
	0x4b90, 0x53b0, 0x53b1, 0x4b90, 0x4b90, 0x53b1, 0x53b0, 0x4b90, 0x4b90, 0x4b90, 0x53b1, 0x4bb0, 0x4b90, 0x4b90, 0x53b1, 0x4bb0, 
	0x4b90, 0x4b90, 0x4b90, 0x53b1, 0x4b90, 0x4b90, 0x4b90, 0x53d1, 0x4b90, 0x4b90, 0x4b90, 0x53b1, 0x53b0, 0x4b90, 0x4b90, 0x4bb0, 
	0x53b1, 0x4b90, 0x4b90, 0x4b90, 0x53d1, 0x4b90, 0x4b90, 0x4b90, 0x53b1, 0x53b0, 0x4b90, 0x4b90, 0x4bb1, 0x53b1, 0x4b90, 0x4b90, 
	0x4bb0, 0x53b1, 0x4b90, 0x4b90, 0x4b90, 0x53b1, 0x4b90, 0x4b90, 0x4b90, 0x53b0, 0x53b1, 0x4b90, 0x4b90, 0x53b0, 0x53b0, 0x4b90, 
	0x4b90, 0x4b90, 0x53b1, 0x4b90, 0x4b90, 0x4b90, 0x53b1, 0x4bb0, 0x4b90, 0x4b90, 0x4b90, 0x53d1, 0x4b90, 0x4b90, 0x4b90, 0x53d1, 
	0x4b90, 0x4b90, 0x4b90, 0x53b1, 0x53b0, 0x4b90, 0x4b90, 0x4bb0, 0x53b1, 0x4b90, 0x4b90, 0x4b90, 0x53d1, 0x4b90, 0x4b90, 0x4b90, 
	0x53b1, 0x4b90, 0x4b90, 0x4b90, 0x53b0, 0x53b1, 0x4b90, 0x4b90, 0x4b90, 0x53b1, 0x4b90, 0x4b90, 0x4b90, 0x53b1, 0x4b90, 0x4b90, 
	0x4b90, 0x53b0, 0x53b1, 0x4b90, 0x4b90, 0x53b0, 0x53b0, 0x4b90, 0x4b90, 0x4b90, 0x53b1, 0x4b90, 0x4b90, 0x5390, 0x6bd0, 0x8410, 
	0x7bf0, 0x5bb0, 0x4bb0, 0x53b1, 0x53b1, 0x4bb0, 0x4bb0, 0x53b0, 0x53d1, 0x4bb0, 0x4bb0, 0x5390, 0x53d1, 0x4b90, 0x4bb0, 0x4bb0, 
	0x53d1, 0x53b1, 0x4bb0, 0x4bb0, 0x53b1, 0x53d1, 0x4bb0, 0x53b0, 0x53b1, 0x53d1, 0x4bb0, 0x4bb0, 0x53b1, 0x53d1, 0x53b0, 0x5390, 
	0x5390, 0x53b1, 0x53b1, 0x4bb0, 0x4bb0, 0x53b1, 0x53b1, 0x53b0, 0x4bb0, 0x4bb0, 0x53d1, 0x53b0, 0x5390, 0x5390, 0x53d1, 0x53b1, 
	0x53b0, 0x4b90, 0x53b0, 0x53d1, 0x4bb0, 0x4bb0, 0x5390, 0x53d1, 0x4bb0, 0x5390, 0x4bb0, 0x53d1, 0x53b1, 0x53b0, 0x4bb0, 0x53b1, 
	0x53d1, 0x4bb0, 0x53b0, 0x4bb0, 0x53d1, 0x4bb0, 0x4bb0, 0x4bb0, 0x53d1, 0x53b1, 0x4b90, 0x5390, 0x53b1, 0x53b1, 0x4bb0, 0x4bb0, 
	0x4bb1, 0x53d1, 0x5390, 0x4bb0, 0x53b1, 0x53b1, 0x4bb0, 0x5390, 0x4bb0, 0x53b1, 0x53b1, 0x53b0, 0x5390, 0x53b1, 0x53b1, 0x4bb0, 
	0x4bb0, 0x4bb0, 0x53d1, 0x53b0, 0x4bb0, 0x5390, 0x53d1, 0x53b1, 0x4bb0, 0x4bb0, 0x53b0, 0x53d1, 0x4bb0, 0x4bb0, 0x5390, 0x53d1, 
	0x4bb0, 0x5390, 0x4bb0, 0x53d1, 0x53b1, 0x53b0, 0x4bb0, 0x53b1, 0x53d1, 0x4bb0, 0x53b0, 0x53b0, 0x53d1, 0x4bb0, 0x4bb0, 0x4bb0, 
	0x53d1, 0x53b1, 0x4bb0, 0x4bb0, 0x53b1, 0x53b1, 0x4bb0, 0x53b0, 0x53b0, 0x53d1, 0x5390, 0x4bb0, 0x53b1, 0x53d1, 0x4bb0, 0x4bb0, 
	0x4bb0, 0x53b1, 0x53b1, 0x53b0, 0x5390, 0x53b1, 0x53b1, 0x4bb0, 0x53b0, 0x5390, 0x53d1, 0x4bb0, 0x53b0, 0x5390, 0x6bf0, 0x8410, 
	0x7bf0, 0x5bb0, 0x53b1, 0x53d1, 0x53d1, 0x53b1, 0x53b1, 0x53b1, 0x53f1, 0x53b1, 0x53b1, 0x53b1, 0x53f1, 0x53b1, 0x53b1, 0x53b1, 
	0x53d1, 0x53d1, 0x53b1, 0x53b1, 0x53d1, 0x53d1, 0x53b1, 0x53b1, 0x53b1, 0x53d1, 0x53b1, 0x53b1, 0x53b1, 0x53d1, 0x53b1, 0x53b1, 
	0x53b1, 0x53d1, 0x53d1, 0x53b1, 0x53b1, 0x53d1, 0x53d1, 0x53b1, 0x53b1, 0x53b1, 0x53d1, 0x53b1, 0x53b1, 0x53b1, 0x53d1, 0x53b1, 
	0x53b1, 0x53b1, 0x53b1, 0x53f1, 0x53b1, 0x53b1, 0x53b1, 0x53f1, 0x53b1, 0x53b1, 0x53b1, 0x53d1, 0x53d1, 0x53b1, 0x53b1, 0x53b1, 
	0x53f1, 0x53b1, 0x53b1, 0x53b1, 0x53f1, 0x53b1, 0x53b1, 0x53b1, 0x53d1, 0x53d1, 0x53b1, 0x53b1, 0x53d1, 0x53d1, 0x53b1, 0x53b1, 
	0x53b1, 0x53d1, 0x53b1, 0x53b1, 0x53b1, 0x53d1, 0x53b1, 0x53b1, 0x53b1, 0x53d1, 0x53d1, 0x53b1, 0x53b1, 0x53d1, 0x53d1, 0x53b1, 
	0x53b1, 0x53b1, 0x53d1, 0x53b1, 0x53b1, 0x53b1, 0x53d1, 0x53b1, 0x53b1, 0x53b1, 0x53b1, 0x53f1, 0x53b1, 0x53b1, 0x53b1, 0x53f1, 
	0x53b1, 0x53b1, 0x53b1, 0x53d1, 0x53d1, 0x53b1, 0x53b1, 0x53d1, 0x53d1, 0x53b1, 0x53b1, 0x53b1, 0x53f1, 0x53b1, 0x53b1, 0x53b1, 
	0x53d1, 0x53d1, 0x53b1, 0x53b1, 0x53d1, 0x53d1, 0x53b1, 0x53b1, 0x53b1, 0x53d1, 0x53b1, 0x53b1, 0x53b1, 0x53d1, 0x53b1, 0x53b1, 
	0x53b1, 0x53d1, 0x53d1, 0x53b1, 0x53b1, 0x53d1, 0x53d1, 0x53b1, 0x53b1, 0x53b1, 0x53d1, 0x53b1, 0x53b1, 0x53b1, 0x73f0, 0x8410, 
	0x73af, 0x536f, 0x4b6f, 0x4b6f, 0x4b6f, 0x4b6f, 0x4b6f, 0x4b6f, 0x4b90, 0x4b6f, 0x4b6f, 0x4b4f, 0x5390, 0x4b4f, 0x4b6f, 0x4b6f, 
	0x4b70, 0x4b6f, 0x4b6f, 0x4b6f, 0x4b6f, 0x4b6f, 0x4b6f, 0x4b4f, 0x4b6f, 0x4b70, 0x4b6f, 0x4b6f, 0x4b6f, 0x4b70, 0x4b6f, 0x4b4f, 
	0x4b4f, 0x4b6f, 0x4b6f, 0x4b6f, 0x4b6f, 0x4b6f, 0x4b6f, 0x4b6f, 0x4b6f, 0x4b6f, 0x4b70, 0x4b6f, 0x4b4f, 0x4b6f, 0x4b70, 0x4b6f, 
	0x4b4f, 0x4b4f, 0x4b4f, 0x5390, 0x4b6f, 0x4b6f, 0x4b6f, 0x5390, 0x4b6f, 0x4b4f, 0x4b6f, 0x4b70, 0x4b6f, 0x4b4f, 0x4b6f, 0x4b6f, 
	0x5390, 0x4b6f, 0x4b4f, 0x4b4f, 0x5390, 0x4b6f, 0x4b6f, 0x4b6f, 0x4b70, 0x4b6f, 0x4b4f, 0x4b6f, 0x4b6f, 0x4b6f, 0x4b6f, 0x4b6f, 
	0x4b6f, 0x4b70, 0x4b6f, 0x4b6f, 0x4b6f, 0x4b70, 0x4b6f, 0x4b4f, 0x4b4f, 0x4b70, 0x4b70, 0x4b4f, 0x4b4f, 0x4b70, 0x4b70, 0x4b4f, 
	0x4b4f, 0x4b6f, 0x4b70, 0x4b6f, 0x4b6f, 0x4b6f, 0x4b70, 0x4b6f, 0x4b6f, 0x4b6f, 0x4b6f, 0x5390, 0x4b6f, 0x4b6f, 0x4b6f, 0x5390, 
	0x4b6f, 0x4b4f, 0x4b6f, 0x4b70, 0x4b6f, 0x4b4f, 0x4b6f, 0x4b6f, 0x5390, 0x4b6f, 0x4b4f, 0x4b4f, 0x5390, 0x4b6f, 0x4b6f, 0x4b6f, 
	0x4b70, 0x4b6f, 0x4b6f, 0x4b6f, 0x4b70, 0x4b6f, 0x4b6f, 0x4b4f, 0x4b4f, 0x4b70, 0x4b6f, 0x4b4f, 0x4b6f, 0x4b6f, 0x4b6f, 0x4b6f, 
	0x4b6f, 0x4b6f, 0x4b6f, 0x4b6f, 0x4b6f, 0x4b6f, 0x4b6f, 0x4b6f, 0x4b6f, 0x4b6f, 0x4b70, 0x4b6f, 0x4b6f, 0x4b6f, 0x6b8f, 0x7bcf
};

// Array of all bitmaps for convenience. (Total bytes used to store images in PROGMEM = 20496)
const int close_water_imgallArray_LEN = 1;
const uint16_t* close_water_imgallArray[1] = {
	close_water_img
};
