// 'crab_img', 160x128px
const uint16_t crab_img [] PROGMEM = {
	0xce59, 0xffff, 0xffff, 0xc618, 0xe73c, 0xffff, 0xce79, 0xce59, 0xffff, 0xe73c, 0xce59, 0xffff, 0xffff, 0xc618, 0xe73c, 0xffff, 
	0xce59, 0xce59, 0xffff, 0xdefb, 0xce79, 0xffff, 0xffff, 0xce59, 0xf79e, 0xffff, 0xce59, 0xce79, 0xffff, 0xd6ba, 0xce79, 0xffff, 
	0xffff, 0xce59, 0xffdf, 0xffff, 0xce59, 0xce79, 0xffff, 0xd69a, 0xce79, 0xffff, 0xffff, 0xce59, 0xffff, 0xffff, 0xce59, 0xce59, 
	0xffff, 0xc638, 0xce59, 0xffff, 0xffdf, 0xce59, 0xffff, 0xffff, 0xce59, 0xd69a, 0xffff, 0xce79, 0xce59, 0xffff, 0xf7be, 0xc638, 
	0xffdf, 0xffff, 0xce59, 0xd6ba, 0xffff, 0xce59, 0xce59, 0xffff, 0xf79e, 0xc638, 0xffff, 0xffff, 0xce59, 0xdedb, 0xffff, 0xce59, 
	0xce59, 0xffff, 0xef7d, 0xce59, 0xffff, 0xffff, 0xc638, 0xdefb, 0xffff, 0xce59, 0xc638, 0xffff, 0xef5d, 0xc638, 0xffff, 0xffff, 
	0xc638, 0xe71c, 0xffff, 0xce59, 0xce79, 0xffff, 0xe71c, 0xc638, 0xffff, 0xffff, 0xc638, 0xe71c, 0xffff, 0xce59, 0xce59, 0xffff, 
	0xe71c, 0xc638, 0xffff, 0xffff, 0xc638, 0xef5d, 0xffff, 0xc638, 0xce59, 0xffff, 0xdefb, 0xc638, 0xffff, 0xffff, 0xce59, 0xef7d, 
	0xffff, 0xce59, 0xce59, 0xffff, 0xdedb, 0xce59, 0xffff, 0xffff, 0xc638, 0xf79e, 0xffff, 0xce59, 0xce79, 0xffff, 0xd6ba, 0xce59, 
	0xffff, 0xffdf, 0xc638, 0xf7be, 0xffff, 0xce59, 0xce79, 0xffff, 0xd69a, 0xce59, 0xffff, 0xffff, 0xce59, 0xffdf, 0xffff, 0xce59, 
	0xffff, 0xce59, 0xce59, 0xffff, 0xef5d, 0xce59, 0xffff, 0xffff, 0xce79, 0xe73c, 0xffff, 0xce59, 0xce59, 0xffff, 0xe73c, 0xce79, 
	0xffff, 0xffff, 0xce79, 0xef5d, 0xffff, 0xce59, 0xce59, 0xffff, 0xdefb, 0xce79, 0xffff, 0xffff, 0xce59, 0xef7d, 0xffff, 0xce59, 
	0xce59, 0xffff, 0xd6ba, 0xc638, 0xffff, 0xffff, 0xce79, 0xffdf, 0xffff, 0xce59, 0xce79, 0xffff, 0xce59, 0xce59, 0xffff, 0xffff, 
	0xce79, 0xffff, 0xffff, 0xc638, 0xce79, 0xffff, 0xce59, 0xce59, 0xffff, 0xffdf, 0xce59, 0xffdf, 0xffff, 0xce59, 0xd69a, 0xffff, 
	0xce79, 0xce59, 0xffff, 0xf7be, 0xce79, 0xffff, 0xffff, 0xce59, 0xdedb, 0xffff, 0xce79, 0xc638, 0xffff, 0xf79e, 0xce79, 0xffff, 
	0xffff, 0xce59, 0xdefb, 0xffff, 0xce59, 0xc638, 0xffff, 0xef7d, 0xce79, 0xffff, 0xffff, 0xce79, 0xe71c, 0xffff, 0xce79, 0xce59, 
	0xffff, 0xe73c, 0xce79, 0xffff, 0xffff, 0xce59, 0xe73c, 0xffff, 0xce59, 0xce59, 0xffff, 0xe73c, 0xce79, 0xffff, 0xffff, 0xce79, 
	0xe73c, 0xffff, 0xce59, 0xce79, 0xffff, 0xe71c, 0xce79, 0xffff, 0xffff, 0xce79, 0xef7d, 0xffff, 0xc638, 0xce59, 0xffff, 0xdefb, 
	0xce79, 0xffff, 0xffff, 0xce79, 0xf79e, 0xffff, 0xc638, 0xce79, 0xffff, 0xdedb, 0xce59, 0xffff, 0xffff, 0xce79, 0xf7be, 0xffff, 
	0xc638, 0xce79, 0xffff, 0xd69a, 0xce59, 0xffff, 0xffdf, 0xce59, 0xf7be, 0xffff, 0xce59, 0xce79, 0xffff, 0xce79, 0xc638, 0xffff, 
	0xffff, 0xd6ba, 0xd69a, 0xffff, 0xe73c, 0xce79, 0xf7be, 0xf7be, 0xce79, 0xe73c, 0xffdf, 0xd69a, 0xd69a, 0xffdf, 0xdefb, 0xd69a, 
	0xffdf, 0xf7be, 0xce79, 0xef7d, 0xffdf, 0xd69a, 0xd6ba, 0xffdf, 0xdefb, 0xd69a, 0xffdf, 0xf79e, 0xd69a, 0xef7d, 0xf7be, 0xd69a, 
	0xd6ba, 0xffdf, 0xdefb, 0xd69a, 0xffdf, 0xf7be, 0xce79, 0xef7d, 0xffdf, 0xd69a, 0xdedb, 0xffdf, 0xdedb, 0xce59, 0xffff, 0xf79e, 
	0xce79, 0xef7d, 0xffdf, 0xce79, 0xdedb, 0xffff, 0xdedb, 0xd69a, 0xffff, 0xef7d, 0xce79, 0xf79e, 0xffdf, 0xce79, 0xdedb, 0xffff, 
	0xdedb, 0xd69a, 0xffff, 0xef7d, 0xd69a, 0xf7be, 0xffdf, 0xd69a, 0xdefb, 0xffdf, 0xd69a, 0xce79, 0xffdf, 0xef7d, 0xd69a, 0xffdf, 
	0xffff, 0xd69a, 0xe71c, 0xffdf, 0xd69a, 0xce79, 0xffdf, 0xef5d, 0xd69a, 0xffdf, 0xffdf, 0xd69a, 0xe73c, 0xffdf, 0xce79, 0xce59, 
	0xffdf, 0xe73c, 0xce79, 0xffff, 0xffdf, 0xd69a, 0xe73c, 0xffdf, 0xd69a, 0xd69a, 0xffdf, 0xe73c, 0xd69a, 0xffdf, 0xffff, 0xce79, 
	0xe73c, 0xffdf, 0xce59, 0xce79, 0xffdf, 0xe73c, 0xd69a, 0xffdf, 0xffdf, 0xd69a, 0xef5d, 0xffdf, 0xce79, 0xd69a, 0xffdf, 0xe71c, 
	0xd69a, 0xffff, 0xffdf, 0xd69a, 0xef7d, 0xffdf, 0xce79, 0xd69a, 0xffdf, 0xdedb, 0xd69a, 0xffdf, 0xf7be, 0xd69a, 0xef7d, 0xffff, 
	0xd69a, 0xdedb, 0xffff, 0xdedb, 0xce79, 0xffdf, 0xf7be, 0xce79, 0xf79e, 0xffff, 0xd69a, 0xdedb, 0xffdf, 0xdedb, 0xce79, 0xffdf, 
	0xce59, 0xffff, 0xffff, 0xc638, 0xe73c, 0xffff, 0xce59, 0xce59, 0xffff, 0xe71c, 0xce79, 0xffff, 0xffff, 0xc638, 0xef5d, 0xffff, 
	0xc638, 0xce59, 0xffff, 0xdedb, 0xce59, 0xffff, 0xffff, 0xc638, 0xf79e, 0xffff, 0xc638, 0xce79, 0xffff, 0xdedb, 0xce79, 0xffff, 
	0xffff, 0xce59, 0xffdf, 0xffff, 0xce59, 0xce59, 0xffff, 0xd69a, 0xce59, 0xffff, 0xffff, 0xc638, 0xffff, 0xffff, 0xce59, 0xce59, 
	0xffff, 0xc638, 0xce59, 0xffff, 0xffdf, 0xc638, 0xffff, 0xffff, 0xce59, 0xd69a, 0xffff, 0xce59, 0xce59, 0xffff, 0xf7be, 0xc638, 
	0xffff, 0xffff, 0xce59, 0xd6ba, 0xffff, 0xce59, 0xce59, 0xffff, 0xf79e, 0xc638, 0xffff, 0xffff, 0xce59, 0xdedb, 0xffff, 0xce79, 
	0xce59, 0xffff, 0xf79e, 0xce59, 0xffff, 0xffff, 0xce59, 0xdefb, 0xffff, 0xce59, 0xce59, 0xffff, 0xef5d, 0xce59, 0xffff, 0xffff, 
	0xc638, 0xe71c, 0xffff, 0xce79, 0xce59, 0xffff, 0xe73c, 0xce59, 0xffdf, 0xffdf, 0xc638, 0xe73c, 0xffff, 0xce59, 0xce79, 0xffff, 
	0xe71c, 0xc638, 0xffff, 0xffff, 0xce59, 0xef5d, 0xffff, 0xce59, 0xce59, 0xffff, 0xdefb, 0xce59, 0xffff, 0xffff, 0xce59, 0xef7d, 
	0xffff, 0xce59, 0xce79, 0xffff, 0xdedb, 0xce59, 0xffff, 0xffff, 0xc638, 0xf79e, 0xffff, 0xce59, 0xce59, 0xffff, 0xd6ba, 0xce59, 
	0xffff, 0xffff, 0xc638, 0xf7be, 0xffff, 0xce59, 0xce59, 0xffff, 0xd69a, 0xce59, 0xffff, 0xffff, 0xc638, 0xffdf, 0xffff, 0xce59, 
	0xffff, 0xce59, 0xce59, 0xffff, 0xef5d, 0xce79, 0xffff, 0xffff, 0xce79, 0xe71c, 0xffff, 0xce59, 0xce59, 0xffff, 0xe73c, 0xce59, 
	0xffff, 0xffff, 0xce59, 0xef5d, 0xffff, 0xce59, 0xce59, 0xffff, 0xdefb, 0xce79, 0xffff, 0xffff, 0xce79, 0xef7d, 0xffff, 0xce59, 
	0xce59, 0xffff, 0xd6ba, 0xc638, 0xffff, 0xffff, 0xce79, 0xffdf, 0xffff, 0xc638, 0xce59, 0xffff, 0xc638, 0xce59, 0xffff, 0xffff, 
	0xce79, 0xffff, 0xffff, 0xce59, 0xce79, 0xffff, 0xce59, 0xce59, 0xffff, 0xffdf, 0xce79, 0xf7be, 0xffff, 0xce59, 0xd69a, 0xffff, 
	0xd69a, 0xce59, 0xffdf, 0xf7be, 0xce79, 0xffff, 0xffff, 0xce79, 0xd6ba, 0xffff, 0xce79, 0xc638, 0xffff, 0xf79e, 0xce79, 0xffff, 
	0xffff, 0xce79, 0xdefb, 0xffff, 0xce59, 0xc638, 0xffff, 0xef7d, 0xce79, 0xffff, 0xffff, 0xce79, 0xe71c, 0xffff, 0xce59, 0xc638, 
	0xffff, 0xe73c, 0xce59, 0xffff, 0xffff, 0xce59, 0xe71c, 0xffff, 0xce59, 0xce59, 0xffff, 0xe71c, 0xce59, 0xffff, 0xffff, 0xce79, 
	0xe73c, 0xffff, 0xce59, 0xce59, 0xffff, 0xe71c, 0xce79, 0xffff, 0xffff, 0xce79, 0xef7d, 0xffff, 0xc638, 0xce59, 0xffff, 0xdefb, 
	0xce79, 0xffff, 0xffff, 0xce79, 0xf79e, 0xffdf, 0xc638, 0xce79, 0xffff, 0xd6ba, 0xce79, 0xffff, 0xffdf, 0xce79, 0xf7be, 0xffff, 
	0xce59, 0xd69a, 0xffff, 0xd69a, 0xce59, 0xffff, 0xf7be, 0xce79, 0xffdf, 0xffff, 0xce59, 0xce59, 0xffff, 0xce79, 0xce59, 0xffff, 
	0xffdf, 0xd69a, 0xd6ba, 0xffff, 0xe73c, 0xd69a, 0xffdf, 0xf7be, 0xce79, 0xe73c, 0xffdf, 0xd69a, 0xd69a, 0xffdf, 0xe71c, 0xd69a, 
	0xffdf, 0xf7be, 0xce79, 0xef7d, 0xffdf, 0xd69a, 0xd6ba, 0xffdf, 0xdefb, 0xd69a, 0xffdf, 0xf7be, 0xce79, 0xef5d, 0xffdf, 0xd69a, 
	0xd6ba, 0xffdf, 0xdefb, 0xd69a, 0xffdf, 0xf7be, 0xce79, 0xef7d, 0xffdf, 0xd69a, 0xd6ba, 0xffdf, 0xdedb, 0xce59, 0xffdf, 0xf79e, 
	0xce79, 0xef7d, 0xffdf, 0xd69a, 0xdedb, 0xffdf, 0xdedb, 0xd69a, 0xffdf, 0xf79e, 0xd69a, 0xf79e, 0xffdf, 0xd69a, 0xdedb, 0xffdf, 
	0xdedb, 0xd69a, 0xffdf, 0xef7d, 0xd69a, 0xf7be, 0xffdf, 0xce79, 0xdefb, 0xffdf, 0xd69a, 0xce79, 0xffdf, 0xef7d, 0xd69a, 0xffdf, 
	0xffdf, 0xd69a, 0xe71c, 0xffdf, 0xd69a, 0xce79, 0xffdf, 0xef5d, 0xd69a, 0xffdf, 0xffdf, 0xd69a, 0xe73c, 0xffdf, 0xd69a, 0xce79, 
	0xffdf, 0xe73c, 0xd69a, 0xffff, 0xffdf, 0xd69a, 0xe73c, 0xffdf, 0xd69a, 0xd69a, 0xffdf, 0xe73c, 0xd69a, 0xffff, 0xffdf, 0xd69a, 
	0xe73c, 0xffdf, 0xce79, 0xce79, 0xffdf, 0xe73c, 0xd69a, 0xffdf, 0xffdf, 0xd69a, 0xef5d, 0xffdf, 0xce79, 0xd69a, 0xffdf, 0xe71c, 
	0xd69a, 0xffdf, 0xffdf, 0xd69a, 0xef5d, 0xf7be, 0xce79, 0xd69a, 0xffdf, 0xdedb, 0xce79, 0xffdf, 0xf7be, 0xd69a, 0xef7d, 0xffdf, 
	0xd6ba, 0xdedb, 0xffdf, 0xdedb, 0xd69a, 0xffdf, 0xf79e, 0xd69a, 0xf79e, 0xffdf, 0xd69a, 0xdedb, 0xffdf, 0xdedb, 0xd69a, 0xffdf, 
	0xce79, 0xffff, 0xffff, 0xce59, 0xe73c, 0xffff, 0xce59, 0xce59, 0xffff, 0xe73c, 0xce79, 0xffff, 0xffff, 0xce59, 0xef5d, 0xffff, 
	0xce59, 0xce59, 0xffff, 0xdefb, 0xce79, 0xffff, 0xffff, 0xce59, 0xf79e, 0xffff, 0xce59, 0xce59, 0xffff, 0xdedb, 0xce79, 0xffff, 
	0xffff, 0xce59, 0xf7be, 0xffff, 0xce79, 0xce79, 0xffff, 0xd69a, 0xce79, 0xffff, 0xffff, 0xce59, 0xffff, 0xffff, 0xce59, 0xce79, 
	0xffff, 0xc638, 0xce59, 0xffff, 0xffdf, 0xce59, 0xffff, 0xffff, 0xce59, 0xce79, 0xffff, 0xce79, 0xce59, 0xffff, 0xf7be, 0xce59, 
	0xffff, 0xffff, 0xce59, 0xd6ba, 0xffff, 0xce59, 0xce59, 0xffff, 0xf79e, 0xce79, 0xffff, 0xffff, 0xce59, 0xdedb, 0xffff, 0xce59, 
	0xce59, 0xffff, 0xf79e, 0xce59, 0xffff, 0xffff, 0xce59, 0xdefb, 0xffff, 0xce59, 0xce59, 0xffff, 0xef5d, 0xce59, 0xffff, 0xffff, 
	0xc638, 0xe71c, 0xffff, 0xce79, 0xce59, 0xffff, 0xe73c, 0xc638, 0xffff, 0xffff, 0xce59, 0xe73c, 0xffff, 0xce59, 0xce79, 0xffff, 
	0xe71c, 0xc638, 0xffff, 0xffff, 0xce59, 0xef5d, 0xffff, 0xce59, 0xce59, 0xffff, 0xdefb, 0xce59, 0xffff, 0xffff, 0xce59, 0xef7d, 
	0xffff, 0xce59, 0xce79, 0xffff, 0xdedb, 0xce59, 0xffff, 0xffff, 0xce59, 0xf79e, 0xffff, 0xce59, 0xce59, 0xffff, 0xd6ba, 0xce59, 
	0xffff, 0xffff, 0xce59, 0xf7be, 0xffff, 0xce59, 0xce79, 0xffff, 0xd69a, 0xce59, 0xffff, 0xffff, 0xce59, 0xffdf, 0xffff, 0xce59, 
	0xffff, 0xce79, 0xce59, 0xffff, 0xef7d, 0xce79, 0xffff, 0xffff, 0xce79, 0xe71c, 0xffff, 0xce59, 0xce59, 0xffff, 0xe73c, 0xce59, 
	0xffff, 0xffff, 0xce79, 0xef5d, 0xffff, 0xce59, 0xc638, 0xffff, 0xdefb, 0xce79, 0xffff, 0xffff, 0xce79, 0xef7d, 0xffff, 0xce59, 
	0xce59, 0xffff, 0xd6ba, 0xc638, 0xffff, 0xffff, 0xd69a, 0xffdf, 0xffff, 0xce59, 0xc638, 0xffff, 0xc638, 0xce59, 0xffff, 0xffff, 
	0xce79, 0xffff, 0xffff, 0xce59, 0xce59, 0xffff, 0xce59, 0xce59, 0xffff, 0xffdf, 0xce79, 0xffdf, 0xffff, 0xce59, 0xce79, 0xffff, 
	0xd69a, 0xce59, 0xffff, 0xf7be, 0xce59, 0xffff, 0xffff, 0xce79, 0xd6ba, 0xffff, 0xce79, 0xce59, 0xffff, 0xf79e, 0xce79, 0xffdf, 
	0xffff, 0xce59, 0xdefb, 0xffff, 0xce59, 0xc638, 0xffff, 0xef7d, 0xce79, 0xffff, 0xffff, 0xce79, 0xdefb, 0xffdf, 0xce79, 0xce59, 
	0xffff, 0xe73c, 0xce79, 0xffff, 0xffff, 0xce79, 0xe71c, 0xffff, 0xce59, 0xce79, 0xffff, 0xe71c, 0xce79, 0xffff, 0xffff, 0xce79, 
	0xe73c, 0xffff, 0xce59, 0xce79, 0xffdf, 0xdefb, 0xce79, 0xffff, 0xffff, 0xce79, 0xef7d, 0xffff, 0xc618, 0xce59, 0xffff, 0xdefb, 
	0xce79, 0xffff, 0xffff, 0xce79, 0xf79e, 0xffff, 0xce59, 0xce79, 0xffff, 0xd6ba, 0xce79, 0xffff, 0xffff, 0xce79, 0xf7be, 0xffff, 
	0xce59, 0xd69a, 0xffff, 0xce79, 0xce59, 0xffff, 0xffdf, 0xce79, 0xffdf, 0xffff, 0xce59, 0xce59, 0xffff, 0xce59, 0xce59, 0xffff, 
	0xffdf, 0xce79, 0xd69a, 0xffdf, 0xe73c, 0xce79, 0xffdf, 0xffdf, 0xce79, 0xe73c, 0xffdf, 0xd69a, 0xd69a, 0xffff, 0xe71c, 0xce79, 
	0xffdf, 0xffdf, 0xce79, 0xef5d, 0xffdf, 0xd69a, 0xd69a, 0xffdf, 0xdefb, 0xd69a, 0xffff, 0xf7be, 0xce79, 0xef7d, 0xffdf, 0xce79, 
	0xd69a, 0xffdf, 0xdefb, 0xd69a, 0xffdf, 0xf7be, 0xce79, 0xef7d, 0xffdf, 0xd69a, 0xd6ba, 0xffdf, 0xdefb, 0xce79, 0xffff, 0xf79e, 
	0xce79, 0xef7d, 0xffdf, 0xce79, 0xd6ba, 0xffdf, 0xdedb, 0xd69a, 0xffdf, 0xf79e, 0xd69a, 0xf7be, 0xffdf, 0xce79, 0xdedb, 0xffdf, 
	0xd6ba, 0xd69a, 0xffff, 0xf79e, 0xce79, 0xf7be, 0xffdf, 0xce79, 0xdefb, 0xffdf, 0xd69a, 0xd69a, 0xffdf, 0xef7d, 0xce79, 0xffdf, 
	0xffdf, 0xd69a, 0xe71c, 0xffdf, 0xce79, 0xce79, 0xffdf, 0xef5d, 0xd69a, 0xffdf, 0xffff, 0xd69a, 0xe71c, 0xffdf, 0xce79, 0xce79, 
	0xffdf, 0xe73c, 0xce79, 0xffdf, 0xffff, 0xd69a, 0xe73c, 0xffdf, 0xd6ba, 0xd69a, 0xffdf, 0xe73c, 0xd69a, 0xffdf, 0xffdf, 0xce79, 
	0xe73c, 0xffdf, 0xce79, 0xce79, 0xffdf, 0xe71c, 0xd69a, 0xffff, 0xffdf, 0xd69a, 0xef5d, 0xffdf, 0xce79, 0xce79, 0xffdf, 0xe71c, 
	0xd69a, 0xffdf, 0xffdf, 0xd69a, 0xef7d, 0xffdf, 0xd69a, 0xd69a, 0xffff, 0xdefb, 0xce79, 0xffdf, 0xf7be, 0xd69a, 0xf79e, 0xffff, 
	0xd69a, 0xd6ba, 0xffdf, 0xdedb, 0xce79, 0xffdf, 0xf7be, 0xd69a, 0xf79e, 0xffdf, 0xd69a, 0xdedb, 0xffdf, 0xd6ba, 0xce79, 0xffdf, 
	0xce79, 0xffff, 0xffff, 0xce79, 0xe71c, 0xffdf, 0xce59, 0xce59, 0xffff, 0xe73c, 0xce79, 0xffff, 0xffff, 0xce59, 0xef5d, 0xffff, 
	0xce59, 0xce59, 0xffff, 0xdefb, 0xce79, 0xffff, 0xffff, 0xce59, 0xef7d, 0xffff, 0xce59, 0xce59, 0xffff, 0xdefb, 0xce59, 0xffff, 
	0xffff, 0xce59, 0xf7be, 0xffff, 0xce79, 0xce59, 0xffff, 0xd69a, 0xce79, 0xffff, 0xffff, 0xce59, 0xffff, 0xffff, 0xce79, 0xce59, 
	0xffff, 0xc638, 0xce59, 0xffff, 0xffdf, 0xce59, 0xffff, 0xffff, 0xce79, 0xd69a, 0xffff, 0xce79, 0xce59, 0xffff, 0xf7be, 0xce79, 
	0xffff, 0xffff, 0xce79, 0xd6ba, 0xffff, 0xce79, 0xce59, 0xffff, 0xf79e, 0xce79, 0xffff, 0xffff, 0xce79, 0xdedb, 0xffff, 0xce79, 
	0xc638, 0xffff, 0xef7d, 0xce59, 0xffff, 0xffff, 0xce59, 0xdefb, 0xffff, 0xce59, 0xce79, 0xffff, 0xef5d, 0xce59, 0xffff, 0xffff, 
	0xce59, 0xe71c, 0xffff, 0xce79, 0xce79, 0xffff, 0xe73c, 0xce59, 0xffff, 0xffff, 0xce59, 0xe73c, 0xffff, 0xce79, 0xce79, 0xffff, 
	0xe71c, 0xce59, 0xffff, 0xffff, 0xce59, 0xef5d, 0xffff, 0xce79, 0xce59, 0xffff, 0xdefb, 0xce59, 0xffff, 0xffff, 0xce59, 0xef7d, 
	0xffff, 0xc638, 0xce79, 0xffff, 0xdedb, 0xce59, 0xffff, 0xffff, 0xce59, 0xf79e, 0xffff, 0xce59, 0xce79, 0xffff, 0xd6ba, 0xce79, 
	0xffff, 0xffff, 0xce79, 0xf7be, 0xffff, 0xce59, 0xce79, 0xffff, 0xd6ba, 0xce79, 0xffff, 0xffff, 0xce59, 0xffdf, 0xffff, 0xce59, 
	0xffff, 0xce59, 0xc638, 0xffff, 0xef5d, 0xce79, 0xffff, 0xffff, 0xce79, 0xe71c, 0xffff, 0xce59, 0xce59, 0xffdf, 0xe73c, 0xce79, 
	0xffff, 0xffff, 0xd69a, 0xef7d, 0xffdf, 0xce79, 0xc638, 0xffff, 0xdefb, 0xce79, 0xffff, 0xffff, 0xce79, 0xef7d, 0xffff, 0xce79, 
	0xce59, 0xffff, 0xdedb, 0xc638, 0xffff, 0xffff, 0xd69a, 0xffdf, 0xffff, 0xce59, 0xc638, 0xffff, 0xce59, 0xce59, 0xffff, 0xffff, 
	0xce59, 0xffff, 0xffff, 0xce59, 0xce59, 0xffff, 0xce59, 0xce79, 0xffff, 0xffdf, 0xce79, 0xffdf, 0xffff, 0xce59, 0xce79, 0xffff, 
	0xd69a, 0xce59, 0xffff, 0xf7be, 0xce59, 0xffff, 0xffff, 0xce79, 0xd6ba, 0xffff, 0xce79, 0xce59, 0xffff, 0xef7d, 0xce79, 0xffff, 
	0xffff, 0xce59, 0xe71c, 0xffff, 0xce59, 0xc638, 0xffff, 0xef7d, 0xce79, 0xffff, 0xffff, 0xce79, 0xdefb, 0xffff, 0xce79, 0xce59, 
	0xffff, 0xe73c, 0xce79, 0xffff, 0xffff, 0xce59, 0xe71c, 0xffff, 0xd69a, 0xce79, 0xffff, 0xe71c, 0xce79, 0xffff, 0xffff, 0xce79, 
	0xe73c, 0xffff, 0xce59, 0xce79, 0xffff, 0xdefb, 0xce79, 0xffff, 0xffff, 0xce79, 0xef7d, 0xffff, 0xc638, 0xce59, 0xffff, 0xe71c, 
	0xce59, 0xffff, 0xffff, 0xce79, 0xf79e, 0xffdf, 0xce59, 0xce79, 0xffff, 0xd6ba, 0xce79, 0xffff, 0xffdf, 0xce59, 0xf7be, 0xffff, 
	0xce59, 0xd69a, 0xffff, 0xce79, 0xce59, 0xffff, 0xffdf, 0xce79, 0xffdf, 0xffff, 0xce79, 0xce59, 0xffff, 0xce59, 0xce59, 0xffff, 
	0xffdf, 0xce79, 0xd69a, 0xffdf, 0xe73c, 0xce79, 0xffdf, 0xffdf, 0xce59, 0xe73c, 0xffdf, 0xce79, 0xd69a, 0xffdf, 0xe71c, 0xce79, 
	0xffdf, 0xffdf, 0xce79, 0xef5d, 0xffdf, 0xd69a, 0xd69a, 0xffdf, 0xe71c, 0xce79, 0xffdf, 0xffdf, 0xce79, 0xef7d, 0xffdf, 0xce79, 
	0xd69a, 0xffff, 0xdefb, 0xd69a, 0xffdf, 0xf7be, 0xce79, 0xef7d, 0xffdf, 0xd69a, 0xd69a, 0xffdf, 0xdedb, 0xce59, 0xffdf, 0xf7be, 
	0xd69a, 0xf79e, 0xffdf, 0xd69a, 0xd6ba, 0xffdf, 0xdedb, 0xce79, 0xffdf, 0xf7be, 0xce79, 0xf7be, 0xffdf, 0xce79, 0xdedb, 0xffff, 
	0xd6ba, 0xd69a, 0xffff, 0xf79e, 0xce59, 0xf7be, 0xffff, 0xce79, 0xdedb, 0xffff, 0xd69a, 0xd69a, 0xffdf, 0xef7d, 0xce79, 0xffdf, 
	0xffff, 0xce79, 0xe71c, 0xffdf, 0xd69a, 0xce79, 0xffff, 0xef5d, 0xce79, 0xffdf, 0xffff, 0xce79, 0xe71c, 0xffdf, 0xce79, 0xce59, 
	0xffff, 0xef5d, 0xce79, 0xffff, 0xffff, 0xd69a, 0xe73c, 0xffff, 0xd69a, 0xd69a, 0xffff, 0xe73c, 0xd69a, 0xffff, 0xffff, 0xce79, 
	0xe73c, 0xffff, 0xce59, 0xce79, 0xffdf, 0xe71c, 0xce79, 0xffff, 0xffdf, 0xce79, 0xef5d, 0xffff, 0xce79, 0xd69a, 0xffdf, 0xe71c, 
	0xd69a, 0xffff, 0xffdf, 0xce79, 0xef7d, 0xffdf, 0xd69a, 0xd69a, 0xffff, 0xdefb, 0xce79, 0xffff, 0xffdf, 0xce79, 0xf79e, 0xffff, 
	0xd69a, 0xd6ba, 0xffff, 0xdedb, 0xce79, 0xffdf, 0xf7be, 0xce79, 0xf79e, 0xffdf, 0xce79, 0xdedb, 0xffdf, 0xd6ba, 0xd69a, 0xffdf, 
	0xce79, 0xffff, 0xffff, 0xce79, 0xe71c, 0xffdf, 0xce79, 0xce59, 0xffff, 0xe73c, 0xce79, 0xffff, 0xffff, 0xce59, 0xe73c, 0xffff, 
	0xce59, 0xce79, 0xffff, 0xdefb, 0xce79, 0xffff, 0xffff, 0xce79, 0xef7d, 0xffff, 0xce79, 0xce79, 0xffff, 0xdefb, 0xce79, 0xffff, 
	0xffff, 0xce59, 0xf7be, 0xffff, 0xce79, 0xce79, 0xffff, 0xd69a, 0xce79, 0xffff, 0xffff, 0xce59, 0xffff, 0xffff, 0xce79, 0xce79, 
	0xffff, 0xce59, 0xce79, 0xffff, 0xffff, 0xce59, 0xffff, 0xffff, 0xce79, 0xd69a, 0xffff, 0xd69a, 0xce79, 0xffff, 0xf7be, 0xce79, 
	0xffff, 0xffff, 0xce79, 0xd6ba, 0xffff, 0xce79, 0xce59, 0xffff, 0xf7be, 0xce59, 0xffff, 0xffff, 0xce59, 0xdedb, 0xffff, 0xce79, 
	0xce59, 0xffff, 0xef7d, 0xce59, 0xffff, 0xffff, 0xce79, 0xdefb, 0xffff, 0xce59, 0xce59, 0xffff, 0xef5d, 0xce79, 0xffff, 0xffff, 
	0xce59, 0xe71c, 0xffff, 0xce79, 0xce59, 0xffff, 0xe73c, 0xce59, 0xffff, 0xffff, 0xce59, 0xe73c, 0xffff, 0xce59, 0xce79, 0xffff, 
	0xe71c, 0xce59, 0xffff, 0xffff, 0xce79, 0xef5d, 0xffff, 0xce59, 0xce59, 0xffff, 0xdefb, 0xce79, 0xffff, 0xffff, 0xce59, 0xef7d, 
	0xffff, 0xce59, 0xce79, 0xffff, 0xdedb, 0xce79, 0xffff, 0xffdf, 0xce79, 0xf79e, 0xffff, 0xce59, 0xce79, 0xffff, 0xd6ba, 0xce59, 
	0xffff, 0xffff, 0xce79, 0xf7be, 0xffff, 0xce59, 0xce79, 0xffff, 0xd69a, 0xce79, 0xffff, 0xffff, 0xce59, 0xffff, 0xffff, 0xce79, 
	0xffff, 0xce59, 0xce59, 0xffff, 0xef5d, 0xce79, 0xffff, 0xffff, 0xce79, 0xe73c, 0xffff, 0xce59, 0xce79, 0xffff, 0xe71c, 0xce79, 
	0xffff, 0xffff, 0xce79, 0xef7d, 0xffff, 0xce59, 0xce59, 0xffff, 0xdefb, 0xce79, 0xffff, 0xffff, 0xce59, 0xf79e, 0xffff, 0xce59, 
	0xce59, 0xffff, 0xd6ba, 0xce59, 0xffff, 0xffff, 0xce79, 0xffdf, 0xffff, 0xce59, 0xce59, 0xffff, 0xc638, 0xc638, 0xffff, 0xffff, 
	0xce79, 0xffff, 0xffff, 0xce59, 0xce79, 0xffff, 0xce59, 0xce59, 0xffff, 0xffdf, 0xce79, 0xffdf, 0xffff, 0xce59, 0xd69a, 0xffff, 
	0xce79, 0xce59, 0xffff, 0xf7be, 0xce59, 0xffff, 0xffff, 0xce59, 0xd6ba, 0xffff, 0xce79, 0xce59, 0xffff, 0xef7d, 0xce79, 0xffff, 
	0xffff, 0xce79, 0xdefb, 0xffff, 0xce59, 0xc638, 0xffff, 0xef5d, 0xce79, 0xffff, 0xffff, 0xce79, 0xdefb, 0xffff, 0xd69a, 0xce79, 
	0xffff, 0xe73c, 0xce79, 0xffff, 0xffff, 0xce59, 0xe71c, 0xffff, 0xce79, 0xce79, 0xffff, 0xe71c, 0xce59, 0xffdf, 0xffff, 0xce79, 
	0xe73c, 0xffff, 0xce79, 0xd69a, 0xffff, 0xdefb, 0xce79, 0xffff, 0xffff, 0xce79, 0xef5d, 0xffff, 0xc638, 0xce59, 0xffff, 0xdefb, 
	0xce59, 0xffff, 0xffff, 0xce79, 0xef7d, 0xffff, 0xce79, 0xce79, 0xffff, 0xd6ba, 0xce59, 0xffff, 0xffff, 0xce59, 0xf7be, 0xffff, 
	0xce59, 0xce79, 0xffff, 0xd69a, 0xce59, 0xffff, 0xffff, 0xce79, 0xffdf, 0xffff, 0xce59, 0xce59, 0xffff, 0xce79, 0xce59, 0xffff, 
	0xffff, 0xce79, 0xce79, 0xffff, 0xe73c, 0xce79, 0xffdf, 0xffff, 0xce59, 0xe73c, 0xffff, 0xce79, 0xce79, 0xffff, 0xe71c, 0xce79, 
	0xffff, 0xffdf, 0xce59, 0xef7d, 0xffff, 0xce79, 0xce79, 0xffff, 0xdefb, 0xce79, 0xffff, 0xffdf, 0xce59, 0xef7d, 0xffff, 0xce79, 
	0xce79, 0xffff, 0xdefb, 0xce79, 0xffff, 0xffdf, 0xce79, 0xf79e, 0xffff, 0xce79, 0xd69a, 0xffff, 0xdedb, 0xce59, 0xffff, 0xf7be, 
	0xce79, 0xf79e, 0xffff, 0xce79, 0xd69a, 0xffff, 0xd6ba, 0xce79, 0xffff, 0xf79e, 0xce79, 0xf7be, 0xffff, 0xce59, 0xdedb, 0xffff, 
	0xd69a, 0xce79, 0xffff, 0xf79e, 0xce79, 0xffdf, 0xffdf, 0xce79, 0xdedb, 0xffff, 0xce79, 0xce59, 0xffff, 0xf79e, 0xce79, 0xffdf, 
	0xffff, 0xce79, 0xe71c, 0xffff, 0xce79, 0xce79, 0xffff, 0xef5d, 0xce79, 0xffff, 0xffff, 0xce79, 0xe71c, 0xffff, 0xce79, 0xce59, 
	0xffff, 0xe73c, 0xce59, 0xffff, 0xffff, 0xce79, 0xe73c, 0xffff, 0xce79, 0xce79, 0xffff, 0xe73c, 0xce79, 0xffff, 0xffff, 0xce59, 
	0xe73c, 0xffff, 0xce59, 0xce79, 0xffff, 0xe71c, 0xce79, 0xffff, 0xffff, 0xce79, 0xef5d, 0xffff, 0xce79, 0xce79, 0xffff, 0xe71c, 
	0xce79, 0xffff, 0xffdf, 0xce79, 0xef7d, 0xffff, 0xce79, 0xce79, 0xffff, 0xdedb, 0xce79, 0xffdf, 0xffdf, 0xce79, 0xf79e, 0xffff, 
	0xd69a, 0xd69a, 0xffff, 0xdedb, 0xce79, 0xffff, 0xf7be, 0xce79, 0xf79e, 0xffff, 0xce79, 0xd6ba, 0xffff, 0xd69a, 0xce79, 0xffff, 
	0xce59, 0xffff, 0xffff, 0xce59, 0xe71c, 0xffff, 0xce79, 0xce59, 0xffff, 0xe73c, 0xce79, 0xffff, 0xffff, 0xce59, 0xe73c, 0xffff, 
	0xce59, 0xce79, 0xffff, 0xdefb, 0xce79, 0xffff, 0xffff, 0xce59, 0xef7d, 0xffff, 0xce59, 0xce79, 0xffff, 0xdefb, 0xce59, 0xffff, 
	0xffff, 0xce79, 0xf7be, 0xffff, 0xce79, 0xce79, 0xffff, 0xce79, 0xce79, 0xffff, 0xffff, 0xce59, 0xffff, 0xffff, 0xce79, 0xce79, 
	0xffff, 0xce59, 0xce79, 0xffff, 0xffdf, 0xce59, 0xffff, 0xffff, 0xce79, 0xd69a, 0xffff, 0xce59, 0xce59, 0xffff, 0xf7be, 0xce79, 
	0xffff, 0xffff, 0xce59, 0xd6ba, 0xffff, 0xce79, 0xce59, 0xffff, 0xf7be, 0xce79, 0xffff, 0xffff, 0xce79, 0xdedb, 0xffff, 0xce79, 
	0xce59, 0xffdf, 0xef7d, 0xce79, 0xffff, 0xffff, 0xce79, 0xdefb, 0xffff, 0xce59, 0xce79, 0xffff, 0xef5d, 0xce79, 0xffff, 0xffff, 
	0xce79, 0xe71c, 0xffff, 0xce79, 0xce59, 0xffff, 0xe73c, 0xce79, 0xffff, 0xffff, 0xce79, 0xe73c, 0xffff, 0xce59, 0xce79, 0xffff, 
	0xe71c, 0xce79, 0xffff, 0xffff, 0xce79, 0xef5d, 0xffff, 0xce79, 0xce59, 0xffff, 0xdefb, 0xce79, 0xffff, 0xffff, 0xce79, 0xef7d, 
	0xffff, 0xce79, 0xce79, 0xffff, 0xdedb, 0xce79, 0xffff, 0xffdf, 0xce79, 0xf79e, 0xffff, 0xce59, 0xce79, 0xffff, 0xd6ba, 0xce59, 
	0xffff, 0xffff, 0xce79, 0xf7be, 0xffff, 0xce59, 0xce59, 0xffff, 0xd69a, 0xce79, 0xffff, 0xffff, 0xce79, 0xffdf, 0xffff, 0xce79, 
	0xffff, 0xce59, 0xce79, 0xffff, 0xef5d, 0xce79, 0xffff, 0xffff, 0xce79, 0xe73c, 0xffff, 0xce59, 0xce79, 0xffff, 0xe71c, 0xce79, 
	0xffff, 0xffff, 0xce79, 0xef7d, 0xffff, 0xce79, 0xce59, 0xffff, 0xdefb, 0xce79, 0xffff, 0xffff, 0xce79, 0xef7d, 0xffff, 0xce59, 
	0xce79, 0xffff, 0xd6ba, 0xce59, 0xffff, 0xffff, 0xce79, 0xffff, 0xffff, 0xce59, 0xce79, 0xffff, 0xc638, 0xce59, 0xffdf, 0xffff, 
	0xce79, 0xffff, 0xffff, 0xce79, 0xce79, 0xffff, 0xce59, 0xce79, 0xffff, 0xffdf, 0xce59, 0xffff, 0xffff, 0xce79, 0xd6ba, 0xffff, 
	0xd69a, 0xce79, 0xffdf, 0xf7be, 0xce59, 0xffff, 0xffff, 0xce79, 0xd6ba, 0xffff, 0xce79, 0xce59, 0xffff, 0xf79e, 0xce79, 0xffff, 
	0xffff, 0xce59, 0xdefb, 0xffff, 0xce79, 0xc638, 0xffff, 0xef5d, 0xce59, 0xffff, 0xffff, 0xce59, 0xe71c, 0xffff, 0xd69a, 0xce79, 
	0xffff, 0xef5d, 0xce79, 0xffff, 0xffff, 0xce59, 0xe73c, 0xffff, 0xce79, 0xce79, 0xffff, 0xe73c, 0xce59, 0xffff, 0xffff, 0xce79, 
	0xe73c, 0xffff, 0xce79, 0xd69a, 0xffff, 0xe71c, 0xce59, 0xffff, 0xffff, 0xce59, 0xef5d, 0xffff, 0xc638, 0xce79, 0xffff, 0xdefb, 
	0xce79, 0xffff, 0xffff, 0xce79, 0xef7d, 0xffff, 0xce59, 0xce79, 0xffff, 0xdedb, 0xce79, 0xffff, 0xffff, 0xce59, 0xf7be, 0xffff, 
	0xce79, 0xd69a, 0xffff, 0xd6ba, 0xce79, 0xffff, 0xffff, 0xce59, 0xffdf, 0xffff, 0xce79, 0xce59, 0xffff, 0xce79, 0xce79, 0xffff, 
	0xffff, 0xce79, 0xce79, 0xffff, 0xef5d, 0xce79, 0xffdf, 0xffff, 0xce59, 0xe71c, 0xffff, 0xce79, 0xce79, 0xffff, 0xdefb, 0xce79, 
	0xffff, 0xffff, 0xce59, 0xef7d, 0xffff, 0xce79, 0xce79, 0xffff, 0xdefb, 0xce79, 0xffff, 0xffff, 0xce59, 0xef7d, 0xffff, 0xce79, 
	0xce79, 0xffff, 0xdefb, 0xce79, 0xffff, 0xffdf, 0xce59, 0xf79e, 0xffff, 0xce79, 0xd69a, 0xffff, 0xd6ba, 0xce59, 0xffff, 0xffdf, 
	0xc638, 0xf7be, 0xffff, 0xce79, 0xd69a, 0xffff, 0xd6ba, 0xce79, 0xffff, 0xf79e, 0xce59, 0xffdf, 0xffff, 0xce59, 0xdedb, 0xffff, 
	0xce79, 0xce79, 0xffff, 0xf79e, 0xce59, 0xffff, 0xffff, 0xce59, 0xdedb, 0xffff, 0xce79, 0xce79, 0xffff, 0xf79e, 0xce59, 0xffff, 
	0xffff, 0xce59, 0xe71c, 0xffff, 0xce79, 0xce59, 0xffff, 0xef5d, 0xce59, 0xffff, 0xffff, 0xce59, 0xe71c, 0xffff, 0xce79, 0xce59, 
	0xffff, 0xef5d, 0xce59, 0xffff, 0xffff, 0xce59, 0xe73c, 0xffff, 0xce79, 0xce79, 0xffff, 0xe73c, 0xce59, 0xffff, 0xffff, 0xce59, 
	0xe73c, 0xffff, 0xce59, 0xce79, 0xffff, 0xe71c, 0xce59, 0xffff, 0xffff, 0xce59, 0xef5d, 0xffff, 0xce59, 0xce79, 0xffff, 0xe71c, 
	0xce59, 0xffff, 0xffff, 0xce59, 0xef7d, 0xffff, 0xce59, 0xce79, 0xffff, 0xdedb, 0xce59, 0xffff, 0xffff, 0xce59, 0xf79e, 0xffff, 
	0xce79, 0xce79, 0xffff, 0xdedb, 0xce59, 0xffff, 0xffdf, 0xce59, 0xf79e, 0xffff, 0xce79, 0xd6ba, 0xffff, 0xd69a, 0xce79, 0xffff, 
	0xc638, 0xffff, 0xffff, 0xce59, 0xe73c, 0xffff, 0xce79, 0xce59, 0xffff, 0xe71c, 0xce79, 0xffff, 0xffff, 0xce59, 0xef5d, 0xffff, 
	0xce59, 0xce59, 0xffff, 0xe71c, 0xce79, 0xffff, 0xffff, 0xce79, 0xef7d, 0xffff, 0xce79, 0xce79, 0xffff, 0xdefb, 0xc638, 0xffff, 
	0xffff, 0xce59, 0xf7be, 0xffff, 0xce59, 0xce79, 0xffff, 0xce79, 0xce79, 0xffff, 0xffff, 0xce59, 0xffff, 0xffff, 0xce59, 0xce59, 
	0xffff, 0xce59, 0xce79, 0xffff, 0xffff, 0xce79, 0xffff, 0xffff, 0xce59, 0xce79, 0xffff, 0xce79, 0xce79, 0xffff, 0xf7be, 0xce79, 
	0xffdf, 0xffff, 0xce79, 0xd6ba, 0xffff, 0xce79, 0xce59, 0xffff, 0xf7be, 0xce79, 0xffdf, 0xffff, 0xce79, 0xdedb, 0xffff, 0xce79, 
	0xce59, 0xffff, 0xef7d, 0xce59, 0xffff, 0xffff, 0xce59, 0xdefb, 0xffff, 0xce59, 0xce79, 0xffff, 0xef5d, 0xce79, 0xffff, 0xffff, 
	0xce79, 0xe71c, 0xffff, 0xce79, 0xce59, 0xffff, 0xe73c, 0xce79, 0xffff, 0xffff, 0xce79, 0xe73c, 0xffff, 0xce59, 0xce79, 0xffff, 
	0xe71c, 0xce79, 0xffff, 0xffff, 0xce79, 0xef5d, 0xffff, 0xce79, 0xce59, 0xffff, 0xdefb, 0xce79, 0xffff, 0xffff, 0xce79, 0xef7d, 
	0xffff, 0xce59, 0xce79, 0xffff, 0xdedb, 0xce59, 0xffff, 0xffff, 0xce79, 0xf79e, 0xffff, 0xce59, 0xce79, 0xffff, 0xd6ba, 0xce79, 
	0xffff, 0xffdf, 0xce79, 0xf7be, 0xffff, 0xce59, 0xce79, 0xffff, 0xd69a, 0xce59, 0xffff, 0xffff, 0xce79, 0xffff, 0xffff, 0xce79, 
	0xffff, 0xce79, 0xce79, 0xffff, 0xef5d, 0xce79, 0xffff, 0xffff, 0xce79, 0xe71c, 0xffff, 0xce79, 0xce79, 0xffff, 0xe73c, 0xce79, 
	0xffdf, 0xffff, 0xce79, 0xef7d, 0xffff, 0xce79, 0xce79, 0xffff, 0xdefb, 0xce79, 0xffff, 0xffff, 0xce79, 0xef7d, 0xffff, 0xce79, 
	0xce79, 0xffff, 0xd6ba, 0xce59, 0xffff, 0xffff, 0xce79, 0xffff, 0xffff, 0xce79, 0xce79, 0xffff, 0xce59, 0xce79, 0xffff, 0xffff, 
	0xce79, 0xffff, 0xffff, 0xce79, 0xd69a, 0xffff, 0xce59, 0xce79, 0xffff, 0xffdf, 0xce59, 0xffff, 0xffdf, 0xce79, 0xd6ba, 0xffff, 
	0xd69a, 0xce79, 0xffff, 0xf79e, 0xce79, 0xffdf, 0xffff, 0xce79, 0xdedb, 0xffff, 0xce79, 0xce59, 0xffff, 0xf79e, 0xce79, 0xffdf, 
	0xffff, 0xce79, 0xdefb, 0xffff, 0xce79, 0xce59, 0xffff, 0xef7d, 0xce79, 0xffff, 0xffdf, 0xce79, 0xe71c, 0xffff, 0xd69a, 0xce79, 
	0xffff, 0xef5d, 0xce59, 0xffff, 0xffff, 0xce59, 0xe71c, 0xffff, 0xce79, 0xce79, 0xffff, 0xe71c, 0xce79, 0xffff, 0xffff, 0xce59, 
	0xe73c, 0xffff, 0xce79, 0xd69a, 0xffff, 0xe71c, 0xce79, 0xffdf, 0xffff, 0xce79, 0xef7d, 0xffff, 0xce59, 0xce79, 0xffff, 0xdefb, 
	0xce79, 0xffff, 0xffdf, 0xce79, 0xef7d, 0xffff, 0xce59, 0xd69a, 0xffff, 0xdedb, 0xce79, 0xffff, 0xffdf, 0xce59, 0xf79e, 0xffff, 
	0xce79, 0xd69a, 0xffff, 0xd6ba, 0xce79, 0xffff, 0xffff, 0xce59, 0xf7be, 0xffff, 0xce79, 0xce59, 0xffff, 0xd69a, 0xce79, 0xffff, 
	0xffff, 0xce79, 0xce79, 0xffff, 0xef5d, 0xce59, 0xffff, 0xffff, 0xce59, 0xe71c, 0xffff, 0xce79, 0xce79, 0xffff, 0xe73c, 0xce79, 
	0xffff, 0xffdf, 0xce59, 0xef7d, 0xffff, 0xce79, 0xce79, 0xffff, 0xdefb, 0xce79, 0xffff, 0xffdf, 0xce59, 0xef7d, 0xffff, 0xce79, 
	0xce79, 0xffff, 0xdedb, 0xce79, 0xffff, 0xffdf, 0xce59, 0xf79e, 0xffff, 0xce79, 0xd69a, 0xffff, 0xd6ba, 0xc638, 0xffff, 0xffdf, 
	0xc638, 0xf7be, 0xffff, 0xce79, 0xd69a, 0xffff, 0xd6ba, 0xce59, 0xffff, 0xf7be, 0xce59, 0xffdf, 0xffff, 0xce79, 0xdedb, 0xffff, 
	0xd69a, 0xce79, 0xffff, 0xf79e, 0xce59, 0xffdf, 0xffff, 0xce79, 0xdedb, 0xffff, 0xce79, 0xce79, 0xffff, 0xef7d, 0xce79, 0xffff, 
	0xffff, 0xce79, 0xe71c, 0xffff, 0xce79, 0xce59, 0xffff, 0xef5d, 0xce79, 0xffff, 0xffff, 0xce79, 0xe71c, 0xffff, 0xce79, 0xce59, 
	0xffff, 0xe73c, 0xce59, 0xffff, 0xffff, 0xce59, 0xe73c, 0xffff, 0xce79, 0xce79, 0xffff, 0xe73c, 0xce59, 0xffff, 0xffff, 0xce59, 
	0xe73c, 0xffff, 0xce59, 0xce79, 0xffff, 0xe71c, 0xce79, 0xffff, 0xffff, 0xce79, 0xef5d, 0xffff, 0xce59, 0xce79, 0xffff, 0xe71c, 
	0xce79, 0xffff, 0xffff, 0xce79, 0xef7d, 0xffff, 0xce79, 0xce79, 0xffff, 0xdedb, 0xce79, 0xffff, 0xffdf, 0xce59, 0xf79e, 0xffff, 
	0xce79, 0xd69a, 0xffff, 0xdedb, 0xce59, 0xffff, 0xffdf, 0xce59, 0xf7be, 0xffff, 0xce59, 0xd6ba, 0xffff, 0xd69a, 0xce79, 0xffff, 
	0xce59, 0xffff, 0xffff, 0xc638, 0xe71c, 0xffff, 0xce79, 0xce79, 0xffff, 0xe71c, 0xce79, 0xffff, 0xffff, 0xce59, 0xe73c, 0xffff, 
	0xce79, 0xce79, 0xffff, 0xdefb, 0xce79, 0xffdf, 0xffff, 0xce59, 0xef5d, 0xffff, 0xce79, 0xce59, 0xffff, 0xdefb, 0xc638, 0xffff, 
	0xffff, 0xce59, 0xf7be, 0xffff, 0xce79, 0xce79, 0xffff, 0xce79, 0xd69a, 0xffff, 0xffff, 0xce59, 0xffff, 0xffff, 0xce79, 0xce59, 
	0xffff, 0xce59, 0xce79, 0xffff, 0xffff, 0xce59, 0xffff, 0xffff, 0xce59, 0xd69a, 0xffff, 0xce79, 0xce59, 0xffff, 0xf7be, 0xce79, 
	0xffdf, 0xffff, 0xce59, 0xd6ba, 0xffff, 0xce79, 0xce59, 0xffff, 0xf79e, 0xce59, 0xffff, 0xffff, 0xce79, 0xdedb, 0xffff, 0xce79, 
	0xce59, 0xffff, 0xef7d, 0xce59, 0xffff, 0xffff, 0xce59, 0xdefb, 0xffff, 0xce59, 0xce59, 0xffff, 0xef5d, 0xce59, 0xffff, 0xffff, 
	0xce79, 0xe71c, 0xffff, 0xce79, 0xce59, 0xffff, 0xe73c, 0xce59, 0xffff, 0xffff, 0xce59, 0xe73c, 0xffff, 0xce59, 0xce79, 0xffff, 
	0xe71c, 0xce79, 0xffff, 0xffff, 0xce59, 0xef5d, 0xffff, 0xce59, 0xce59, 0xffff, 0xdefb, 0xce79, 0xffff, 0xffff, 0xce59, 0xef7d, 
	0xffff, 0xce59, 0xce79, 0xffff, 0xdedb, 0xce79, 0xffff, 0xffdf, 0xce79, 0xf79e, 0xffff, 0xce59, 0xce79, 0xffff, 0xd6ba, 0xce59, 
	0xffff, 0xffdf, 0xce79, 0xf7be, 0xffff, 0xce59, 0xce79, 0xffff, 0xd69a, 0xce59, 0xffff, 0xffff, 0xce79, 0xffff, 0xffff, 0xce79, 
	0xffff, 0xce79, 0xce79, 0xffff, 0xef5d, 0xce79, 0xffff, 0xffff, 0xce79, 0xe71c, 0xffff, 0xce79, 0xce79, 0xffdf, 0xe73c, 0xce79, 
	0xffff, 0xffff, 0xce59, 0xef7d, 0xffff, 0xce79, 0xce79, 0xffff, 0xdefb, 0xce79, 0xffff, 0xffff, 0xce59, 0xef7d, 0xffff, 0xce79, 
	0xce79, 0xffff, 0xd6ba, 0xce59, 0xffff, 0xffff, 0xce59, 0xffff, 0xffff, 0xce79, 0xce79, 0xffff, 0xce59, 0xce79, 0xffff, 0xffdf, 
	0xce79, 0xffff, 0xffff, 0xce79, 0xce79, 0xffff, 0xc638, 0xce79, 0xffff, 0xffdf, 0xce59, 0xffff, 0xffff, 0xce79, 0xd6ba, 0xffff, 
	0xd69a, 0xce79, 0xffff, 0xf79e, 0xce59, 0xffdf, 0xffff, 0xce79, 0xdedb, 0xffff, 0xce79, 0xce79, 0xffff, 0xef5d, 0xce79, 0xffdf, 
	0xffff, 0xce79, 0xdefb, 0xffff, 0xce79, 0xce59, 0xffff, 0xef5d, 0xce79, 0xffff, 0xffdf, 0xce79, 0xdefb, 0xffff, 0xd69a, 0xce79, 
	0xffff, 0xe73c, 0xce79, 0xffff, 0xffff, 0xce59, 0xe73c, 0xffff, 0xce79, 0xd69a, 0xffff, 0xe73c, 0xce79, 0xffff, 0xffdf, 0xce59, 
	0xe73c, 0xffff, 0xce79, 0xd69a, 0xffff, 0xe71c, 0xce79, 0xffdf, 0xffff, 0xce79, 0xef5d, 0xffff, 0xce59, 0xce79, 0xffff, 0xdefb, 
	0xce79, 0xffff, 0xffdf, 0xce79, 0xef7d, 0xffff, 0xce79, 0xd69a, 0xffff, 0xdedb, 0xce79, 0xffff, 0xffdf, 0xce59, 0xf79e, 0xffff, 
	0xce79, 0xd69a, 0xffff, 0xd6ba, 0xce79, 0xffff, 0xffff, 0xce59, 0xf7be, 0xffff, 0xce79, 0xce59, 0xffff, 0xce79, 0xce79, 0xffff, 
	0xffff, 0xce59, 0xce79, 0xffff, 0xef5d, 0xce79, 0xffff, 0xffff, 0xce79, 0xe73c, 0xffff, 0xce59, 0xce79, 0xffff, 0xe73c, 0xce79, 
	0xffff, 0xffff, 0xce79, 0xef7d, 0xffff, 0xce59, 0xce59, 0xffff, 0xdefb, 0xce59, 0xffff, 0xffff, 0xce59, 0xef7d, 0xffff, 0xce59, 
	0xce79, 0xffff, 0xdedb, 0xce79, 0xffff, 0xffdf, 0xce59, 0xf7be, 0xffff, 0xce79, 0xd69a, 0xffff, 0xd6ba, 0xce79, 0xffff, 0xffdf, 
	0xce59, 0xf7be, 0xffff, 0xce79, 0xd69a, 0xffff, 0xd6ba, 0xce59, 0xffff, 0xf7be, 0xce59, 0xffdf, 0xffff, 0xce79, 0xd6ba, 0xffff, 
	0xd69a, 0xce79, 0xffff, 0xf79e, 0xce59, 0xffdf, 0xffff, 0xce79, 0xdedb, 0xffff, 0xce79, 0xce79, 0xffff, 0xef7d, 0xce79, 0xffff, 
	0xffff, 0xce79, 0xe71c, 0xffff, 0xce79, 0xce59, 0xffff, 0xef5d, 0xce79, 0xffff, 0xffff, 0xce79, 0xe71c, 0xffff, 0xce79, 0xce59, 
	0xffff, 0xe73c, 0xce79, 0xffff, 0xffff, 0xce79, 0xe73c, 0xffff, 0xce59, 0xce79, 0xffff, 0xe73c, 0xce79, 0xffff, 0xffff, 0xce79, 
	0xe73c, 0xffff, 0xce59, 0xce79, 0xffff, 0xe71c, 0xce79, 0xffff, 0xffff, 0xce79, 0xef5d, 0xffff, 0xce59, 0xce79, 0xffff, 0xe71c, 
	0xce79, 0xffff, 0xffff, 0xce79, 0xef7d, 0xffff, 0xce79, 0xd69a, 0xffff, 0xdedb, 0xce79, 0xffff, 0xffdf, 0xce59, 0xf79e, 0xffff, 
	0xce79, 0xd69a, 0xffff, 0xd6ba, 0xce79, 0xffff, 0xffdf, 0xce59, 0xf7be, 0xffff, 0xce59, 0xd69a, 0xffff, 0xd69a, 0xce79, 0xffff, 
	0xc638, 0xffdf, 0xffdf, 0xc638, 0xe73c, 0xffff, 0xce79, 0xce79, 0xffff, 0xe71c, 0xce79, 0xffff, 0xffff, 0xce59, 0xef5d, 0xffff, 
	0xce79, 0xce79, 0xffff, 0xdefb, 0xce79, 0xffdf, 0xffff, 0xc638, 0xef7d, 0xffff, 0xce79, 0xce79, 0xffff, 0xdefb, 0xc638, 0xffff, 
	0xffff, 0xce59, 0xf7be, 0xffff, 0xce79, 0xce79, 0xffff, 0xce79, 0xce79, 0xffff, 0xffff, 0xce59, 0xffff, 0xffff, 0xce59, 0xce59, 
	0xffff, 0xce59, 0xce79, 0xffff, 0xffff, 0xce59, 0xffff, 0xffff, 0xce59, 0xd69a, 0xffff, 0xce59, 0xce79, 0xffff, 0xf7be, 0xce79, 
	0xffdf, 0xffff, 0xce59, 0xdedb, 0xffff, 0xce79, 0xce59, 0xffff, 0xf79e, 0xce59, 0xffff, 0xffff, 0xce79, 0xdedb, 0xffff, 0xce79, 
	0xce59, 0xffff, 0xef7d, 0xce59, 0xffff, 0xffff, 0xce59, 0xdefb, 0xffff, 0xce59, 0xce79, 0xffff, 0xef5d, 0xce59, 0xffff, 0xffff, 
	0xce59, 0xe71c, 0xffff, 0xce79, 0xce59, 0xffff, 0xe73c, 0xce59, 0xffff, 0xffff, 0xce59, 0xe73c, 0xffff, 0xce59, 0xce79, 0xffff, 
	0xe71c, 0xce59, 0xffff, 0xffff, 0xce59, 0xe73c, 0xffff, 0xce79, 0xce79, 0xffff, 0xdefb, 0xce59, 0xffff, 0xffff, 0xce59, 0xef7d, 
	0xffff, 0xce59, 0xce79, 0xffff, 0xdedb, 0xce79, 0xffff, 0xffff, 0xce59, 0xf79e, 0xffff, 0xce59, 0xce79, 0xffff, 0xdedb, 0xce59, 
	0xffff, 0xffff, 0xce79, 0xf7be, 0xffff, 0xce79, 0xce59, 0xffff, 0xd69a, 0xce59, 0xffff, 0xffff, 0xce59, 0xffff, 0xffff, 0xce79, 
	0xffff, 0xce59, 0xce79, 0xffff, 0xef5d, 0xce79, 0xffff, 0xffff, 0xce79, 0xe73c, 0xffff, 0xce79, 0xce79, 0xffff, 0xe73c, 0xce59, 
	0xffff, 0xffff, 0xce59, 0xef7d, 0xffff, 0xce79, 0xce79, 0xffff, 0xdefb, 0xce59, 0xffff, 0xffff, 0xce79, 0xef7d, 0xffff, 0xce79, 
	0xce79, 0xffff, 0xdedb, 0xce59, 0xffff, 0xffff, 0xce59, 0xffff, 0xffff, 0xce79, 0xce79, 0xffff, 0xce79, 0xce79, 0xffff, 0xffff, 
	0xce59, 0xffff, 0xffff, 0xce79, 0xce79, 0xffff, 0xce59, 0xce79, 0xffff, 0xffdf, 0xce59, 0xffff, 0xffdf, 0xce79, 0xdedb, 0xffff, 
	0xce79, 0xce79, 0xffff, 0xf79e, 0xce59, 0xffdf, 0xffff, 0xce79, 0xdedb, 0xffff, 0xd69a, 0xce79, 0xffff, 0xef5d, 0xce79, 0xffdf, 
	0xffff, 0xce79, 0xdefb, 0xffff, 0xce79, 0xce59, 0xffff, 0xef7d, 0xce59, 0xffff, 0xffdf, 0xce59, 0xe71c, 0xffff, 0xd69a, 0xce79, 
	0xffff, 0xe73c, 0xce79, 0xffdf, 0xffff, 0xce59, 0xe73c, 0xffff, 0xd69a, 0xce79, 0xffff, 0xe73c, 0xce59, 0xffff, 0xffdf, 0xce79, 
	0xe73c, 0xffff, 0xce79, 0xd69a, 0xffff, 0xe71c, 0xce59, 0xffdf, 0xffdf, 0xce59, 0xef7d, 0xffff, 0xce59, 0xce79, 0xffff, 0xdefb, 
	0xce79, 0xffff, 0xffdf, 0xce79, 0xef7d, 0xffff, 0xce79, 0xce79, 0xffff, 0xdedb, 0xce79, 0xffff, 0xffdf, 0xce59, 0xf79e, 0xffff, 
	0xce79, 0xd69a, 0xffff, 0xdedb, 0xce79, 0xffdf, 0xffff, 0xce59, 0xf7be, 0xffff, 0xce79, 0xce59, 0xffff, 0xce79, 0xce79, 0xffff, 
	0xffff, 0xce59, 0xce59, 0xffff, 0xef5d, 0xce79, 0xffff, 0xffff, 0xce79, 0xe73c, 0xffff, 0xc638, 0xce79, 0xffff, 0xe73c, 0xce79, 
	0xffff, 0xffff, 0xce79, 0xef5d, 0xffff, 0xce59, 0xce59, 0xffff, 0xdefb, 0xce79, 0xffff, 0xffff, 0xce79, 0xef7d, 0xffff, 0xce59, 
	0xce59, 0xffff, 0xdedb, 0xce79, 0xffff, 0xffdf, 0xce79, 0xf7be, 0xffff, 0xce59, 0xce79, 0xffff, 0xd6ba, 0xce79, 0xffff, 0xffdf, 
	0xce59, 0xf7be, 0xffff, 0xce79, 0xd69a, 0xffff, 0xd69a, 0xce79, 0xffff, 0xf7be, 0xce59, 0xffdf, 0xffff, 0xce79, 0xd6ba, 0xffff, 
	0xd69a, 0xce79, 0xffff, 0xf7be, 0xce59, 0xffdf, 0xffff, 0xce79, 0xd6ba, 0xffff, 0xd69a, 0xce59, 0xffff, 0xef7d, 0xce79, 0xffdf, 
	0xffff, 0xce59, 0xdefb, 0xffff, 0xce79, 0xce59, 0xffff, 0xef5d, 0xce79, 0xffff, 0xffff, 0xce79, 0xe71c, 0xffff, 0xce59, 0xc638, 
	0xffff, 0xe73c, 0xce79, 0xffff, 0xffff, 0xce79, 0xe73c, 0xffff, 0xce59, 0xce59, 0xffff, 0xe73c, 0xce79, 0xffff, 0xffff, 0xce79, 
	0xe73c, 0xffff, 0xc638, 0xce59, 0xffff, 0xe71c, 0xce79, 0xffff, 0xffff, 0xce79, 0xef5d, 0xffff, 0xce59, 0xce79, 0xffff, 0xdefb, 
	0xce79, 0xffff, 0xffdf, 0xce79, 0xef7d, 0xffff, 0xce59, 0xd69a, 0xffff, 0xd6ba, 0xce79, 0xffff, 0xffdf, 0xce59, 0xf7be, 0xffff, 
	0xce79, 0xd69a, 0xffff, 0xd6ba, 0xce79, 0xffff, 0xffdf, 0xce59, 0xf7be, 0xffff, 0xce79, 0xd69a, 0xffff, 0xd69a, 0xce79, 0xffff, 
	0xce59, 0xffff, 0xffdf, 0xce59, 0xe71c, 0xffff, 0xce79, 0xce59, 0xffff, 0xe73c, 0xce79, 0xffff, 0xffff, 0xce59, 0xef5d, 0xffff, 
	0xce79, 0xce59, 0xffff, 0xdefb, 0xce79, 0xffff, 0xffff, 0xce59, 0xef7d, 0xffff, 0xce79, 0xce79, 0xffff, 0xdefb, 0xc638, 0xffff, 
	0xffdf, 0xce59, 0xf7be, 0xffff, 0xce79, 0xce79, 0xffff, 0xce79, 0xce59, 0xffff, 0xffff, 0xc638, 0xffff, 0xffff, 0xce59, 0xce79, 
	0xffff, 0xce59, 0xce79, 0xffff, 0xffdf, 0xce59, 0xffff, 0xffff, 0xce59, 0xd69a, 0xffff, 0xce79, 0xce79, 0xffff, 0xf7be, 0xce79, 
	0xffdf, 0xffff, 0xce59, 0xd6ba, 0xffff, 0xce79, 0xce59, 0xffff, 0xf79e, 0xce79, 0xffff, 0xffff, 0xce79, 0xdedb, 0xffff, 0xce59, 
	0xce59, 0xffff, 0xef7d, 0xce79, 0xffff, 0xffff, 0xce79, 0xdefb, 0xffff, 0xce79, 0xd69a, 0xffff, 0xef5d, 0xce79, 0xffff, 0xffff, 
	0xce79, 0xe71c, 0xffff, 0xce79, 0xce59, 0xffff, 0xe73c, 0xce79, 0xffff, 0xffff, 0xce79, 0xe73c, 0xffff, 0xce79, 0xce79, 0xffff, 
	0xe71c, 0xce79, 0xffff, 0xffff, 0xce59, 0xef5d, 0xffff, 0xd69a, 0xd69a, 0xffff, 0xdefb, 0xce79, 0xffff, 0xffff, 0xce79, 0xef7d, 
	0xffff, 0xce59, 0xce59, 0xffff, 0xdedb, 0xce79, 0xffff, 0xffff, 0xce59, 0xf7be, 0xffff, 0xce59, 0xce79, 0xffff, 0xd6ba, 0xce59, 
	0xffff, 0xffdf, 0xce79, 0xf7be, 0xffff, 0xce59, 0xce79, 0xffff, 0xd69a, 0xce59, 0xffff, 0xffff, 0xce59, 0xffdf, 0xffff, 0xce79, 
	0xffff, 0xce79, 0xce79, 0xffff, 0xef5d, 0xce59, 0xffff, 0xffff, 0xce59, 0xe73c, 0xffff, 0xce59, 0xce79, 0xffff, 0xe73c, 0xce79, 
	0xffff, 0xffff, 0xce59, 0xef5d, 0xffff, 0xce79, 0xce59, 0xffff, 0xe71c, 0xce59, 0xffff, 0xffff, 0xce59, 0xef7d, 0xffff, 0xce79, 
	0xce79, 0xffff, 0xdedb, 0xc638, 0xffff, 0xffff, 0xce59, 0xffff, 0xffff, 0xce79, 0xce79, 0xffff, 0xce79, 0xce79, 0xffff, 0xffff, 
	0xce79, 0xffff, 0xffff, 0xce79, 0xce79, 0xffff, 0xce59, 0xce79, 0xffff, 0xf7be, 0xce59, 0xffff, 0xffdf, 0xce79, 0xd6ba, 0xffff, 
	0xd69a, 0xce79, 0xffff, 0xf79e, 0xc638, 0xffdf, 0xffff, 0xce59, 0xdefb, 0xffff, 0xce79, 0xce59, 0xffff, 0xef5d, 0xce59, 0xffff, 
	0xffff, 0xce59, 0xe71c, 0xffff, 0xce79, 0xce59, 0xffff, 0xef7d, 0xce59, 0xffff, 0xffff, 0xce59, 0xe71c, 0xffff, 0xce79, 0xce79, 
	0xffff, 0xe73c, 0xce59, 0xffff, 0xffff, 0xce59, 0xe73c, 0xffff, 0xce79, 0xce79, 0xffff, 0xe73c, 0xce59, 0xffff, 0xffff, 0xce59, 
	0xe73c, 0xffff, 0xce79, 0xce79, 0xffff, 0xe71c, 0xce59, 0xffff, 0xffff, 0xce59, 0xef7d, 0xffff, 0xce59, 0xce79, 0xffff, 0xe71c, 
	0xce59, 0xffff, 0xffff, 0xce59, 0xef5d, 0xffff, 0xce59, 0xce79, 0xffff, 0xdefb, 0xce59, 0xffff, 0xffdf, 0xce59, 0xf79e, 0xffff, 
	0xce79, 0xd69a, 0xffff, 0xd6ba, 0xce79, 0xffff, 0xffff, 0xce59, 0xf7be, 0xffff, 0xce79, 0xce59, 0xffff, 0xce79, 0xce59, 0xffff, 
	0xffff, 0xce59, 0xce59, 0xffff, 0xef5d, 0xce59, 0xffff, 0xffff, 0xce79, 0xe73c, 0xffff, 0xce59, 0xce59, 0xffff, 0xe73c, 0xce79, 
	0xffff, 0xffff, 0xce79, 0xef7d, 0xffff, 0xce59, 0xce59, 0xffff, 0xdefb, 0xce79, 0xffff, 0xffff, 0xce79, 0xf79e, 0xffff, 0xce59, 
	0xce59, 0xffff, 0xdedb, 0xce79, 0xffff, 0xffff, 0xce79, 0xf7be, 0xffff, 0xce79, 0xce59, 0xffff, 0xd6ba, 0xce59, 0xffff, 0xffdf, 
	0xce79, 0xf7be, 0xffff, 0xc638, 0xd69a, 0xffff, 0xd69a, 0xce59, 0xffff, 0xffdf, 0xce59, 0xffdf, 0xffff, 0xce79, 0xd6ba, 0xffff, 
	0xce79, 0xce59, 0xffff, 0xf7be, 0xce59, 0xffdf, 0xffff, 0xce79, 0xd6ba, 0xffff, 0xce79, 0xce59, 0xffff, 0xef7d, 0xce59, 0xffff, 
	0xffff, 0xce59, 0xe71c, 0xffff, 0xce59, 0xce59, 0xffff, 0xef5d, 0xce59, 0xffff, 0xffff, 0xce59, 0xe71c, 0xffff, 0xce59, 0xc638, 
	0xffff, 0xef5d, 0xce59, 0xffff, 0xffff, 0xce59, 0xe73c, 0xffff, 0xc638, 0xce59, 0xffff, 0xe73c, 0xce59, 0xffff, 0xffff, 0xce59, 
	0xe73c, 0xffff, 0xc638, 0xce59, 0xffff, 0xe71c, 0xce59, 0xffff, 0xffff, 0xce59, 0xef5d, 0xffff, 0xc638, 0xce59, 0xffff, 0xe71c, 
	0xce59, 0xffff, 0xffff, 0xce79, 0xef7d, 0xffff, 0xce59, 0xce79, 0xffff, 0xdedb, 0xce79, 0xffff, 0xffdf, 0xce59, 0xf7be, 0xffff, 
	0xce59, 0xce79, 0xffff, 0xd6ba, 0xce79, 0xffff, 0xffdf, 0xce59, 0xf7be, 0xffff, 0xce59, 0xd69a, 0xffff, 0xd69a, 0xc638, 0xffff, 
	0xce59, 0xffff, 0xffff, 0xce59, 0xe73c, 0xffff, 0xce79, 0xce59, 0xffff, 0xe71c, 0xce79, 0xffff, 0xffff, 0xce59, 0xe73c, 0xffff, 
	0xce79, 0xce59, 0xffff, 0xe71c, 0xce79, 0xffff, 0xffff, 0xce79, 0xef7d, 0xffff, 0xce79, 0xce79, 0xffff, 0xdefb, 0xc638, 0xffff, 
	0xffff, 0xce79, 0xf79e, 0xffff, 0xce79, 0xce79, 0xffff, 0xce79, 0xce59, 0xffff, 0xffff, 0xce59, 0xffff, 0xffff, 0xce79, 0xce79, 
	0xffff, 0xce59, 0xce79, 0xffff, 0xffdf, 0xce59, 0xffff, 0xffff, 0xce59, 0xd69a, 0xffff, 0xce79, 0xce79, 0xffff, 0xf7be, 0xce79, 
	0xffff, 0xffff, 0xce59, 0xd6ba, 0xffff, 0xce79, 0xce59, 0xffff, 0xf79e, 0xce59, 0xffff, 0xffff, 0xce59, 0xdedb, 0xffff, 0xce59, 
	0xce59, 0xffff, 0xef7d, 0xce79, 0xffff, 0xffff, 0xce59, 0xdefb, 0xffff, 0xce59, 0xce79, 0xffff, 0xef5d, 0xce79, 0xffff, 0xffff, 
	0xce79, 0xe71c, 0xffff, 0xce79, 0xce59, 0xffff, 0xe73c, 0xce79, 0xffff, 0xffff, 0xce79, 0xe73c, 0xffff, 0xce59, 0xce79, 0xffff, 
	0xe71c, 0xce79, 0xffff, 0xffff, 0xce79, 0xef5d, 0xffff, 0xce79, 0xd69a, 0xffff, 0xdefb, 0xce79, 0xffff, 0xffff, 0xce79, 0xf77e, 
	0xffff, 0xce59, 0xce59, 0xffff, 0xdedb, 0xce79, 0xffff, 0xffff, 0xce59, 0xf79e, 0xffff, 0xce59, 0xce79, 0xffff, 0xd6ba, 0xce59, 
	0xffff, 0xffff, 0xce79, 0xf7be, 0xffff, 0xce79, 0xce79, 0xffff, 0xd69a, 0xce59, 0xffff, 0xffff, 0xce59, 0xffdf, 0xffff, 0xce79, 
	0xffff, 0xd69a, 0xce79, 0xffff, 0xef5d, 0xce79, 0xffff, 0xffff, 0xce79, 0xe73c, 0xffff, 0xce79, 0xce79, 0xffdf, 0xe73c, 0xce79, 
	0xffff, 0xffff, 0xce79, 0xef5d, 0xffff, 0xce79, 0xce79, 0xffff, 0xe71c, 0xce79, 0xffff, 0xffff, 0xce79, 0xef7d, 0xffff, 0xce79, 
	0xd69a, 0xffff, 0xdedb, 0xce59, 0xffff, 0xffff, 0xce59, 0xffff, 0xffff, 0xce79, 0xce79, 0xffff, 0xce79, 0xce79, 0xffff, 0xffdf, 
	0xce79, 0xffff, 0xffff, 0xce59, 0xd69a, 0xffff, 0xce79, 0xce79, 0xffff, 0xf7be, 0xce79, 0xffff, 0xffdf, 0xce79, 0xd6ba, 0xffff, 
	0xd69a, 0xce79, 0xffff, 0xf79e, 0xce59, 0xffdf, 0xffff, 0xce79, 0xdedb, 0xffff, 0xd69a, 0xce79, 0xffff, 0xef5d, 0xce79, 0xffdf, 
	0xffff, 0xce79, 0xe71c, 0xffff, 0xce79, 0xce79, 0xffff, 0xef5d, 0xce79, 0xffff, 0xffdf, 0xce59, 0xe71c, 0xffff, 0xce79, 0xce79, 
	0xffff, 0xe73c, 0xce79, 0xffdf, 0xffff, 0xce59, 0xe73c, 0xffff, 0xce79, 0xce79, 0xffff, 0xe73c, 0xce59, 0xffdf, 0xffdf, 0xce79, 
	0xe73c, 0xffff, 0xce79, 0xce79, 0xffff, 0xe71c, 0xce59, 0xffdf, 0xffdf, 0xce59, 0xef5d, 0xffff, 0xce79, 0xce7a, 0xffff, 0xdf1b, 
	0xce79, 0xffdf, 0xffdf, 0xce79, 0xef5d, 0xffff, 0xce59, 0xd69a, 0xffff, 0xdefb, 0xce79, 0xffff, 0xffdf, 0xce59, 0xf79e, 0xffff, 
	0xce79, 0xd69a, 0xffff, 0xd6ba, 0xce79, 0xffdf, 0xffff, 0xce79, 0xffdf, 0xffdf, 0xce79, 0xce79, 0xffff, 0xd69a, 0xce59, 0xffff, 
	0xffff, 0xce59, 0xce59, 0xffff, 0xef5d, 0xce59, 0xffff, 0xffff, 0xce79, 0xe71c, 0xffff, 0xce59, 0xce59, 0xffff, 0xe73c, 0xce59, 
	0xffff, 0xffff, 0xce79, 0xef7d, 0xffff, 0xce59, 0xce59, 0xffff, 0xdefb, 0xce79, 0xffff, 0xffff, 0xce79, 0xf79e, 0xffff, 0xc638, 
	0xce59, 0xffff, 0xd6ba, 0xce79, 0xffff, 0xffff, 0xce79, 0xf7be, 0xffff, 0xce59, 0xce59, 0xffff, 0xd6ba, 0xce59, 0xffff, 0xffdf, 
	0xce59, 0xffdf, 0xffff, 0xce59, 0xce79, 0xffff, 0xd69a, 0xce59, 0xffff, 0xffdf, 0xce59, 0xffdf, 0xffff, 0xce79, 0xd69a, 0xffff, 
	0xce79, 0xce59, 0xffff, 0xf7be, 0xce59, 0xffff, 0xffff, 0xce79, 0xdedb, 0xffff, 0xce79, 0xce59, 0xffff, 0xef7d, 0xce59, 0xffff, 
	0xffff, 0xce59, 0xdefb, 0xffff, 0xce79, 0xc638, 0xffff, 0xef5d, 0xce79, 0xffff, 0xffff, 0xce59, 0xe71c, 0xffff, 0xce59, 0xc638, 
	0xffff, 0xe73c, 0xce59, 0xffff, 0xffff, 0xce59, 0xe73c, 0xffff, 0xc638, 0xc638, 0xffff, 0xe73c, 0xce59, 0xffff, 0xffff, 0xce59, 
	0xe73c, 0xffff, 0xc638, 0xce59, 0xffff, 0xe71c, 0xce59, 0xffff, 0xffff, 0xce59, 0xef5d, 0xffff, 0xc658, 0xce58, 0xfefb, 0xe6da, 
	0xc679, 0xffff, 0xffff, 0xce59, 0xef7d, 0xffff, 0xce59, 0xce79, 0xffff, 0xdedb, 0xce79, 0xffff, 0xffff, 0xce59, 0xf7be, 0xffff, 
	0xce59, 0xd69a, 0xffff, 0xd69a, 0xce79, 0xffff, 0xffdf, 0xce59, 0xf7be, 0xffff, 0xce59, 0xd69a, 0xffff, 0xce79, 0xce59, 0xffff, 
	0xce59, 0xffff, 0xffff, 0xce59, 0xe71c, 0xffff, 0xce79, 0xce59, 0xffff, 0xe73c, 0xce79, 0xffdf, 0xffff, 0xce59, 0xe73c, 0xffdf, 
	0xce79, 0xce79, 0xffff, 0xe71c, 0xce79, 0xffff, 0xffff, 0xce79, 0xef5d, 0xffff, 0xce59, 0xce79, 0xffff, 0xe6fb, 0xc638, 0xffff, 
	0xffdf, 0xce79, 0xf79e, 0xffff, 0xce79, 0xce79, 0xffff, 0xce79, 0xce79, 0xffff, 0xffff, 0xce79, 0xffff, 0xffff, 0xce79, 0xce79, 
	0xffff, 0xce59, 0xce79, 0xffff, 0xffff, 0xce59, 0xffff, 0xffff, 0xce79, 0xd69a, 0xffff, 0xce79, 0xce79, 0xffff, 0xff9f, 0xce5a, 
	0xffff, 0xffff, 0xce5a, 0xd6bb, 0xffff, 0xce9a, 0xd659, 0xffdf, 0xf79d, 0xce59, 0xffff, 0xffff, 0xce79, 0xdedb, 0xffff, 0xce59, 
	0xce59, 0xffff, 0xef7d, 0xce79, 0xffff, 0xffff, 0xce59, 0xdefc, 0xffff, 0xce7a, 0xce7a, 0xffff, 0xe75e, 0xc658, 0xffff, 0xf7ff, 
	0xc699, 0xe71c, 0xffff, 0xce79, 0xce59, 0xffff, 0xe73c, 0xce79, 0xffff, 0xffff, 0xce59, 0xe73c, 0xffff, 0xce79, 0xce79, 0xffff, 
	0xe71c, 0xce79, 0xffff, 0xffff, 0xce59, 0xef3c, 0xffff, 0xce79, 0xce79, 0xffff, 0xdefb, 0xbe7b, 0xffff, 0xbd95, 0x2083, 0xbd97, 
	0xf7fd, 0xc658, 0xce59, 0xffff, 0xdedb, 0xce79, 0xffff, 0xffff, 0xce79, 0xf7be, 0xffdf, 0xce79, 0xce79, 0xffff, 0xd6ba, 0xce59, 
	0xffff, 0xffff, 0xce79, 0xf7be, 0xffff, 0xce79, 0xce79, 0xffff, 0xd69a, 0xce79, 0xffff, 0xffff, 0xce59, 0xffff, 0xffff, 0xce79, 
	0xffdf, 0xd69a, 0xd69a, 0xffdf, 0xe73c, 0xce79, 0xffdf, 0xffdf, 0xce79, 0xe73c, 0xffdf, 0xd69a, 0xd69a, 0xffdf, 0xe73c, 0xce79, 
	0xffdf, 0xffdf, 0xce59, 0xe73c, 0xffdf, 0xce79, 0xd69a, 0xffdf, 0xdefb, 0xce79, 0xffdf, 0xffdf, 0xce79, 0xef7d, 0xffdf, 0xce79, 
	0xd69a, 0xffdf, 0xdedb, 0xce79, 0xffdf, 0xffdf, 0xce79, 0xffdf, 0xffdf, 0xce59, 0xd69a, 0xffdf, 0xce79, 0xce79, 0xffdf, 0xffdf, 
	0xce79, 0xffdf, 0xffdf, 0xce79, 0xd69a, 0xffdf, 0xce79, 0xce79, 0xffdf, 0xf7be, 0xce79, 0xffdf, 0xffdf, 0xce79, 0xdefb, 0xffdf, 
	0xd699, 0xd679, 0xffde, 0xf77d, 0xce79, 0xf7be, 0xf7df, 0xce79, 0xdefb, 0xffdf, 0xd6ba, 0xce79, 0xffdf, 0xef5d, 0xce79, 0xf7be, 
	0xffdf, 0xce79, 0xdefb, 0xffdf, 0xd69a, 0xce79, 0xffdf, 0xef5c, 0xce79, 0xffde, 0xffde, 0xce79, 0xe71b, 0xffdf, 0xd69a, 0xd69a, 
	0xffdf, 0xe73c, 0xce79, 0xffdf, 0xffdf, 0xce79, 0xe73c, 0xffdf, 0xd69a, 0xd69a, 0xffdf, 0xe73c, 0xce79, 0xffdf, 0xffdf, 0xce79, 
	0xe73c, 0xffdf, 0xd69a, 0xd69a, 0xffdf, 0xe71c, 0xce79, 0xffbe, 0xffdf, 0xce79, 0xef5d, 0xe73c, 0x3924, 0x8202, 0xd403, 0x7a23, 
	0x3944, 0xffdd, 0xf7be, 0xce79, 0xef5d, 0xffdf, 0xce79, 0xd69a, 0xffdf, 0xdefb, 0xce79, 0xffdf, 0xf7be, 0xce79, 0xef7d, 0xffdf, 
	0xce79, 0xd69a, 0xffdf, 0xdedb, 0xce79, 0xffdf, 0xffdf, 0xce79, 0xf79e, 0xffdf, 0xce79, 0xce79, 0xffdf, 0xd69a, 0xce79, 0xffdf, 
	0xffff, 0xce59, 0xce59, 0xffff, 0xef7d, 0xce59, 0xffff, 0xffff, 0xce79, 0xe71c, 0xffff, 0xc638, 0xce59, 0xffff, 0xe71c, 0xce59, 
	0xffff, 0xffff, 0xce59, 0xef7d, 0xffff, 0xc638, 0xce59, 0xffff, 0xdefb, 0xce79, 0xffff, 0xffff, 0xce59, 0xf79d, 0xffdf, 0xc638, 
	0xce59, 0xffff, 0xdedb, 0xce79, 0xffff, 0xffff, 0xce59, 0xf7be, 0xffff, 0xce59, 0xce59, 0xffff, 0xd69a, 0xc638, 0xffff, 0xffdf, 
	0xce59, 0xffdf, 0xffff, 0xc638, 0xce59, 0xffff, 0xd69a, 0xce59, 0xffff, 0xffdf, 0xce59, 0xffff, 0xffff, 0xce59, 0xd679, 0xffdf, 
	0xdedb, 0xce59, 0xffdf, 0xf79e, 0xd69a, 0xf79e, 0xfffe, 0xce58, 0xdedb, 0xffff, 0xce59, 0xc638, 0xffff, 0xef7d, 0xce59, 0xffff, 
	0xffff, 0xce59, 0xdefb, 0xffff, 0xce59, 0xce59, 0xffff, 0xef5d, 0xd69a, 0xffff, 0xffff, 0xd69a, 0xe71c, 0xffde, 0xce79, 0xce99, 
	0xffff, 0xe73c, 0xce59, 0xffff, 0xffff, 0xce59, 0xe73c, 0xffff, 0xc638, 0xc638, 0xffff, 0xe73c, 0xce59, 0xffff, 0xffff, 0xce59, 
	0xe73c, 0xffff, 0xc638, 0xce59, 0xffdf, 0xe6da, 0xce59, 0xffff, 0xffff, 0xce59, 0xef5d, 0xf73c, 0x30a1, 0x8180, 0xfc20, 0x79a0, 
	0x3060, 0xfffd, 0xffff, 0xce59, 0xef7d, 0xffff, 0xc638, 0xce79, 0xffff, 0xd6ba, 0xce59, 0xffff, 0xffff, 0xc638, 0xf7be, 0xffff, 
	0xce59, 0xce79, 0xffff, 0xd69a, 0xce59, 0xffff, 0xffff, 0xce59, 0xffdf, 0xffff, 0xce59, 0xce79, 0xffff, 0xce59, 0xc638, 0xffff, 
	0xc638, 0xffff, 0xffff, 0xce79, 0xe71c, 0xffff, 0xce59, 0xce59, 0xffff, 0xe71c, 0xce79, 0xffff, 0xffff, 0xce79, 0xef5d, 0xffdf, 
	0xce79, 0xce59, 0xffdf, 0xe71c, 0xce59, 0xffff, 0xffff, 0xce79, 0xef5d, 0xffff, 0xce59, 0xd657, 0xd659, 0x30c0, 0x9c72, 0xffdf, 
	0xfffe, 0xce79, 0xf7be, 0xffff, 0xce79, 0xce79, 0xffff, 0xd69a, 0xce79, 0xffff, 0xffff, 0xce79, 0xffff, 0xffff, 0xce59, 0xce79, 
	0xffff, 0xce59, 0xce79, 0xffff, 0xffff, 0xce59, 0xffff, 0xffff, 0xce79, 0xce79, 0xffff, 0xce59, 0xd639, 0xf7ff, 0x30a0, 0x3080, 
	0x3080, 0x3080, 0x3080, 0x3080, 0x3080, 0x3080, 0x2881, 0x6ae9, 0xefbd, 0xce79, 0xffff, 0xffff, 0xce79, 0xdedb, 0xffff, 0xce59, 
	0xce59, 0xffff, 0xef7d, 0xde5a, 0xffdf, 0xf7ff, 0x4104, 0x3080, 0x3080, 0x3080, 0x3080, 0x3080, 0x3080, 0x3881, 0x3880, 0x20c1, 
	0xde5a, 0xe73c, 0xffff, 0xd67a, 0xce79, 0xffff, 0xe73c, 0xce59, 0xffff, 0xffff, 0xce59, 0xe73c, 0xffff, 0xce79, 0xd69a, 0xffff, 
	0xe71c, 0xce79, 0xffff, 0xf7df, 0x2881, 0x30a1, 0xffff, 0xce9a, 0xd69a, 0xffff, 0xdefb, 0xc5d7, 0x3061, 0x7980, 0xfc20, 0x7980, 
	0x30a1, 0xd657, 0xce7a, 0xffff, 0xdedb, 0xce79, 0xffff, 0xffff, 0xce59, 0xf79e, 0xffdf, 0xce79, 0xce79, 0xffff, 0xd6ba, 0xce59, 
	0xffff, 0xffff, 0xce59, 0xf7be, 0xffff, 0xce79, 0xce59, 0xffff, 0xd69a, 0xce79, 0xffff, 0xffff, 0xce59, 0xffff, 0xffff, 0xce79, 
	0xffdf, 0xd69a, 0xd69a, 0xffdf, 0xe73c, 0xd69a, 0xffdf, 0xf7be, 0xd69a, 0xe73c, 0xffdf, 0xd69a, 0xd69a, 0xffdf, 0xe73c, 0xce79, 
	0xffdf, 0xffdf, 0xce79, 0xef5d, 0xffdf, 0xd69a, 0xd69a, 0xffdf, 0xe71c, 0xce79, 0xf7df, 0xffdd, 0xbd34, 0x5040, 0xc4f1, 0xde99, 
	0xc699, 0xf7bf, 0xdedb, 0xce79, 0xffdf, 0xf7be, 0xd69a, 0xf7be, 0xf7be, 0xce79, 0xd69a, 0xf7be, 0xd69a, 0xd69a, 0xffdf, 0xf7be, 
	0xd69a, 0xffdf, 0xf7be, 0xce79, 0xd6ba, 0xf7be, 0xd69a, 0xd69a, 0xffdf, 0xf7be, 0xd69a, 0xffdf, 0xffbd, 0xce9a, 0x4860, 0x4060, 
	0x4060, 0x4060, 0x4060, 0x4060, 0x4060, 0x4060, 0x5040, 0x7224, 0xdefa, 0xf7be, 0xce79, 0xd69a, 0xffdf, 0xef5d, 0xce79, 0xf7be, 
	0xf7be, 0xd69a, 0xe71c, 0xffff, 0xd67b, 0xd6ba, 0x6120, 0x4060, 0x4060, 0x4060, 0x4060, 0x4060, 0x4060, 0x4860, 0x30a1, 0x28c1, 
	0xff9e, 0xef1b, 0xce9a, 0xf7be, 0xf7be, 0xd69a, 0xe73c, 0xffdf, 0xd69a, 0xd69a, 0xffdf, 0xe73c, 0xce79, 0xf7be, 0xf7be, 0xd69a, 
	0xe73c, 0xffff, 0xd639, 0xde79, 0x3061, 0x3081, 0xd679, 0xf7be, 0xf7be, 0xce79, 0xef5d, 0xe71b, 0x3881, 0x7980, 0xfc20, 0x89a0, 
	0x4860, 0xff9c, 0xffde, 0xd678, 0xf77d, 0xffbe, 0xd69a, 0xd6ba, 0xffdf, 0xdefb, 0xd69a, 0xf7be, 0xf7be, 0xce79, 0xef7d, 0xffdf, 
	0xd69a, 0xd69a, 0xffdf, 0xdefb, 0xce79, 0xf7be, 0xffdf, 0xd69a, 0xf7be, 0xffdf, 0xd69a, 0xd69a, 0xf7be, 0xd6ba, 0xce79, 0xf7be, 
	0xffff, 0xce59, 0xce59, 0xffff, 0xef7d, 0xce59, 0xffff, 0xffff, 0xce79, 0xe71c, 0xffff, 0xce59, 0xce59, 0xffff, 0xe73c, 0xce59, 
	0xffff, 0xffff, 0xce59, 0xef5d, 0xffff, 0xce59, 0xc638, 0xffff, 0xdefb, 0xce79, 0xffff, 0x3860, 0x6940, 0xfc20, 0x81a0, 0x38a0, 
	0xc595, 0xffff, 0xdedb, 0xce79, 0xffff, 0xffff, 0xce79, 0xffdf, 0xffff, 0xce59, 0xce59, 0xffff, 0xd69a, 0xce59, 0xffff, 0xffdf, 
	0xce79, 0xffdf, 0xffff, 0xce59, 0xce79, 0xffff, 0xce79, 0xce59, 0xffff, 0xffdf, 0xce59, 0xffff, 0x4124, 0x2881, 0xf442, 0xfc20, 
	0xfc20, 0xfc20, 0xfc20, 0xfc20, 0xfc20, 0xfc20, 0xfc40, 0xbb20, 0x3080, 0xad34, 0xce59, 0xce59, 0xffff, 0xef7d, 0xd69a, 0xffdf, 
	0xffff, 0xce59, 0xdefb, 0xfffe, 0x6248, 0x3081, 0xe400, 0xfc20, 0xfc20, 0xfc20, 0xfc20, 0xfc20, 0xfc20, 0xfc21, 0x3061, 0x3880, 
	0x3880, 0x730b, 0xc659, 0xffff, 0xffff, 0xce59, 0xe73c, 0xffdf, 0xce79, 0xce59, 0xffdf, 0xe73c, 0xd69a, 0xffff, 0xffff, 0xce59, 
	0xe73c, 0xffff, 0x2861, 0x30a0, 0x3880, 0x3081, 0xce59, 0xffff, 0xffff, 0xce59, 0xef7d, 0xf75c, 0x3881, 0x7980, 0xfc20, 0xfc20, 
	0xfc40, 0x4820, 0x3880, 0x3860, 0x3061, 0xffff, 0xce59, 0xce79, 0xffff, 0xdedb, 0xce59, 0xffff, 0xffff, 0xce59, 0xf7be, 0xffff, 
	0xce59, 0xce79, 0xffff, 0xd69a, 0xce59, 0xffff, 0xffdf, 0xce59, 0xffdf, 0xffff, 0xce59, 0xce79, 0xffff, 0xce79, 0xce59, 0xffff, 
	0xc638, 0xffff, 0xffff, 0xce79, 0xe71c, 0xffff, 0xce59, 0xce59, 0xffff, 0xe71c, 0xce79, 0xffff, 0xffff, 0xce59, 0xef5d, 0xffdf, 
	0xce59, 0xce59, 0xffff, 0xe71c, 0xce79, 0xffff, 0xffff, 0xce5a, 0xf75d, 0x5185, 0x4962, 0xdbc2, 0xebe1, 0xfc20, 0x81a0, 0x3080, 
	0xef1b, 0xce79, 0xffbe, 0xffff, 0x4143, 0x4964, 0x4986, 0x5163, 0x4183, 0x49a3, 0xffdf, 0xce7a, 0xffff, 0xffff, 0xce59, 0xce79, 
	0xffff, 0xce59, 0xce79, 0xffff, 0xffff, 0xce79, 0xffff, 0xffff, 0xce79, 0xce7a, 0xb533, 0x4964, 0xcba3, 0xd3e3, 0xf421, 0xfc20, 
	0xff78, 0xff58, 0xff59, 0xff79, 0xff98, 0xff35, 0xfc21, 0xf422, 0xe3c2, 0x8264, 0x4965, 0xffbd, 0xce59, 0xdedb, 0xffdf, 0xce79, 
	0xce59, 0xffff, 0xcdf7, 0x4163, 0xa325, 0xe3e2, 0xfef6, 0xff79, 0xff79, 0xff79, 0xff79, 0xff79, 0xff79, 0xff7a, 0xd403, 0xd3e7, 
	0x4080, 0x4102, 0x51a4, 0xcdf8, 0xce59, 0xffff, 0xe73c, 0xce59, 0xffff, 0xffff, 0xce59, 0xe73c, 0xffff, 0xce79, 0xd679, 0xfffe, 
	0x9c2f, 0x3984, 0xdc26, 0xe3a0, 0x2881, 0x30a1, 0xffff, 0xd69a, 0xd69a, 0xffff, 0x4964, 0x5183, 0xe3c2, 0xf3e1, 0xfc20, 0xfc20, 
	0xfc20, 0xe3c1, 0xdbe1, 0xe3c1, 0xdba1, 0x4984, 0x4984, 0xffff, 0xce59, 0xf7be, 0xffdf, 0xce59, 0xd69a, 0xffff, 0xd6ba, 0xce79, 
	0xffff, 0xf7be, 0xce79, 0xffdf, 0xffff, 0xce79, 0xce59, 0xffdf, 0xce79, 0xce79, 0xffff, 0xffff, 0xce79, 0xffff, 0xffff, 0xce79, 
	0xffdf, 0xd69a, 0xd69a, 0xf7be, 0xe73c, 0xd69a, 0xf7be, 0xf7be, 0xd69a, 0xe73c, 0xffdf, 0xd69a, 0xd69a, 0xf7be, 0xe73c, 0xd69a, 
	0xf7be, 0xf7be, 0xd69a, 0xe73c, 0xffdf, 0xd69a, 0xd69a, 0xf7dd, 0xe71c, 0x3880, 0x3860, 0xfc40, 0xfc40, 0xfc20, 0x81a0, 0x3081, 
	0xc5f6, 0xf7be, 0xdeda, 0xce7a, 0x3080, 0x3881, 0x3080, 0x30a2, 0x30a2, 0x30a0, 0xd6ba, 0xf7be, 0xd6ba, 0xd6ba, 0xf7be, 0xf7be, 
	0xd69a, 0xf7be, 0xf7be, 0xd69a, 0xd6ba, 0xf7be, 0xd6ba, 0xd69a, 0xf7be, 0xf79f, 0x940e, 0x3080, 0xe3e4, 0xfc20, 0xfc20, 0xfc20, 
	0xffdd, 0xffdf, 0xf7ff, 0xffff, 0xfffd, 0xff9b, 0xfc20, 0xfc20, 0xfc40, 0x8201, 0x2861, 0xd658, 0xffbe, 0xef5d, 0xd69a, 0xf7be, 
	0xffdf, 0xce7a, 0xa4d2, 0x3080, 0xab23, 0xfc40, 0xff7b, 0xffff, 0xffff, 0xffff, 0xffff, 0xffff, 0xffff, 0xfffe, 0xfc20, 0xf424, 
	0x28a0, 0x3061, 0x3081, 0xe6fa, 0xffdf, 0xce59, 0xe73c, 0xffff, 0xd69a, 0xd69a, 0xffff, 0xe73c, 0xce79, 0xf7be, 0xffdd, 0xce79, 
	0x7b0c, 0x3861, 0xec46, 0xfc20, 0x30a0, 0x3080, 0xd679, 0xf7be, 0xf7be, 0xd679, 0x3080, 0x48e0, 0xfc20, 0xfc20, 0xfc20, 0xfc20, 
	0xfc20, 0xfc40, 0xfc40, 0xfc40, 0xfc40, 0x30a0, 0x3080, 0xd69a, 0xffff, 0xdefb, 0xd69a, 0xf7be, 0xf79e, 0xd69a, 0xef7d, 0xffdf, 
	0xd69a, 0xdedb, 0xffdf, 0xdedb, 0xd69a, 0xf7be, 0xffdf, 0xd69a, 0xf79e, 0xf7be, 0xd69a, 0xd69a, 0xf7be, 0xd6ba, 0xd69a, 0xf7be, 
	0xffff, 0xce59, 0xce59, 0xffff, 0xef7d, 0xce79, 0xffff, 0xffff, 0xce79, 0xe71c, 0xffff, 0xce59, 0xce59, 0xffff, 0xe73c, 0xce59, 
	0xffff, 0xffff, 0xce59, 0xef7d, 0xffff, 0xc659, 0xd658, 0x30c0, 0x40a0, 0xec80, 0xf440, 0xfc20, 0xfc20, 0xfc20, 0x81a0, 0x3081, 
	0xbdb5, 0xffff, 0xdefb, 0xce59, 0x30c0, 0x4060, 0xec80, 0xfc20, 0xec80, 0xec62, 0x30c0, 0x62cb, 0xce79, 0xce79, 0xffff, 0xffff, 
	0xce79, 0xffdf, 0xffff, 0xce79, 0xce79, 0xffff, 0xd69a, 0xce79, 0xffdf, 0xffdf, 0x8bcd, 0x3080, 0xebc2, 0xfc40, 0xffd9, 0xffdc, 
	0x0001, 0x0000, 0x0800, 0x0020, 0xffde, 0xffdf, 0xffbd, 0xfe93, 0xfc20, 0x79e0, 0x2861, 0xc617, 0xffff, 0xf79e, 0xce79, 0xffdf, 
	0xffff, 0xce7a, 0xa4b1, 0x3080, 0xb343, 0xfc40, 0xff7b, 0xf7df, 0x0000, 0x0000, 0x0000, 0x0000, 0xffff, 0xf7ff, 0xffdd, 0xffd7, 
	0xfc21, 0x92c1, 0x3060, 0xf73c, 0xffff, 0xd69a, 0xe73c, 0xffdf, 0xce59, 0xce59, 0xffdf, 0xe73c, 0xce79, 0xffff, 0xff7d, 0x3080, 
	0x9ac2, 0xec40, 0xf400, 0xfc40, 0x3080, 0x3081, 0xd679, 0xffff, 0xffff, 0xd679, 0x3080, 0x48e0, 0xfc20, 0xfc00, 0xfc20, 0xfc20, 
	0xfc20, 0xfc20, 0xfc40, 0xfc40, 0xfc20, 0x3080, 0x30a0, 0xd67a, 0xffdf, 0xdedb, 0xce79, 0xffff, 0xffdf, 0xce79, 0xf7be, 0xffff, 
	0xce79, 0xce79, 0xffff, 0xd69a, 0xce79, 0xffff, 0xffdf, 0xce79, 0xffdf, 0xffff, 0xce79, 0xd69a, 0xffff, 0xce79, 0xce79, 0xffff, 
	0xce59, 0xffff, 0xffff, 0xce79, 0xdefb, 0xffff, 0xce79, 0xce79, 0xffdf, 0xef5d, 0xce79, 0xffff, 0xffff, 0xd69a, 0xe73c, 0xffdf, 
	0xce79, 0xce59, 0xffdf, 0xe73c, 0xce79, 0xffdf, 0xffdf, 0x3080, 0x4060, 0xfc20, 0xfc20, 0xfc20, 0xfc20, 0xfc20, 0x81a0, 0x3080, 
	0xf719, 0xce9a, 0xf79e, 0xffff, 0x3081, 0x3860, 0xfc40, 0xfc20, 0xfc40, 0xf441, 0x3080, 0x5206, 0xffff, 0xffff, 0xc658, 0xce79, 
	0xffff, 0xce59, 0xce79, 0xffff, 0xffff, 0xce79, 0xffff, 0xffff, 0xce59, 0xce79, 0xacb1, 0x3060, 0xdbe2, 0xfc20, 0xffdc, 0xffff, 
	0x0000, 0x0000, 0x0000, 0x0000, 0xffdf, 0xffff, 0xffff, 0xfed6, 0xfc20, 0x81e0, 0x3061, 0xff9d, 0xd659, 0xd6ba, 0xffff, 0xce79, 
	0xce59, 0xffff, 0xc5b5, 0x28a0, 0xb323, 0xfc20, 0xff9b, 0xffff, 0x0000, 0x0000, 0x0000, 0x0000, 0xffdf, 0xffff, 0xffff, 0xffd9, 
	0xfc20, 0xa281, 0x4040, 0xc5d6, 0xce59, 0xffff, 0xe73c, 0xce79, 0xffff, 0xffff, 0xce79, 0xe71c, 0xffdf, 0xce58, 0xc5d6, 0x38a0, 
	0xa280, 0xfc20, 0xfc20, 0xfc40, 0x5020, 0x40a0, 0xffdf, 0xd6b9, 0xce7a, 0xfffe, 0x3880, 0x48e0, 0xfc00, 0xfc20, 0xfc40, 0xfc20, 
	0xfc20, 0xfc20, 0xfc40, 0xfc40, 0xfc20, 0x3080, 0x3080, 0xffff, 0xce79, 0xf7be, 0xffdf, 0xce79, 0xce79, 0xffff, 0xd6ba, 0xce59, 
	0xffff, 0xffff, 0xce79, 0xffdf, 0xffff, 0xce79, 0xce59, 0xffff, 0xce79, 0xce59, 0xffff, 0xffff, 0xce79, 0xffff, 0xffff, 0xce79, 
	0xffdf, 0xd6ba, 0xd6ba, 0xf7be, 0xef5d, 0xd69a, 0xffdf, 0xf7be, 0xd69a, 0xef5d, 0xffdf, 0xd69a, 0xd6ba, 0xffdf, 0xe73c, 0xd69a, 
	0xffdf, 0xf7be, 0xd69a, 0xef5d, 0xffff, 0xd67a, 0xdeda, 0x3080, 0x4060, 0xfc20, 0xfc40, 0xfc20, 0xfc20, 0xfc20, 0x81a0, 0x2882, 
	0xc617, 0xffff, 0xd6ba, 0xce78, 0x2861, 0x3080, 0xfc20, 0xfc20, 0xfc40, 0xf442, 0x3081, 0x4061, 0x3080, 0xcdf6, 0xffdf, 0xf7be, 
	0xce59, 0xffdf, 0xffff, 0xc638, 0xd6ba, 0xffff, 0xce79, 0xce79, 0xffff, 0xf7be, 0x93ee, 0x3080, 0xe3e2, 0xfc20, 0xffdc, 0xffff, 
	0x0000, 0x0000, 0x0000, 0x0020, 0x0841, 0x0861, 0xffff, 0xf6f7, 0xfc40, 0x81e0, 0x3061, 0xce38, 0xff9e, 0xef5d, 0xc638, 0xffdf, 
	0xffff, 0xce59, 0xacd2, 0x28a0, 0xb323, 0xfc20, 0xff9b, 0xffff, 0x0000, 0x0000, 0x0000, 0x0000, 0x0000, 0x0000, 0xffff, 0xffd9, 
	0xfc40, 0xa280, 0x4020, 0xeedb, 0xffff, 0xce59, 0xe73c, 0xffff, 0xce79, 0xce79, 0xffff, 0xe73c, 0xce59, 0xffff, 0xef1c, 0x2862, 
	0x9a81, 0xfc40, 0xfc20, 0xfc20, 0xfc41, 0xfc20, 0x4020, 0x3882, 0xffdf, 0xce38, 0x30a2, 0x50c0, 0xfc20, 0xfc40, 0xfc40, 0xfc20, 
	0xfc20, 0xfc20, 0xfc40, 0xfc40, 0xfc20, 0x3080, 0x3080, 0xd69a, 0xffff, 0xdefb, 0xce59, 0xffdf, 0xffdf, 0xce59, 0xef7d, 0xffff, 
	0xd69a, 0xd69a, 0xffff, 0xdedb, 0xc638, 0xffff, 0xffff, 0xce59, 0xf79e, 0xffff, 0xce79, 0xce79, 0xffff, 0xd6ba, 0xc638, 0xffff, 
	0xffff, 0xce59, 0xce59, 0xffff, 0xef5d, 0xce79, 0xffff, 0xffff, 0xce79, 0xe71c, 0xffff, 0xce79, 0xce59, 0xffdf, 0xe73c, 0xce79, 
	0xffdf, 0xffff, 0xce79, 0xef5d, 0xffff, 0x838d, 0x838d, 0x3080, 0x4060, 0xfc20, 0xfc40, 0xfc20, 0xfc20, 0xfc20, 0xbae0, 0xa221, 
	0x834a, 0x942e, 0xdeba, 0xce79, 0x30a1, 0x3080, 0xfc20, 0xfc20, 0xfc40, 0xfc40, 0x9a40, 0x71c3, 0x3080, 0xbdb5, 0xffff, 0xffff, 
	0xce79, 0xffdf, 0xffff, 0xce79, 0xce79, 0xffff, 0xce79, 0xce59, 0xffff, 0xffff, 0x8bae, 0x3080, 0xe3e2, 0xfc20, 0xffdc, 0xffff, 
	0x0000, 0x0000, 0x0000, 0x0000, 0x0000, 0x0841, 0xffff, 0xf6f7, 0xfc40, 0x81e0, 0x3061, 0xc5f7, 0xffdf, 0xef7d, 0xce79, 0xffff, 
	0xffff, 0xce7a, 0xa491, 0x28a0, 0xb323, 0xfc20, 0xff9b, 0xffff, 0x0000, 0x0000, 0x0000, 0x0000, 0x0000, 0x0000, 0xffff, 0xffd9, 
	0xfc40, 0xa280, 0x4040, 0xf71c, 0xffff, 0xce79, 0xe73c, 0xffff, 0xce59, 0xce59, 0xffdf, 0xe73c, 0xce58, 0xa471, 0xa3ec, 0x9a40, 
	0xd360, 0xfc20, 0xfc20, 0xfc20, 0xfc20, 0xfc21, 0xa222, 0x9a61, 0x9c50, 0x8b6b, 0x9260, 0xaa40, 0xfc40, 0xfc20, 0xf440, 0xfc20, 
	0xfc20, 0xfc20, 0xfc40, 0xfc40, 0xfc20, 0x3080, 0x3080, 0xce7a, 0xffff, 0xdedb, 0xce79, 0xffff, 0xffdf, 0xce79, 0xf7be, 0xffdf, 
	0xce79, 0xd69a, 0xffff, 0xd69a, 0xce79, 0xffff, 0xffdf, 0xce79, 0xffdf, 0xffff, 0xce79, 0xce79, 0xffff, 0xce79, 0xce79, 0xffff, 
	0xce59, 0xffdf, 0xffff, 0xce79, 0xdefb, 0xffdf, 0xce79, 0xce79, 0xffff, 0xef5d, 0xce79, 0xffff, 0xffff, 0xce79, 0xef5d, 0xffdf, 
	0xce59, 0xce59, 0xffff, 0xe73c, 0xce79, 0x38a1, 0x28a1, 0x2860, 0x38c0, 0xfc20, 0xfc40, 0xfc20, 0xfc20, 0xfc20, 0xfc40, 0xfc01, 
	0x58e0, 0x3880, 0xffbe, 0xf7ff, 0x3063, 0x3880, 0xfc20, 0xfc40, 0xfc40, 0xfc20, 0xfc20, 0xb344, 0x3082, 0xf73b, 0xce79, 0xce59, 
	0xffff, 0xc659, 0xce79, 0xffff, 0xffff, 0xce79, 0xffff, 0xffff, 0xce79, 0xce99, 0xacb2, 0x3081, 0xe441, 0xfc01, 0xffdb, 0xf7ff, 
	0x0800, 0x0000, 0x0020, 0x0000, 0x0000, 0x1081, 0xffff, 0xfed5, 0xfc00, 0x79e2, 0x3880, 0xff7d, 0xd67a, 0xd6ba, 0xffff, 0xce79, 
	0xce39, 0xffff, 0xc595, 0x3060, 0xc342, 0xfbe0, 0xff9b, 0xefff, 0x0000, 0x0000, 0x0000, 0x0000, 0x0000, 0x0000, 0xffff, 0xffd9, 
	0xfc20, 0xaa80, 0x3861, 0xcdb7, 0xce59, 0xffff, 0xe73c, 0xce79, 0xffff, 0xffff, 0xce59, 0xe73c, 0xffde, 0x3060, 0x58a0, 0xfc40, 
	0xfc20, 0xfc20, 0xfc20, 0xfc40, 0xfc20, 0xfc40, 0xfc20, 0xfc20, 0x30a0, 0x4860, 0xfc20, 0xfc20, 0xfc20, 0xfc20, 0xfc40, 0xfc20, 
	0xfc20, 0xfc20, 0xfc40, 0xfc40, 0xfc20, 0x3080, 0x3080, 0xffff, 0xce59, 0xf7be, 0xffdf, 0xce79, 0xce79, 0xffff, 0xd6ba, 0xce59, 
	0xffff, 0xffff, 0xce79, 0xffdf, 0xffff, 0xce79, 0xc638, 0xffff, 0xce79, 0xce79, 0xffff, 0xffff, 0xce79, 0xffff, 0xffff, 0xce79, 
	0xffff, 0xd69a, 0xd6ba, 0xffff, 0xe71c, 0xd69a, 0xffff, 0xf7be, 0xce59, 0xef7d, 0xffff, 0xc638, 0xd6ba, 0xffff, 0xdefb, 0xce79, 
	0xffff, 0xf7be, 0xce59, 0xef7d, 0xffff, 0x4082, 0x3080, 0xfc20, 0xf461, 0xfc20, 0xf442, 0xfc20, 0xfc20, 0xfc20, 0xfc40, 0xfc00, 
	0x68a0, 0x2860, 0x30a1, 0x3842, 0xe480, 0xfc42, 0xfc20, 0xfc20, 0xfc20, 0xfc20, 0xfc20, 0xc321, 0x3080, 0xd618, 0xff7e, 0xf7be, 
	0xce39, 0xffdf, 0xffff, 0xc618, 0xd6ba, 0xffff, 0xce79, 0xce59, 0xffff, 0xf7be, 0x93ee, 0x3880, 0x20c1, 0x4862, 0xf444, 0xec20, 
	0xffdd, 0xffdf, 0xffdf, 0xffff, 0xfffe, 0xffff, 0xffff, 0xc595, 0x4060, 0x3060, 0x3060, 0xce17, 0xf7ff, 0xef5d, 0xc638, 0xffdf, 
	0xffff, 0xc658, 0xe6fb, 0xffdf, 0x6a4a, 0x3060, 0xdbe2, 0xfc60, 0xfffb, 0xf7ff, 0xffff, 0xffff, 0xffff, 0xffff, 0xfc60, 0xdc85, 
	0x4021, 0x830b, 0xc638, 0xffff, 0xffff, 0xce59, 0xe73c, 0xffff, 0xce79, 0xce59, 0xffff, 0xe73d, 0xde99, 0x3080, 0x58a0, 0xfc20, 
	0xfc20, 0xfc20, 0xfc20, 0xfc20, 0xfc20, 0xfc00, 0xfc20, 0xf442, 0x3080, 0x4060, 0xfc20, 0xfc20, 0xfc20, 0xfc20, 0xfc20, 0xfc20, 
	0xfc20, 0xfc20, 0xfc40, 0xfc40, 0xfc20, 0x3080, 0x3080, 0xd69a, 0xffff, 0xe71c, 0xce59, 0xffff, 0xf7be, 0xc638, 0xef7d, 0xffff, 
	0xce59, 0xd69a, 0xffff, 0xdedb, 0xc618, 0xffff, 0xffff, 0xce59, 0xf7be, 0xffff, 0xce59, 0xce79, 0xffff, 0xd6ba, 0xc618, 0xffff, 
	0xffff, 0xce79, 0xce79, 0xffff, 0xef7d, 0xce79, 0xffdf, 0xffff, 0xce79, 0xe71c, 0xffff, 0xce79, 0xce59, 0xffff, 0xe73c, 0xce79, 
	0xffff, 0xffff, 0xce79, 0xef5d, 0xfffe, 0x3841, 0x3860, 0xfc60, 0xfc60, 0xfc20, 0xfc00, 0xfc20, 0xfc20, 0xfc20, 0xfc40, 0xfc21, 
	0x60e0, 0x4060, 0x30a0, 0x3861, 0xf442, 0xfc40, 0xfc40, 0xfc00, 0xfc20, 0xfc20, 0xfc20, 0xbb24, 0x38a0, 0xc596, 0xfffe, 0xffde, 
	0xce79, 0xffdf, 0xffff, 0xce79, 0xce79, 0xffff, 0xce79, 0xce79, 0xffff, 0xffff, 0x8bee, 0x30c1, 0x2880, 0x3862, 0xec83, 0xfc40, 
	0xffda, 0xffdf, 0xffdf, 0xffff, 0xfffe, 0xf7bf, 0xffdf, 0xcd57, 0x3862, 0x3881, 0x3081, 0xcdd7, 0xffff, 0xef7d, 0xce79, 0xffff, 
	0xffff, 0xce79, 0xdefb, 0xfffe, 0x624d, 0x28a6, 0xf3c0, 0xfc00, 0xfff9, 0xefff, 0xffff, 0xffff, 0xffff, 0xfffb, 0xfc21, 0xec25, 
	0x28a4, 0x734a, 0xd659, 0xffff, 0xffff, 0xce79, 0xe73c, 0xffff, 0xce59, 0xce59, 0xffff, 0xe73c, 0xce17, 0x3080, 0x58a0, 0xfc20, 
	0xfc20, 0xfc20, 0xfc20, 0xfc20, 0xfc20, 0xfc40, 0xfc41, 0xfc41, 0x3080, 0x4860, 0xfc01, 0xfc20, 0xfc20, 0xfc20, 0xfc20, 0xfc20, 
	0xfc20, 0xfc20, 0xfc40, 0xfc40, 0xfc20, 0x3060, 0x3080, 0xce7a, 0xffff, 0xdedb, 0xce79, 0xffff, 0xffdf, 0xce79, 0xf7be, 0xffdf, 
	0xce79, 0xd69a, 0xffff, 0xd69a, 0xce79, 0xffff, 0xffff, 0xce79, 0xffdf, 0xffff, 0xce79, 0xce79, 0xffff, 0xce79, 0xce79, 0xffff, 
	0xce59, 0xffff, 0xffff, 0xce79, 0xdefb, 0xffdf, 0xce79, 0xce59, 0xffff, 0xef5d, 0xce79, 0xffff, 0xffff, 0xce59, 0xef5d, 0xffff, 
	0xce79, 0xce59, 0xffff, 0xe71c, 0xce59, 0x3081, 0x3080, 0xfc20, 0xfc20, 0xfc40, 0xfc20, 0xfc20, 0xfc20, 0xfc20, 0xfc20, 0xfc20, 
	0xfc20, 0xfc20, 0x4880, 0x3880, 0xfc01, 0xfc20, 0xfc20, 0xfc20, 0xfc20, 0xfc20, 0xfc20, 0xfc20, 0xfc40, 0x58a0, 0x30a1, 0xd638, 
	0xffff, 0xce59, 0xce79, 0xffff, 0xffff, 0xce79, 0xffff, 0xffff, 0xce79, 0xce99, 0xffff, 0xce59, 0x3902, 0x30a0, 0x30a0, 0x30a0, 
	0xec41, 0xfc40, 0xfc40, 0xfc20, 0xfc20, 0xe404, 0x30a1, 0x3880, 0x3081, 0x8c50, 0xfffe, 0xffff, 0xce99, 0xd6da, 0xffff, 0xce79, 
	0xc659, 0xffff, 0xef9d, 0xc69a, 0xffff, 0xffdf, 0x4124, 0x3880, 0xec41, 0xfc20, 0xfc20, 0xfc20, 0xfc40, 0xfc40, 0x3061, 0x3840, 
	0x28c0, 0x8bae, 0xffff, 0xce99, 0xce79, 0xffff, 0xe73c, 0xce59, 0xffff, 0xffff, 0xce79, 0xe73c, 0xffbe, 0x3880, 0x60a0, 0xfc20, 
	0xfc20, 0xfc20, 0xfc20, 0xfc20, 0xfc20, 0xfc01, 0x4060, 0x3040, 0xfc20, 0xfc41, 0xfc20, 0xfc20, 0xfc20, 0xfc20, 0xfc20, 0xfc20, 
	0xfc20, 0xfc20, 0xf441, 0xfc40, 0xfc20, 0x3860, 0x38a1, 0xffff, 0xce79, 0xf79e, 0xffff, 0xce59, 0xce79, 0xffff, 0xd69a, 0xce79, 
	0xffff, 0xffff, 0xce79, 0xf7be, 0xffff, 0xd69a, 0xc618, 0xffff, 0xce79, 0xce79, 0xffff, 0xffff, 0xce79, 0xffff, 0xffff, 0xce79, 
	0xffdf, 0xd6ba, 0xdedb, 0xffdf, 0xe71c, 0xd69a, 0xffdf, 0xf7be, 0xd6ba, 0xef5d, 0xffdf, 0xce59, 0xdedb, 0xffdf, 0xdefb, 0xd69a, 
	0xffdf, 0xf79e, 0xce79, 0xef7d, 0xffdf, 0x38c3, 0x3080, 0xfc20, 0xfc20, 0xfc20, 0xfc20, 0xfc20, 0xfc20, 0xfc20, 0xfc20, 0xfc20, 
	0xfc20, 0xfc40, 0x5080, 0x58c0, 0xec41, 0xfc20, 0xfc20, 0xfc20, 0xfc20, 0xfc20, 0xfc20, 0xfc20, 0xfc20, 0x50c0, 0x30a0, 0xff9d, 
	0xce79, 0xffbe, 0xffdf, 0xc638, 0xdedb, 0xffdf, 0xd69a, 0xce79, 0xffdf, 0xf79e, 0xce79, 0xffdf, 0x41c7, 0x28e2, 0x2840, 0x3060, 
	0xdc44, 0xe444, 0xec43, 0xe464, 0xec22, 0xcbc4, 0x3040, 0x40e2, 0x28c2, 0xbd96, 0xe6fc, 0xd67a, 0xffdf, 0xef3d, 0xce39, 0xffdf, 
	0xffdf, 0xce39, 0xe71c, 0xffdf, 0xd67a, 0xceba, 0x4165, 0x3061, 0xec60, 0xfc21, 0xfc40, 0xfc40, 0xe405, 0xdc25, 0x3126, 0x28a2, 
	0x30c1, 0x7b6d, 0xce59, 0xffdf, 0xffdf, 0xce59, 0xe73c, 0xffdf, 0xce79, 0xce79, 0xffdf, 0xe73c, 0xde99, 0x3060, 0x58c0, 0xfc40, 
	0xfc20, 0xfc20, 0xfc20, 0xfc20, 0xfc20, 0xf442, 0x50a0, 0x5880, 0xfc20, 0xfc20, 0xfc20, 0xfc20, 0xfc20, 0xfc20, 0xfc20, 0xfc20, 
	0xfc20, 0xfc20, 0xfc00, 0xdbe4, 0xec65, 0x3903, 0x3103, 0xd679, 0xf7ff, 0xdefb, 0xce59, 0xffdf, 0xf7be, 0xc638, 0xef7d, 0xffdf, 
	0xce59, 0xd69a, 0xffdf, 0xdedb, 0xc638, 0xffdf, 0xffdf, 0xce79, 0xf79e, 0xffdf, 0xce79, 0xd69a, 0xffdf, 0xdedb, 0xc638, 0xffdf, 
	0xffff, 0xd69a, 0xce59, 0xffdf, 0xf79e, 0xce79, 0xffdf, 0xffff, 0xce79, 0xe71c, 0xffff, 0xd69a, 0xce59, 0xffdf, 0xe73c, 0xce79, 
	0xffdf, 0xffff, 0xd69a, 0xe73c, 0xffff, 0x3082, 0x3080, 0xfc20, 0xfc20, 0xfc20, 0xfc20, 0xfc20, 0xfc20, 0xfc20, 0xfc20, 0xfc20, 
	0xfc20, 0xfc40, 0xfc20, 0xfc20, 0xfc60, 0xfc20, 0xfc20, 0xfc20, 0xfc20, 0xfc20, 0xfc20, 0xfc20, 0xfc20, 0x50c0, 0x30a0, 0xffde, 
	0xce79, 0xffff, 0xffff, 0xce59, 0xce79, 0xffff, 0xce59, 0xce59, 0xffff, 0xffdf, 0xce59, 0xffff, 0xffff, 0xce79, 0x2881, 0x38a0, 
	0x3880, 0x28a0, 0x30c1, 0x3860, 0x3860, 0x3860, 0x3060, 0x6268, 0xd6fc, 0xffff, 0xce79, 0xc679, 0xffff, 0xef9d, 0xce79, 0xffff, 
	0xffff, 0xc659, 0xdefb, 0xffff, 0xd679, 0xce79, 0x4124, 0x3061, 0xec60, 0xfc21, 0xfc00, 0xfc41, 0x4083, 0x3080, 0xce7a, 0xc679, 
	0xffdf, 0xe75c, 0xce79, 0xffff, 0xffff, 0xce79, 0xe73c, 0xffff, 0xce59, 0xce59, 0xffff, 0xe73c, 0xd658, 0x38c1, 0x5880, 0xfc60, 
	0xfc00, 0xfc20, 0xfc20, 0xfc20, 0xfc20, 0xfc40, 0xfc40, 0xfc20, 0xfc20, 0xfc20, 0xfc20, 0xfc20, 0xfc20, 0xfc20, 0xfc20, 0xfc20, 
	0xfc20, 0xfc20, 0xfc00, 0x3842, 0x3042, 0xffff, 0xce59, 0xce79, 0xffff, 0xdedb, 0xce59, 0xffff, 0xffff, 0xce59, 0xf7be, 0xffff, 
	0xce79, 0xce59, 0xffff, 0xd69a, 0xce59, 0xffff, 0xffff, 0xce59, 0xffdf, 0xffff, 0xce59, 0xce59, 0xffff, 0xce79, 0xce59, 0xffff, 
	0xce59, 0xffff, 0xffff, 0xce79, 0xdefb, 0xffff, 0xce79, 0xce59, 0xffff, 0xe73c, 0xce79, 0xffff, 0xffff, 0xce79, 0xef5d, 0xffff, 
	0xce79, 0xce59, 0xffff, 0xe71c, 0xd659, 0x30a2, 0x3080, 0xfc20, 0xfc20, 0xfc20, 0xfc20, 0xfc20, 0xfc20, 0xfc20, 0xfc20, 0xfc20, 
	0xfc20, 0xfc20, 0xfc20, 0xfc20, 0xfc20, 0xfc20, 0xfc20, 0xfc20, 0xfc20, 0xfc20, 0xfc20, 0xfc20, 0xfc20, 0x50c0, 0x30a0, 0xd658, 
	0xffff, 0xce59, 0xce79, 0xffff, 0xffff, 0xce79, 0xffff, 0xffff, 0xce79, 0xce79, 0xffff, 0xc638, 0xd699, 0xffff, 0xff9d, 0xce58, 
	0x2860, 0x3080, 0xec44, 0xf424, 0xec44, 0xf424, 0xec65, 0xab23, 0x28a1, 0x28a1, 0x2881, 0x2881, 0x30a1, 0x28a1, 0x30a1, 0x30a1, 
	0x30a1, 0x2881, 0x30a1, 0x28a1, 0x28a1, 0x28a1, 0x3081, 0x3061, 0xec60, 0xfc21, 0x4880, 0x4080, 0xf71d, 0xce59, 0xffde, 0xf7ff, 
	0xce39, 0xe71c, 0xffff, 0xd69a, 0xd69a, 0xffff, 0xe73c, 0xce59, 0xffff, 0xffff, 0xce59, 0xe73c, 0xffff, 0xde58, 0xd5b4, 0x5040, 
	0xaa80, 0xfc20, 0xfc20, 0xfc20, 0xfc20, 0xfc20, 0xfc20, 0xfc40, 0xfc20, 0xfc20, 0xfc20, 0xfc20, 0xfc20, 0xfc20, 0xfc20, 0xfc20, 
	0xfc20, 0xfc20, 0xfc20, 0x3860, 0x3061, 0xce79, 0xffff, 0xffff, 0xce79, 0xf79e, 0xffff, 0xce59, 0xce59, 0xffff, 0xd6ba, 0xce79, 
	0xffdf, 0xffff, 0xce59, 0xf7be, 0xffff, 0xce79, 0xc638, 0xffff, 0xce79, 0xce79, 0xffff, 0xffff, 0xce79, 0xffff, 0xffff, 0xce79, 
	0xf7be, 0xdedb, 0xdefb, 0xf7be, 0xe73c, 0xd6ba, 0xf79e, 0xf79e, 0xd6ba, 0xef5d, 0xf7be, 0xd6ba, 0xdedb, 0xf7be, 0xe71c, 0xdedb, 
	0xf7be, 0xef7d, 0xdedb, 0xef5d, 0xff9e, 0x30a2, 0x3080, 0xfc20, 0xfc20, 0xfc20, 0xfc20, 0xfc20, 0xfc20, 0xfc20, 0xfc20, 0xfc20, 
	0xfc20, 0xfc20, 0xfc20, 0xfc20, 0xfc20, 0xfc20, 0xfc20, 0xfc20, 0xfc20, 0xfc20, 0xfc20, 0xfc20, 0xfc20, 0x50c0, 0x30a0, 0xf75c, 
	0xd69a, 0xf79e, 0xf79e, 0xce79, 0xdefb, 0xf79e, 0xd6ba, 0xd6ba, 0xf79e, 0xef7d, 0xd69a, 0xf7be, 0xf79e, 0xce79, 0xdefb, 0xef9f, 
	0x38a0, 0x3860, 0xfc20, 0xfc20, 0xfc20, 0xfc20, 0xfc60, 0xc320, 0x3080, 0x3080, 0x3080, 0x3080, 0x3080, 0x3080, 0x3080, 0x3080, 
	0x3080, 0x3080, 0x3080, 0x3080, 0x3080, 0x3080, 0x3080, 0x3061, 0xec60, 0xfc21, 0x3880, 0x30a1, 0xe71c, 0xf79e, 0xd6ba, 0xdedb, 
	0xf79e, 0xe73c, 0xd6ba, 0xf79e, 0xf79e, 0xd69a, 0xe73c, 0xf79e, 0xd6ba, 0xd6ba, 0xf79e, 0xe73c, 0xd69a, 0xf7be, 0xeedb, 0x4040, 
	0xa280, 0xfc20, 0xfc20, 0xfc20, 0xfc20, 0xfc20, 0xfc20, 0xfc20, 0xfc20, 0xfc20, 0xfc20, 0xfc20, 0xfc20, 0xfc20, 0xfc20, 0xfc20, 
	0xfc20, 0xfc20, 0xfc20, 0x3860, 0x3080, 0xf79e, 0xdedb, 0xdedb, 0xf79e, 0xe71c, 0xd69a, 0xf7be, 0xf79e, 0xce79, 0xef7d, 0xf79e, 
	0xd6ba, 0xdedb, 0xf79e, 0xdefb, 0xce79, 0xf79e, 0xf7be, 0xd69a, 0xef7d, 0xf79e, 0xd6ba, 0xd6ba, 0xf79e, 0xdefb, 0xce79, 0xf79e, 
	0xffff, 0xd69a, 0xce79, 0xffdf, 0xf79e, 0xd69a, 0xffdf, 0xffff, 0xd69a, 0xe71c, 0xffff, 0xd69a, 0xce59, 0xf7be, 0xef5d, 0xce79, 
	0xf7be, 0xffff, 0xd69a, 0xe73c, 0xffdf, 0x2861, 0x3080, 0xfc20, 0xfc20, 0xfc20, 0xfc20, 0xfc20, 0xfc20, 0xfc20, 0xfc20, 0xfc20, 
	0xfc20, 0xfc20, 0xfc20, 0xfc20, 0xfc20, 0xfc20, 0xfc20, 0xfc20, 0xfc20, 0xfc20, 0xfc20, 0xfc20, 0xfc20, 0x50c0, 0x30a0, 0xffdf, 
	0xce9a, 0xffdf, 0xffff, 0xd69a, 0xce79, 0xffdf, 0xce79, 0xce79, 0xf7be, 0xffdf, 0xd69a, 0xffff, 0xffdf, 0xd69a, 0xd69a, 0xf7ff, 
	0x3080, 0x3860, 0xfc20, 0xfc20, 0xfc20, 0xfc20, 0xfc60, 0xc320, 0x3080, 0x3080, 0x3080, 0x3080, 0x3080, 0x3080, 0x3080, 0x3080, 
	0x3080, 0x3080, 0x3080, 0x3080, 0x3080, 0x3080, 0x3080, 0x3061, 0xec60, 0xfc21, 0x3880, 0x30a1, 0xe71b, 0xf7be, 0xce79, 0xce79, 
	0xf7be, 0xe73c, 0xd6ba, 0xffff, 0xffff, 0xd6ba, 0xe73c, 0xffdf, 0xce79, 0xce59, 0xf7be, 0xe73c, 0xd69a, 0xffdf, 0xf73d, 0x4061, 
	0xa280, 0xfc20, 0xfc20, 0xfc20, 0xfc20, 0xfc20, 0xfc20, 0xfc20, 0xfc20, 0xfc20, 0xfc20, 0xfc20, 0xfc20, 0xfc20, 0xfc20, 0xfc20, 
	0xfc20, 0xfc20, 0xfc20, 0x3860, 0x3060, 0xffdf, 0xce79, 0xd69a, 0xffdf, 0xdedb, 0xd69a, 0xffff, 0xffdf, 0xd6ba, 0xf7be, 0xffff, 
	0xce79, 0xce79, 0xffdf, 0xd69a, 0xd69a, 0xffdf, 0xffff, 0xd69a, 0xffdf, 0xf7be, 0xce79, 0xce79, 0xffdf, 0xce79, 0xd69a, 0xffff, 
	0xc638, 0xffff, 0xffff, 0xce59, 0xdefb, 0xffdf, 0xce59, 0xce79, 0xffff, 0xe73c, 0xce79, 0xffff, 0xffff, 0xce79, 0xef5d, 0xffff, 
	0xce59, 0xce59, 0xffff, 0xdefb, 0xce59, 0x3103, 0x38e2, 0xe402, 0xec22, 0xfc20, 0xfc40, 0xfc20, 0xfc20, 0xfc20, 0xfc20, 0xfc20, 
	0xfc20, 0xfc20, 0xfc20, 0xfc20, 0xfc20, 0xfc20, 0xfc20, 0xfc20, 0xfc20, 0xfc20, 0xfc20, 0xf420, 0xe424, 0x5941, 0x30e2, 0xce58, 
	0xffff, 0xc638, 0xce79, 0xffff, 0xffff, 0xce79, 0xffff, 0xffff, 0xce79, 0xce79, 0xffff, 0xc618, 0xd67a, 0xffff, 0xf75c, 0xc638, 
	0x3081, 0x3880, 0xe423, 0xe423, 0xe423, 0xe423, 0xe443, 0xbb01, 0x5080, 0x50a0, 0x50a0, 0x50a0, 0x50a0, 0x50a0, 0x50a0, 0x50a0, 
	0x50a0, 0x50a0, 0x50a0, 0x50a0, 0x50a0, 0x50a0, 0x5080, 0x5080, 0xdc24, 0xec03, 0x3080, 0x28a0, 0xe6da, 0xcdf7, 0xff9d, 0xf77d, 
	0xce5a, 0xe71c, 0xffff, 0xd69a, 0xce79, 0xffff, 0xe73c, 0xce59, 0xffdf, 0xffff, 0xce79, 0xe73c, 0xffff, 0xd69a, 0xcdf7, 0x4060, 
	0x9a81, 0xfc20, 0xfc20, 0xfc20, 0xfc21, 0xfc20, 0xfc20, 0xfc20, 0xfc20, 0xfc20, 0xfc20, 0xfc20, 0xfc20, 0xfc20, 0xfc20, 0xfc20, 
	0xfc20, 0xe401, 0xe424, 0x40e1, 0x30e2, 0xce79, 0xffff, 0xffff, 0xce79, 0xf79e, 0xffff, 0xce59, 0xce59, 0xffff, 0xd6ba, 0xce79, 
	0xffff, 0xffff, 0xce59, 0xf7be, 0xffff, 0xd69a, 0xc618, 0xffff, 0xd69a, 0xce79, 0xffff, 0xffff, 0xce79, 0xffff, 0xffff, 0xce79, 
	0xf79e, 0xe71c, 0xdefb, 0xef5d, 0xe73c, 0xdedb, 0xef7d, 0xef7d, 0xdefb, 0xe73c, 0xef7d, 0xdedb, 0xdefb, 0xf79e, 0xe71c, 0xdefb, 
	0xef7d, 0xef7d, 0xdedb, 0xef5d, 0xef7d, 0xdefb, 0xe6db, 0x28c1, 0x38a0, 0xfc40, 0xfc40, 0xfc20, 0xfc20, 0xfc20, 0xfc20, 0xfc20, 
	0xfc20, 0xfc20, 0xfc20, 0xfc20, 0xfc20, 0xfc20, 0xfc20, 0xfc20, 0xfc20, 0xfc20, 0xfc20, 0xbb42, 0x30a1, 0xd659, 0xef5f, 0xef7d, 
	0xdefb, 0xef7d, 0xef7d, 0xdedb, 0xe71c, 0xef7d, 0xdefb, 0xdefb, 0xef7d, 0xef5d, 0xdefb, 0xef7d, 0xef9d, 0xdeda, 0x28a1, 0x38a0, 
	0x3840, 0x2881, 0x3082, 0x4040, 0x4040, 0x4040, 0x28c0, 0x71a0, 0xfc40, 0xfc40, 0xfc40, 0xfc40, 0xfc40, 0xfc40, 0xfc40, 0xfc40, 
	0xfc40, 0xfc40, 0xfc40, 0xfc40, 0xfc40, 0xfc40, 0xfc40, 0xfc60, 0x4080, 0x28c0, 0x28a1, 0x2881, 0x20a1, 0x30a0, 0x3080, 0x28c2, 
	0xef5c, 0xe73d, 0xdefb, 0xef9e, 0xef7d, 0xdedb, 0xe73c, 0xef7d, 0xdefb, 0xdedb, 0xef7d, 0xe73c, 0xdedb, 0xef7d, 0xf6b9, 0x4060, 
	0xa280, 0xfc20, 0xfc20, 0xfc40, 0xfc60, 0xfc20, 0xfc20, 0xfc20, 0xfc20, 0xfc20, 0xfc20, 0xfc20, 0xfc20, 0xfc20, 0xfc20, 0xfc40, 
	0xfc60, 0x5080, 0x3860, 0xe6db, 0xef7e, 0xf79e, 0xdefb, 0xdefb, 0xf79e, 0xe71c, 0xdedb, 0xef7d, 0xef5d, 0xdedb, 0xef5d, 0xf79e, 
	0xdefb, 0xdefb, 0xef7d, 0xdefb, 0xdedb, 0xef7d, 0xef7d, 0xdedb, 0xef5d, 0xef7d, 0xdefb, 0xdefb, 0xef7d, 0xe71c, 0xdedb, 0xef7d, 
	0xffff, 0xce79, 0xce79, 0xffff, 0xef7d, 0xce59, 0xffff, 0xffff, 0xce79, 0xdefb, 0xffff, 0xd69a, 0xce79, 0xffff, 0xe71c, 0xce79, 
	0xffff, 0xffff, 0xd69a, 0xef5d, 0xffff, 0xce9a, 0xc659, 0x3882, 0x3840, 0x50c0, 0x58c0, 0xfc40, 0xfc20, 0xfc20, 0xfc20, 0xfc20, 
	0xfc20, 0xfc20, 0xfc20, 0xfc20, 0xfc20, 0xfc20, 0xfc20, 0xfc20, 0xfc20, 0xfc20, 0xfc20, 0xbb42, 0x3081, 0xc596, 0xffff, 0xffff, 
	0xd69a, 0xffdf, 0xffdf, 0xd69a, 0xce79, 0xffdf, 0xce79, 0xce79, 0xffdf, 0xffdf, 0xce79, 0xffff, 0x5268, 0x4184, 0x2860, 0x30a0, 
	0xcbe2, 0xe402, 0xe401, 0xdbe3, 0xdbe3, 0xdbe3, 0xd3c2, 0xec01, 0xfc20, 0xfc20, 0xfc20, 0xfc20, 0xfc20, 0xfc20, 0xfc20, 0xfc20, 
	0xfc20, 0xfc20, 0xfc20, 0xfc20, 0xfc20, 0xfc20, 0xfc20, 0xfc20, 0xe402, 0xdc03, 0xdc02, 0xdc02, 0xdc02, 0xdc03, 0xe3e2, 0xb364, 
	0x4162, 0x3944, 0x30e2, 0xef5d, 0xffff, 0xd69a, 0xe73c, 0xffdf, 0xce79, 0xce59, 0xffdf, 0xe73c, 0xd69a, 0xffff, 0xffdf, 0xcdd6, 
	0x8b47, 0x5880, 0xebc3, 0xfc20, 0xfc40, 0xfc20, 0xfc20, 0xfc20, 0xfc20, 0xfc20, 0xfc20, 0xfc20, 0xfc20, 0xfc20, 0xfc20, 0x91e0, 
	0x58a0, 0xeed8, 0xf73b, 0xce78, 0xef9d, 0xffdf, 0xce79, 0xd69a, 0xffdf, 0xd6ba, 0xce79, 0xffff, 0xffdf, 0xd69a, 0xf7be, 0xffff, 
	0xce79, 0xce79, 0xffdf, 0xd69a, 0xd69a, 0xffdf, 0xffff, 0xce79, 0xffdf, 0xffdf, 0xce79, 0xce79, 0xffdf, 0xce79, 0xd69a, 0xffdf, 
	0xce59, 0xffff, 0xffff, 0xd69a, 0xdefb, 0xffdf, 0xce79, 0xce79, 0xffff, 0xe73c, 0xce79, 0xffff, 0xffff, 0xce79, 0xef5d, 0xffdf, 
	0xce79, 0xce59, 0xffff, 0xdefb, 0xce79, 0xffff, 0xffff, 0x3080, 0x3860, 0x3080, 0x4060, 0xfc20, 0xfc20, 0xfc20, 0xfc20, 0xfc20, 
	0xfc20, 0xfc20, 0xfc20, 0xfc20, 0xfc20, 0xfc20, 0xfc20, 0xfc20, 0xfc20, 0xfc40, 0xfc40, 0xb343, 0x3081, 0xeefc, 0xce7a, 0xce59, 
	0xffff, 0xc638, 0xce79, 0xffff, 0xffff, 0xce59, 0xffff, 0xffff, 0xce79, 0xce79, 0xffff, 0xbdf7, 0x4124, 0x3081, 0x38a0, 0x3880, 
	0xf462, 0xfc40, 0xfc40, 0xfc40, 0xfc40, 0xfc40, 0xfc00, 0xfc00, 0xfc20, 0xfc20, 0xfc20, 0xfc20, 0xfc20, 0xfc20, 0xfc20, 0xfc20, 
	0xfc20, 0xfc20, 0xfc20, 0xfc20, 0xfc20, 0xfc20, 0xfc20, 0xfc00, 0xfc20, 0xfc20, 0xfc40, 0xfc40, 0xfc20, 0xfc20, 0xfc20, 0xdc24, 
	0x30c2, 0x3080, 0x3880, 0xcdb6, 0xce59, 0xffff, 0xef3c, 0xce59, 0xffff, 0xffff, 0xce59, 0xe73c, 0xffff, 0xce79, 0xd639, 0xffdd, 
	0x8bce, 0x28c1, 0xeca6, 0xfc20, 0xfc22, 0xfc40, 0xfc40, 0xfc40, 0xfc20, 0xfc20, 0xfc20, 0xfc20, 0xfc20, 0xfc20, 0xfc40, 0x81a0, 
	0x3081, 0xd618, 0xce59, 0xffff, 0xdebb, 0xce59, 0xffff, 0xffff, 0xce79, 0xef7d, 0xffff, 0xce59, 0xce59, 0xffff, 0xd6ba, 0xce79, 
	0xffff, 0xffff, 0xce59, 0xf7be, 0xffff, 0xd69a, 0xbdf7, 0xffff, 0xd69a, 0xce79, 0xffff, 0xffff, 0xce59, 0xffff, 0xffff, 0xce79, 
	0xef7d, 0xe71c, 0xe71c, 0xef5d, 0xe71c, 0xe71c, 0xef5d, 0xef5d, 0xdefb, 0xe73c, 0xef5d, 0xe71c, 0xe71c, 0xef5d, 0xe73c, 0xe71c, 
	0xef5d, 0xef5d, 0xe71c, 0xe73c, 0xef5d, 0xe71c, 0xe71c, 0xef5c, 0xef3b, 0x28a0, 0x3880, 0xfc20, 0xfc00, 0xfc00, 0xfc20, 0xfc20, 
	0xfc20, 0xfc20, 0xfc20, 0xfc20, 0xfc20, 0xfc40, 0xfc20, 0xfc20, 0xfc02, 0xec43, 0x3080, 0x6a88, 0xe75d, 0xdefb, 0xd71d, 0xef5d, 
	0xe71c, 0xef5d, 0xef5d, 0xdefb, 0xe73c, 0xef5d, 0xe71c, 0xe71c, 0xef5d, 0xdf7d, 0x9430, 0x38a1, 0x3060, 0x3863, 0xe446, 0xf443, 
	0xfc20, 0xfc40, 0xfc40, 0xfc20, 0xfc40, 0xfc20, 0xfc20, 0xfc20, 0xfc20, 0xfc20, 0xfc20, 0xfc20, 0xfc20, 0xfc20, 0xfc20, 0xfc20, 
	0xfc20, 0xfc20, 0xfc20, 0xfc20, 0xfc20, 0xfc20, 0xfc20, 0xfc20, 0xfc20, 0xfc20, 0xfc40, 0xfc40, 0xfc40, 0xfc41, 0xfc20, 0xfc20, 
	0xfc22, 0xfc21, 0xfc00, 0x58c0, 0x38a0, 0xdefc, 0xef3c, 0xef5d, 0xe71c, 0xe71c, 0xef5d, 0xe73c, 0xe71c, 0xef5d, 0xef5d, 0xdf1c, 
	0x7b6d, 0x30a0, 0xec25, 0xfc20, 0xfc40, 0xfc21, 0x4040, 0x3060, 0xfc20, 0xfc20, 0xfc20, 0xfc40, 0xfc40, 0xbb20, 0x38a0, 0xad13, 
	0xe6fc, 0xef5c, 0xef7d, 0xe71c, 0xef5d, 0xef5d, 0xe71c, 0xe71c, 0xef5d, 0xe71c, 0xdefb, 0xef5d, 0xef5d, 0xdefb, 0xef5d, 0xef5d, 
	0xe71c, 0xe71c, 0xef5d, 0xe71c, 0xe71c, 0xef5d, 0xef7d, 0xdefb, 0xef5d, 0xef5d, 0xdefb, 0xe71c, 0xef5d, 0xe73c, 0xdefb, 0xef5d, 
	0xffff, 0xce79, 0xce79, 0xffff, 0xef7d, 0xce59, 0xffff, 0xffff, 0xce79, 0xe73c, 0xffff, 0xce79, 0xce79, 0xffff, 0xe71c, 0xce79, 
	0xffff, 0xffff, 0xce79, 0xef5d, 0xffff, 0xce79, 0xce79, 0xffdf, 0xe6bb, 0x28a2, 0x3060, 0xfc21, 0xfc21, 0xfc21, 0xf442, 0xfc20, 
	0xfc40, 0xfc20, 0xfc20, 0xfc20, 0xfc20, 0xfc40, 0xf441, 0xf461, 0xfc42, 0xec82, 0x28a1, 0x6ac9, 0xc659, 0xd678, 0xffde, 0xffff, 
	0xce79, 0xffdf, 0xffdf, 0xd69a, 0xce79, 0xffdf, 0xce59, 0xce59, 0xffdf, 0xffbe, 0x93cc, 0x4080, 0x3860, 0x3840, 0xe423, 0xfc20, 
	0xf442, 0xfc21, 0xfc21, 0xfc41, 0xf442, 0xfc20, 0xfc20, 0xfc20, 0xfc20, 0xfc20, 0xfc20, 0xfc20, 0xfc20, 0xfc20, 0xfc20, 0xfc20, 
	0xfc20, 0xfc20, 0xfc20, 0xfc20, 0xfc20, 0xfc20, 0xfc20, 0xfc40, 0xfc40, 0xf442, 0xfc21, 0xfc21, 0xfc21, 0xfc20, 0xfc41, 0xf461, 
	0xfc40, 0xfc22, 0xfc40, 0x60a0, 0x4080, 0xce38, 0xf6fa, 0xffde, 0xce59, 0xce59, 0xffdf, 0xe73c, 0xd69a, 0xffff, 0xffff, 0xd658, 
	0x730b, 0x30a0, 0xec25, 0xfc20, 0xfc40, 0xf440, 0x3860, 0x3880, 0xfc21, 0xfc21, 0xfc21, 0xf461, 0xfc40, 0xab02, 0x28a1, 0x9c70, 
	0xd69a, 0xffff, 0xffff, 0xd69a, 0xf79e, 0xffdf, 0xce59, 0xce79, 0xf7be, 0xdedb, 0xce79, 0xffff, 0xffdf, 0xd69a, 0xf7be, 0xffff, 
	0xce79, 0xce79, 0xffdf, 0xd69a, 0xce79, 0xffdf, 0xffff, 0xd69a, 0xffdf, 0xffdf, 0xce79, 0xce59, 0xffdf, 0xce79, 0xd69a, 0xffdf, 
	0xce79, 0xffff, 0xffff, 0xce79, 0xdefb, 0xffdf, 0xce59, 0xce79, 0xffff, 0xef5d, 0xd69a, 0xffdf, 0xffff, 0xce79, 0xef5d, 0xffdf, 
	0xd69a, 0xce79, 0xffff, 0xe71c, 0xce79, 0xffdf, 0xffff, 0xce59, 0xf7be, 0xffff, 0xce78, 0x3080, 0x3080, 0x3080, 0xaae3, 0xfc00, 
	0xf440, 0xfc20, 0xfc20, 0xfc20, 0xfc20, 0xec40, 0x28a0, 0x2881, 0x28a0, 0x28a0, 0x3080, 0x5a48, 0xffff, 0xffff, 0xce79, 0xce59, 
	0xffff, 0xc638, 0xce79, 0xffff, 0xffff, 0xce59, 0xffff, 0xffff, 0xbdd7, 0x30a3, 0x9220, 0xfbe0, 0xfc20, 0xfc20, 0xfc40, 0xfc20, 
	0xecc8, 0xe489, 0xe4a9, 0xe4aa, 0xe4ca, 0xeca7, 0xfc20, 0xfc40, 0xfc40, 0xfc20, 0xfc21, 0xfc40, 0xfc20, 0xfc20, 0xfc20, 0xfc20, 
	0xfc20, 0xfc20, 0xfc20, 0xfc20, 0xfc40, 0xfc40, 0xfc20, 0xfc21, 0xf487, 0xdcaa, 0xdcaa, 0xe4a9, 0xe4aa, 0xdcca, 0xe4a8, 0xe4a7, 
	0xe4a8, 0xec84, 0xfc20, 0xfc40, 0xfc20, 0x5080, 0x3840, 0xce59, 0xffff, 0xffff, 0xce79, 0xe73c, 0xffff, 0xce79, 0xbdb5, 0x4081, 
	0x30a0, 0x28a0, 0xec44, 0xfc20, 0xfc40, 0xfc40, 0x3880, 0x30a1, 0x3080, 0x3080, 0x3080, 0x28a0, 0x2882, 0x6aeb, 0xc678, 0xef9e, 
	0xffff, 0xce38, 0xce79, 0xffff, 0xdedb, 0xce59, 0xffff, 0xffff, 0xce79, 0xf79e, 0xffff, 0xce59, 0xce59, 0xffff, 0xd6ba, 0xce79, 
	0xffff, 0xffff, 0xce79, 0xf7be, 0xffff, 0xce79, 0xc618, 0xffff, 0xd69a, 0xce79, 0xffff, 0xffff, 0xce59, 0xffff, 0xffff, 0xce79, 
	0xef5d, 0xe73c, 0xe73c, 0xef5d, 0xef5d, 0xe73c, 0xe73c, 0xe73c, 0xe71c, 0xe73c, 0xe73c, 0xe73c, 0xe73c, 0xef5d, 0xe73c, 0xe73c, 
	0xe73c, 0xef5d, 0xe71c, 0xe73c, 0xe73c, 0xe73c, 0xe71c, 0xe73c, 0xe73c, 0xe73c, 0xe73c, 0x9c50, 0x838d, 0x940f, 0x8b07, 0xa241, 
	0x9260, 0x9a42, 0x9a42, 0x9a42, 0x9a41, 0x9201, 0x9280, 0xaa40, 0xa240, 0xa240, 0xa240, 0x8ac5, 0x9471, 0xdebb, 0xe6fc, 0xe71c, 
	0xef3d, 0xef1d, 0xef1c, 0xef1c, 0xef3d, 0xdf5e, 0xe73d, 0x9c30, 0x8b2a, 0x9260, 0xcb20, 0xfc60, 0xfc63, 0xf486, 0xf465, 0xf484, 
	0xecc8, 0xe4aa, 0xeca8, 0xeca9, 0xf483, 0xfc44, 0xf400, 0xd380, 0x7a20, 0xd360, 0xfc20, 0xfc00, 0xfc00, 0xfc20, 0xfc20, 0xfc20, 
	0xfc20, 0xfc20, 0xf440, 0xf460, 0xba80, 0x7a41, 0xe440, 0xfc40, 0xfc63, 0xf484, 0xfc63, 0xf464, 0xeca9, 0xeca9, 0xeca9, 0xeca9, 
	0xeca9, 0xf485, 0xfc20, 0xfc20, 0xec41, 0x30a1, 0x3081, 0xef3b, 0xe71b, 0xe71b, 0xef3b, 0x8bec, 0x9c4e, 0x838b, 0x9348, 0xa240, 
	0x9a60, 0x92a0, 0xfbe2, 0xfc40, 0x8a80, 0x9262, 0x836c, 0x9c70, 0x9c50, 0x838d, 0x940f, 0x9c50, 0x836d, 0x9c92, 0xe73c, 0xe73c, 
	0xe73c, 0xe73c, 0xef5d, 0xe73c, 0xe73c, 0xe73c, 0xe71c, 0xe71c, 0xe73c, 0xe71c, 0xe73c, 0xe73c, 0xe73c, 0xe73c, 0xe73c, 0xe73c, 
	0xef5d, 0xe73c, 0xe73c, 0xe71c, 0xe73c, 0xe71c, 0xe73c, 0xe73c, 0xef5d, 0xe71c, 0xe73c, 0xe71c, 0xe73c, 0xe73c, 0xe73c, 0xe73c, 
	0xffff, 0xce79, 0xce79, 0xffff, 0xef5d, 0xce79, 0xffff, 0xffff, 0xce59, 0xe73c, 0xffff, 0xce79, 0xce79, 0xffff, 0xe71c, 0xce79, 
	0xffff, 0xffff, 0xce79, 0xef5d, 0xffff, 0xce79, 0xce79, 0xffff, 0xdefb, 0xce79, 0xffff, 0xffff, 0xc659, 0xef9e, 0x7b29, 0x3861, 
	0x3080, 0x3080, 0x3880, 0x3880, 0x3860, 0x3840, 0xfc40, 0xfc21, 0xfc40, 0xfc40, 0xfc40, 0xb324, 0x3081, 0xc5b6, 0xfffe, 0xfffe, 
	0xce59, 0xf7ff, 0xffff, 0xceba, 0xce99, 0xf7ff, 0xd658, 0x2880, 0x4921, 0xfc20, 0xfc20, 0xfc20, 0xeca5, 0xdcca, 0xe4a9, 0xe4c9, 
	0xe4c9, 0xe4a9, 0xe4a9, 0xf4a8, 0xfc40, 0xfc20, 0xfc00, 0xaae0, 0x0020, 0xba60, 0xfc40, 0xfc01, 0xfc40, 0xfc20, 0xfc20, 0xfc20, 
	0xfc20, 0xfc20, 0xfc20, 0xf460, 0x5940, 0x0000, 0xeba0, 0xfc20, 0xfc20, 0xfc20, 0xfc20, 0xf441, 0xeca8, 0xe4aa, 0xe4aa, 0xe4aa, 
	0xe4aa, 0xf484, 0xfc40, 0xfc20, 0xfc21, 0x3080, 0x30a2, 0xffff, 0xce79, 0xce79, 0xffff, 0x30c1, 0x3080, 0x30a0, 0x5880, 0xfc00, 
	0xfc21, 0xfc41, 0xfc40, 0xfc60, 0x4023, 0x2880, 0xd67a, 0xffff, 0xffff, 0xce7a, 0xef7d, 0xf7ff, 0xc659, 0xce79, 0xffff, 0xdefb, 
	0xce79, 0xffff, 0xffff, 0xce79, 0xf79e, 0xffdf, 0xc638, 0xce79, 0xffdf, 0xdedb, 0xce79, 0xffff, 0xffdf, 0xce79, 0xf7be, 0xffff, 
	0xd69a, 0xce79, 0xffff, 0xd69a, 0xce59, 0xffff, 0xffff, 0xce79, 0xffdf, 0xffff, 0xce79, 0xce59, 0xffff, 0xd69a, 0xce79, 0xffff, 
	0xce59, 0xffdf, 0xffff, 0xce79, 0xdefb, 0xffff, 0xce79, 0xce79, 0xffff, 0xe73c, 0xce79, 0xffff, 0xffff, 0xce79, 0xef5d, 0xffdf, 
	0xce79, 0xce59, 0xffff, 0xdefb, 0xce79, 0xffff, 0xffff, 0xce79, 0xef7d, 0xffff, 0xce79, 0xd679, 0xffff, 0xdeba, 0xce79, 0xffff, 
	0xfffd, 0xc679, 0xef7e, 0xffff, 0x20a2, 0x3080, 0xfc20, 0xfc21, 0xfc40, 0xfc41, 0xfc40, 0xfc00, 0xec01, 0x5880, 0x3060, 0x3080, 
	0x30a1, 0xce38, 0xd618, 0x30c2, 0x3081, 0x30a1, 0x50a0, 0xfc43, 0xfc21, 0xfc20, 0xfc20, 0xfc20, 0xf485, 0xe4ca, 0xeca8, 0xe4a9, 
	0xe4a9, 0xe4a9, 0xe4c9, 0xeca9, 0xfc20, 0xfc40, 0xfc00, 0xfc60, 0xfc40, 0x59c3, 0x1000, 0xcc43, 0xfc40, 0xfc20, 0xfc20, 0xfc20, 
	0xfc40, 0xfc20, 0xa301, 0x0001, 0x9b00, 0xfc20, 0xfc40, 0xfc20, 0xfc20, 0xfc20, 0xfc40, 0xfc20, 0xfc21, 0xf440, 0xf440, 0xf440, 
	0xf440, 0xfc20, 0xfc40, 0xfc20, 0xfc20, 0xf463, 0xf402, 0x3080, 0x3081, 0x3081, 0x3080, 0xf440, 0xfc20, 0xfc40, 0xf461, 0xfc40, 
	0xfc60, 0xfc00, 0x5040, 0x4842, 0xce7c, 0xf71d, 0xffff, 0xce79, 0xd679, 0xffff, 0xe6fb, 0xce59, 0xffff, 0xffff, 0xce59, 0xef7d, 
	0xffff, 0xce59, 0xce79, 0xffff, 0xd6ba, 0xce79, 0xffff, 0xffff, 0xce79, 0xf79e, 0xffff, 0xce59, 0xce79, 0xffff, 0xdedb, 0xce79, 
	0xffff, 0xffff, 0xce79, 0xf7be, 0xffff, 0xce79, 0xc638, 0xffff, 0xd69a, 0xce59, 0xffff, 0xffff, 0xd69a, 0xffdf, 0xffdf, 0xd69a, 
	0xe73c, 0xef5d, 0xef5d, 0xe73c, 0xe73c, 0xef5d, 0xe73c, 0xe71c, 0xe71c, 0xe73c, 0xe71c, 0xef5d, 0xe73c, 0xe73c, 0xe73c, 0xef5d, 
	0xe71c, 0xe73c, 0xe73c, 0xe73c, 0xe71c, 0xef5d, 0xef5d, 0xe73c, 0xe73c, 0xe73c, 0xe71c, 0xe71c, 0xe73c, 0xef5d, 0xe73c, 0xef5d, 
	0xef5d, 0xe73c, 0xe71b, 0xe71d, 0x30a0, 0x4020, 0xec80, 0xf461, 0xfc40, 0xfc23, 0xfc20, 0xfc40, 0xfc40, 0x68a0, 0x3880, 0x38a0, 
	0x3080, 0xe77f, 0xdefc, 0x3080, 0x3880, 0x3880, 0x4060, 0xfc20, 0xfc20, 0xfc20, 0xfc20, 0xfc20, 0xf485, 0xeca9, 0xecc7, 0xeca9, 
	0xeca9, 0xeca9, 0xeca9, 0xf485, 0xfc20, 0xfc20, 0xfc20, 0xfc20, 0xfc20, 0x51a4, 0x1000, 0xdc01, 0xfc60, 0xfc20, 0xfc20, 0xfc20, 
	0xe462, 0xfc40, 0xaae4, 0x0020, 0xa2e2, 0xfc20, 0xfc40, 0xfc20, 0xfc20, 0xfc20, 0xfc20, 0xfc20, 0xfc20, 0xfc20, 0xfc20, 0xfc20, 
	0xfc20, 0xfc20, 0xfc20, 0xfc20, 0xfc20, 0xfc20, 0xf420, 0x3880, 0x3880, 0x3880, 0x3880, 0xfc82, 0xfc42, 0xfc60, 0xfc20, 0xfc22, 
	0xfc40, 0xf420, 0x4880, 0x2861, 0xeefb, 0xe73c, 0xef5d, 0xe73c, 0xe73c, 0xef5d, 0xe73c, 0xe71c, 0xe73c, 0xe73c, 0xe71c, 0xe73c, 
	0xef5d, 0xe71c, 0xe73c, 0xef5d, 0xef5d, 0xe71c, 0xe73c, 0xe73c, 0xe71c, 0xe73c, 0xe73c, 0xe73c, 0xe73c, 0xef5d, 0xe73c, 0xe73c, 
	0xef5d, 0xe73c, 0xe73c, 0xe73c, 0xe73c, 0xe71c, 0xe73c, 0xe73c, 0xe73c, 0xe73c, 0xef5d, 0xe73c, 0xe71c, 0xe73c, 0xef5d, 0xe71c, 
	0xffff, 0xce79, 0xce79, 0xffff, 0xef7d, 0xce79, 0xffff, 0xffff, 0xce59, 0xe73c, 0xffff, 0xce79, 0xce79, 0xffff, 0xe71c, 0xce79, 
	0xffff, 0xffff, 0xce59, 0xef5d, 0xffff, 0xce79, 0xce79, 0xffff, 0xdefb, 0xce79, 0xffff, 0xffdf, 0xce59, 0xf79e, 0xffff, 0xce79, 
	0xce79, 0xffff, 0xdeba, 0xd69a, 0x3080, 0x3081, 0x38c0, 0x3081, 0x28a1, 0x4840, 0xfc00, 0xfc01, 0xfc00, 0xfc20, 0xfc40, 0xfc20, 
	0xf440, 0x3880, 0x3860, 0xf441, 0xfc20, 0xfc00, 0xfc20, 0xfc20, 0xfc40, 0xfc20, 0xfc20, 0xfc20, 0xfc20, 0xfc20, 0xfc20, 0xfc20, 
	0xfc20, 0xfc20, 0xfc20, 0xfc20, 0xfc20, 0xfc20, 0xfc20, 0xfc20, 0xfc20, 0xfc20, 0xf441, 0x2000, 0x0001, 0x0000, 0x0000, 0x0000, 
	0x0000, 0x0002, 0x5920, 0xfc20, 0xfc20, 0xfc20, 0xf440, 0xfc20, 0xfc20, 0xfc20, 0xfc20, 0xfc20, 0xfc20, 0xfc20, 0xfc20, 0xfc20, 
	0xfc20, 0xfc20, 0xfc20, 0xfc20, 0xfc20, 0xfc40, 0xfc20, 0xfc20, 0xfc20, 0xfc20, 0xfc21, 0x30e0, 0x4860, 0xfc20, 0xcbe3, 0x2882, 
	0x3861, 0x3880, 0xd639, 0xce78, 0xf7fe, 0xe71c, 0xce79, 0xffff, 0xffff, 0xce79, 0xef5d, 0xffff, 0xce59, 0xce79, 0xffff, 0xdedb, 
	0xce79, 0xffff, 0xffff, 0xce79, 0xf79e, 0xffff, 0xc638, 0xce79, 0xffff, 0xdedb, 0xce59, 0xffff, 0xffff, 0xce79, 0xf7be, 0xffff, 
	0xce79, 0xce59, 0xffff, 0xd69a, 0xce59, 0xffff, 0xffff, 0xce79, 0xffdf, 0xffff, 0xce79, 0xc638, 0xffff, 0xce79, 0xce59, 0xffff, 
	0xce59, 0xffdf, 0xffff, 0xce59, 0xdefb, 0xffdf, 0xce79, 0xce79, 0xffff, 0xef5d, 0xce79, 0xffff, 0xffff, 0xce79, 0xef5d, 0xffdf, 
	0xce79, 0xce59, 0xffff, 0xe71c, 0xce79, 0xffff, 0xffff, 0xce59, 0xef7d, 0xffff, 0xce59, 0xce79, 0xffff, 0xdedb, 0xce59, 0xffff, 
	0xffff, 0xce79, 0xffbe, 0xffff, 0x6227, 0x6228, 0x728b, 0x6a47, 0x3861, 0x4040, 0xd300, 0xdb80, 0xf460, 0xfc21, 0xfc20, 0xfc20, 
	0xfc20, 0x4060, 0x4080, 0xfc20, 0xfc00, 0xf441, 0xfc40, 0xfc20, 0xfc20, 0xfc20, 0xfc20, 0xfc20, 0xfc40, 0xfc40, 0xfc20, 0xfc40, 
	0xfc40, 0xfc40, 0xfc40, 0xfc40, 0xfc20, 0xfc20, 0xfc20, 0xfc20, 0xfc20, 0xfc02, 0xfc40, 0x4920, 0x4160, 0x4120, 0x4120, 0x4120, 
	0x4900, 0x58e0, 0x8200, 0xf423, 0xf440, 0xfc40, 0xfc02, 0xfc20, 0xfc20, 0xfc20, 0xfc20, 0xfc20, 0xfc20, 0xfc20, 0xfc20, 0xfc20, 
	0xfc20, 0xfc20, 0xfc20, 0xfc20, 0xfc20, 0xfc40, 0xfc20, 0xfc20, 0xfc20, 0xfc20, 0xfc20, 0x6980, 0x7942, 0xcb40, 0xbb66, 0x5acb, 
	0x6a66, 0x6a25, 0xffde, 0xffde, 0xce5b, 0xef5d, 0xffff, 0xce79, 0xce79, 0xffff, 0xdefb, 0xce59, 0xffff, 0xffff, 0xce79, 0xef7d, 
	0xffff, 0xce59, 0xce79, 0xffff, 0xdedb, 0xce79, 0xffff, 0xffff, 0xce59, 0xf79e, 0xffff, 0xce59, 0xce79, 0xffff, 0xd6ba, 0xce79, 
	0xffdf, 0xffff, 0xce79, 0xf7be, 0xffff, 0xce79, 0xc638, 0xffff, 0xd69a, 0xce79, 0xffff, 0xffff, 0xce79, 0xffff, 0xffdf, 0xce59, 
	0xe71c, 0xef5d, 0xef5d, 0xe73c, 0xef5d, 0xef5d, 0xe71c, 0xe71c, 0xef5d, 0xe73c, 0xdefb, 0xef7d, 0xef5d, 0xe71c, 0xe73c, 0xef7d, 
	0xdefb, 0xe71c, 0xef5d, 0xe73c, 0xe71c, 0xef5d, 0xef5d, 0xe73c, 0xe71c, 0xef5d, 0xe71c, 0xe71c, 0xef5d, 0xe73c, 0xe71c, 0xef5d, 
	0xef5d, 0xe73c, 0xe71c, 0xef5d, 0xdefb, 0xdf1c, 0xef7d, 0xeefc, 0x3880, 0x3880, 0x3880, 0x8980, 0xfc00, 0xfc20, 0xfc20, 0xfc20, 
	0xfc20, 0x3081, 0x3080, 0xf443, 0xfc20, 0xfc20, 0xfc20, 0xfc20, 0xfc20, 0xfc20, 0xfc20, 0xfc20, 0xfc20, 0xfc20, 0xfc20, 0xfc20, 
	0xfc20, 0xfc20, 0xfc20, 0xfc20, 0xfc20, 0xfc20, 0xfc20, 0xfc20, 0xfc20, 0xfc20, 0xfc20, 0xfc20, 0xfc20, 0xfc20, 0xfc20, 0xfc20, 
	0xfc20, 0xfc20, 0xfc20, 0xfc20, 0xfc20, 0xfc20, 0xfc20, 0xfc20, 0xfc20, 0xfc20, 0xfc20, 0xfc20, 0xfc20, 0xfc20, 0xfc20, 0xfc20, 
	0xfc20, 0xfc20, 0xfc20, 0xfc20, 0xfc20, 0xfc20, 0xfc20, 0xfc20, 0xfc20, 0xfc20, 0xfc20, 0xfc40, 0xfc01, 0x3860, 0x3143, 0xe75d, 
	0xe75c, 0xe71c, 0xe75d, 0xe75d, 0xdf1c, 0xe73d, 0xef5d, 0xdf1c, 0xe71c, 0xef5d, 0xe73c, 0xe71c, 0xef5d, 0xef5d, 0xe73c, 0xe73c, 
	0xef5d, 0xe71c, 0xe71c, 0xef5d, 0xe73c, 0xe71c, 0xef5d, 0xe73c, 0xe71c, 0xe73c, 0xef5d, 0xe71c, 0xe73c, 0xef5d, 0xe73c, 0xe71c, 
	0xef5d, 0xe73c, 0xe71c, 0xe73c, 0xe73c, 0xdefb, 0xe71c, 0xef5d, 0xe73c, 0xe73c, 0xef5d, 0xef5d, 0xe71c, 0xe73c, 0xef5d, 0xe71c, 
	0xffff, 0xce79, 0xce79, 0xffff, 0xef7d, 0xce59, 0xffff, 0xffff, 0xce79, 0xe71c, 0xffff, 0xce79, 0xce79, 0xffff, 0xe71c, 0xce79, 
	0xffff, 0xffff, 0xce79, 0xef5d, 0xffff, 0xce79, 0xce79, 0xffff, 0xdefb, 0xce79, 0xffff, 0xffdf, 0xce59, 0xf79e, 0xffff, 0xce79, 
	0xce79, 0xffff, 0xd6ba, 0xce59, 0xffff, 0xffff, 0xce79, 0xffdf, 0xffdf, 0xd659, 0xd639, 0xd5b4, 0x4040, 0x3880, 0x4060, 0x4040, 
	0x4860, 0xf4a2, 0xec43, 0xfc20, 0xfc20, 0xfc20, 0xfc20, 0xfc20, 0xfc20, 0xfc20, 0xfc20, 0xfc20, 0xfc20, 0xfc20, 0xfc20, 0xfc20, 
	0xfc20, 0xfc20, 0xfc20, 0xfc20, 0xfc20, 0xfc20, 0xfc20, 0xfc20, 0xfc20, 0xfc20, 0xfc20, 0xfc20, 0xfc20, 0xfc20, 0xfc20, 0xfc20, 
	0xfc20, 0xfc20, 0xfc20, 0xfc20, 0xfc20, 0xfc20, 0xfc20, 0xfc20, 0xfc20, 0xfc20, 0xfc20, 0xfc20, 0xfc20, 0xfc20, 0xfc20, 0xfc20, 
	0xfc20, 0xfc20, 0xfc20, 0xfc20, 0xfc20, 0xfc20, 0xfc20, 0xfc20, 0xfc20, 0xfc20, 0xfc20, 0xfc40, 0xfc01, 0x3860, 0x2860, 0x30a1, 
	0x2881, 0x28a0, 0x28a0, 0x2880, 0x2880, 0x30a0, 0x28a0, 0x30c1, 0xffff, 0xce79, 0xef7d, 0xffff, 0xce59, 0xce79, 0xffff, 0xdefb, 
	0xce79, 0xffff, 0xffff, 0xce79, 0xf79e, 0xffdf, 0xce59, 0xce79, 0xffdf, 0xd6ba, 0xce79, 0xffff, 0xffff, 0xd69a, 0xf7be, 0xffff, 
	0xce79, 0xce79, 0xffdf, 0xd69a, 0xce59, 0xffdf, 0xffff, 0xce79, 0xffdf, 0xffff, 0xce59, 0xce59, 0xffdf, 0xce79, 0xce59, 0xffff, 
	0xce59, 0xffff, 0xffff, 0xce59, 0xdefb, 0xffff, 0xce59, 0xce59, 0xffff, 0xe73c, 0xce59, 0xffff, 0xffff, 0xce59, 0xef5d, 0xffdf, 
	0xce79, 0xce59, 0xffff, 0xdefb, 0xce79, 0xffff, 0xffff, 0xce59, 0xef7d, 0xffff, 0xce59, 0xce59, 0xffff, 0xd6ba, 0xce59, 0xffff, 
	0xffff, 0xce79, 0xf7be, 0xffff, 0xce79, 0xce59, 0xffff, 0xdeba, 0xce79, 0xffff, 0xffff, 0x9cb1, 0x2861, 0x28c0, 0x3062, 0x30a0, 
	0x28c0, 0xfc20, 0xfc40, 0xfc40, 0xfc20, 0xfc20, 0xfc20, 0xfc20, 0xfc20, 0xfc20, 0xfc20, 0xfc20, 0xfc20, 0xfc20, 0xfc20, 0xfc20, 
	0xfc20, 0xfc20, 0xfc20, 0xfc20, 0xfc20, 0xfc20, 0xfc20, 0xfc20, 0xfc20, 0xfc20, 0xfc20, 0xfc20, 0xfc20, 0xfc20, 0xfc20, 0xfc20, 
	0xfc20, 0xfc20, 0xfc20, 0xfc20, 0xfc20, 0xfc20, 0xfc20, 0xfc20, 0xfc20, 0xfc20, 0xfc20, 0xfc20, 0xfc20, 0xfc20, 0xfc20, 0xfc20, 
	0xfc20, 0xfc20, 0xfc20, 0xfc20, 0xfc20, 0xfc20, 0xfc20, 0xfc20, 0xfc20, 0xfc20, 0xfc20, 0xfc40, 0xfc01, 0x4080, 0x38c1, 0x3080, 
	0x3080, 0x3081, 0x3081, 0x30a1, 0x3081, 0x3081, 0x3081, 0x3060, 0xce79, 0xffff, 0xdefb, 0xc659, 0xffff, 0xffff, 0xce59, 0xef7d, 
	0xffff, 0xc638, 0xce79, 0xffff, 0xdedb, 0xce59, 0xffff, 0xffff, 0xce59, 0xf79e, 0xffff, 0xce59, 0xce79, 0xffff, 0xd6ba, 0xce59, 
	0xffdf, 0xffff, 0xce59, 0xf7be, 0xffff, 0xd69a, 0xc638, 0xffff, 0xce79, 0xce79, 0xffff, 0xffff, 0xce79, 0xffff, 0xffff, 0xce79, 
	0xe71c, 0xef5d, 0xef5d, 0xe71c, 0xef5d, 0xef7d, 0xdefb, 0xe71c, 0xef5d, 0xe73c, 0xdefb, 0xef7d, 0xef7d, 0xe71c, 0xe73c, 0xef7d, 
	0xe71c, 0xdefb, 0xef5d, 0xe73c, 0xdefb, 0xef5d, 0xef5d, 0xe71c, 0xe71c, 0xef7d, 0xe71c, 0xdefb, 0xe73c, 0xef5d, 0xdefb, 0xef5d, 
	0xef7d, 0xe71c, 0xe71c, 0xef5d, 0xe71c, 0xe71c, 0xef5d, 0xe73c, 0xe71c, 0xe75d, 0xe75c, 0xe6fb, 0xf75d, 0x3923, 0x3880, 0xdc42, 
	0xf440, 0xfc40, 0xfc20, 0xfc20, 0xfc20, 0xfc20, 0xfc20, 0xfc20, 0xfc20, 0xfc20, 0xfc20, 0xfc20, 0xfc20, 0xfc20, 0xfc20, 0xfc20, 
	0xfc20, 0xfc20, 0xfc20, 0xfc20, 0xfc20, 0xfc20, 0xfc20, 0xfc20, 0xfc20, 0xfc20, 0xfc20, 0xfc20, 0xfc20, 0xfc20, 0xfc20, 0xfc20, 
	0xfc20, 0xfc20, 0xfc20, 0xfc20, 0xfc40, 0xfc20, 0xfc20, 0xfc20, 0xfc20, 0xfc20, 0xfc20, 0xfc20, 0xfc20, 0xfc20, 0xfc20, 0xfc20, 
	0xfc20, 0xfc20, 0xfc20, 0xfc20, 0xfc20, 0xfc20, 0xfc20, 0xfc20, 0xfc20, 0xfc20, 0xfc20, 0xfc20, 0xfc20, 0xfc21, 0xdc64, 0x3880, 
	0xa280, 0xfc00, 0xfc00, 0xfc00, 0xfc00, 0xfc00, 0xfc00, 0xfc20, 0x3880, 0x30a1, 0xeefa, 0xe71c, 0xef5d, 0xef5d, 0xe73c, 0xe73c, 
	0xef5d, 0xe71c, 0xe71c, 0xe73c, 0xe73c, 0xe71c, 0xef5d, 0xef5d, 0xe71c, 0xe73c, 0xe73c, 0xdefb, 0xe71c, 0xef5d, 0xe73c, 0xe71c, 
	0xef5d, 0xe73c, 0xe71c, 0xe73c, 0xe73c, 0xdefb, 0xe73c, 0xef5d, 0xe73c, 0xe71c, 0xef5d, 0xe73c, 0xe71c, 0xe73c, 0xef5d, 0xe71c, 
	0xffff, 0xd69a, 0xce79, 0xffff, 0xef7d, 0xce79, 0xffff, 0xffff, 0xd69a, 0xe71c, 0xffff, 0xd69a, 0xce59, 0xffff, 0xe73c, 0xd69a, 
	0xffdf, 0xffff, 0xce79, 0xe73c, 0xffdf, 0xd69a, 0xce59, 0xffdf, 0xe71c, 0xce79, 0xffff, 0xffdf, 0xd6ba, 0xf79e, 0xffff, 0xd69a, 
	0xce59, 0xffdf, 0xdedb, 0xce79, 0xffff, 0xffdf, 0xcdf7, 0xf75c, 0xff7d, 0xcdf7, 0xd637, 0xff7d, 0xd658, 0x3923, 0x38c0, 0xe463, 
	0xfc00, 0xfc40, 0xfc20, 0xfc20, 0xfc20, 0xfc20, 0xfc20, 0xfc20, 0xfc20, 0xfc20, 0xfc20, 0xfc20, 0xfc20, 0xfc20, 0xfc20, 0xfc20, 
	0xfc20, 0xfc20, 0xfc20, 0xfc20, 0xfc20, 0xfc20, 0xfc20, 0xfc20, 0xfc20, 0xfc40, 0xfc20, 0xfc41, 0xf463, 0xf442, 0xf442, 0xf442, 
	0xf442, 0xf442, 0xf442, 0xf443, 0xf462, 0xf443, 0xfc20, 0xfc20, 0xfc20, 0xfc20, 0xfc20, 0xfc20, 0xfc20, 0xfc20, 0xfc20, 0xfc20, 
	0xfc20, 0xfc20, 0xfc20, 0xfc20, 0xfc20, 0xfc20, 0xfc20, 0xfc20, 0xfc20, 0xfc20, 0xfc20, 0xfc20, 0xfc20, 0xfc40, 0xdbe6, 0x30a0, 
	0xa280, 0xfc20, 0xfc20, 0xfc20, 0xfc20, 0xfc20, 0xfc20, 0xfc40, 0x5080, 0x48a0, 0xef3c, 0xff7d, 0xd69a, 0xce7a, 0xffdf, 0xdefb, 
	0xd69a, 0xffff, 0xffff, 0xd69a, 0xf79e, 0xffdf, 0xce59, 0xce79, 0xffdf, 0xd6ba, 0xd69a, 0xffff, 0xffff, 0xd69a, 0xf7be, 0xffff, 
	0xce79, 0xce79, 0xffdf, 0xd69a, 0xce79, 0xffdf, 0xffff, 0xd69a, 0xffff, 0xffdf, 0xce79, 0xce59, 0xffdf, 0xce79, 0xd69a, 0xffff, 
	0xce59, 0xffff, 0xffff, 0xce79, 0xdefb, 0xffff, 0xce59, 0xce59, 0xffff, 0xef5d, 0xce79, 0xffff, 0xffff, 0xce79, 0xe73c, 0xffff, 
	0xce79, 0xce59, 0xffff, 0xe71c, 0xce79, 0xffff, 0xffff, 0xce59, 0xef7d, 0xffff, 0xce79, 0xce59, 0xffff, 0xd6ba, 0xce59, 0xffff, 
	0xffff, 0xce59, 0xf7be, 0xffff, 0xce59, 0xd659, 0x3081, 0x3080, 0x3860, 0x3860, 0x3860, 0x3860, 0x3060, 0x3060, 0x3880, 0xec63, 
	0xfc40, 0xfc00, 0xfc20, 0xfc20, 0xfc20, 0xfc20, 0xfc20, 0xfc20, 0xfc20, 0xfc20, 0xfc20, 0xfc20, 0xfc20, 0xfc20, 0xfc20, 0xfc20, 
	0xfc20, 0xfc20, 0xfc20, 0xfc20, 0xfc20, 0xfc20, 0xfc20, 0xfc20, 0xfc20, 0xfc40, 0xfc40, 0xf486, 0xdccb, 0xe4c9, 0xe4c9, 0xe4c9, 
	0xe4c9, 0xe4c9, 0xe4c9, 0xe4ab, 0xdcca, 0xe4a9, 0xec63, 0xfc20, 0xfc20, 0xfc20, 0xfc20, 0xfc20, 0xfc20, 0xfc20, 0xfc20, 0xfc20, 
	0xfc20, 0xfc20, 0xfc20, 0xfc20, 0xfc20, 0xfc20, 0xfc20, 0xfc20, 0xfc20, 0xfc20, 0xfc20, 0xfc40, 0xfc20, 0xfc20, 0xdc04, 0x4042, 
	0xaa62, 0xfc20, 0xfc20, 0xfc20, 0xfc20, 0xfc20, 0xfc20, 0xfc20, 0xfc20, 0xf423, 0x3080, 0x3904, 0xffff, 0xffff, 0xd65a, 0xef7d, 
	0xffff, 0xce59, 0xce79, 0xffff, 0xdedb, 0xce79, 0xffff, 0xffff, 0xce59, 0xf79e, 0xffff, 0xce59, 0xce79, 0xffff, 0xd69a, 0xce79, 
	0xffdf, 0xffff, 0xce79, 0xf7be, 0xffff, 0xce79, 0xc638, 0xffff, 0xce79, 0xce59, 0xffff, 0xffff, 0xce59, 0xffff, 0xffff, 0xce79, 
	0xdefb, 0xef7d, 0xef7d, 0xe71c, 0xe73c, 0xef7d, 0xdefb, 0xdefb, 0xef5d, 0xe73c, 0xdefb, 0xef7d, 0xef5d, 0xdefb, 0xe73c, 0xef5d, 
	0xe71c, 0xdefb, 0xef5d, 0xe71c, 0xdefb, 0xef5d, 0xef5d, 0xdefb, 0xe73c, 0xef7d, 0xe71c, 0xe71c, 0xef7d, 0xe73c, 0xe71c, 0xef5d, 
	0xef5d, 0xdefb, 0xe75d, 0xf73c, 0x4184, 0x3964, 0xdba2, 0xd3c2, 0xd3e2, 0xd3c1, 0xd3c1, 0xdba2, 0xdba3, 0x5101, 0x3081, 0xf424, 
	0xfc40, 0xfc20, 0xfc20, 0xfc20, 0xfc20, 0xfc20, 0xfc20, 0xfc20, 0xfc20, 0xfc20, 0xfc20, 0xfc20, 0xfc20, 0xfc20, 0xfc20, 0xfc20, 
	0xfc20, 0xfc20, 0xfc20, 0xfc20, 0xfc40, 0xfc41, 0xf486, 0xf486, 0xf486, 0xf486, 0xf486, 0xeca8, 0xe4aa, 0xe4a9, 0xe4a9, 0xe4a9, 
	0xe4a9, 0xe4a9, 0xe4a9, 0xeca8, 0xe4ca, 0xe4a9, 0xec67, 0xf486, 0xf486, 0xf486, 0xf486, 0xf485, 0xfc40, 0xfc20, 0xfc20, 0xfc20, 
	0xfc20, 0xfc20, 0xfc20, 0xfc20, 0xfc20, 0xfc20, 0xfc20, 0xfc20, 0xfc20, 0xfc20, 0xfc20, 0xfc20, 0xfc20, 0xfc20, 0xd424, 0x3880, 
	0xa282, 0xfc40, 0x7920, 0x5900, 0x6100, 0x60e0, 0x6100, 0x60e0, 0xfc20, 0xfc40, 0xcbc3, 0xc384, 0x51e7, 0x49e6, 0x4964, 0xb575, 
	0xef5d, 0xdefb, 0xdefb, 0xef5d, 0xe73c, 0xdefb, 0xef7d, 0xef5d, 0xe71c, 0xe73c, 0xef7d, 0xdefb, 0xe71c, 0xef5d, 0xe73c, 0xdefb, 
	0xef7d, 0xef5d, 0xdefb, 0xef5d, 0xef7d, 0xdefb, 0xe71c, 0xef7d, 0xe71c, 0xdefb, 0xef7d, 0xe73c, 0xdefb, 0xef5d, 0xef7d, 0xdefb, 
	0xffff, 0xce79, 0xce79, 0xffdf, 0xef7d, 0xd69a, 0xffff, 0xffff, 0xd69a, 0xe71c, 0xffdf, 0xce59, 0xce59, 0xffdf, 0xe71c, 0xd69a, 
	0xffff, 0xffff, 0xd6ba, 0xef5d, 0xffff, 0xce79, 0xce59, 0xffdf, 0xe71c, 0xd69a, 0xffff, 0xffff, 0xd6ba, 0xf79e, 0xffff, 0xd69a, 
	0xce79, 0xffff, 0xd679, 0xc65a, 0x38c0, 0x40a1, 0xfc40, 0xfc60, 0xfc00, 0xfc21, 0xfc20, 0xfc20, 0xfc00, 0x60c0, 0x3062, 0xf424, 
	0xfc40, 0xfc20, 0xfc20, 0xfc20, 0xfc20, 0xfc20, 0xfc20, 0xfc20, 0xfc20, 0xfc20, 0xfc20, 0xfc20, 0xfc20, 0xfc20, 0xfc20, 0xfc20, 
	0xfc20, 0xfc20, 0xfc20, 0xfc20, 0xfc20, 0xfc42, 0xe4c9, 0xe4c9, 0xe4c9, 0xe4aa, 0xe4a9, 0xeca8, 0xeca8, 0xe4a9, 0xe4a9, 0xe4a9, 
	0xe4a9, 0xe4a9, 0xe4a9, 0xe4a9, 0xe4a9, 0xe4aa, 0xeca9, 0xe4c9, 0xe4c9, 0xe4c9, 0xe4aa, 0xeca8, 0xfc20, 0xfc40, 0xfc20, 0xfc20, 
	0xfc40, 0xfc20, 0xfc20, 0xfc20, 0xfc20, 0xfc20, 0xfc20, 0xfc20, 0xfc20, 0xfc20, 0xfc20, 0xfc20, 0xfc20, 0xfc20, 0xdbe5, 0x4060, 
	0xa2a0, 0xfc20, 0x4800, 0x2883, 0x3841, 0x3061, 0x3081, 0x3040, 0xfc20, 0xfc20, 0xfc20, 0xd420, 0x38c2, 0x3080, 0x4042, 0xa471, 
	0xd69a, 0xffff, 0xffdf, 0xd69a, 0xf79e, 0xffdf, 0xce79, 0xce79, 0xffdf, 0xd6ba, 0xd69a, 0xffff, 0xffff, 0xd69a, 0xf7be, 0xffdf, 
	0xd69a, 0xce79, 0xffdf, 0xd69a, 0xce79, 0xffdf, 0xffff, 0xd69a, 0xffff, 0xffdf, 0xce79, 0xce59, 0xffdf, 0xce79, 0xce79, 0xffff, 
	0xce59, 0xffff, 0xffff, 0xce79, 0xdefb, 0xffff, 0xce59, 0xce59, 0xffff, 0xef5d, 0xce79, 0xffff, 0xffff, 0xce79, 0xef5d, 0xffdf, 
	0xce79, 0xce59, 0xffff, 0xe71c, 0xce59, 0xffff, 0xffff, 0xce59, 0xef5d, 0xffff, 0xce79, 0xce79, 0xffff, 0xdedb, 0xce59, 0xffff, 
	0xffff, 0xc69b, 0x30a0, 0x38a0, 0xfc42, 0xf461, 0xfc40, 0xf441, 0x3081, 0x5060, 0xfc00, 0xfc00, 0xfc20, 0x50e0, 0x3861, 0xf424, 
	0xfc40, 0xfc20, 0xfc20, 0xfc20, 0xfc20, 0xfc20, 0xfc20, 0xfc20, 0xfc20, 0xfc20, 0xfc20, 0xfc20, 0xfc20, 0xfc20, 0xfc20, 0xfc20, 
	0xfc20, 0xfc20, 0xfc20, 0xf443, 0xe4c8, 0xe4a9, 0xecaa, 0xecaa, 0xecaa, 0xeca8, 0xe4c9, 0xe4c9, 0xe4a9, 0xe4a9, 0xe4a9, 0xe4a9, 
	0xe4a9, 0xe4a9, 0xe4a9, 0xe4a9, 0xe4a9, 0xe4c8, 0xe4c9, 0xecaa, 0xecaa, 0xecaa, 0xeca9, 0xe4aa, 0xe4c8, 0xf4a5, 0xfc21, 0xfc20, 
	0xfc20, 0xfc20, 0xfc20, 0xfc20, 0xfc20, 0xfc20, 0xfc20, 0xfc20, 0xfc20, 0xfc20, 0xfc20, 0xfc20, 0xfc20, 0xfc20, 0xd404, 0x4040, 
	0x38a1, 0x38a0, 0xffde, 0xfffe, 0xce5a, 0xe75e, 0xffff, 0xce59, 0x3880, 0x4860, 0xfc40, 0xfbc0, 0xf420, 0xb322, 0x30a0, 0xbdb5, 
	0xffff, 0xce59, 0xce79, 0xffff, 0xdedb, 0xce79, 0xffff, 0xffff, 0xce59, 0xf7be, 0xffff, 0xce59, 0xce79, 0xffff, 0xd69a, 0xce59, 
	0xffff, 0xffff, 0xce59, 0xf7be, 0xffff, 0xce79, 0xc638, 0xffff, 0xce79, 0xce79, 0xffff, 0xffff, 0xce59, 0xffff, 0xffff, 0xce59, 
	0xdedb, 0xef5d, 0xef7d, 0xdefb, 0xe73c, 0xef7d, 0xdefb, 0xdefb, 0xef7d, 0xe73c, 0xdedb, 0xef5d, 0xef5d, 0xdefb, 0xe73c, 0xef7d, 
	0xdefb, 0xdefb, 0xef7d, 0xe71c, 0xdedb, 0xef7d, 0xef5d, 0xdefb, 0xe73c, 0xef7d, 0xdefb, 0xe71c, 0xef7d, 0xe73c, 0xdedd, 0xef7e, 
	0xef7d, 0xd6fd, 0x4080, 0x38a0, 0xf441, 0xfc00, 0xec41, 0xe463, 0x3880, 0x4880, 0xf442, 0xf460, 0xf443, 0x60a0, 0x3082, 0xf424, 
	0xfc40, 0xfc20, 0xfc20, 0xfc20, 0xfc20, 0xfc20, 0xfc20, 0xfc20, 0xfc20, 0xfc20, 0xfc20, 0xfc20, 0xfc20, 0xfc20, 0xfc20, 0xfc40, 
	0xf461, 0xf440, 0xec61, 0xf444, 0xeca9, 0xe4a9, 0xe4a9, 0xe4a9, 0xe4a9, 0xe4a9, 0xe4a9, 0xe4a9, 0xe4a9, 0xe4a9, 0xe4a9, 0xe4a9, 
	0xe4a9, 0xe4a9, 0xe4a9, 0xe4a9, 0xe4a9, 0xe4a9, 0xe4a9, 0xe4a9, 0xe4a9, 0xe4a9, 0xe4a9, 0xe4a9, 0xe4a9, 0xeca8, 0xf422, 0xfc41, 
	0xfc20, 0xfc20, 0xfc20, 0xfc20, 0xfc20, 0xfc20, 0xfc20, 0xfc20, 0xfc20, 0xfc20, 0xfc20, 0xfc20, 0xfc20, 0xfc20, 0xdbe5, 0x3880, 
	0x30a0, 0x3880, 0xf73c, 0xff5c, 0xdedb, 0xe73d, 0xef5d, 0xdefb, 0x28c0, 0x4080, 0xec63, 0xec45, 0xfc40, 0xc302, 0x3082, 0xb554, 
	0xef7e, 0xdedb, 0xdefb, 0xef7d, 0xe71c, 0xdefb, 0xf79e, 0xef7d, 0xdedb, 0xef5d, 0xf79e, 0xdedb, 0xdefb, 0xef7d, 0xe71c, 0xdedb, 
	0xef7d, 0xef5d, 0xdefb, 0xef5d, 0xef7d, 0xdefb, 0xe71c, 0xf79e, 0xe71c, 0xdedb, 0xef7d, 0xef5d, 0xdedb, 0xef5d, 0xef7d, 0xdefb, 
	0xffff, 0xce59, 0xce79, 0xffdf, 0xef7d, 0xd69a, 0xffff, 0xffff, 0xd69a, 0xe71c, 0xffff, 0xce79, 0xce59, 0xffdf, 0xe71c, 0xd69a, 
	0xffff, 0xffff, 0xd69a, 0xef5d, 0xffff, 0xce79, 0xce79, 0xffdf, 0xdefb, 0xd69a, 0xffff, 0xffdf, 0xd69a, 0xf7be, 0xfffd, 0xce59, 
	0x4945, 0x30e0, 0xf420, 0xfbe0, 0xfbe1, 0xebe1, 0x28c0, 0x3080, 0x3061, 0x3061, 0x3082, 0x2883, 0x2882, 0x38e2, 0x28a0, 0xf424, 
	0xfc40, 0xfc20, 0xfc20, 0xfc20, 0xfc20, 0xfc20, 0xfc20, 0xfc20, 0xfc20, 0xfc20, 0xfc20, 0xfc20, 0xfc20, 0xfc20, 0xfc20, 0xfc00, 
	0xe4a9, 0xe4aa, 0xecaa, 0xe4aa, 0xe4a9, 0xeca9, 0xe4a9, 0xe4a9, 0xe4a9, 0xe4a9, 0xe4a9, 0xe4a9, 0xe4a9, 0xe4a9, 0xe4a9, 0xe4a9, 
	0xe4a9, 0xe4a9, 0xe4a9, 0xe4a9, 0xe4a9, 0xe4a9, 0xe4a9, 0xe4a9, 0xe4a9, 0xe4a9, 0xe4a9, 0xe4a9, 0xe4a9, 0xe4aa, 0xe4a9, 0xeca7, 
	0xfc20, 0xfc20, 0xfc20, 0xfc20, 0xfc20, 0xfc20, 0xfc20, 0xfc20, 0xfc20, 0xfc20, 0xfc20, 0xfc20, 0xfc20, 0xfc20, 0xd404, 0x30a1, 
	0x28a3, 0x3840, 0x3860, 0x3840, 0xffdf, 0xe71b, 0xce79, 0xffff, 0xffdf, 0xd65a, 0x3061, 0x50c0, 0xfc40, 0xbb23, 0x3062, 0x9c91, 
	0xce9a, 0xffff, 0xffff, 0xce79, 0xf79e, 0xffdf, 0xce59, 0xce79, 0xffff, 0xd6ba, 0xce79, 0xffff, 0xffff, 0xce79, 0xf7be, 0xffff, 
	0xd69a, 0xce79, 0xffff, 0xd69a, 0xce79, 0xffdf, 0xffff, 0xce79, 0xffff, 0xffff, 0xce79, 0xce59, 0xffff, 0xce79, 0xce79, 0xffff, 
	0xce59, 0xffff, 0xffff, 0xce79, 0xdefb, 0xffff, 0xce79, 0xce59, 0xffff, 0xe73c, 0xce79, 0xffff, 0xffff, 0xce79, 0xef5d, 0xffff, 
	0xce59, 0xce59, 0xffff, 0xe71c, 0xce79, 0xffff, 0xffff, 0xce79, 0xef5d, 0xffff, 0xce59, 0xce79, 0xffff, 0xd6ba, 0x8bae, 0x7aea, 
	0x9ae3, 0xab20, 0xfc80, 0xfc40, 0x91c0, 0x81a0, 0xb574, 0xa4d0, 0x9471, 0xbd74, 0xb575, 0x9c54, 0xb553, 0x3942, 0x2862, 0xf424, 
	0xfc40, 0xfc20, 0xfc20, 0xfc20, 0xfc20, 0xfc20, 0xfc20, 0xfc20, 0xfc20, 0xfc20, 0xfc20, 0xfc20, 0xfc20, 0xfc40, 0xfc83, 0xfc65, 
	0xeca9, 0xeca9, 0xe4aa, 0xe4a9, 0xeca8, 0xecaa, 0xe4a9, 0xe4a9, 0xe4a9, 0xe4a9, 0xe4a9, 0xe4a9, 0xe4a9, 0xe4a9, 0xe4a9, 0xe4a9, 
	0xe4a9, 0xe4a9, 0xe4a9, 0xe4a9, 0xe4a9, 0xe4a9, 0xe4a9, 0xe4a9, 0xe4a9, 0xe4a9, 0xe4a9, 0xe4a9, 0xe4a9, 0xe4c9, 0xeca8, 0xecc8, 
	0xfc83, 0xf462, 0xfc40, 0xfc20, 0xfc20, 0xfc20, 0xfc20, 0xfc20, 0xfc20, 0xfc20, 0xfc20, 0xfc20, 0xfc20, 0xfc20, 0xdbe5, 0x3862, 
	0x7201, 0xbae0, 0xbae0, 0xbae1, 0x8284, 0x730b, 0xffff, 0xce79, 0xce7a, 0xffff, 0x3862, 0x48e0, 0xfc00, 0xbb05, 0x3080, 0xc5b5, 
	0xffff, 0xce59, 0xce59, 0xffff, 0xdedb, 0xce79, 0xffff, 0xffff, 0xce79, 0xf79e, 0xffff, 0xce59, 0xd69a, 0xffff, 0xd69a, 0xce79, 
	0xffff, 0xffff, 0xce79, 0xf7be, 0xffff, 0xce79, 0xc638, 0xffff, 0xce79, 0xce79, 0xffff, 0xffff, 0xce79, 0xffff, 0xffff, 0xce79, 
	0xdedb, 0xef7d, 0xef7d, 0xdedb, 0xe73c, 0xf79e, 0xdefb, 0xdefb, 0xf79e, 0xe73c, 0xdedb, 0xef7d, 0xef7d, 0xdedb, 0xe73c, 0xf79e, 
	0xdefb, 0xdedb, 0xf79e, 0xe73c, 0xdedb, 0xef7d, 0xef7d, 0xdedb, 0xe73c, 0xf79e, 0xdedb, 0xdefb, 0xf79e, 0xe71c, 0x6aa8, 0x38a0, 
	0xdbe3, 0xfc40, 0xfc20, 0xfc20, 0x3080, 0x3081, 0xf79e, 0xe71c, 0xdedb, 0xf7be, 0xf79d, 0xd6da, 0xef9d, 0x4185, 0x3080, 0xf424, 
	0xfc40, 0xfc20, 0xfc20, 0xfc20, 0xfc20, 0xfc20, 0xfc20, 0xfc20, 0xfc20, 0xfc20, 0xfc20, 0xfc20, 0xfc20, 0xfc40, 0xfc88, 0xe4a9, 
	0xe4a9, 0xe4a9, 0xe4a9, 0xe4a9, 0xe4a9, 0xe4a9, 0xe4a9, 0xe4a9, 0xe4a9, 0xe4a9, 0xe4a9, 0xe4a9, 0xe4a9, 0xe4a9, 0xe4a9, 0xe4a9, 
	0xe4a9, 0xe4a9, 0xe4a9, 0xe4a9, 0xe4a9, 0xe4a9, 0xe4a9, 0xe4a9, 0xe4a9, 0xe4a9, 0xe4a9, 0xe4a9, 0xe4a9, 0xe4a9, 0xe4a9, 0xe4a9, 
	0xe4a9, 0xf464, 0xfc20, 0xfc40, 0xfc20, 0xfc20, 0xfc20, 0xfc20, 0xfc20, 0xfc20, 0xfc20, 0xfc20, 0xfc20, 0xfc20, 0xdbe5, 0x3081, 
	0xaa61, 0xfc01, 0xfc40, 0xfc20, 0x4040, 0x3060, 0xf75f, 0xd6ba, 0xd6db, 0xff7d, 0x30a1, 0x50c0, 0xfc60, 0xbb02, 0x3080, 0xbd54, 
	0xf79e, 0xdedb, 0xdefb, 0xf79e, 0xe73c, 0xdedb, 0xf79e, 0xef7d, 0xdedb, 0xef5d, 0xf7be, 0xdedb, 0xdefb, 0xf79e, 0xe71c, 0xdedb, 
	0xf79e, 0xef7d, 0xdedb, 0xef7d, 0xf79e, 0xdedb, 0xdefb, 0xf79e, 0xdefb, 0xdedb, 0xf79e, 0xef7d, 0xdedb, 0xef7d, 0xf79e, 0xdedb, 
	0xffff, 0xce59, 0xce79, 0xffdf, 0xef7d, 0xce79, 0xffff, 0xffff, 0xce79, 0xe71c, 0xffff, 0xce79, 0xce59, 0xffdf, 0xe71c, 0xd69a, 
	0xffff, 0xffff, 0xce79, 0xef5d, 0xffff, 0xce79, 0xce79, 0xffdf, 0xdefb, 0xce79, 0xffff, 0xffdf, 0xad13, 0x30a1, 0xab23, 0xec61, 
	0xfc20, 0xfc40, 0xfc20, 0xfc20, 0x3080, 0x30a1, 0xd679, 0xffff, 0xffff, 0xd658, 0x30a1, 0x3081, 0x3081, 0x3081, 0x3880, 0xf424, 
	0xfc40, 0xfc20, 0xfc20, 0xfc20, 0xfc20, 0xfc20, 0xfc20, 0xfc20, 0xfc20, 0xfc20, 0xfc20, 0xfc20, 0xf485, 0xe4c7, 0xe4aa, 0xe4a9, 
	0xe4a9, 0xe4a9, 0xe4a9, 0xe4a9, 0xe4a9, 0xe4a9, 0xe4a9, 0xe4a9, 0xe4a9, 0xe4a9, 0xe4a9, 0xe4a9, 0xe4a9, 0xe4a9, 0xe4a9, 0xe4a9, 
	0xe4a9, 0xe4a9, 0xe4a9, 0xe4a9, 0xe4a9, 0xe4a9, 0xe4a9, 0xe4a9, 0xe4a9, 0xe4a9, 0xe4a9, 0xe4a9, 0xe4a9, 0xe4a9, 0xe4a9, 0xe4a9, 
	0xe4a9, 0xeca9, 0xecc7, 0xf463, 0xfc20, 0xfc20, 0xfc20, 0xfc20, 0xfc20, 0xfc20, 0xfc20, 0xfc20, 0xfc20, 0xfc20, 0xdbe5, 0x3081, 
	0xaa61, 0xfc20, 0xfc20, 0xfc40, 0xec25, 0xec61, 0x3860, 0x2881, 0xffdf, 0xd659, 0xf73c, 0xf71e, 0x4060, 0x4060, 0x3880, 0x9c91, 
	0xce7a, 0xffff, 0xffff, 0xce79, 0xf79e, 0xffdf, 0xce59, 0xce79, 0xffff, 0xd6ba, 0xce79, 0xffff, 0xffdf, 0xce79, 0xf7be, 0xffff, 
	0xd69a, 0xce79, 0xffff, 0xd69a, 0xce79, 0xffdf, 0xffff, 0xce79, 0xffff, 0xffff, 0xce79, 0xce59, 0xffff, 0xce79, 0xce79, 0xffff, 
	0xce59, 0xffff, 0xffff, 0xce79, 0xdefb, 0xffff, 0xce79, 0xce59, 0xffff, 0xef5d, 0xce59, 0xffff, 0xffff, 0xce79, 0xef5d, 0xffff, 
	0xce79, 0xce59, 0xffff, 0xe71c, 0xce79, 0xffff, 0xffff, 0xce79, 0xef5d, 0xffff, 0xce59, 0xce79, 0xde78, 0x3860, 0xb300, 0xfc20, 
	0xfc02, 0xf440, 0xfc20, 0xfc20, 0x3080, 0x2881, 0xffdf, 0xce79, 0xce7a, 0xffde, 0x3860, 0x3880, 0x3880, 0x3080, 0x30a0, 0xf424, 
	0xfc40, 0xfc20, 0xfc20, 0xfc20, 0xfc20, 0xfc20, 0xfc20, 0xfc20, 0xfc20, 0xfc20, 0xfc20, 0xfc20, 0xf485, 0xe4c9, 0xeca9, 0xe4a9, 
	0xe4a9, 0xe4a9, 0xe4a9, 0xe4a9, 0xe4a9, 0xe4a9, 0xe4a9, 0xe4a9, 0xe4a9, 0xe4a9, 0xe4a9, 0xe4a9, 0xe4a9, 0xe4a9, 0xe4a9, 0xe4a9, 
	0xe4a9, 0xe4a9, 0xe4a9, 0xe4a9, 0xe4a9, 0xe4a9, 0xe4a9, 0xe4a9, 0xe4a9, 0xe4a9, 0xe4a9, 0xe4a9, 0xe4a9, 0xe4a9, 0xe4a9, 0xe4a9, 
	0xe4a9, 0xeca8, 0xe4aa, 0xfc42, 0xfc20, 0xfc20, 0xfc20, 0xfc20, 0xfc20, 0xfc20, 0xfc20, 0xfc20, 0xfc20, 0xfc20, 0xdbe5, 0x3081, 
	0xaa61, 0xfc40, 0xfc00, 0xfc40, 0xfc20, 0xfc40, 0x4041, 0x3080, 0xd659, 0xffff, 0xdf1c, 0xc5f3, 0x30a0, 0x3081, 0x4040, 0xc5b5, 
	0xffff, 0xce59, 0xce79, 0xffff, 0xdedb, 0xce79, 0xffff, 0xffff, 0xce79, 0xf79e, 0xffff, 0xce59, 0xce79, 0xffff, 0xd6ba, 0xce59, 
	0xffff, 0xffff, 0xce79, 0xf7be, 0xffff, 0xce79, 0xc638, 0xffff, 0xce79, 0xce79, 0xffff, 0xffff, 0xce79, 0xffdf, 0xffff, 0xce59, 
	0xd6ba, 0xf79e, 0xf79e, 0xd6ba, 0xe73c, 0xf7be, 0xd6ba, 0xdedb, 0xf7be, 0xe73c, 0xd6ba, 0xf79e, 0xf79e, 0xd6ba, 0xe73c, 0xf7be, 
	0xdedb, 0xdedb, 0xf7be, 0xe71c, 0xd6ba, 0xf7be, 0xf79e, 0xd6ba, 0xef5d, 0xf7be, 0xd6ba, 0xdedb, 0xce16, 0x3080, 0xab02, 0xfc20, 
	0xfc20, 0xfbe0, 0x4060, 0x4080, 0xd69a, 0xdeba, 0xf7be, 0xe6db, 0x28c0, 0x4060, 0xfc00, 0xfc21, 0xfc40, 0x50e0, 0x28a1, 0xf424, 
	0xfc40, 0xfc20, 0xfc20, 0xfc20, 0xfc20, 0xfc20, 0xfc20, 0xfc20, 0xfc20, 0xfc20, 0xf464, 0xe4c9, 0xe4a9, 0xe4a9, 0xe4a9, 0xe4a9, 
	0xe4a9, 0xe4a9, 0xe4a9, 0xe4a9, 0xe4a9, 0xe4a9, 0xe4a9, 0xe4a9, 0xe4a9, 0xe4a9, 0xe4a9, 0xe4a9, 0xe4a9, 0xe4a9, 0xe4a9, 0xe4a9, 
	0xe4a9, 0xe4a9, 0xe4a9, 0xe4a9, 0xe4a9, 0xe4a9, 0xe4a9, 0xe4a9, 0xe4a9, 0xe4a9, 0xe4a9, 0xe4a9, 0xe4a9, 0xe4a9, 0xe4a9, 0xe4a9, 
	0xe4a9, 0xe4a9, 0xe4a9, 0xe4a9, 0xe4aa, 0xf441, 0xfc20, 0xfc20, 0xfc20, 0xfc20, 0xfc20, 0xfc40, 0xfc01, 0x3880, 0x30a2, 0x3080, 
	0xaa61, 0xfc40, 0xf440, 0xfc20, 0xf440, 0xfc20, 0xfc20, 0xf421, 0x30a0, 0x30a1, 0xdefb, 0xd6ba, 0xf7be, 0xf79e, 0xd6ba, 0xef5d, 
	0xf7be, 0xd6ba, 0xdedb, 0xf7be, 0xe71c, 0xd6ba, 0xf7be, 0xf79e, 0xd6ba, 0xef5d, 0xf7be, 0xd6ba, 0xdedb, 0xf7be, 0xdefb, 0xd6ba, 
	0xf79e, 0xf79e, 0xdedb, 0xef7d, 0xf7be, 0xdedb, 0xdedb, 0xf7be, 0xdefb, 0xd6ba, 0xf7be, 0xef7d, 0xd6ba, 0xef7d, 0xf7be, 0xd6ba, 
	0xffff, 0xce79, 0xce79, 0xffff, 0xef7d, 0xce59, 0xffff, 0xffff, 0xce79, 0xe73c, 0xffff, 0xce79, 0xce59, 0xffff, 0xe71c, 0xd69a, 
	0xffff, 0xffff, 0xce79, 0xef7d, 0xffff, 0xce79, 0xce79, 0xffff, 0xdefb, 0xce79, 0xffff, 0xffff, 0xbd96, 0x7aeb, 0xa324, 0xb2c2, 
	0xbae0, 0xb2c2, 0x728a, 0x62ab, 0xffff, 0xffdf, 0x9471, 0xc552, 0x89a0, 0x9180, 0xfc01, 0xfc20, 0xfc20, 0x50e0, 0x3081, 0xf424, 
	0xfc40, 0xfc20, 0xfc20, 0xfc20, 0xfc20, 0xfc20, 0xfc20, 0xfc20, 0xfc20, 0xfc20, 0xf484, 0xe4c9, 0xe4a9, 0xe4a9, 0xe4a9, 0xe4a9, 
	0xe4a9, 0xe4a9, 0xe4a9, 0xe4a9, 0xe4a9, 0xe4a9, 0xe4a9, 0xe4a9, 0xe4a9, 0xe4a9, 0xe4a9, 0xe4a9, 0xe4a9, 0xe4a9, 0xe4a9, 0xe4a9, 
	0xe4a9, 0xe4a9, 0xe4a9, 0xe4a9, 0xe4a9, 0xe4a9, 0xe4a9, 0xe4a9, 0xe4a9, 0xe4a9, 0xe4a9, 0xe4a9, 0xe4a9, 0xe4a9, 0xe4a9, 0xe4a9, 
	0xe4a9, 0xe4a9, 0xe4a9, 0xe4a9, 0xe4aa, 0xf441, 0xfc20, 0xfc20, 0xfc20, 0xfc20, 0xfc20, 0xfc40, 0xfc01, 0x3860, 0x4860, 0x81c0, 
	0x9a61, 0xb2e0, 0xbac0, 0xb2c2, 0xfc40, 0xfc20, 0xfc20, 0xfc20, 0x3080, 0x3081, 0xef7d, 0xffff, 0xce59, 0xce79, 0xffff, 0xdefb, 
	0xce79, 0xffff, 0xffff, 0xce79, 0xf79e, 0xffff, 0xce59, 0xce79, 0xffff, 0xd6ba, 0xce79, 0xffff, 0xffdf, 0xce79, 0xf7be, 0xffff, 
	0xce79, 0xce79, 0xffff, 0xd69a, 0xce79, 0xffdf, 0xffff, 0xce59, 0xffff, 0xffff, 0xce79, 0xc638, 0xffff, 0xce79, 0xce79, 0xffff, 
	0xce59, 0xffff, 0xffff, 0xce79, 0xdefb, 0xffff, 0xce59, 0xce59, 0xffff, 0xef5d, 0xce59, 0xffff, 0xffff, 0xce79, 0xe73c, 0xffff, 
	0xce79, 0xce59, 0xffff, 0xe71c, 0xce59, 0xffff, 0xffff, 0xce79, 0xef7d, 0xffff, 0xce59, 0xce79, 0xffff, 0xd6fb, 0x6a88, 0x3042, 
	0x3860, 0x2862, 0xffbf, 0xffdf, 0xd67a, 0xce37, 0x30c2, 0x4860, 0xfc20, 0xfc21, 0xfc20, 0xfc20, 0xfc40, 0x50e0, 0x2882, 0xf424, 
	0xfc40, 0xfc20, 0xfc20, 0xfc20, 0xfc20, 0xfc20, 0xfc20, 0xfc20, 0xfc20, 0xfc20, 0xf484, 0xe4c9, 0xe4a9, 0xe4a9, 0xe4a9, 0xe4a9, 
	0xe4a9, 0xe4a9, 0xe4a9, 0xe4a9, 0xe4a9, 0xe4a9, 0xe4a9, 0xe4a9, 0xe4a9, 0xe4a9, 0xe4a9, 0xe4a9, 0xe4a9, 0xe4a9, 0xe4a9, 0xe4a9, 
	0xe4a9, 0xe4a9, 0xe4a9, 0xe4a9, 0xe4a9, 0xe4a9, 0xe4a9, 0xe4a9, 0xe4a9, 0xe4a9, 0xe4a9, 0xe4a9, 0xe4a9, 0xe4a9, 0xe4a9, 0xe4a9, 
	0xe4a9, 0xe4a9, 0xe4a9, 0xe4a9, 0xe4aa, 0xf441, 0xfc20, 0xfc20, 0xfc20, 0xfc20, 0xfc20, 0xfc40, 0xfc01, 0x3860, 0x50c0, 0xfc40, 
	0x8a60, 0x28c0, 0x3860, 0x3083, 0xf460, 0xfc20, 0xfc20, 0xfc41, 0x3080, 0x3081, 0xe71b, 0xce59, 0xffff, 0xffff, 0xce79, 0xef7d, 
	0xffff, 0xce59, 0xce59, 0xffff, 0xdedb, 0xce79, 0xffff, 0xffff, 0xce79, 0xf79e, 0xffff, 0xce59, 0xce79, 0xffff, 0xdedb, 0xce79, 
	0xffff, 0xffff, 0xce79, 0xf7be, 0xffff, 0xce79, 0xc638, 0xffff, 0xd69a, 0xce59, 0xffff, 0xffff, 0xce79, 0xffdf, 0xffff, 0xce59, 
	0xd69a, 0xf7be, 0xf7be, 0xd69a, 0xe71c, 0xffdf, 0xd6ba, 0xd6ba, 0xf7be, 0xe73c, 0xd69a, 0xf7be, 0xf7be, 0xce79, 0xe73c, 0xffdf, 
	0xd69a, 0xd6ba, 0xffdf, 0xe71c, 0xd69a, 0xffdf, 0xf7be, 0xd69a, 0xef5d, 0xffdf, 0xd69a, 0xd6ba, 0xffdf, 0xe71c, 0xd679, 0xffde, 
	0xffbe, 0xd617, 0xef9e, 0xffff, 0x2062, 0x3060, 0xfc43, 0xec40, 0xfc20, 0xfc02, 0x4840, 0x4060, 0x4080, 0x38c0, 0x20a0, 0x48a1, 
	0x4000, 0xf440, 0xfc20, 0xfc20, 0xfc20, 0xfc20, 0xfc20, 0xfc20, 0xfc20, 0xfc20, 0xf484, 0xe4c9, 0xe4a9, 0xe4a9, 0xe4a9, 0xe4a9, 
	0xe4a9, 0xe4a9, 0xe4a9, 0xe4a9, 0xe4a9, 0xe4a9, 0xe4a9, 0xe4a9, 0xe4a9, 0xe4a9, 0xe4a9, 0xe4a9, 0xe4a9, 0xe4a9, 0xe4a9, 0xe4a9, 
	0xe4a9, 0xe4a9, 0xe4a9, 0xe4a9, 0xe4a9, 0xe4a9, 0xe4a9, 0xe4a9, 0xe4a9, 0xe4a9, 0xe4a9, 0xe4a9, 0xe4a9, 0xe4a9, 0xe4a9, 0xe4a9, 
	0xe4a9, 0xeca9, 0xe4a9, 0xe4a9, 0xe4ca, 0xf441, 0xfc20, 0xfc20, 0xfc20, 0xfc20, 0xfc20, 0xf460, 0xfc40, 0x28a3, 0x3080, 0x4040, 
	0x93ae, 0xd69a, 0xffbd, 0xffff, 0x3800, 0x4060, 0xec61, 0xfc40, 0xf422, 0xec61, 0x3060, 0x30e3, 0xffff, 0xffbf, 0xd699, 0xef5d, 
	0xffdf, 0xd69a, 0xd6ba, 0xffff, 0xe71c, 0xce79, 0xffdf, 0xf7be, 0xd69a, 0xef5d, 0xffdf, 0xd69a, 0xd6ba, 0xffdf, 0xe71c, 0xd69a, 
	0xf7be, 0xf7be, 0xd69a, 0xef7d, 0xffff, 0xd69a, 0xd6ba, 0xffdf, 0xdedb, 0xd69a, 0xffdf, 0xf79e, 0xd69a, 0xf79e, 0xffdf, 0xd69a, 
	0xffff, 0xce79, 0xce79, 0xffff, 0xef7d, 0xce59, 0xffff, 0xffff, 0xce79, 0xe71c, 0xffff, 0xce79, 0xce59, 0xffff, 0xe71c, 0xd69a, 
	0xffff, 0xffff, 0xce59, 0xef5d, 0xffff, 0xce79, 0xce79, 0xffff, 0xdefb, 0xce79, 0xffff, 0xffdf, 0xce59, 0xf7be, 0xffff, 0xce79, 
	0xce79, 0xffdf, 0xd679, 0xce99, 0x3080, 0x3080, 0xfc21, 0xf460, 0xfc40, 0xf441, 0x38a0, 0x38a0, 0x38a0, 0x3841, 0x3840, 0x3881, 
	0x3880, 0xfc01, 0xfc20, 0xfc20, 0xfc20, 0xfc20, 0xfc20, 0xfc20, 0xfc20, 0xfc20, 0xf484, 0xe4c9, 0xe4a9, 0xe4a9, 0xe4a9, 0xe4a9, 
	0xe4a9, 0xe4a9, 0xe4a9, 0xe4a9, 0xe4a9, 0xe4a9, 0xe4a9, 0xe4a9, 0xe4a9, 0xe4a9, 0xe4a9, 0xe4a9, 0xe4a9, 0xe4a9, 0xe4a9, 0xe4a9, 
	0xe4a9, 0xe4a9, 0xe4a9, 0xe4a9, 0xe4a9, 0xe4a9, 0xe4a9, 0xe4a9, 0xe4a9, 0xe4a9, 0xe4a9, 0xe4a9, 0xe4a9, 0xe4a9, 0xe4a9, 0xe4a9, 
	0xe4a9, 0xe4a9, 0xe4c9, 0xecc8, 0xeca9, 0xf441, 0xfc20, 0xfc20, 0xfc20, 0xfc20, 0xfc20, 0xf440, 0xec24, 0x3882, 0x30a0, 0x3064, 
	0x9c92, 0xffdf, 0xce98, 0xce99, 0x2882, 0x4061, 0xf460, 0xfc00, 0xfc22, 0xec80, 0x30c0, 0x4144, 0xce79, 0xce59, 0xffff, 0xdefb, 
	0xce79, 0xffff, 0xffff, 0xce79, 0xf79e, 0xffdf, 0xce79, 0xce79, 0xffff, 0xd6ba, 0xce79, 0xffff, 0xffff, 0xce79, 0xf7be, 0xffff, 
	0xce79, 0xce79, 0xffff, 0xd69a, 0xce79, 0xffdf, 0xffff, 0xce59, 0xffff, 0xffff, 0xce79, 0xce59, 0xffff, 0xce79, 0xce79, 0xffff, 
	0xce59, 0xffff, 0xffff, 0xce79, 0xdefb, 0xffff, 0xce59, 0xce79, 0xffff, 0xe73c, 0xce59, 0xffff, 0xffff, 0xce59, 0xef5d, 0xffff, 
	0xce59, 0xce79, 0xffff, 0xe71c, 0xce59, 0xffff, 0xffff, 0xce79, 0xef7d, 0xffff, 0xce59, 0xce79, 0xffff, 0xdedb, 0xce59, 0xffff, 
	0xffff, 0xc6ba, 0x30a1, 0x3060, 0xfc62, 0xf441, 0xfc00, 0xfc21, 0xfc20, 0xfc22, 0x3881, 0x5248, 0xffff, 0xffff, 0xce59, 0x30e2, 
	0x3880, 0xfc40, 0xfc20, 0xfc20, 0xfc20, 0xfc20, 0xfc20, 0xfc20, 0xfc20, 0xfc20, 0xf484, 0xe4c9, 0xe4a9, 0xe4a9, 0xe4a9, 0xe4a9, 
	0xe4a9, 0xe4a9, 0xe4a9, 0xe4a9, 0xe4a9, 0xe4a9, 0xe4a9, 0xe4a9, 0xe4a9, 0xe4a9, 0xe4a9, 0xe4a9, 0xe4a9, 0xe4a9, 0xe4a9, 0xe4a9, 
	0xe4a9, 0xe4a9, 0xe4a9, 0xe4a9, 0xe4a9, 0xe4a9, 0xe4a9, 0xe4a9, 0xe4a9, 0xe4a9, 0xe4a9, 0xe4a9, 0xe4a9, 0xe4a9, 0xe4a9, 0xe4a9, 
	0xe4a9, 0xe4c9, 0xe4a9, 0xf464, 0xfc21, 0xfc40, 0xfc20, 0xfc20, 0xfc20, 0xfc20, 0xfc20, 0x3860, 0x4882, 0xfc40, 0xfc40, 0xfc02, 
	0x9220, 0x3060, 0xffbf, 0xffff, 0xc698, 0xe75e, 0x30a0, 0x3060, 0xfc01, 0xf460, 0x3081, 0x3904, 0xffff, 0xffff, 0xce79, 0xef7d, 
	0xffff, 0xce59, 0xce59, 0xffff, 0xdedb, 0xce79, 0xffff, 0xffff, 0xce79, 0xf79e, 0xffff, 0xce59, 0xce79, 0xffdf, 0xd6ba, 0xce59, 
	0xffff, 0xffff, 0xce79, 0xf7be, 0xffff, 0xce79, 0xc638, 0xffff, 0xd69a, 0xce59, 0xffff, 0xffff, 0xce79, 0xffdf, 0xffff, 0xce79, 
	0xce79, 0xffff, 0xffff, 0xd69a, 0xe71c, 0xffff, 0xce79, 0xce79, 0xffdf, 0xe73c, 0xce79, 0xffdf, 0xffdf, 0xce79, 0xef5d, 0xffdf, 
	0xd69a, 0xd6ba, 0xffff, 0xe71c, 0xce79, 0xffdf, 0xf7be, 0xd69a, 0xef5d, 0xffff, 0xd69a, 0xd6ba, 0xffdf, 0xe71c, 0xce79, 0xffff, 
	0xf7be, 0xd679, 0x30a0, 0x3081, 0xfc20, 0xfc40, 0xfc00, 0xfc61, 0xec62, 0xd4a6, 0x2080, 0x5269, 0xffde, 0xff9d, 0xcdf6, 0x50e0, 
	0x4860, 0xe463, 0xe464, 0xf420, 0xfc40, 0xfc40, 0xfc20, 0xfc20, 0xfc20, 0xfc20, 0xf463, 0xeca6, 0xf4a6, 0xf4a6, 0xeca8, 0xeca9, 
	0xeca9, 0xeca9, 0xeca9, 0xe4a9, 0xe4a9, 0xe4a9, 0xe4a9, 0xe4a9, 0xe4a9, 0xe4a9, 0xe4a9, 0xe4a9, 0xe4a9, 0xe4a9, 0xe4a9, 0xe4a9, 
	0xe4a9, 0xe4a9, 0xe4a9, 0xe4a9, 0xe4a9, 0xe4a9, 0xe4a9, 0xe4a9, 0xe4a9, 0xe4a9, 0xeca9, 0xeca8, 0xe4c8, 0xeca8, 0xe4a9, 0xeca8, 
	0xf4a5, 0xf4a7, 0xf4a6, 0xfc42, 0xfc00, 0xe422, 0xec44, 0xf442, 0xf442, 0xf442, 0xec43, 0x3860, 0x30a1, 0xf440, 0xfc40, 0xf460, 
	0x9220, 0x3060, 0xffbd, 0xffff, 0xce38, 0xef5c, 0x28a1, 0x3860, 0xfc21, 0xec61, 0x3880, 0x3903, 0xf7de, 0xffdf, 0xc638, 0xef5d, 
	0xffff, 0xce59, 0xd69a, 0xffff, 0xdefb, 0xce79, 0xffff, 0xffdf, 0xce79, 0xef7d, 0xffff, 0xce79, 0xd69a, 0xffff, 0xdefb, 0xce79, 
	0xffdf, 0xf7be, 0xce79, 0xef7d, 0xffdf, 0xce79, 0xd69a, 0xffff, 0xdedb, 0xce79, 0xffff, 0xf7be, 0xce59, 0xf79e, 0xffdf, 0xce79, 
	0xffff, 0xce79, 0xce59, 0xffdf, 0xef7d, 0xce59, 0xffff, 0xffff, 0xce79, 0xe71c, 0xffff, 0xce79, 0xc638, 0xffff, 0xe73c, 0xce79, 
	0xffff, 0xffff, 0xce59, 0xef5d, 0xffff, 0xce79, 0xce59, 0xffff, 0xdefb, 0xce79, 0xffff, 0xffff, 0xce59, 0xf7be, 0xffff, 0xce79, 
	0xce79, 0xffff, 0x3080, 0x3081, 0xfc20, 0xfc20, 0xfc21, 0xec63, 0x30a0, 0x28a0, 0xce78, 0xfffe, 0xc659, 0x3145, 0x30a1, 0xec64, 
	0xfbe0, 0x3861, 0x4082, 0xfc21, 0xfc20, 0xfc40, 0xfc20, 0xfc20, 0xfc21, 0xfc20, 0xfc20, 0xfc20, 0xfc40, 0xfc20, 0xeca7, 0xdcca, 
	0xe4c9, 0xe4ca, 0xe4aa, 0xe4a9, 0xe4a9, 0xe4a9, 0xe4a9, 0xe4a9, 0xe4a9, 0xe4a9, 0xe4a9, 0xe4a9, 0xe4a9, 0xe4a9, 0xe4a9, 0xe4a9, 
	0xe4a9, 0xe4a9, 0xe4a9, 0xe4a9, 0xe4a9, 0xe4a9, 0xe4a9, 0xe4a9, 0xe4a9, 0xe4a9, 0xe4a9, 0xeca9, 0xecaa, 0xeca9, 0xe4cb, 0xf4a7, 
	0xfc00, 0xfc20, 0xfc40, 0xfc40, 0xfc00, 0x3880, 0x3080, 0x4040, 0x4061, 0x4061, 0x3840, 0x3062, 0x38a0, 0xfc40, 0xfc60, 0xf440, 
	0x8a40, 0x3062, 0xce38, 0xce9a, 0xffdf, 0xe6fb, 0x30a1, 0x3860, 0xfc00, 0xf441, 0x3080, 0x4144, 0xce99, 0xce59, 0xffff, 0xdefb, 
	0xce79, 0xffff, 0xffff, 0xce59, 0xf79e, 0xffff, 0xce79, 0xce79, 0xffff, 0xd6ba, 0xce79, 0xffff, 0xffdf, 0xce79, 0xf7be, 0xffff, 
	0xd69a, 0xce79, 0xffff, 0xd69a, 0xce79, 0xf7be, 0xffff, 0xce59, 0xffff, 0xffff, 0xce79, 0xce59, 0xffff, 0xd69a, 0xce79, 0xffff, 
	0xce79, 0xffff, 0xffff, 0xce59, 0xdefb, 0xffff, 0xce79, 0xce79, 0xffff, 0xe73c, 0xce59, 0xffff, 0xffff, 0xce59, 0xef5d, 0xffdf, 
	0xce79, 0xce79, 0xffff, 0xe71c, 0xce79, 0xffdf, 0xffff, 0xce79, 0xef5d, 0xffff, 0xce79, 0xce79, 0xffdf, 0xdedb, 0xce59, 0xffff, 
	0xffff, 0xd679, 0x30c1, 0x3081, 0xfc20, 0xfc40, 0xfc20, 0xec63, 0x3080, 0x28a1, 0xfffe, 0xacb1, 0x3922, 0xb3a7, 0xe3e2, 0xfc80, 
	0xfc40, 0x4041, 0x3881, 0x5080, 0x50a0, 0x40c0, 0x68c0, 0xfc21, 0xfc20, 0xfc20, 0xfc40, 0xfc40, 0xfc20, 0xfc20, 0xfc41, 0xf442, 
	0xfc42, 0xf444, 0xeca8, 0xe4a9, 0xe4a9, 0xe4a9, 0xe4a9, 0xe4a9, 0xe4a9, 0xe4a9, 0xe4a9, 0xe4a9, 0xe4a9, 0xe4a9, 0xe4a9, 0xe4a9, 
	0xe4a9, 0xe4a9, 0xe4a9, 0xe4a9, 0xe4a9, 0xe4a9, 0xe4a9, 0xe4a9, 0xe4a9, 0xe4a9, 0xe4aa, 0xeca8, 0xf462, 0xf462, 0xf442, 0xfc61, 
	0xfc20, 0xfc20, 0xfc20, 0xfc20, 0xfc00, 0x4841, 0x38c0, 0xcdf7, 0xf75d, 0xf75d, 0xcdf7, 0x4081, 0x1884, 0x48c0, 0x7100, 0xfc40, 
	0xec03, 0xe422, 0x6120, 0x3925, 0xd677, 0xef5d, 0xf77d, 0xcdf6, 0x48a0, 0x50a0, 0x30c0, 0x4124, 0xffff, 0xffdf, 0xd69a, 0xef7d, 
	0xffff, 0xce59, 0xce79, 0xffdf, 0xdedb, 0xce79, 0xffff, 0xffff, 0xce79, 0xf79e, 0xffff, 0xce59, 0xce79, 0xffdf, 0xd6ba, 0xce79, 
	0xffff, 0xffff, 0xd69a, 0xf7be, 0xffdf, 0xce79, 0xce59, 0xffdf, 0xd69a, 0xce79, 0xffff, 0xffff, 0xd69a, 0xffff, 0xffff, 0xce79, 
	0xce79, 0xffff, 0xffdf, 0xd69a, 0xe71c, 0xffff, 0xce79, 0xce79, 0xffdf, 0xe73c, 0xce79, 0xffdf, 0xffdf, 0xd69a, 0xe73c, 0xffff, 
	0xce59, 0xd69a, 0xffff, 0xe71c, 0xce79, 0xffdf, 0xf7be, 0xce79, 0xef5d, 0xffff, 0xce59, 0xd69a, 0xffff, 0xdedb, 0xce59, 0xffff, 
	0xf7be, 0xce79, 0x3080, 0x3081, 0xfc20, 0xfc00, 0xfc40, 0xf422, 0x30a1, 0x2081, 0xffbf, 0xacd3, 0x3060, 0xdc02, 0xfc20, 0xfc20, 
	0xfc00, 0x30a1, 0x3080, 0x3080, 0x3080, 0x38a2, 0x58a0, 0xfc20, 0xfc00, 0xfc20, 0xfc20, 0xfc20, 0xfc20, 0xfc20, 0xfc20, 0xfc20, 
	0xfc20, 0xf440, 0xf4a8, 0xecaa, 0xecaa, 0xecaa, 0xecab, 0xecaa, 0xe4ab, 0xe4a9, 0xe4a9, 0xe4a9, 0xe4a9, 0xe4a9, 0xe4a9, 0xe4a9, 
	0xe4a9, 0xe4a9, 0xe4a9, 0xe4a9, 0xe4a9, 0xe4a9, 0xe4a9, 0xe4ab, 0xec89, 0xe4ab, 0xe4ab, 0xeca8, 0xfc40, 0xfc20, 0xfc20, 0xfc20, 
	0xfc20, 0xfc20, 0xfc20, 0xfc40, 0xfc60, 0x5080, 0x4060, 0xce39, 0xffff, 0xffff, 0xce38, 0x30a1, 0x3080, 0x3860, 0x58c0, 0xfc40, 
	0xfc20, 0xfc20, 0x4860, 0x3880, 0xce99, 0xe73c, 0xffdf, 0xd69a, 0x3081, 0x3080, 0x3081, 0x3924, 0xffff, 0xffff, 0xce39, 0xef5d, 
	0xffff, 0xce59, 0xce79, 0xffff, 0xdefb, 0xce59, 0xffff, 0xffff, 0xc638, 0xef7d, 0xffff, 0xce59, 0xce79, 0xffff, 0xdedb, 0xce59, 
	0xffff, 0xffdf, 0xc638, 0xf79e, 0xffff, 0xce59, 0xce79, 0xffff, 0xdedb, 0xce59, 0xffff, 0xffff, 0xc638, 0xf7be, 0xffff, 0xce59, 
	0xffff, 0xce79, 0xce59, 0xffff, 0xef7d, 0xce59, 0xffff, 0xffff, 0xce79, 0xe71c, 0xffff, 0xce59, 0xc638, 0xffff, 0xe73c, 0xce79, 
	0xffff, 0xffff, 0xce79, 0xef5d, 0xffff, 0xce79, 0xce59, 0xffff, 0xdefb, 0xce79, 0xffff, 0xffff, 0xce79, 0xf79e, 0xffff, 0xce79, 
	0xce59, 0xffff, 0x28a0, 0x3080, 0xfc20, 0xf440, 0x28e0, 0x30c0, 0xffff, 0xd679, 0xce59, 0xb5b7, 0x2040, 0xdc23, 0xfc20, 0xfc40, 
	0xfc20, 0x3881, 0x2840, 0xd658, 0xd67a, 0xfffe, 0xce57, 0x38a0, 0x48e1, 0xfc01, 0xfc01, 0xfc01, 0xfc40, 0xfc40, 0xfc20, 0xfc40, 
	0xfc20, 0xfc40, 0xfc21, 0xfc40, 0xfc40, 0xfc40, 0xfc40, 0xf462, 0xe4c8, 0xe4ca, 0xe4ca, 0xe4ca, 0xe4ca, 0xe4ca, 0xe4ca, 0xe4ca, 
	0xe4ca, 0xe4ca, 0xe4ca, 0xe4ca, 0xe4ca, 0xe4ca, 0xe4ca, 0xe4a8, 0xf441, 0xfc40, 0xfc40, 0xfc20, 0xfc20, 0xfc01, 0xfc01, 0xfc01, 
	0xfc01, 0xaaa0, 0x3080, 0x3880, 0x3861, 0x28c2, 0x30a0, 0xffff, 0xce59, 0xce79, 0xffff, 0xe73c, 0xd637, 0x38a1, 0x60a0, 0xfc60, 
	0xfc00, 0xfc20, 0x4860, 0x3880, 0xffff, 0xdefb, 0xce79, 0xffff, 0xffff, 0xce58, 0xef5c, 0xffff, 0xce59, 0xce79, 0xffff, 0xdefb, 
	0xce59, 0xffff, 0xffff, 0xce59, 0xef7d, 0xffff, 0xce79, 0xce79, 0xffff, 0xd6ba, 0xce79, 0xffff, 0xffdf, 0xce59, 0xf7be, 0xffff, 
	0xd69a, 0xce79, 0xffff, 0xd69a, 0xce79, 0xf7be, 0xffff, 0xce59, 0xffff, 0xffff, 0xce79, 0xce79, 0xffff, 0xd69a, 0xce79, 0xffff, 
	0xce59, 0xffff, 0xffff, 0xce59, 0xe71c, 0xffff, 0xce79, 0xce59, 0xffff, 0xef5d, 0xce59, 0xffff, 0xffff, 0xce79, 0xe73c, 0xffff, 
	0xce79, 0xce79, 0xffdf, 0xe73c, 0xce79, 0xffff, 0xffff, 0xce79, 0xef5d, 0xffff, 0xce79, 0xce59, 0xffdf, 0xdefb, 0xce59, 0xffff, 
	0xffff, 0xce59, 0x30a0, 0x2882, 0xf443, 0xf443, 0x28a0, 0x2840, 0xce9a, 0xffff, 0xffff, 0xacb0, 0x4880, 0xdba0, 0xfc00, 0xf422, 
	0xf425, 0x28a1, 0x2880, 0xffff, 0xffff, 0xd679, 0xffdd, 0x2860, 0x4140, 0xec43, 0xec43, 0xec43, 0xfc01, 0xfc20, 0xfc20, 0xfc40, 
	0xfc20, 0xfc40, 0xfc20, 0xfc20, 0xfc20, 0xfc20, 0xfc20, 0xfc42, 0xecc8, 0xf4a7, 0xf4a7, 0xf4a7, 0xf4a7, 0xf4a7, 0xf4a7, 0xf4a7, 
	0xf4a7, 0xf4a7, 0xf4a7, 0xf4a7, 0xf4a7, 0xf4a7, 0xf4a7, 0xeca7, 0xfc21, 0xfc20, 0xfc20, 0xfc20, 0xec43, 0xec43, 0xec43, 0xec43, 
	0xec43, 0x9a82, 0x3080, 0x3080, 0x3081, 0x28a0, 0x3882, 0xce79, 0xffff, 0xffff, 0xd679, 0xe73d, 0xffbe, 0x30a1, 0x50e0, 0xec65, 
	0xfc41, 0xfc20, 0x4860, 0x3880, 0xce79, 0xef5d, 0xffdf, 0xce79, 0xd69a, 0xffdf, 0xdefb, 0xce7a, 0xffff, 0xffff, 0xd699, 0xef7d, 
	0xffff, 0xce59, 0xce79, 0xffdf, 0xdedb, 0xce79, 0xffff, 0xffdf, 0xce79, 0xf79e, 0xffff, 0xce59, 0xce79, 0xffdf, 0xd6ba, 0xce79, 
	0xffff, 0xffdf, 0xce79, 0xf7be, 0xffdf, 0xce79, 0xce59, 0xffff, 0xd69a, 0xce79, 0xffff, 0xffff, 0xd69a, 0xffff, 0xffff, 0xce79, 
	0xce59, 0xffff, 0xffff, 0xce79, 0xe73c, 0xffff, 0xce59, 0xce79, 0xffff, 0xe73c, 0xce59, 0xffff, 0xffff, 0xce79, 0xef5d, 0xffff, 
	0xce59, 0xce79, 0xffff, 0xe71c, 0xce59, 0xffff, 0xffdf, 0xce79, 0xef5d, 0xffff, 0xce59, 0xce79, 0xffff, 0xdefb, 0xce59, 0xffff, 
	0xffdf, 0xd679, 0x28a1, 0x3880, 0x3880, 0x3081, 0xffff, 0xd69a, 0xce9a, 0xffdf, 0x3880, 0x7980, 0xfc00, 0xfc20, 0xfc40, 0x4060, 
	0x3880, 0xd69a, 0xce79, 0xffff, 0xffdf, 0xce59, 0xffff, 0xffdf, 0xbdb6, 0x3880, 0x3880, 0x3880, 0xdc03, 0xfc21, 0xfc20, 0xfc20, 
	0xfc20, 0xfc20, 0xfc20, 0xfc21, 0xfc20, 0xfc20, 0xfc20, 0xfc20, 0xfc20, 0xfc20, 0xfc20, 0xfc20, 0xfc20, 0xfc20, 0xfc20, 0xfc20, 
	0xfc20, 0xfc20, 0xfc20, 0xfc20, 0xfc20, 0xfc20, 0xfc20, 0xfc40, 0xfc00, 0xfc01, 0xfc21, 0xec42, 0x28c0, 0x3880, 0x3880, 0x3880, 
	0x3080, 0x3880, 0x38a0, 0xcdf7, 0xce79, 0xffff, 0xe73c, 0xce79, 0xffff, 0xffff, 0xce59, 0xe73c, 0xffff, 0xce79, 0xcdf8, 0x4061, 
	0xa280, 0xfc20, 0x4860, 0x3880, 0xce99, 0xef5d, 0xffff, 0xce79, 0xce79, 0xffff, 0xdefb, 0xce59, 0xffff, 0xffff, 0xce79, 0xef5d, 
	0xffff, 0xce59, 0xce79, 0xffff, 0xdefb, 0xce59, 0xffff, 0xffdf, 0xce59, 0xef7d, 0xffff, 0xce59, 0xd69a, 0xffff, 0xdedb, 0xce79, 
	0xffff, 0xffdf, 0xce59, 0xf79e, 0xffff, 0xce59, 0xce79, 0xffff, 0xd6ba, 0xce79, 0xffff, 0xffff, 0xce59, 0xffdf, 0xffff, 0xce79, 
	0xffff, 0xce79, 0xce59, 0xffff, 0xef7d, 0xce59, 0xffff, 0xffff, 0xd69a, 0xe71c, 0xffff, 0xce59, 0xc638, 0xffff, 0xe71c, 0xce79, 
	0xffff, 0xffff, 0xce79, 0xef5d, 0xffff, 0xce59, 0xc638, 0xffff, 0xe71c, 0xce79, 0xffff, 0xffff, 0xce79, 0xf79e, 0xffff, 0xce79, 
	0xce59, 0xffff, 0xbdd6, 0xbd54, 0xeeda, 0xe6ba, 0xd69a, 0xffff, 0xffff, 0xd658, 0x3880, 0x7980, 0xfc00, 0xfc20, 0xfc40, 0x4060, 
	0x3880, 0xffff, 0xffff, 0xce79, 0xd69a, 0xffff, 0xce79, 0xce59, 0xffde, 0xe699, 0xbd54, 0xeeda, 0x61c2, 0x5900, 0x6100, 0x6120, 
	0x6120, 0x6120, 0x5920, 0x6100, 0x5920, 0x7120, 0xfc20, 0xfc20, 0xfc20, 0xfc20, 0xfc20, 0xfc20, 0xfc20, 0xfc20, 0xfc20, 0xfc20, 
	0xfc20, 0xfc20, 0xfc20, 0xfc20, 0xfc20, 0xfc20, 0xfc20, 0xfc20, 0x70e0, 0x68e0, 0x6100, 0x6100, 0x3081, 0x30a1, 0xbd55, 0xbd95, 
	0xe6ba, 0xd638, 0xbd75, 0xffdf, 0xffff, 0xce79, 0xe73c, 0xffff, 0xce79, 0xce79, 0xffff, 0xe73c, 0xce79, 0xffff, 0xf75d, 0x4040, 
	0xa280, 0xfc20, 0x4860, 0x3880, 0xffff, 0xdefb, 0xce79, 0xffff, 0xffff, 0xce79, 0xef5d, 0xffff, 0xce59, 0xce59, 0xffff, 0xdefb, 
	0xce79, 0xffff, 0xffff, 0xce59, 0xf79e, 0xffff, 0xce79, 0xce79, 0xffff, 0xd6ba, 0xce79, 0xffff, 0xffdf, 0xce59, 0xf7be, 0xffff, 
	0xd69a, 0xce79, 0xffff, 0xce79, 0xce79, 0xf7be, 0xffff, 0xce79, 0xffff, 0xffff, 0xce79, 0xce59, 0xffff, 0xd69a, 0xce79, 0xffff, 
	0xce79, 0xffff, 0xffff, 0xce79, 0xdedb, 0xffff, 0xce79, 0xce59, 0xffdf, 0xef5d, 0xce59, 0xffdf, 0xffff, 0xce79, 0xe71c, 0xffff, 
	0xce79, 0xce59, 0xffdf, 0xe73c, 0xce59, 0xffdf, 0xffff, 0xce79, 0xef5d, 0xffff, 0xce79, 0xce59, 0xffff, 0xdefb, 0xce59, 0xffff, 
	0xffff, 0xce79, 0xef9e, 0xffdf, 0xce79, 0xc639, 0xffff, 0xd69a, 0xce9a, 0xffde, 0x3880, 0x7980, 0xfc00, 0xfc20, 0xfc40, 0x4060, 
	0x3880, 0xce59, 0xce59, 0xffdf, 0xffff, 0xce79, 0xffff, 0xffff, 0xce79, 0xce59, 0xffdf, 0xce79, 0x3902, 0x3882, 0x3862, 0x3080, 
	0x3081, 0x3081, 0x3080, 0x3861, 0x28a1, 0x5880, 0xfc20, 0xfc20, 0xfc20, 0xfc20, 0xfc20, 0xfc20, 0xfc20, 0xfc20, 0xfc20, 0xfc20, 
	0xfc20, 0xfc20, 0xfc20, 0xfc20, 0xfc20, 0xfc20, 0xfc20, 0xfc20, 0x4080, 0x3080, 0x3880, 0x3861, 0x3861, 0x30c1, 0xffff, 0xffff, 
	0xd679, 0xe71c, 0xffdf, 0xce79, 0xce79, 0xffff, 0xe73c, 0xce79, 0xffff, 0xffff, 0xce79, 0xe73c, 0xffff, 0xce79, 0xcdd7, 0x4061, 
	0xa280, 0xfc20, 0x4860, 0x3880, 0xc658, 0xef5d, 0xffdf, 0xce79, 0xce79, 0xffff, 0xdefb, 0xce79, 0xffff, 0xffff, 0xd69a, 0xef7d, 
	0xffff, 0xce59, 0xce79, 0xffdf, 0xdedb, 0xce79, 0xffff, 0xffdf, 0xce79, 0xf79e, 0xffff, 0xce59, 0xd69a, 0xffdf, 0xd6ba, 0xd69a, 
	0xffff, 0xffdf, 0xce79, 0xf7be, 0xffdf, 0xce79, 0xce79, 0xffff, 0xce79, 0xce79, 0xffff, 0xffff, 0xce79, 0xffff, 0xffdf, 0xce59, 
	0xce59, 0xffff, 0xffff, 0xce59, 0xdefb, 0xffff, 0xce79, 0xce79, 0xffff, 0xe73c, 0xce59, 0xffff, 0xffff, 0xce79, 0xe73c, 0xffff, 
	0xce59, 0xce79, 0xffff, 0xe71c, 0xce59, 0xffff, 0xffff, 0xce79, 0xef5d, 0xffff, 0xce59, 0xce79, 0xffff, 0xdefb, 0xce59, 0xffff, 
	0xffff, 0xce59, 0xf79e, 0xffff, 0xce59, 0xce59, 0xffff, 0xd69a, 0xce7a, 0xffde, 0x3881, 0x8180, 0xfc20, 0xfc40, 0xfc20, 0x4840, 
	0x38a0, 0xd679, 0xce79, 0xffff, 0xffdf, 0xce79, 0xffff, 0xffff, 0xce79, 0xce79, 0xffff, 0xce79, 0xde99, 0xffde, 0xffbe, 0xd658, 
	0xffde, 0xffff, 0xd658, 0xdeba, 0xffdf, 0xde16, 0x3860, 0x3860, 0x3860, 0x3860, 0x3860, 0x3860, 0x3860, 0x3860, 0x3860, 0x3860, 
	0x3860, 0x3860, 0x3860, 0x3860, 0x3860, 0x3860, 0x3860, 0x3880, 0xfffe, 0xce5a, 0xce58, 0xffff, 0xef5c, 0xce59, 0xffdf, 0xffff, 
	0xce79, 0xe73c, 0xffff, 0xce79, 0xce79, 0xffff, 0xe73c, 0xce79, 0xffff, 0xffff, 0xce79, 0xe73c, 0xffff, 0xce79, 0xce59, 0xffdf, 
	0x93cd, 0x4860, 0x38c0, 0x3081, 0xd658, 0xef5d, 0xffff, 0xce79, 0xd69a, 0xffff, 0xdefb, 0xce79, 0xffff, 0xffff, 0xce79, 0xef7d, 
	0xffff, 0xce59, 0xce79, 0xffff, 0xdefb, 0xce79, 0xffff, 0xffdf, 0xce59, 0xef7d, 0xffff, 0xce59, 0xd69a, 0xffff, 0xdedb, 0xce79, 
	0xffff, 0xffdf, 0xce79, 0xf7be, 0xffdf, 0xce79, 0xce79, 0xffff, 0xd6ba, 0xce79, 0xffff, 0xffff, 0xce59, 0xffdf, 0xffff, 0xce79, 
	0xffff, 0xce59, 0xce59, 0xffff, 0xef7d, 0xce59, 0xffff, 0xffff, 0xce79, 0xe71c, 0xffff, 0xce59, 0xc638, 0xffff, 0xe71c, 0xce79, 
	0xffff, 0xffff, 0xce79, 0xef5d, 0xffff, 0xce59, 0xce59, 0xffff, 0xdefb, 0xce79, 0xffff, 0xffff, 0xce79, 0xf79e, 0xffff, 0xce79, 
	0xce59, 0xffff, 0xd6ba, 0xce59, 0xffff, 0xffdf, 0xce79, 0xffff, 0xffff, 0xd678, 0x3080, 0x8160, 0xfc20, 0xfc20, 0xfc01, 0x4060, 
	0x28a0, 0xffff, 0xffff, 0xce79, 0xd69a, 0xffff, 0xce79, 0xce79, 0xffff, 0xffdf, 0xce79, 0xffff, 0xffff, 0xce79, 0xd6ba, 0xffff, 
	0xce7a, 0xce9a, 0xffff, 0xf7be, 0xce7a, 0xffbe, 0x3081, 0x3080, 0x3080, 0x38a1, 0x3080, 0x3080, 0x38a1, 0x3081, 0x3060, 0x38a1, 
	0x3080, 0x3080, 0x3081, 0x38a1, 0x3060, 0x38a1, 0x38a1, 0x3081, 0xd657, 0xffde, 0xffdf, 0xce79, 0xdf1c, 0xffff, 0xce79, 0xce79, 
	0xffff, 0xef5d, 0xce79, 0xffff, 0xffff, 0xce59, 0xe73c, 0xffff, 0xce79, 0xce79, 0xffff, 0xe73c, 0xce79, 0xffff, 0xffdf, 0xce59, 
	0x730c, 0x3082, 0x2880, 0x3081, 0xffff, 0xdefb, 0xce79, 0xffdf, 0xffff, 0xce79, 0xef5d, 0xffff, 0xce59, 0xce59, 0xffff, 0xdefb, 
	0xce79, 0xffff, 0xffff, 0xce59, 0xf79e, 0xffff, 0xce79, 0xce79, 0xffff, 0xd6ba, 0xce79, 0xffff, 0xffff, 0xce59, 0xf7be, 0xffff, 
	0xd69a, 0xce79, 0xffff, 0xd69a, 0xce79, 0xf7be, 0xffff, 0xce59, 0xffff, 0xffff, 0xce79, 0xce79, 0xffff, 0xd69a, 0xce79, 0xffff, 
	0xc638, 0xffff, 0xffff, 0xd69a, 0xdedb, 0xffff, 0xd69a, 0xce59, 0xffdf, 0xef7d, 0xce59, 0xffdf, 0xffff, 0xd69a, 0xe71c, 0xffff, 
	0xce79, 0xce59, 0xffdf, 0xe73c, 0xce59, 0xffdf, 0xffff, 0xd69a, 0xe73c, 0xffff, 0xce79, 0xce59, 0xffdf, 0xe71c, 0xce59, 0xffff, 
	0xffff, 0xce79, 0xef7d, 0xffff, 0xd69a, 0xc638, 0xffff, 0xd69a, 0xd679, 0xffff, 0xffdf, 0xac72, 0x3860, 0x3880, 0x3860, 0xd63a, 
	0xfffe, 0xc638, 0xce79, 0xffdf, 0xffff, 0xce79, 0xffff, 0xffff, 0xd69a, 0xce79, 0xffff, 0xce79, 0xce58, 0xffde, 0xffbe, 0xd679, 
	0xffde, 0xffff, 0xd699, 0xd6ba, 0xffff, 0xce59, 0xc678, 0xfffe, 0xefbd, 0xc678, 0xf7fe, 0xffff, 0xc678, 0xd6da, 0xfffe, 0xce98, 
	0xc657, 0xfffe, 0xef9c, 0xc678, 0xfffe, 0xffff, 0xc678, 0xdedb, 0xf7ff, 0xce9a, 0xce79, 0xffde, 0xef5d, 0xce79, 0xffff, 0xffff, 
	0xce79, 0xe73c, 0xffff, 0xce79, 0xce59, 0xffdf, 0xe73c, 0xd69a, 0xffff, 0xffff, 0xce79, 0xe73c, 0xffdf, 0xce59, 0xce7a, 0xffff, 
	0x8bee, 0x3860, 0xfffe, 0xffff, 0xce59, 0xef5d, 0xffdf, 0xce59, 0xce79, 0xffff, 0xdefb, 0xce79, 0xffff, 0xffff, 0xd69a, 0xef7d, 
	0xffff, 0xce59, 0xd69a, 0xffdf, 0xdedb, 0xce79, 0xffff, 0xffdf, 0xce79, 0xf79e, 0xffff, 0xce59, 0xd69a, 0xffdf, 0xd6ba, 0xd69a, 
	0xffff, 0xffdf, 0xce79, 0xf7be, 0xffdf, 0xce79, 0xce79, 0xffff, 0xd69a, 0xd69a, 0xffff, 0xffff, 0xce79, 0xffff, 0xffdf, 0xce79, 
	0xce79, 0xffff, 0xffff, 0xce79, 0xe71c, 0xffff, 0xce59, 0xce59, 0xffff, 0xe73c, 0xce59, 0xffff, 0xffff, 0xce79, 0xe73c, 0xffff, 
	0xce59, 0xce79, 0xffff, 0xe71c, 0xce59, 0xffff, 0xffdf, 0xd69a, 0xef5d, 0xffff, 0xce79, 0xce79, 0xffdf, 0xdefb, 0xce59, 0xffdf, 
	0xffdf, 0xd69a, 0xef7d, 0xffff, 0xce79, 0xce59, 0xffff, 0xd69a, 0xd69a, 0xffff, 0xffff, 0xa4b1, 0x3060, 0x730a, 0x6269, 0xd659, 
	0xffff, 0xce7a, 0xce79, 0xffff, 0xffdf, 0xce79, 0xffff, 0xffff, 0xd69a, 0xd6ba, 0xffdf, 0xce79, 0xce79, 0xffdf, 0xf7be, 0xd69a, 
	0xffdf, 0xffff, 0xce79, 0xdedb, 0xffdf, 0xce79, 0xce79, 0xffdf, 0xf79e, 0xd69a, 0xffdf, 0xffff, 0xce79, 0xdefb, 0xffdf, 0xd69a, 
	0xce59, 0xffff, 0xef7d, 0xd69a, 0xffdf, 0xffff, 0xce79, 0xdefb, 0xffdf, 0xd69a, 0xce79, 0xffdf, 0xef5d, 0xce79, 0xffff, 0xffff, 
	0xd69a, 0xe73c, 0xffdf, 0xce79, 0xce79, 0xffdf, 0xe73c, 0xd69a, 0xffff, 0xffff, 0xce79, 0xe73c, 0xffdf, 0xce79, 0xd67a, 0xfffe, 
	0xacf3, 0x6268, 0xff9d, 0xffff, 0xd67a, 0xef5d, 0xffdf, 0xce79, 0xd69a, 0xffdf, 0xdefb, 0xce79, 0xffff, 0xffdf, 0xd69a, 0xef7d, 
	0xffff, 0xce79, 0xd69a, 0xffdf, 0xdefb, 0xce79, 0xffff, 0xffdf, 0xd69a, 0xf79e, 0xffdf, 0xce79, 0xd69a, 0xffdf, 0xdedb, 0xce79, 
	0xffff, 0xffdf, 0xd69a, 0xf7be, 0xffdf, 0xce79, 0xce79, 0xffdf, 0xd6ba, 0xce79, 0xffff, 0xffff, 0xce79, 0xffdf, 0xffdf, 0xce79, 
	0xffff, 0xce59, 0xce59, 0xffff, 0xf79e, 0xce79, 0xffff, 0xffff, 0xce79, 0xe71c, 0xffff, 0xce59, 0xce59, 0xffff, 0xe71c, 0xce79, 
	0xffff, 0xffff, 0xce59, 0xef5d, 0xffff, 0xce59, 0xce59, 0xffff, 0xdefb, 0xce79, 0xffff, 0xffdf, 0xce79, 0xf7be, 0xffff, 0xce79, 
	0xce79, 0xffff, 0xd69a, 0xce79, 0xffff, 0xffff, 0xce79, 0xffff, 0xffff, 0xce79, 0xce79, 0xcdb5, 0x3881, 0xbdb6, 0xffff, 0xffdf, 
	0xce59, 0xffdf, 0xffff, 0xce79, 0xd69a, 0xffff, 0xce79, 0xce79, 0xffff, 0xffff, 0xce59, 0xffff, 0xffdf, 0xce79, 0xd69a, 0xffff, 
	0xce79, 0xd69a, 0xffff, 0xf7be, 0xce59, 0xffff, 0xffff, 0xce79, 0xdedb, 0xffff, 0xce79, 0xce79, 0xffff, 0xf79e, 0xce59, 0xffff, 
	0xffff, 0xce59, 0xdefb, 0xffff, 0xce59, 0xce59, 0xffff, 0xef5d, 0xce79, 0xffdf, 0xffdf, 0xce59, 0xdefb, 0xffff, 0xce79, 0xd69a, 
	0xffff, 0xef5d, 0xce79, 0xffff, 0xffff, 0xce79, 0xe73c, 0xffff, 0xce79, 0xce79, 0xffff, 0xe73c, 0xce79, 0xffff, 0xffdf, 0xc679, 
	0xe75c, 0xffff, 0xce9a, 0xce79, 0xffff, 0xdefb, 0xce59, 0xffdf, 0xffdf, 0xce79, 0xef5d, 0xffff, 0xce59, 0xce59, 0xffff, 0xdefb, 
	0xce79, 0xffff, 0xffff, 0xce59, 0xf79e, 0xffff, 0xce79, 0xce79, 0xffff, 0xd6ba, 0xce79, 0xffff, 0xffff, 0xce79, 0xf7be, 0xffff, 
	0xd69a, 0xce79, 0xffff, 0xd69a, 0xce79, 0xf7be, 0xffff, 0xce59, 0xffff, 0xffff, 0xd69a, 0xce59, 0xffff, 0xd69a, 0xce79, 0xffff, 
	0xce59, 0xffff, 0xffff, 0xce59, 0xe71c, 0xffff, 0xce59, 0xce59, 0xffff, 0xe73c, 0xc638, 0xffff, 0xffff, 0xce59, 0xef5d, 0xffff, 
	0xce59, 0xce59, 0xffff, 0xdefb, 0xc638, 0xffff, 0xffff, 0xce59, 0xef7d, 0xffff, 0xce59, 0xce79, 0xffff, 0xdedb, 0xce59, 0xffff, 
	0xffff, 0xce79, 0xef7d, 0xffff, 0xce79, 0xce79, 0xffff, 0xd69a, 0xce79, 0xffff, 0xffff, 0xc678, 0xffdf, 0xffde, 0xce7a, 0xce5a, 
	0xffff, 0xce79, 0xce59, 0xffff, 0xffff, 0xce59, 0xffff, 0xffff, 0xce79, 0xd69a, 0xffff, 0xce79, 0xce59, 0xffdf, 0xf7be, 0xce79, 
	0xffdf, 0xffff, 0xce79, 0xd6ba, 0xffff, 0xd69a, 0xce59, 0xffff, 0xf79e, 0xce79, 0xffff, 0xffff, 0xce79, 0xdedb, 0xffff, 0xce79, 
	0xce59, 0xffff, 0xef7d, 0xce79, 0xffff, 0xffff, 0xce79, 0xdefb, 0xffff, 0xce79, 0xce59, 0xffdf, 0xef5d, 0xce79, 0xffff, 0xffff, 
	0xce79, 0xe73c, 0xffff, 0xce79, 0xce59, 0xffff, 0xe73c, 0xce79, 0xffff, 0xffff, 0xce79, 0xe73c, 0xffff, 0xce59, 0xce79, 0xffff, 
	0xe71c, 0xce79, 0xffdf, 0xffff, 0xce79, 0xef5d, 0xffdf, 0xce59, 0xce79, 0xffff, 0xdefb, 0xce79, 0xffff, 0xffff, 0xce79, 0xef7d, 
	0xffff, 0xce59, 0xce79, 0xffff, 0xdedb, 0xce79, 0xffff, 0xffff, 0xce79, 0xf79e, 0xffff, 0xce59, 0xce79, 0xffdf, 0xd6ba, 0xce79, 
	0xffff, 0xffff, 0xce79, 0xf7be, 0xffff, 0xce59, 0xce79, 0xffff, 0xd69a, 0xce79, 0xffff, 0xffff, 0xce79, 0xffff, 0xffff, 0xce59, 
	0xce59, 0xffff, 0xffff, 0xce59, 0xe71c, 0xffff, 0xce59, 0xce79, 0xffff, 0xe73c, 0xce59, 0xffff, 0xffff, 0xce59, 0xef5d, 0xffff, 
	0xce59, 0xce79, 0xffff, 0xe71c, 0xce59, 0xffff, 0xffdf, 0xce59, 0xef7d, 0xffff, 0xce59, 0xce79, 0xffff, 0xdedb, 0xc638, 0xffff, 
	0xffff, 0xce59, 0xf79e, 0xffff, 0xce59, 0xce59, 0xffff, 0xce79, 0xce79, 0xffff, 0xffff, 0xce59, 0xffff, 0xffdf, 0xce59, 0xce59, 
	0xffff, 0xce59, 0xce59, 0xffff, 0xffff, 0xce59, 0xffff, 0xffff, 0xce59, 0xd69a, 0xffff, 0xce59, 0xc638, 0xffff, 0xf79e, 0xce59, 
	0xffff, 0xffff, 0xce59, 0xdedb, 0xffff, 0xce59, 0xc638, 0xffff, 0xf79e, 0xce59, 0xffff, 0xffff, 0xce79, 0xdedb, 0xffff, 0xce59, 
	0xc638, 0xffff, 0xef7d, 0xd69a, 0xffff, 0xffff, 0xce79, 0xdefb, 0xffff, 0xce79, 0xce59, 0xffff, 0xef5d, 0xce79, 0xffff, 0xffff, 
	0xd69a, 0xe73c, 0xffdf, 0xce79, 0xce79, 0xffdf, 0xe73c, 0xd69a, 0xffff, 0xffff, 0xd69a, 0xe73c, 0xffdf, 0xce79, 0xce79, 0xffdf, 
	0xe73c, 0xd69a, 0xffff, 0xffff, 0xce79, 0xef5d, 0xffff, 0xce59, 0xce59, 0xffff, 0xdefb, 0xc638, 0xffff, 0xffff, 0xd69a, 0xef7d, 
	0xffff, 0xc638, 0xce59, 0xffff, 0xdedb, 0xce59, 0xffff, 0xffff, 0xce59, 0xf79e, 0xffff, 0xc638, 0xce59, 0xffff, 0xdedb, 0xce59, 
	0xffff, 0xffff, 0xce59, 0xf79e, 0xffff, 0xce59, 0xce59, 0xffff, 0xd69a, 0xce59, 0xffff, 0xffff, 0xce59, 0xffff, 0xffff, 0xce59, 
	0xffff, 0xce79, 0xce79, 0xffdf, 0xf79e, 0xce79, 0xffff, 0xffff, 0xce79, 0xe71c, 0xffff, 0xce79, 0xce59, 0xffff, 0xe71c, 0xd69a, 
	0xffff, 0xffff, 0xce59, 0xef5d, 0xffff, 0xce79, 0xce79, 0xffff, 0xdefb, 0xce79, 0xffff, 0xffdf, 0xce59, 0xf7be, 0xffff, 0xce79, 
	0xce79, 0xffff, 0xd69a, 0xce79, 0xffff, 0xffff, 0xce59, 0xffff, 0xffff, 0xce59, 0xce79, 0xffff, 0xce79, 0xce59, 0xffff, 0xffdf, 
	0xc638, 0xffff, 0xffff, 0xce59, 0xd69a, 0xffff, 0xc638, 0xce79, 0xffff, 0xffff, 0xce59, 0xffff, 0xffff, 0xce59, 0xd69a, 0xffff, 
	0xce79, 0xd69a, 0xffff, 0xf7be, 0xce59, 0xffff, 0xffff, 0xce59, 0xdedb, 0xffff, 0xce79, 0xce79, 0xffff, 0xf79e, 0xce59, 0xffff, 
	0xffff, 0xce59, 0xdefb, 0xffff, 0xce59, 0xce59, 0xffff, 0xef5d, 0xce79, 0xffff, 0xffff, 0xce59, 0xdefb, 0xffff, 0xce79, 0xce79, 
	0xffff, 0xef5d, 0xce59, 0xffdf, 0xffff, 0xce79, 0xe73c, 0xffff, 0xce79, 0xce79, 0xffff, 0xe73c, 0xce79, 0xffff, 0xffdf, 0xce59, 
	0xe73c, 0xffff, 0xce79, 0xce79, 0xffff, 0xdefb, 0xce59, 0xffff, 0xffff, 0xce59, 0xef5d, 0xffff, 0xce59, 0xce59, 0xffff, 0xdefb, 
	0xce59, 0xffff, 0xffff, 0xce59, 0xf79e, 0xffff, 0xce79, 0xce79, 0xffff, 0xdedb, 0xce59, 0xffff, 0xffff, 0xce59, 0xf7be, 0xffff, 
	0xd69a, 0xce79, 0xffff, 0xd69a, 0xce59, 0xffdf, 0xffff, 0xce59, 0xffff, 0xffff, 0xce79, 0xc638, 0xffff, 0xd69a, 0xce59, 0xffff, 
	0xce59, 0xffff, 0xffff, 0xce79, 0xe71c, 0xffff, 0xce59, 0xce79, 0xffff, 0xe73c, 0xce59, 0xffff, 0xffff, 0xce59, 0xe73c, 0xffff, 
	0xce79, 0xce79, 0xffff, 0xe71c, 0xce59, 0xffff, 0xffff, 0xce79, 0xef5d, 0xffff, 0xce79, 0xce79, 0xffff, 0xdefb, 0xce59, 0xffff, 
	0xffdf, 0xce79, 0xf79e, 0xffff, 0xce59, 0xce79, 0xffff, 0xd69a, 0xce79, 0xffff, 0xffff, 0xce59, 0xffdf, 0xffff, 0xce59, 0xce59, 
	0xffff, 0xce79, 0xce59, 0xffff, 0xffdf, 0xce59, 0xffdf, 0xffff, 0xce79, 0xd6ba, 0xffff, 0xce79, 0xce59, 0xffff, 0xf79e, 0xce59, 
	0xffff, 0xffff, 0xce59, 0xdedb, 0xffff, 0xce79, 0xce59, 0xffff, 0xf79e, 0xce59, 0xffff, 0xffff, 0xce59, 0xdedb, 0xffff, 0xce79, 
	0xce59, 0xffff, 0xef7d, 0xce59, 0xffff, 0xffff, 0xce59, 0xdefb, 0xffff, 0xce79, 0xce59, 0xffff, 0xef5d, 0xce59, 0xffff, 0xffff, 
	0xce59, 0xe73c, 0xffff, 0xce79, 0xce59, 0xffff, 0xe73c, 0xce59, 0xffff, 0xffff, 0xce59, 0xe73c, 0xffdf, 0xce79, 0xce79, 0xffff, 
	0xe73c, 0xce59, 0xffff, 0xffff, 0xce59, 0xef5d, 0xffff, 0xce59, 0xce79, 0xffff, 0xdefb, 0xce59, 0xffff, 0xffff, 0xce59, 0xef7d, 
	0xffff, 0xce59, 0xce79, 0xffff, 0xdedb, 0xce59, 0xffff, 0xffff, 0xce59, 0xf79e, 0xffff, 0xce59, 0xce79, 0xffff, 0xdedb, 0xce59, 
	0xffff, 0xffff, 0xce59, 0xf79e, 0xffff, 0xce59, 0xce79, 0xffff, 0xd6ba, 0xce79, 0xffff, 0xffff, 0xce59, 0xffdf, 0xffff, 0xce59, 
	0xce59, 0xffff, 0xffff, 0xce59, 0xe71c, 0xffff, 0xce79, 0xce79, 0xffff, 0xe73c, 0xc638, 0xffff, 0xffff, 0xce59, 0xef5d, 0xffff, 
	0xce59, 0xce79, 0xffff, 0xe71c, 0xce59, 0xffff, 0xffff, 0xce59, 0xef7d, 0xffff, 0xce59, 0xce79, 0xffff, 0xdedb, 0xce59, 0xffff, 
	0xffff, 0xce59, 0xf79e, 0xffff, 0xce59, 0xce79, 0xffff, 0xce79, 0xce59, 0xffff, 0xffff, 0xce59, 0xffff, 0xffdf, 0xce59, 0xce59, 
	0xffff, 0xce79, 0xc638, 0xffff, 0xffdf, 0xce59, 0xffff, 0xffff, 0xce79, 0xd69a, 0xffff, 0xce59, 0xce79, 0xffff, 0xf7be, 0xce79, 
	0xffff, 0xffff, 0xce59, 0xd6ba, 0xffff, 0xce59, 0xc638, 0xffff, 0xf79e, 0xce79, 0xffff, 0xffff, 0xce59, 0xdedb, 0xffff, 0xce79, 
	0xc638, 0xffff, 0xef7d, 0xce59, 0xffff, 0xffff, 0xce59, 0xe71c, 0xffff, 0xce59, 0xce59, 0xffff, 0xef5d, 0xce59, 0xffff, 0xffff, 
	0xce59, 0xe71c, 0xffff, 0xce59, 0xce59, 0xffff, 0xe73c, 0xce59, 0xffff, 0xffff, 0xce59, 0xe73c, 0xffff, 0xce59, 0xce59, 0xffff, 
	0xe73c, 0xce59, 0xffff, 0xffff, 0xce59, 0xef5d, 0xffff, 0xce59, 0xce59, 0xffff, 0xe71c, 0xce59, 0xffff, 0xffff, 0xce59, 0xef7d, 
	0xffff, 0xc638, 0xce79, 0xffff, 0xdedb, 0xce59, 0xffff, 0xffff, 0xce79, 0xf79e, 0xffff, 0xc638, 0xce79, 0xffff, 0xd6ba, 0xce59, 
	0xffff, 0xffff, 0xce79, 0xf7be, 0xffff, 0xce79, 0xce59, 0xffff, 0xd69a, 0xce79, 0xffff, 0xffff, 0xce59, 0xffdf, 0xffff, 0xce59, 
	0xffff, 0xce79, 0xce79, 0xffff, 0xef7d, 0xce79, 0xffff, 0xffff, 0xce59, 0xe73c, 0xffff, 0xce79, 0xce79, 0xffff, 0xe71c, 0xd69a, 
	0xffff, 0xffff, 0xce59, 0xef5d, 0xffff, 0xce79, 0xce79, 0xffff, 0xdefb, 0xce79, 0xffff, 0xffdf, 0xce59, 0xffdf, 0xffff, 0xd69a, 
	0xce79, 0xffff, 0xd69a, 0xce79, 0xffdf, 0xffff, 0xce79, 0xffff, 0xffff, 0xce79, 0xce59, 0xffdf, 0xce79, 0xce59, 0xffff, 0xffdf, 
	0xc638, 0xffff, 0xffff, 0xce79, 0xce79, 0xffff, 0xc638, 0xce79, 0xffff, 0xffff, 0xce59, 0xffff, 0xffdf, 0xce79, 0xd69a, 0xffff, 
	0xce79, 0xd69a, 0xffff, 0xf7be, 0xce59, 0xffff, 0xffff, 0xce79, 0xdedb, 0xffff, 0xce79, 0xce79, 0xffff, 0xf79e, 0xce59, 0xffff, 
	0xffff, 0xce59, 0xdefb, 0xffff, 0xce79, 0xce59, 0xffff, 0xef5d, 0xce79, 0xffff, 0xffff, 0xce59, 0xdefb, 0xffff, 0xce79, 0xce79, 
	0xffff, 0xe73c, 0xce59, 0xffdf, 0xffff, 0xce59, 0xe73c, 0xffff, 0xce79, 0xce59, 0xffff, 0xe73c, 0xce59, 0xffff, 0xffff, 0xce59, 
	0xe73c, 0xffff, 0xce79, 0xce79, 0xffff, 0xdefb, 0xce59, 0xffff, 0xffff, 0xce59, 0xef5d, 0xffff, 0xce59, 0xce59, 0xffff, 0xdefb, 
	0xce59, 0xffff, 0xffff, 0xce59, 0xef7d, 0xffff, 0xce79, 0xce79, 0xffff, 0xdedb, 0xce79, 0xffff, 0xffff, 0xce59, 0xf7be, 0xffff, 
	0xd69a, 0xce79, 0xffff, 0xd69a, 0xce79, 0xf7be, 0xffff, 0xce59, 0xffff, 0xffff, 0xce79, 0xc638, 0xffff, 0xce79, 0xce79, 0xffff, 
	0xce59, 0xffdf, 0xffdf, 0xce79, 0xe71c, 0xffff, 0xce79, 0xce79, 0xffff, 0xe73c, 0xce59, 0xffdf, 0xffff, 0xce59, 0xef5d, 0xffff, 
	0xce79, 0xce79, 0xffff, 0xe71c, 0xce59, 0xffff, 0xffdf, 0xce59, 0xef5d, 0xffff, 0xce79, 0xce79, 0xffff, 0xdefb, 0xce59, 0xffff, 
	0xffdf, 0xce79, 0xf79e, 0xffff, 0xce59, 0xce79, 0xffff, 0xd6ba, 0xce79, 0xffff, 0xffdf, 0xce59, 0xf7be, 0xffff, 0xce79, 0xd69a, 
	0xffff, 0xd69a, 0xce59, 0xffff, 0xf7be, 0xce79, 0xffdf, 0xffff, 0xce79, 0xd6ba, 0xffff, 0xd69a, 0xce79, 0xffff, 0xf79e, 0xce79, 
	0xffdf, 0xffff, 0xce59, 0xdedb, 0xffff, 0xd69a, 0xce59, 0xffff, 0xef7d, 0xce79, 0xffdf, 0xffff, 0xce79, 0xdefb, 0xffff, 0xd69a, 
	0xce59, 0xffff, 0xef7d, 0xce79, 0xffdf, 0xffff, 0xce79, 0xe71c, 0xffff, 0xd69a, 0xce79, 0xffff, 0xef5d, 0xce79, 0xffdf, 0xffff, 
	0xce79, 0xe73c, 0xffff, 0xce79, 0xce79, 0xffff, 0xe73c, 0xce59, 0xffff, 0xffdf, 0xce79, 0xe73c, 0xffff, 0xce79, 0xce79, 0xffff, 
	0xe73c, 0xce79, 0xffff, 0xffdf, 0xce79, 0xef5d, 0xffff, 0xce79, 0xd69a, 0xffff, 0xe71c, 0xce79, 0xffff, 0xffdf, 0xce79, 0xef7d, 
	0xffff, 0xce59, 0xd69a, 0xffff, 0xdefb, 0xce79, 0xffff, 0xffdf, 0xce79, 0xef7d, 0xffff, 0xce59, 0xd69a, 0xffff, 0xdedb, 0xce59, 
	0xffff, 0xffdf, 0xce79, 0xf79e, 0xffff, 0xce79, 0xce79, 0xffff, 0xd6ba, 0xce79, 0xffff, 0xffdf, 0xce79, 0xf7be, 0xffff, 0xce59, 
	0xce59, 0xffff, 0xffff, 0xce79, 0xdefb, 0xffff, 0xce79, 0xce59, 0xffff, 0xef5d, 0xce59, 0xffff, 0xffff, 0xce59, 0xe73c, 0xffff, 
	0xce79, 0xce59, 0xffff, 0xe71c, 0xce59, 0xffff, 0xffff, 0xce59, 0xef5d, 0xffff, 0xce59, 0xce79, 0xffff, 0xdedb, 0xce59, 0xffff, 
	0xffff, 0xce79, 0xf7be, 0xffff, 0xce59, 0xce79, 0xffff, 0xd69a, 0xce59, 0xffff, 0xffff, 0xce59, 0xffff, 0xffff, 0xce59, 0xce79, 
	0xffff, 0xce79, 0xce59, 0xffff, 0xffdf, 0xce59, 0xffff, 0xffff, 0xce79, 0xd69a, 0xffff, 0xce59, 0xce59, 0xffff, 0xf7be, 0xce79, 
	0xffff, 0xffff, 0xce59, 0xdedb, 0xffff, 0xce79, 0xce59, 0xffff, 0xf79e, 0xce79, 0xffff, 0xffff, 0xce59, 0xdedb, 0xffff, 0xce79, 
	0xc638, 0xffff, 0xef7d, 0xce79, 0xffff, 0xffff, 0xce59, 0xdefb, 0xffff, 0xce79, 0xce59, 0xffff, 0xef5d, 0xce59, 0xffff, 0xffff, 
	0xce59, 0xe73c, 0xffff, 0xce79, 0xce59, 0xffff, 0xe73c, 0xce59, 0xffff, 0xffff, 0xce59, 0xe73c, 0xffff, 0xce59, 0xce79, 0xffff, 
	0xe73c, 0xce79, 0xffff, 0xffff, 0xce59, 0xef5d, 0xffff, 0xce59, 0xce79, 0xffff, 0xe71c, 0xce59, 0xffff, 0xffff, 0xce79, 0xef7d, 
	0xffff, 0xc638, 0xce79, 0xffff, 0xdedb, 0xce79, 0xffff, 0xffff, 0xce79, 0xf79e, 0xffff, 0xce59, 0xce79, 0xffff, 0xdedb, 0xce79, 
	0xffff, 0xffff, 0xce79, 0xf7be, 0xffff, 0xce79, 0xce59, 0xffff, 0xd69a, 0xce79, 0xffff, 0xffff, 0xce59, 0xffdf, 0xffff, 0xce59, 
	0xffff, 0xce79, 0xce79, 0xffff, 0xef7d, 0xce59, 0xffff, 0xffff, 0xce59, 0xe73c, 0xffff, 0xce79, 0xce59, 0xffff, 0xe71c, 0xce79, 
	0xffff, 0xffff, 0xce59, 0xef5d, 0xffff, 0xce79, 0xce79, 0xffff, 0xdefb, 0xce79, 0xffff, 0xffdf, 0xce59, 0xf7be, 0xffff, 0xce79, 
	0xce79, 0xffff, 0xd69a, 0xce59, 0xffdf, 0xffff, 0xce59, 0xffff, 0xffff, 0xce79, 0xce79, 0xffff, 0xce79, 0xce59, 0xffff, 0xffff, 
	0xce59, 0xffff, 0xffff, 0xce59, 0xce79, 0xffff, 0xc638, 0xd69a, 0xffff, 0xffdf, 0xce59, 0xffff, 0xffff, 0xce79, 0xd69a, 0xffff, 
	0xce79, 0xd69a, 0xffff, 0xf7be, 0xce59, 0xffff, 0xffff, 0xce79, 0xdedb, 0xffff, 0xce79, 0xce79, 0xffff, 0xf79e, 0xce59, 0xffff, 
	0xffff, 0xce79, 0xdefb, 0xffff, 0xce59, 0xc638, 0xffff, 0xef5d, 0xce59, 0xffff, 0xffff, 0xce59, 0xdefb, 0xffff, 0xce79, 0xce79, 
	0xffff, 0xe73c, 0xce59, 0xffdf, 0xffff, 0xce59, 0xe73c, 0xffff, 0xce59, 0xce59, 0xffff, 0xe73c, 0xce79, 0xffff, 0xffdf, 0xce59, 
	0xe73c, 0xffff, 0xce79, 0xce79, 0xffff, 0xdefb, 0xce59, 0xffff, 0xffff, 0xce59, 0xef7d, 0xffff, 0xce59, 0xce59, 0xffff, 0xdefb, 
	0xce59, 0xffff, 0xffff, 0xce59, 0xf79e, 0xffff, 0xce79, 0xce79, 0xffff, 0xdedb, 0xce59, 0xffff, 0xffdf, 0xce59, 0xf7be, 0xffff, 
	0xd69a, 0xce79, 0xffff, 0xd6ba, 0xce79, 0xf7be, 0xffff, 0xce59, 0xffdf, 0xffff, 0xd69a, 0xc638, 0xffff, 0xce79, 0xce59, 0xffff, 
	0xce59, 0xffdf, 0xffdf, 0xce79, 0xe71c, 0xffff, 0xce79, 0xd69a, 0xffff, 0xe73c, 0xce59, 0xffdf, 0xffdf, 0xce79, 0xef5d, 0xffff, 
	0xce79, 0xce79, 0xffff, 0xe71c, 0xce59, 0xffdf, 0xffdf, 0xce79, 0xef5d, 0xffff, 0xce79, 0xd69a, 0xffff, 0xdefb, 0xce59, 0xffff, 
	0xffdf, 0xce79, 0xef7d, 0xffff, 0xce79, 0xd69a, 0xffff, 0xdedb, 0xce79, 0xffff, 0xffdf, 0xce59, 0xf7be, 0xffdf, 0xce79, 0xce79, 
	0xffff, 0xd6ba, 0xce59, 0xffff, 0xf7be, 0xce79, 0xffdf, 0xffff, 0xce79, 0xd6ba, 0xffff, 0xd69a, 0xce79, 0xffff, 0xf79e, 0xce79, 
	0xffdf, 0xffdf, 0xce59, 0xdedb, 0xffdf, 0xd69a, 0xce79, 0xffff, 0xef7d, 0xce79, 0xffdf, 0xffdf, 0xce79, 0xdefb, 0xffff, 0xd69a, 
	0xce79, 0xffff, 0xef7d, 0xce79, 0xffdf, 0xffff, 0xce79, 0xe71c, 0xffff, 0xd69a, 0xce79, 0xffff, 0xef5d, 0xce79, 0xffdf, 0xffff, 
	0xce79, 0xe73c, 0xffff, 0xce79, 0xce79, 0xffff, 0xe73c, 0xce79, 0xffff, 0xffff, 0xce79, 0xe73c, 0xffdf, 0xce59, 0xce79, 0xffff, 
	0xe73c, 0xce79, 0xffff, 0xffdf, 0xce79, 0xef5d, 0xffff, 0xce79, 0xd69a, 0xffff, 0xe71c, 0xce79, 0xffff, 0xffdf, 0xce79, 0xef7d, 
	0xffff, 0xce59, 0xd69a, 0xffff, 0xdefb, 0xce79, 0xffdf, 0xffdf, 0xce79, 0xef7d, 0xffff, 0xce79, 0xd69a, 0xffdf, 0xdedb, 0xce79, 
	0xffdf, 0xf7be, 0xce79, 0xf79e, 0xffff, 0xce79, 0xd69a, 0xffff, 0xd6ba, 0xce79, 0xffff, 0xffdf, 0xce79, 0xf7be, 0xffff, 0xce59, 
	0xce59, 0xffff, 0xffff, 0xce79, 0xdefb, 0xffff, 0xce79, 0xce59, 0xffff, 0xe73c, 0xce59, 0xffff, 0xffff, 0xce79, 0xe73c, 0xffff, 
	0xce79, 0xce59, 0xffff, 0xe71c, 0xce59, 0xffff, 0xffff, 0xce79, 0xef5d, 0xffff, 0xce79, 0xce79, 0xffff, 0xdedb, 0xce59, 0xffff, 
	0xffff, 0xce59, 0xf7be, 0xffff, 0xce59, 0xce59, 0xffff, 0xd69a, 0xce59, 0xffff, 0xffff, 0xce59, 0xffdf, 0xffff, 0xce59, 0xd69a, 
	0xffff, 0xce79, 0xce59, 0xffff, 0xffdf, 0xce79, 0xffff, 0xffff, 0xce79, 0xd69a, 0xffff, 0xce59, 0xce59, 0xffff, 0xf7be, 0xce79, 
	0xffff, 0xffff, 0xce59, 0xdedb, 0xffff, 0xce59, 0xce59, 0xffff, 0xf79e, 0xce79, 0xffff, 0xffff, 0xce79, 0xdedb, 0xffff, 0xce79, 
	0xce59, 0xffff, 0xef7d, 0xce79, 0xffff, 0xffff, 0xce79, 0xe71c, 0xffff, 0xce79, 0xce79, 0xffff, 0xef5d, 0xce79, 0xffff, 0xffff, 
	0xce79, 0xe73c, 0xffff, 0xce79, 0xce79, 0xffff, 0xe73c, 0xce79, 0xffff, 0xffff, 0xce79, 0xe73c, 0xffff, 0xce79, 0xce79, 0xffff, 
	0xe73c, 0xce59, 0xffff, 0xffff, 0xce79, 0xef5d, 0xffff, 0xce79, 0xce79, 0xffff, 0xe71c, 0xce79, 0xffff, 0xffff, 0xce79, 0xef7d, 
	0xffff, 0xce59, 0xce79, 0xffff, 0xdedb, 0xce79, 0xffff, 0xffff, 0xce79, 0xf79e, 0xffff, 0xce59, 0xce79, 0xffff, 0xdedb, 0xce79, 
	0xffff, 0xffff, 0xce79, 0xf7be, 0xffff, 0xce79, 0xce59, 0xffff, 0xd69a, 0xce79, 0xffff, 0xffff, 0xce79, 0xffdf, 0xffff, 0xce59, 
	0xffff, 0xce79, 0xce79, 0xffff, 0xef7d, 0xce59, 0xffff, 0xffff, 0xc638, 0xe73c, 0xffff, 0xce79, 0xce79, 0xffff, 0xe71c, 0xce79, 
	0xffff, 0xffff, 0xce59, 0xef7d, 0xffff, 0xce79, 0xce79, 0xffff, 0xdefb, 0xce79, 0xffff, 0xffdf, 0xc638, 0xf7be, 0xffff, 0xd69a, 
	0xce79, 0xffff, 0xd6ba, 0xce79, 0xffdf, 0xffff, 0xce79, 0xffff, 0xffff, 0xce79, 0xce79, 0xffff, 0xce59, 0xd69a, 0xffff, 0xffff, 
	0xce79, 0xffff, 0xffff, 0xce79, 0xce79, 0xffff, 0xc638, 0xd69a, 0xffff, 0xffff, 0xce59, 0xffff, 0xffff, 0xce79, 0xd6ba, 0xffff, 
	0xce59, 0xd69a, 0xffff, 0xf7be, 0xce59, 0xffff, 0xffff, 0xce79, 0xdedb, 0xffff, 0xce79, 0xce59, 0xffdf, 0xf79e, 0xce59, 0xffff, 
	0xffff, 0xce79, 0xdefb, 0xffff, 0xce79, 0xc638, 0xffff, 0xef5d, 0xce79, 0xffff, 0xffff, 0xce59, 0xdefb, 0xffff, 0xce79, 0xce79, 
	0xffff, 0xef5d, 0xce59, 0xffdf, 0xffff, 0xce59, 0xe73c, 0xffff, 0xce79, 0xce79, 0xffff, 0xe73c, 0xce59, 0xffff, 0xffdf, 0xce59, 
	0xef5d, 0xffff, 0xd69a, 0xce79, 0xffff, 0xdefb, 0xce59, 0xffff, 0xffff, 0xce59, 0xef5d, 0xffff, 0xce79, 0xce79, 0xffff, 0xdefb, 
	0xce79, 0xffff, 0xffff, 0xce59, 0xf79e, 0xffff, 0xce79, 0xce79, 0xffff, 0xdedb, 0xce79, 0xffff, 0xffdf, 0xce59, 0xf7be, 0xffff, 
	0xd6ba, 0xce59, 0xffff, 0xd6ba, 0xce59, 0xf7be, 0xffff, 0xce59, 0xffff, 0xffff, 0xd69a, 0xc638, 0xffff, 0xce79, 0xce79, 0xffff, 
	0xce59, 0xffdf, 0xffdf, 0xce79, 0xe71c, 0xffff, 0xce79, 0xce79, 0xffff, 0xe73c, 0xce59, 0xffff, 0xffdf, 0xce79, 0xef5d, 0xffff, 
	0xce79, 0xd69a, 0xffff, 0xe71c, 0xce79, 0xffdf, 0xffdf, 0xce79, 0xef5d, 0xffff, 0xce79, 0xd69a, 0xffff, 0xdefb, 0xce79, 0xffff, 
	0xffdf, 0xce79, 0xef7d, 0xffff, 0xce79, 0xd69a, 0xffff, 0xdedb, 0xce59, 0xffff, 0xf7be, 0xce59, 0xf79e, 0xffff, 0xce79, 0xd6ba, 
	0xffff, 0xd6ba, 0xce79, 0xffff, 0xf7be, 0xce79, 0xf7be, 0xffff, 0xce79, 0xdedb, 0xffff, 0xd69a, 0xce79, 0xffff, 0xf79e, 0xce79, 
	0xffdf, 0xffff, 0xce59, 0xdedb, 0xffff, 0xd69a, 0xce79, 0xffff, 0xef7d, 0xce79, 0xffdf, 0xffff, 0xce59, 0xdefb, 0xffff, 0xd69a, 
	0xce59, 0xffff, 0xef5d, 0xce79, 0xffff, 0xffff, 0xce79, 0xe71c, 0xffff, 0xce79, 0xce59, 0xffff, 0xef5d, 0xce79, 0xffff, 0xffff, 
	0xce79, 0xe73c, 0xffff, 0xce79, 0xce59, 0xffff, 0xe73c, 0xce79, 0xffff, 0xffff, 0xce79, 0xe73c, 0xffff, 0xce59, 0xce79, 0xffff, 
	0xe73c, 0xce79, 0xffff, 0xffff, 0xce79, 0xef5d, 0xffff, 0xce59, 0xce79, 0xffff, 0xe71c, 0xce79, 0xffff, 0xffff, 0xce79, 0xef5d, 
	0xffff, 0xce59, 0xd69a, 0xffff, 0xdefb, 0xce79, 0xffff, 0xffdf, 0xce79, 0xef7d, 0xffff, 0xce59, 0xd69a, 0xffff, 0xdedb, 0xce79, 
	0xffff, 0xffdf, 0xce79, 0xf79e, 0xffff, 0xce79, 0xd69a, 0xffff, 0xdedb, 0xce79, 0xffff, 0xf7be, 0xce79, 0xf7be, 0xffff, 0xce79, 
	0xce59, 0xffff, 0xffff, 0xce79, 0xdefb, 0xffff, 0xce79, 0xce59, 0xffff, 0xe73c, 0xce59, 0xffff, 0xffff, 0xce79, 0xe73c, 0xffff, 
	0xce79, 0xce79, 0xffff, 0xe71c, 0xce79, 0xffff, 0xffff, 0xce79, 0xef5d, 0xffff, 0xce79, 0xce79, 0xffff, 0xdedb, 0xce59, 0xffff, 
	0xffff, 0xce79, 0xf79e, 0xffff, 0xce79, 0xce59, 0xffff, 0xd69a, 0xce79, 0xffff, 0xffff, 0xce59, 0xffdf, 0xffff, 0xce79, 0xce79, 
	0xffff, 0xce79, 0xce59, 0xffff, 0xffdf, 0xce59, 0xffff, 0xffff, 0xce79, 0xd69a, 0xffff, 0xc638, 0xce79, 0xffff, 0xf7be, 0xce59, 
	0xffff, 0xffff, 0xce59, 0xdedb, 0xffff, 0xce59, 0xce59, 0xffff, 0xf79e, 0xce59, 0xffff, 0xffff, 0xce79, 0xdedb, 0xffff, 0xce79, 
	0xce59, 0xffff, 0xef7d, 0xce59, 0xffff, 0xffff, 0xce79, 0xe71c, 0xffff, 0xce79, 0xce79, 0xffff, 0xef5d, 0xce59, 0xffff, 0xffff, 
	0xce59, 0xe73c, 0xffff, 0xce79, 0xce79, 0xffff, 0xe73c, 0xce79, 0xffff, 0xffff, 0xce79, 0xe73c, 0xffff, 0xce59, 0xce79, 0xffff, 
	0xe73c, 0xce59, 0xffff, 0xffff, 0xce59, 0xef5d, 0xffff, 0xce79, 0xce79, 0xffff, 0xe71c, 0xce59, 0xffff, 0xffff, 0xce59, 0xef7d, 
	0xffff, 0xce59, 0xce79, 0xffff, 0xdedb, 0xce79, 0xffff, 0xffff, 0xce59, 0xf79e, 0xffff, 0xce59, 0xce79, 0xffff, 0xdedb, 0xce59, 
	0xffff, 0xffff, 0xce79, 0xf7be, 0xffff, 0xd69a, 0xc638, 0xffff, 0xd69a, 0xce79, 0xffff, 0xffff, 0xce59, 0xffdf, 0xffff, 0xce59, 
	0xffff, 0xce79, 0xce79, 0xffff, 0xef7d, 0xd69a, 0xffff, 0xffff, 0xce59, 0xe71c, 0xffff, 0xce79, 0xce59, 0xffff, 0xe71c, 0xd69a, 
	0xffff, 0xffff, 0xce59, 0xef5d, 0xffff, 0xce79, 0xce79, 0xffff, 0xdefb, 0xce79, 0xffff, 0xffdf, 0xce59, 0xf7be, 0xffff, 0xce79, 
	0xce79, 0xffff, 0xd69a, 0xce79, 0xffff, 0xffff, 0xce79, 0xffff, 0xffff, 0xce59, 0xce59, 0xffff, 0xce59, 0xce79, 0xffff, 0xffff, 
	0xce79, 0xffff, 0xffff, 0xce79, 0xce79, 0xffff, 0xc638, 0xce79, 0xffff, 0xffff, 0xce59, 0xffff, 0xffdf, 0xce79, 0xd69a, 0xffff, 
	0xce59, 0xd69a, 0xffff, 0xf79e, 0xce59, 0xffff, 0xffff, 0xce79, 0xdedb, 0xffff, 0xce59, 0xce79, 0xffff, 0xf79e, 0xce59, 0xffff, 
	0xffff, 0xce59, 0xdefb, 0xffff, 0xce79, 0xce59, 0xffff, 0xef5d, 0xce59, 0xffdf, 0xffff, 0xce59, 0xdefb, 0xffff, 0xce79, 0xce79, 
	0xffff, 0xef5d, 0xce59, 0xffff, 0xffff, 0xce59, 0xe73c, 0xffff, 0xce79, 0xce79, 0xffff, 0xe73c, 0xce59, 0xffff, 0xffff, 0xce59, 
	0xef5d, 0xffff, 0xce79, 0xce79, 0xffff, 0xdefb, 0xce59, 0xffff, 0xffdf, 0xce59, 0xef5d, 0xffff, 0xce59, 0xce79, 0xffff, 0xdefb, 
	0xce79, 0xffff, 0xffff, 0xce59, 0xf79e, 0xffff, 0xce59, 0xce79, 0xffff, 0xd6ba, 0xce79, 0xffff, 0xffff, 0xce59, 0xf79e, 0xffff, 
	0xd69a, 0xce59, 0xffff, 0xd69a, 0xce79, 0xffdf, 0xffff, 0xce59, 0xffff, 0xffff, 0xce79, 0xc638, 0xffff, 0xce79, 0xce79, 0xffff, 
	0xce59, 0xffdf, 0xffff, 0xce79, 0xe71c, 0xffff, 0xce79, 0xd69a, 0xffff, 0xe73c, 0xce59, 0xffdf, 0xffdf, 0xce59, 0xe73c, 0xffff, 
	0xd69a, 0xd69a, 0xffff, 0xe71c, 0xce79, 0xffff, 0xffdf, 0xce59, 0xef7d, 0xffff, 0xce79, 0xd69a, 0xffff, 0xdefb, 0xce59, 0xffff, 
	0xf7be, 0xce79, 0xef7d, 0xffff, 0xce79, 0xd6ba, 0xffff, 0xdedb, 0xce79, 0xffff, 0xf7be, 0xce59, 0xf79e, 0xffff, 0xce59, 0xd6ba, 
	0xffff, 0xdedb, 0xce79, 0xffff, 0xf79e, 0xce59, 0xf7be, 0xffff, 0xce59, 0xdedb, 0xffff, 0xd69a, 0xce59, 0xffff, 0xf79e, 0xce59, 
	0xffdf, 0xffff, 0xce59, 0xdedb, 0xffff, 0xd69a, 0xce59, 0xffff, 0xef7d, 0xce79, 0xffdf, 0xffff, 0xce59, 0xdefb, 0xffff, 0xce79, 
	0xce59, 0xffff, 0xef5d, 0xce79, 0xffff, 0xffff, 0xce79, 0xe71c, 0xffff, 0xce79, 0xce79, 0xffff, 0xef5d, 0xce79, 0xffff, 0xffff, 
	0xce79, 0xe73c, 0xffff, 0xce79, 0xce59, 0xffff, 0xe73c, 0xce79, 0xffff, 0xffff, 0xce79, 0xe73c, 0xffff, 0xce59, 0xce79, 0xffff, 
	0xe73c, 0xce79, 0xffff, 0xffff, 0xce79, 0xef5d, 0xffff, 0xce79, 0xce79, 0xffff, 0xe71c, 0xce79, 0xffff, 0xffff, 0xce79, 0xef5d, 
	0xffff, 0xce59, 0xce79, 0xffff, 0xdefb, 0xce59, 0xffff, 0xffdf, 0xce79, 0xef7d, 0xffff, 0xce59, 0xd69a, 0xffff, 0xdedb, 0xce59, 
	0xffff, 0xffdf, 0xce59, 0xf79e, 0xffff, 0xce79, 0xd69a, 0xffff, 0xdedb, 0xce59, 0xffff, 0xf7be, 0xce79, 0xf79e, 0xffff, 0xce79, 
	0xce59, 0xffff, 0xffff, 0xd69a, 0xdefb, 0xffff, 0xce59, 0xce79, 0xffff, 0xef5d, 0xce59, 0xffff, 0xffff, 0xce79, 0xef5d, 0xffff, 
	0xce59, 0xce79, 0xffff, 0xe71c, 0xce79, 0xffff, 0xffff, 0xce59, 0xef7d, 0xffff, 0xce79, 0xce79, 0xffff, 0xdedb, 0xc638, 0xffff, 
	0xffff, 0xce59, 0xf7be, 0xffff, 0xce79, 0xce79, 0xffff, 0xd69a, 0xce59, 0xffff, 0xffff, 0xce59, 0xffdf, 0xffff, 0xce79, 0xce79, 
	0xffff, 0xce79, 0xce79, 0xffff, 0xffdf, 0xce59, 0xffff, 0xffff, 0xce79, 0xce79, 0xffff, 0xce59, 0xce59, 0xffff, 0xf7be, 0xce59, 
	0xffff, 0xffff, 0xce59, 0xd6ba, 0xffff, 0xce79, 0xce59, 0xffff, 0xf79e, 0xce59, 0xffff, 0xffff, 0xce59, 0xdedb, 0xffff, 0xce79, 
	0xce59, 0xffff, 0xef7d, 0xce59, 0xffff, 0xffff, 0xce59, 0xe71c, 0xffff, 0xce79, 0xce79, 0xffff, 0xef5d, 0xce59, 0xffff, 0xffff, 
	0xce59, 0xe73c, 0xffff, 0xce79, 0xce79, 0xffff, 0xe73c, 0xce79, 0xffff, 0xffff, 0xce79, 0xe73c, 0xffff, 0xce79, 0xce79, 0xffff, 
	0xe73c, 0xce59, 0xffff, 0xffff, 0xce59, 0xef5d, 0xffff, 0xce79, 0xce79, 0xffff, 0xe71c, 0xce59, 0xffff, 0xffff, 0xce59, 0xef7d, 
	0xffff, 0xce59, 0xce79, 0xffff, 0xdedb, 0xce59, 0xffff, 0xffff, 0xce59, 0xf79e, 0xffff, 0xce59, 0xce79, 0xffff, 0xd6ba, 0xce59, 
	0xffff, 0xffff, 0xce59, 0xf7be, 0xffff, 0xd69a, 0xce59, 0xffff, 0xce79, 0xce79, 0xffff, 0xffff, 0xce59, 0xffdf, 0xffff, 0xce59, 
	0xffff, 0xce79, 0xce79, 0xffff, 0xef7d, 0xce79, 0xffff, 0xffff, 0xce59, 0xe71c, 0xffff, 0xce79, 0xce59, 0xffff, 0xe71c, 0xce79, 
	0xffff, 0xffff, 0xce59, 0xef5d, 0xffff, 0xce59, 0xce79, 0xffff, 0xdefb, 0xce79, 0xffff, 0xffff, 0xce79, 0xf79e, 0xffff, 0xce79, 
	0xce79, 0xffff, 0xd6ba, 0xce59, 0xffff, 0xffff, 0xce79, 0xffff, 0xffff, 0xce79, 0xce59, 0xffff, 0xce59, 0xce79, 0xffff, 0xffff, 
	0xce79, 0xffff, 0xffff, 0xce79, 0xce79, 0xffff, 0xc638, 0xce79, 0xffff, 0xffff, 0xce79, 0xffff, 0xffff, 0xce79, 0xd69a, 0xffff, 
	0xce59, 0xd69a, 0xffff, 0xf7be, 0xce59, 0xffdf, 0xffff, 0xce79, 0xdedb, 0xffff, 0xce79, 0xce79, 0xffff, 0xf79e, 0xce79, 0xffdf, 
	0xffff, 0xce79, 0xdefb, 0xffff, 0xd69a, 0xce59, 0xffff, 0xef5d, 0xce79, 0xffdf, 0xffff, 0xce79, 0xdefb, 0xffff, 0xce79, 0xce79, 
	0xffff, 0xef5d, 0xce79, 0xffdf, 0xffff, 0xce59, 0xe73c, 0xffff, 0xce59, 0xce79, 0xffff, 0xe73c, 0xce59, 0xffff, 0xffdf, 0xce79, 
	0xef5d, 0xffff, 0xce79, 0xce79, 0xffff, 0xdefb, 0xce79, 0xffff, 0xffdf, 0xce79, 0xef5d, 0xffff, 0xce59, 0xd69a, 0xffff, 0xdefb, 
	0xce79, 0xffff, 0xffdf, 0xce79, 0xf79e, 0xffff, 0xce79, 0xce79, 0xffff, 0xdedb, 0xce79, 0xffff, 0xffff, 0xce79, 0xf7be, 0xffff, 
	0xd69a, 0xce59, 0xffff, 0xd69a, 0xce79, 0xffdf, 0xffff, 0xce79, 0xffff, 0xffff, 0xce79, 0xc638, 0xffff, 0xce79, 0xce79, 0xffff, 
	0xce59, 0xffdf, 0xffdf, 0xd69a, 0xe73c, 0xffff, 0xce79, 0xce79, 0xffdf, 0xe73c, 0xce59, 0xffdf, 0xffdf, 0xd69a, 0xe73c, 0xffff, 
	0xce79, 0xd69a, 0xffdf, 0xe71c, 0xce79, 0xffff, 0xf7be, 0xce79, 0xef5d, 0xffff, 0xce79, 0xd6ba, 0xffff, 0xdefb, 0xce79, 0xffff, 
	0xf7be, 0xce79, 0xef7d, 0xffff, 0xce79, 0xdedb, 0xffff, 0xdedb, 0xd69a, 0xffff, 0xf7be, 0xce79, 0xf79e, 0xffff, 0xce79, 0xd6ba, 
	0xffff, 0xdedb, 0xd69a, 0xffff, 0xf79e, 0xce79, 0xf7be, 0xffdf, 0xce79, 0xdedb, 0xffdf, 0xd69a, 0xce79, 0xffff, 0xef7d, 0xd69a, 
	0xf7be, 0xffff, 0xce79, 0xdefb, 0xffdf, 0xd69a, 0xce59, 0xffdf, 0xef7d, 0xd69a, 0xffdf, 0xffff, 0xce79, 0xdefb, 0xffdf, 0xd69a, 
	0xce79, 0xffdf, 0xef5d, 0xd69a, 0xffdf, 0xffff, 0xce79, 0xe71c, 0xffdf, 0xd69a, 0xce79, 0xffdf, 0xe73c, 0xce79, 0xffdf, 0xffff, 
	0xd69a, 0xe73c, 0xffdf, 0xd69a, 0xce79, 0xffdf, 0xe73c, 0xce79, 0xffff, 0xffff, 0xce79, 0xe73c, 0xffdf, 0xce79, 0xd69a, 0xffdf, 
	0xe73c, 0xd69a, 0xffff, 0xffdf, 0xce79, 0xe73c, 0xffdf, 0xce79, 0xd69a, 0xffdf, 0xe71c, 0xce79, 0xffff, 0xffdf, 0xd69a, 0xef5d, 
	0xffff, 0xce79, 0xd69a, 0xffdf, 0xdefb, 0xce79, 0xffff, 0xffdf, 0xd69a, 0xef7d, 0xffdf, 0xce59, 0xd69a, 0xffdf, 0xdefb, 0xce79, 
	0xffff, 0xf7be, 0xd69a, 0xef7d, 0xffff, 0xd69a, 0xd69a, 0xffdf, 0xdedb, 0xce79, 0xffdf, 0xf79e, 0xce79, 0xf79e, 0xffff, 0xd69a, 
	0xc638, 0xffff, 0xffff, 0xce79, 0xdedb, 0xffff, 0xce59, 0xce59, 0xffff, 0xe73c, 0xce59, 0xffff, 0xffff, 0xce79, 0xe73c, 0xffff, 
	0xce59, 0xc638, 0xffff, 0xe71c, 0xce59, 0xffff, 0xffff, 0xce79, 0xef5d, 0xffff, 0xce59, 0xce79, 0xffff, 0xdedb, 0xc638, 0xffff, 
	0xffff, 0xce59, 0xf79e, 0xffff, 0xce79, 0xce59, 0xffff, 0xd69a, 0xce59, 0xffff, 0xffff, 0xce59, 0xffdf, 0xffff, 0xce79, 0xce79, 
	0xffff, 0xce79, 0xce59, 0xffff, 0xffdf, 0xce59, 0xffff, 0xffff, 0xce79, 0xce79, 0xffff, 0xce59, 0xce79, 0xffff, 0xf7be, 0xce79, 
	0xffff, 0xffdf, 0xce59, 0xd6ba, 0xffff, 0xd69a, 0xce59, 0xffff, 0xf79e, 0xce79, 0xffff, 0xffff, 0xce79, 0xdedb, 0xffff, 0xce79, 
	0xce59, 0xffff, 0xef7d, 0xce79, 0xffff, 0xffff, 0xce59, 0xe71c, 0xffff, 0xce79, 0xce79, 0xffff, 0xef5d, 0xce79, 0xffff, 0xffff, 
	0xce79, 0xe73c, 0xffff, 0xce79, 0xce79, 0xffff, 0xe73c, 0xce79, 0xffff, 0xffff, 0xce79, 0xe73c, 0xffff, 0xce79, 0xce79, 0xffff, 
	0xe73c, 0xce79, 0xffff, 0xffff, 0xce79, 0xef5d, 0xffff, 0xce79, 0xce79, 0xffff, 0xe71c, 0xce79, 0xffff, 0xffff, 0xce79, 0xef7d, 
	0xffff, 0xce59, 0xce79, 0xffff, 0xdedb, 0xce79, 0xffff, 0xffff, 0xce79, 0xf79e, 0xffff, 0xce59, 0xce79, 0xffff, 0xd6ba, 0xce79, 
	0xffdf, 0xffff, 0xce79, 0xf7be, 0xffff, 0xce79, 0xce59, 0xffff, 0xce79, 0xce79, 0xffff, 0xffff, 0xce59, 0xffff, 0xffff, 0xce59, 
	0xffff, 0xce79, 0xce79, 0xffff, 0xef7d, 0xce59, 0xffff, 0xffff, 0xce79, 0xe71c, 0xffff, 0xd69a, 0xce79, 0xffff, 0xe71c, 0xd69a, 
	0xffdf, 0xffff, 0xce79, 0xef5d, 0xffff, 0xd69a, 0xce79, 0xffff, 0xdefb, 0xce79, 0xffdf, 0xffff, 0xce79, 0xf79e, 0xffff, 0xce79, 
	0xce59, 0xffff, 0xd69a, 0xce79, 0xffff, 0xffff, 0xce79, 0xffff, 0xffff, 0xce79, 0xce59, 0xffff, 0xce59, 0xce79, 0xffff, 0xffff, 
	0xce79, 0xffff, 0xffff, 0xce79, 0xce79, 0xffff, 0xc638, 0xce59, 0xffff, 0xffdf, 0xce79, 0xffff, 0xffdf, 0xce79, 0xd69a, 0xffff, 
	0xce79, 0xd69a, 0xffff, 0xf7be, 0xce79, 0xffdf, 0xffff, 0xce79, 0xdedb, 0xffff, 0xce79, 0xce79, 0xffff, 0xf79e, 0xce79, 0xffff, 
	0xffff, 0xce79, 0xdefb, 0xffff, 0xce79, 0xce59, 0xffff, 0xef7d, 0xce79, 0xffdf, 0xffff, 0xce79, 0xdefb, 0xffff, 0xce79, 0xce79, 
	0xffff, 0xef5d, 0xce79, 0xffdf, 0xffff, 0xce59, 0xe73c, 0xffff, 0xce79, 0xce59, 0xffff, 0xe73c, 0xce59, 0xffff, 0xffdf, 0xce79, 
	0xef5d, 0xffff, 0xce79, 0xce79, 0xffff, 0xdefb, 0xce79, 0xffff, 0xffdf, 0xce79, 0xef7d, 0xffff, 0xce59, 0xce79, 0xffff, 0xdefb, 
	0xce79, 0xffff, 0xffff, 0xce79, 0xf79e, 0xffff, 0xce79, 0xce79, 0xffff, 0xdedb, 0xce79, 0xffff, 0xffff, 0xce79, 0xf7be, 0xffff, 
	0xd69a, 0xce59, 0xffdf, 0xd69a, 0xce79, 0xffdf, 0xffff, 0xce79, 0xffdf, 0xffff, 0xce59, 0xc638, 0xffdf, 0xce79, 0xce79, 0xffff, 
	0xd69a, 0xffdf, 0xf7be, 0xd6ba, 0xe73c, 0xffdf, 0xd69a, 0xd69a, 0xf7be, 0xe73c, 0xd69a, 0xffdf, 0xf7be, 0xd6ba, 0xe73c, 0xffdf, 
	0xd69a, 0xd6ba, 0xf7be, 0xe73c, 0xd69a, 0xffdf, 0xf7be, 0xd6ba, 0xe73c, 0xffdf, 0xd69a, 0xd6ba, 0xf7be, 0xe71c, 0xd69a, 0xffdf, 
	0xf7be, 0xd6ba, 0xef5d, 0xffdf, 0xd69a, 0xd6ba, 0xf7be, 0xdefb, 0xd6ba, 0xf7be, 0xf79e, 0xd69a, 0xef7d, 0xf7be, 0xd69a, 0xdedb, 
	0xffdf, 0xdedb, 0xd69a, 0xf7be, 0xef7d, 0xd69a, 0xf7be, 0xf7be, 0xd69a, 0xdefb, 0xffdf, 0xd6ba, 0xd69a, 0xf7be, 0xef7d, 0xd69a, 
	0xf7be, 0xffdf, 0xd6ba, 0xdefb, 0xf7be, 0xd6ba, 0xce79, 0xffdf, 0xef7d, 0xd6ba, 0xf7be, 0xffdf, 0xd69a, 0xdefb, 0xffdf, 0xd6ba, 
	0xce79, 0xffdf, 0xef5d, 0xd6ba, 0xf7be, 0xffdf, 0xd6ba, 0xe71c, 0xffdf, 0xd6ba, 0xd69a, 0xf7be, 0xe73c, 0xd69a, 0xffdf, 0xffdf, 
	0xd69a, 0xe73c, 0xf7be, 0xd6ba, 0xd69a, 0xffdf, 0xe73c, 0xd6ba, 0xf7be, 0xffdf, 0xd6ba, 0xe73c, 0xffdf, 0xd6ba, 0xd6ba, 0xf7be, 
	0xe73c, 0xd69a, 0xffdf, 0xffdf, 0xd69a, 0xe73c, 0xf7be, 0xd69a, 0xd6ba, 0xffdf, 0xe71c, 0xd69a, 0xffdf, 0xf7be, 0xd6ba, 0xef5d, 
	0xf7be, 0xd69a, 0xd6ba, 0xffdf, 0xdefb, 0xd69a, 0xffdf, 0xf7be, 0xd6ba, 0xef7d, 0xffdf, 0xce79, 0xd6ba, 0xf7be, 0xdefb, 0xd6ba, 
	0xffdf, 0xf7be, 0xd69a, 0xef7d, 0xf7be, 0xd69a, 0xdedb, 0xf7be, 0xdefb, 0xd6ba, 0xf7be, 0xf79e, 0xd6ba, 0xef7d, 0xf7be, 0xd69a, 
	0xc618, 0xffff, 0xffff, 0xce59, 0xdefb, 0xffff, 0xc638, 0xc638, 0xffff, 0xef5d, 0xc638, 0xffff, 0xffff, 0xce59, 0xef5d, 0xffff, 
	0xc638, 0xc638, 0xffff, 0xdefb, 0xce59, 0xffff, 0xffff, 0xce59, 0xef7d, 0xffff, 0xc638, 0xce59, 0xffff, 0xdedb, 0xc638, 0xffff, 
	0xffff, 0xce59, 0xf7be, 0xffff, 0xc638, 0xc638, 0xffff, 0xce79, 0xc638, 0xffff, 0xffff, 0xce59, 0xffff, 0xffff, 0xc638, 0xce79, 
	0xffff, 0xce79, 0xce59, 0xffff, 0xffdf, 0xc638, 0xffff, 0xffff, 0xce59, 0xce79, 0xffff, 0xce59, 0xce79, 0xffff, 0xf7be, 0xc638, 
	0xffff, 0xffff, 0xce59, 0xd6ba, 0xffff, 0xce59, 0xc638, 0xffff, 0xf79e, 0xc638, 0xffff, 0xffff, 0xce59, 0xdedb, 0xffff, 0xce59, 
	0xc638, 0xffff, 0xef7d, 0xc638, 0xffff, 0xffff, 0xc638, 0xe71c, 0xffff, 0xce59, 0xce59, 0xffff, 0xef5d, 0xce59, 0xffff, 0xffff, 
	0xce59, 0xe73c, 0xffff, 0xce59, 0xce59, 0xffff, 0xe73c, 0xc638, 0xffff, 0xffff, 0xc638, 0xe73c, 0xffff, 0xce59, 0xce59, 0xffff, 
	0xe71c, 0xce59, 0xffff, 0xffff, 0xce59, 0xef5d, 0xffff, 0xce59, 0xce59, 0xffff, 0xe71c, 0xc638, 0xffff, 0xffff, 0xc638, 0xef7d, 
	0xffff, 0xc638, 0xce59, 0xffff, 0xdedb, 0xce59, 0xffff, 0xffff, 0xc638, 0xf79e, 0xffff, 0xc638, 0xce59, 0xffff, 0xd6ba, 0xce59, 
	0xffff, 0xffff, 0xc638, 0xf7be, 0xffff, 0xce59, 0xce59, 0xffff, 0xce79, 0xce59, 0xffff, 0xffff, 0xc638, 0xffdf, 0xffff, 0xce59, 
	0xffff, 0xce79, 0xce79, 0xffff, 0xef7d, 0xce79, 0xffff, 0xffff, 0xce59, 0xe73c, 0xffff, 0xce79, 0xce79, 0xffff, 0xe71c, 0xce79, 
	0xffff, 0xffff, 0xce79, 0xef7d, 0xffff, 0xce79, 0xce79, 0xffff, 0xdefb, 0xce79, 0xffff, 0xffdf, 0xce59, 0xf79e, 0xffff, 0xce79, 
	0xce79, 0xffff, 0xd6ba, 0xce79, 0xffff, 0xffff, 0xce79, 0xffff, 0xffdf, 0xd69a, 0xce79, 0xffff, 0xce59, 0xce79, 0xffff, 0xffff, 
	0xce79, 0xffff, 0xffff, 0xce79, 0xce79, 0xffff, 0xc638, 0xce59, 0xffff, 0xffff, 0xce79, 0xffff, 0xffdf, 0xce79, 0xd69a, 0xffff, 
	0xce79, 0xd69a, 0xffff, 0xf7be, 0xce79, 0xffff, 0xffff, 0xce79, 0xdedb, 0xffff, 0xce79, 0xce59, 0xffff, 0xf79e, 0xce79, 0xffff, 
	0xffff, 0xce79, 0xdefb, 0xffff, 0xce79, 0xce59, 0xffff, 0xef5d, 0xce79, 0xffff, 0xffff, 0xce79, 0xdefb, 0xffff, 0xce79, 0xce79, 
	0xffff, 0xef5d, 0xce79, 0xffdf, 0xffff, 0xce79, 0xe73c, 0xffff, 0xce59, 0xce59, 0xffff, 0xe73c, 0xce59, 0xffff, 0xffdf, 0xce79, 
	0xe73c, 0xffff, 0xce79, 0xce79, 0xffff, 0xdefb, 0xce79, 0xffff, 0xffff, 0xce79, 0xef5d, 0xffff, 0xce59, 0xce79, 0xffff, 0xdefb, 
	0xce79, 0xffff, 0xffff, 0xce79, 0xf79e, 0xffff, 0xce59, 0xce79, 0xffff, 0xdedb, 0xce79, 0xffff, 0xffff, 0xce79, 0xf7be, 0xffff, 
	0xd69a, 0xce79, 0xffff, 0xd69a, 0xce79, 0xffdf, 0xffff, 0xce79, 0xffdf, 0xffff, 0xce59, 0xc638, 0xffff, 0xce79, 0xce79, 0xffff, 
	0xd69a, 0xf7be, 0xf7be, 0xdedb, 0xe73c, 0xf7be, 0xd6ba, 0xd6ba, 0xf79e, 0xe73c, 0xd6ba, 0xf7be, 0xf7be, 0xdedb, 0xe73c, 0xf7be, 
	0xd6ba, 0xd6ba, 0xf79e, 0xe73c, 0xd6ba, 0xf7be, 0xf7be, 0xdedb, 0xe73c, 0xf7be, 0xd6ba, 0xd6ba, 0xf7be, 0xe71c, 0xd6ba, 0xf7be, 
	0xf7be, 0xd6ba, 0xef5d, 0xf7be, 0xd69a, 0xd6ba, 0xf7be, 0xe71c, 0xd6ba, 0xf7be, 0xf7be, 0xd6ba, 0xef7d, 0xf7be, 0xd6ba, 0xdedb, 
	0xf7be, 0xdefb, 0xd6ba, 0xf7be, 0xef7d, 0xd6ba, 0xf79e, 0xf7be, 0xd6ba, 0xdefb, 0xf7be, 0xdedb, 0xd6ba, 0xf7be, 0xef7d, 0xd6ba, 
	0xf79e, 0xf7be, 0xd6ba, 0xe71c, 0xf7be, 0xdedb, 0xd6ba, 0xf7be, 0xef5d, 0xd6ba, 0xf79e, 0xf7be, 0xd6ba, 0xe71c, 0xf7be, 0xdedb, 
	0xd6ba, 0xf7be, 0xef5d, 0xd6ba, 0xf79e, 0xf7be, 0xd6ba, 0xe71c, 0xf79e, 0xd6ba, 0xd6ba, 0xf7be, 0xe73c, 0xd6ba, 0xf7be, 0xf7be, 
	0xd6ba, 0xe73c, 0xf7be, 0xd6ba, 0xd6ba, 0xf7be, 0xe73c, 0xd6ba, 0xf7be, 0xf7be, 0xd6ba, 0xe73c, 0xf7be, 0xd6ba, 0xd6ba, 0xf7be, 
	0xe73c, 0xd6ba, 0xf7be, 0xf7be, 0xd6ba, 0xe73c, 0xf7be, 0xd6ba, 0xd6ba, 0xf7be, 0xe71c, 0xd6ba, 0xf7be, 0xf79e, 0xd6ba, 0xef5d, 
	0xf7be, 0xd69a, 0xdedb, 0xf7be, 0xe71c, 0xd6ba, 0xf7be, 0xf79e, 0xd6ba, 0xef5d, 0xf7be, 0xd6ba, 0xdedb, 0xf7be, 0xe71c, 0xd6ba, 
	0xf7be, 0xf79e, 0xd6ba, 0xef7d, 0xf7be, 0xd6ba, 0xdedb, 0xf7be, 0xdefb, 0xd6ba, 0xf7be, 0xef7d, 0xd6ba, 0xef7d, 0xf7be, 0xd6ba, 
	0xce59, 0xffff, 0xffff, 0xce59, 0xe71c, 0xffff, 0xce59, 0xce59, 0xffff, 0xe73c, 0xce59, 0xffff, 0xffff, 0xce59, 0xef5d, 0xffff, 
	0xc638, 0xce59, 0xffff, 0xe71c, 0xce59, 0xffff, 0xffff, 0xce59, 0xef7d, 0xffff, 0xc638, 0xce59, 0xffff, 0xdefb, 0xce59, 0xffff, 
	0xffff, 0xce59, 0xf79e, 0xffff, 0xce59, 0xce59, 0xffff, 0xd69a, 0xce59, 0xffff, 0xffff, 0xc638, 0xffff, 0xffff, 0xc638, 0xce79, 
	0xffff, 0xd69a, 0xc638, 0xffff, 0xffdf, 0xc638, 0xffff, 0xffff, 0xce79, 0xd69a, 0xffff, 0xce79, 0xce59, 0xffff, 0xf7be, 0xce59, 
	0xffdf, 0xffff, 0xce79, 0xdedb, 0xffff, 0xd69a, 0xce59, 0xffdf, 0xf79e, 0xce59, 0xffdf, 0xffff, 0xce59, 0xdefb, 0xffff, 0xce79, 
	0xce59, 0xffff, 0xef7d, 0xce59, 0xffff, 0xffff, 0xce59, 0xdefb, 0xffff, 0xce59, 0xce59, 0xffff, 0xef5d, 0xce59, 0xffff, 0xffff, 
	0xce59, 0xe71c, 0xffff, 0xce79, 0xce59, 0xffff, 0xe73c, 0xce59, 0xffff, 0xffff, 0xce59, 0xe73c, 0xffff, 0xce79, 0xce79, 0xffff, 
	0xe71c, 0xce59, 0xffff, 0xffff, 0xce59, 0xef5d, 0xffff, 0xce59, 0xce59, 0xffff, 0xdefb, 0xce59, 0xffff, 0xffff, 0xce59, 0xef7d, 
	0xffff, 0xce59, 0xce79, 0xffff, 0xdefb, 0xce59, 0xffff, 0xffdf, 0xd69a, 0xf79e, 0xffff, 0xc638, 0xd69a, 0xffff, 0xdedb, 0xd69a, 
	0xffff, 0xffdf, 0xce59, 0xf7be, 0xffff, 0xce59, 0xce79, 0xffff, 0xd69a, 0xce79, 0xffff, 0xffdf, 0xce79, 0xffdf, 0xffff, 0xc638
};

// Array of all bitmaps for convenience. (Total bytes used to store images in PROGMEM = 20496)
const int crab_imgallArray_LEN = 1;
const uint16_t* crab_imgallArray[1] = {
	crab_img
};
