// 'fish_img', 160x128px
const uint16_t fish_img [] PROGMEM = {
	0x7bef, 0x6baf, 0x6baf, 0x6baf, 0x6baf, 0x6baf, 0x6baf, 0x6baf, 0x6baf, 0x6baf, 0x6baf, 0x6baf, 0x6baf, 0x6baf, 0x6baf, 0x6baf, 
	0x6baf, 0x6baf, 0x6baf, 0x6baf, 0x6baf, 0x6baf, 0x6baf, 0x6baf, 0x6baf, 0x6baf, 0x6baf, 0x6baf, 0x6baf, 0x6baf, 0x6baf, 0x6baf, 
	0x6baf, 0x6baf, 0x6baf, 0x6baf, 0x6baf, 0x6baf, 0x6baf, 0x6baf, 0x6baf, 0x6baf, 0x6baf, 0x6baf, 0x6baf, 0x6baf, 0x6baf, 0x6baf, 
	0x6baf, 0x6baf, 0x6baf, 0x6baf, 0x6baf, 0x6baf, 0x6baf, 0x6baf, 0x6baf, 0x6baf, 0x6baf, 0x6baf, 0x6baf, 0x6baf, 0x6baf, 0x6baf, 
	0x6baf, 0x6baf, 0x6baf, 0x6baf, 0x6baf, 0x6baf, 0x6baf, 0x6baf, 0x6baf, 0x6baf, 0x6baf, 0x6baf, 0x6bcf, 0x6bcf, 0x6bcf, 0x6bcf, 
	0x6bcf, 0x6bcf, 0x6bcf, 0x6bcf, 0x6baf, 0x6baf, 0x6baf, 0x6baf, 0x6baf, 0x6baf, 0x6baf, 0x6baf, 0x6baf, 0x6baf, 0x6baf, 0x6baf, 
	0x6baf, 0x6baf, 0x6baf, 0x6baf, 0x6baf, 0x6baf, 0x6baf, 0x6baf, 0x6baf, 0x6baf, 0x6baf, 0x6baf, 0x6baf, 0x6baf, 0x6baf, 0x6baf, 
	0x6baf, 0x6baf, 0x6baf, 0x6baf, 0x6baf, 0x6baf, 0x6baf, 0x6baf, 0x6baf, 0x6baf, 0x6baf, 0x6baf, 0x6baf, 0x6baf, 0x6baf, 0x6baf, 
	0x6baf, 0x6baf, 0x6baf, 0x6baf, 0x6baf, 0x6baf, 0x6baf, 0x6baf, 0x6baf, 0x6baf, 0x6baf, 0x6baf, 0x6baf, 0x6baf, 0x6baf, 0x6baf, 
	0x6baf, 0x6baf, 0x6baf, 0x6baf, 0x6baf, 0x6baf, 0x6baf, 0x6baf, 0x6baf, 0x6baf, 0x6baf, 0x6baf, 0x6baf, 0x6baf, 0x7bcf, 0x83f0, 
	0x73af, 0x4b90, 0x4b90, 0x4b90, 0x4b90, 0x4b90, 0x4b90, 0x4b90, 0x4b90, 0x4b90, 0x4b90, 0x4b90, 0x4b90, 0x4b90, 0x4b90, 0x4b90, 
	0x4b90, 0x4b90, 0x4b90, 0x4b90, 0x4b90, 0x4b90, 0x4b90, 0x4b90, 0x4b90, 0x4b90, 0x4b90, 0x4b90, 0x5390, 0x4b90, 0x5390, 0x4b90, 
	0x5390, 0x4bb0, 0x5390, 0x53b0, 0x53b0, 0x53b0, 0x53b0, 0x53b0, 0x53b0, 0x53b0, 0x53b0, 0x53b0, 0x53b0, 0x53b0, 0x53b0, 0x53b1, 
	0x53b0, 0x53b1, 0x53b0, 0x53b1, 0x53b1, 0x53b1, 0x53b1, 0x53b1, 0x53b1, 0x53b1, 0x53b1, 0x53b1, 0x53b1, 0x53b1, 0x53b1, 0x53b1, 
	0x53b1, 0x53b1, 0x53b1, 0x53b1, 0x53b1, 0x53b1, 0x53b1, 0x53b1, 0x53b1, 0x53b1, 0x53b1, 0x53b1, 0x53b1, 0x53d1, 0x53b1, 0x53d1, 
	0x53d1, 0x53b1, 0x53d1, 0x53b1, 0x53b1, 0x53b1, 0x53b1, 0x53b1, 0x53b1, 0x53b1, 0x53b1, 0x53b1, 0x53b1, 0x53b1, 0x53b1, 0x53b1, 
	0x53b1, 0x53b1, 0x53b1, 0x53b1, 0x53b1, 0x53b1, 0x53b1, 0x53b1, 0x53b1, 0x53b1, 0x53b1, 0x53b1, 0x53b1, 0x53b0, 0x53b1, 0x53b0, 
	0x53b0, 0x53b0, 0x53b0, 0x53b0, 0x53b0, 0x53b0, 0x53b0, 0x53b0, 0x53b0, 0x53b0, 0x53b0, 0x53b0, 0x53b0, 0x5390, 0x53b0, 0x5390, 
	0x4b90, 0x5390, 0x4b90, 0x4b90, 0x4b90, 0x4b90, 0x4b90, 0x4b90, 0x4b90, 0x4b90, 0x4b90, 0x4b90, 0x4b90, 0x4b90, 0x4b90, 0x4b90, 
	0x4b90, 0x4b90, 0x4b90, 0x4b90, 0x4b90, 0x4b90, 0x4b90, 0x4b90, 0x4b90, 0x4b90, 0x4b90, 0x4b90, 0x4b90, 0x4b90, 0x6baf, 0x83ef, 
	0x73af, 0x4b90, 0x4b90, 0x4b90, 0x4b90, 0x4b90, 0x4b90, 0x4b90, 0x4b90, 0x4b90, 0x4b90, 0x4b90, 0x4b90, 0x4b90, 0x4b90, 0x4b90, 
	0x4b90, 0x4b90, 0x4b90, 0x4b90, 0x4b90, 0x4b90, 0x4b90, 0x4b90, 0x4b90, 0x4b90, 0x4b90, 0x4b90, 0x4b90, 0x4bb0, 0x4b90, 0x4bb0, 
	0x5390, 0x53b0, 0x53b0, 0x53b0, 0x53b0, 0x53b0, 0x53b0, 0x53b0, 0x53b0, 0x53b1, 0x53b0, 0x53b1, 0x53b1, 0x53b1, 0x53b1, 0x53b1, 
	0x53b1, 0x53b1, 0x53b1, 0x53b1, 0x53b1, 0x53b1, 0x53b1, 0x53b1, 0x53b1, 0x53b1, 0x53b1, 0x53b1, 0x53b1, 0x53b1, 0x53b1, 0x53b1, 
	0x53b1, 0x53b1, 0x53b1, 0x53b1, 0x53b1, 0x53b1, 0x53b1, 0x53b1, 0x53b1, 0x53b1, 0x53b1, 0x53d1, 0x53b1, 0x53d1, 0x53d1, 0x53d1, 
	0x53d1, 0x53d1, 0x53d1, 0x53b1, 0x53d1, 0x53b1, 0x53b1, 0x53b1, 0x53b1, 0x53b1, 0x53b1, 0x53b1, 0x53b1, 0x53b1, 0x53b1, 0x53b1, 
	0x53b1, 0x53b1, 0x53b1, 0x53b1, 0x53b1, 0x53b1, 0x53b1, 0x53b1, 0x53b1, 0x53b1, 0x53b1, 0x53b1, 0x53b1, 0x53b1, 0x53b1, 0x53b1, 
	0x53b1, 0x53b1, 0x53b1, 0x53b1, 0x53b1, 0x53b1, 0x53b0, 0x53b0, 0x53b0, 0x53b0, 0x53b0, 0x53b0, 0x53b0, 0x53b0, 0x53b0, 0x5390, 
	0x4bb0, 0x4b90, 0x4bb0, 0x4b90, 0x4b90, 0x4b90, 0x4b90, 0x4b90, 0x4b90, 0x4b90, 0x4b90, 0x4b90, 0x4b90, 0x4b90, 0x4b90, 0x4b90, 
	0x4b90, 0x4b90, 0x4b90, 0x4b90, 0x4b90, 0x4b90, 0x4b90, 0x4b90, 0x4b90, 0x4b90, 0x4b90, 0x4b90, 0x4b90, 0x4b90, 0x6baf, 0x83f0, 
	0x73af, 0x4b90, 0x4b90, 0x4b90, 0x4b90, 0x4b90, 0x4b90, 0x4b90, 0x4b90, 0x4b90, 0x4b90, 0x4b90, 0x4b90, 0x4b90, 0x4b90, 0x4b90, 
	0x4b90, 0x4b90, 0x4b90, 0x4b90, 0x4b90, 0x4b90, 0x4b90, 0x4b90, 0x4b90, 0x4b90, 0x4b90, 0x5390, 0x53b0, 0x5390, 0x53b0, 0x53b0, 
	0x53b0, 0x53b0, 0x53b0, 0x53b0, 0x53b0, 0x53b0, 0x53b0, 0x53b0, 0x53b0, 0x53b0, 0x53b0, 0x53b0, 0x53b0, 0x53b1, 0x53b0, 0x53b1, 
	0x53b0, 0x53b1, 0x53b1, 0x53b1, 0x53b1, 0x53b1, 0x53b1, 0x53b1, 0x53b1, 0x53b1, 0x53b1, 0x53b1, 0x53b1, 0x53b1, 0x53b1, 0x53b1, 
	0x53b1, 0x53b1, 0x53b1, 0x53b1, 0x53b1, 0x53b1, 0x53b1, 0x53b1, 0x53d1, 0x53b1, 0x53d1, 0x53b1, 0x53d1, 0x53d1, 0x53d1, 0x53d1, 
	0x53d1, 0x53d1, 0x53d1, 0x53d1, 0x53b1, 0x53d1, 0x53b1, 0x53d1, 0x53b1, 0x53b1, 0x53b1, 0x53b1, 0x53b1, 0x53b1, 0x53b1, 0x53b1, 
	0x53b1, 0x53b1, 0x53b1, 0x53b1, 0x53b1, 0x53b1, 0x53b1, 0x53b1, 0x53b1, 0x53b1, 0x53b1, 0x53b1, 0x53b1, 0x53b1, 0x53b1, 0x53b0, 
	0x53b1, 0x53b0, 0x53b1, 0x53b0, 0x53b0, 0x53b0, 0x53b0, 0x53b0, 0x53b0, 0x53b0, 0x53b0, 0x53b0, 0x53b0, 0x53b0, 0x53b0, 0x53b0, 
	0x53b0, 0x53b0, 0x5390, 0x53b0, 0x4b90, 0x4b90, 0x4b90, 0x4b90, 0x4b90, 0x4b90, 0x4b90, 0x4b90, 0x4b90, 0x4b90, 0x4b90, 0x4b90, 
	0x4b90, 0x4b90, 0x4b90, 0x4b90, 0x4b90, 0x4b90, 0x4b90, 0x4b90, 0x4b90, 0x4b90, 0x4b90, 0x4b90, 0x4b90, 0x4b90, 0x6baf, 0x7c10, 
	0x73af, 0x4b90, 0x4b90, 0x4b90, 0x4b90, 0x4b90, 0x4b90, 0x4b90, 0x4b90, 0x4b90, 0x4b90, 0x4b90, 0x4b90, 0x4b90, 0x4b90, 0x4b90, 
	0x4b90, 0x4b90, 0x4b90, 0x4b90, 0x4b90, 0x4b90, 0x4b90, 0x4b90, 0x4b90, 0x4bb0, 0x4bb0, 0x4bb0, 0x53b0, 0x53b0, 0x53b0, 0x53b0, 
	0x53b0, 0x53b0, 0x53b0, 0x53b1, 0x53b0, 0x53b1, 0x53b1, 0x53b1, 0x53b1, 0x53b1, 0x53b1, 0x53b1, 0x53b1, 0x53b1, 0x53b1, 0x53b1, 
	0x53b1, 0x53b1, 0x53b1, 0x53b1, 0x53b1, 0x53b1, 0x53b1, 0x53b1, 0x53b1, 0x53b1, 0x53b1, 0x53b1, 0x53b1, 0x53b1, 0x53b1, 0x53b1, 
	0x53b1, 0x53b1, 0x53b1, 0x53b1, 0x53b1, 0x53d1, 0x53b1, 0x53d1, 0x53b1, 0x53d1, 0x53d1, 0x53d1, 0x53d1, 0x53d1, 0x53d1, 0x53d1, 
	0x53d1, 0x53d1, 0x53d1, 0x53d1, 0x53d1, 0x53d1, 0x53d1, 0x53b1, 0x53d1, 0x53b1, 0x53d1, 0x53b1, 0x53b1, 0x53b1, 0x53b1, 0x53b1, 
	0x53b1, 0x53b1, 0x53b1, 0x53b1, 0x53b1, 0x53b1, 0x53b1, 0x53b1, 0x53b1, 0x53b1, 0x53b1, 0x53b1, 0x53b1, 0x53b1, 0x53b1, 0x53b1, 
	0x53b1, 0x53b1, 0x53b1, 0x53b1, 0x53b1, 0x53b1, 0x53b1, 0x53b1, 0x53b1, 0x53b1, 0x53b1, 0x53b1, 0x53b0, 0x53b0, 0x53b0, 0x53b0, 
	0x53b0, 0x53b0, 0x53b0, 0x53b0, 0x4bb0, 0x4bb0, 0x4bb0, 0x4b90, 0x4b90, 0x4b90, 0x4b90, 0x4b90, 0x4b90, 0x4b90, 0x4b90, 0x4b90, 
	0x4b90, 0x4b90, 0x4b90, 0x4b90, 0x4b90, 0x4b90, 0x4b90, 0x4b90, 0x4b90, 0x4b90, 0x4b90, 0x4b90, 0x4b90, 0x4b90, 0x6baf, 0x83f0, 
	0x73af, 0x4b90, 0x4b90, 0x4b90, 0x4b90, 0x4b90, 0x4b90, 0x4b90, 0x4b90, 0x4b90, 0x4b90, 0x4b90, 0x4b90, 0x4b90, 0x4b90, 0x4b90, 
	0x4b90, 0x4b90, 0x4b90, 0x4b90, 0x4b90, 0x5390, 0x4b90, 0x53b0, 0x53b0, 0x53b0, 0x53b0, 0x53b0, 0x53b0, 0x53b0, 0x53b0, 0x53b0, 
	0x53b0, 0x53b0, 0x53b0, 0x53b0, 0x53b0, 0x53b0, 0x53b0, 0x53b0, 0x53b0, 0x53b1, 0x53b0, 0x53b1, 0x53b1, 0x53b1, 0x53b1, 0x53b1, 
	0x53b1, 0x53b1, 0x53b1, 0x53b1, 0x53b1, 0x53b1, 0x53b1, 0x53b1, 0x53b1, 0x53b1, 0x53b1, 0x53b1, 0x53b1, 0x53b1, 0x53b1, 0x53b1, 
	0x53b1, 0x53b1, 0x53d1, 0x53b1, 0x53d1, 0x53b1, 0x53d1, 0x53d1, 0x53d1, 0x53d1, 0x53d1, 0x53d1, 0x53d1, 0x53d1, 0x53d1, 0x53d1, 
	0x53d1, 0x53d1, 0x53d1, 0x53d1, 0x53d1, 0x53d1, 0x53d1, 0x53d1, 0x53d1, 0x53d1, 0x53b1, 0x53d1, 0x53b1, 0x53d1, 0x53b1, 0x53b1, 
	0x53b1, 0x53b1, 0x53b1, 0x53b1, 0x53b1, 0x53b1, 0x53b1, 0x53b1, 0x53b1, 0x53b1, 0x53b1, 0x53b1, 0x53b1, 0x53b1, 0x53b1, 0x53b1, 
	0x53b1, 0x53b1, 0x53b1, 0x53b1, 0x53b1, 0x53b0, 0x53b1, 0x53b0, 0x53b0, 0x53b0, 0x53b0, 0x53b0, 0x53b0, 0x53b0, 0x53b0, 0x53b0, 
	0x53b0, 0x53b0, 0x53b0, 0x53b0, 0x53b0, 0x53b0, 0x53b0, 0x53b0, 0x53b0, 0x5390, 0x4b90, 0x4b90, 0x4b90, 0x4b90, 0x4b90, 0x4b90, 
	0x4b90, 0x4b90, 0x4b90, 0x4b90, 0x4b90, 0x4b90, 0x4b90, 0x4b90, 0x4b90, 0x4b90, 0x4b90, 0x4b90, 0x4b90, 0x4b90, 0x6baf, 0x7c10, 
	0x73af, 0x4b90, 0x4b90, 0x4b90, 0x4b90, 0x4b90, 0x4b90, 0x4b90, 0x4b90, 0x4b90, 0x4b90, 0x4b90, 0x4b90, 0x4b90, 0x4b90, 0x4b90, 
	0x4b90, 0x4b90, 0x4b90, 0x4b90, 0x4bb0, 0x4b90, 0x4bb0, 0x53b0, 0x53b0, 0x53b0, 0x53b0, 0x53b0, 0x53b0, 0x53b0, 0x53b0, 0x53b1, 
	0x53b1, 0x53b1, 0x53b1, 0x53b1, 0x53b1, 0x53b1, 0x53b1, 0x53b1, 0x53b1, 0x53b1, 0x53b1, 0x53b1, 0x53b1, 0x53b1, 0x53b1, 0x53b1, 
	0x53b1, 0x53b1, 0x53b1, 0x53b1, 0x53b1, 0x53b1, 0x53b1, 0x53b1, 0x53b1, 0x53b1, 0x53b1, 0x53b1, 0x53b1, 0x53b1, 0x53b1, 0x53b1, 
	0x53b1, 0x53d1, 0x53b1, 0x53d1, 0x53d1, 0x53d1, 0x53d1, 0x53d1, 0x53d1, 0x53d1, 0x53d1, 0x53d1, 0x53d1, 0x53d1, 0x53d1, 0x53d1, 
	0x53d1, 0x53d1, 0x53d1, 0x53d1, 0x53d1, 0x53d1, 0x53d1, 0x53d1, 0x53d1, 0x53d1, 0x53d1, 0x53d1, 0x53d1, 0x53b1, 0x53d1, 0x53b1, 
	0x53b1, 0x53b1, 0x53b1, 0x53b1, 0x53b1, 0x53b1, 0x53b1, 0x53b1, 0x53b1, 0x53b1, 0x53b1, 0x53b1, 0x53b1, 0x53b1, 0x53b1, 0x53b1, 
	0x53b1, 0x53b1, 0x53b1, 0x53b1, 0x53b1, 0x53b1, 0x53b1, 0x53b1, 0x53b1, 0x53b1, 0x53b1, 0x53b1, 0x53b1, 0x53b1, 0x53b1, 0x53b1, 
	0x53b1, 0x53b0, 0x53b0, 0x53b0, 0x53b0, 0x53b0, 0x53b0, 0x53b0, 0x53b0, 0x4bb0, 0x4b90, 0x4bb0, 0x4b90, 0x4b90, 0x4b90, 0x4b90, 
	0x4b90, 0x4b90, 0x4b90, 0x4b90, 0x4b90, 0x4b90, 0x4b90, 0x4b90, 0x4b90, 0x4b90, 0x4b90, 0x4b90, 0x4b90, 0x4b90, 0x6baf, 0x83f0, 
	0x73af, 0x4b90, 0x4b90, 0x4b90, 0x4b90, 0x4b90, 0x4b90, 0x4b90, 0x4b90, 0x4b90, 0x4b90, 0x4b90, 0x4b90, 0x4b90, 0x4b90, 0x4b90, 
	0x4b90, 0x5390, 0x5390, 0x53b0, 0x53b0, 0x53b0, 0x53b0, 0x53b0, 0x53b0, 0x53b0, 0x53b0, 0x53b0, 0x53b0, 0x53b0, 0x53b0, 0x53b0, 
	0x53b0, 0x53b0, 0x53b0, 0x53b1, 0x53b1, 0x53b1, 0x53b1, 0x53b1, 0x53b1, 0x53b1, 0x53b1, 0x53b1, 0x53b1, 0x53b1, 0x53b1, 0x53b1, 
	0x53b1, 0x53b1, 0x53b1, 0x53b1, 0x53b1, 0x53b1, 0x53b1, 0x53b1, 0x53b1, 0x53b1, 0x53b1, 0x53b1, 0x53b1, 0x53b1, 0x53d1, 0x53b1, 
	0x53d1, 0x53d1, 0x53d1, 0x53d1, 0x53d1, 0x53d1, 0x53d1, 0x53d1, 0x53d1, 0x53d1, 0x53d1, 0x53d1, 0x53d1, 0x53d1, 0x53d1, 0x53d1, 
	0x53d1, 0x53d1, 0x53d1, 0x53d1, 0x53d1, 0x53d1, 0x53d1, 0x53d1, 0x53d1, 0x53d1, 0x53d1, 0x53d1, 0x53d1, 0x53d1, 0x53d1, 0x53d1, 
	0x53b1, 0x53d1, 0x53b1, 0x53b1, 0x53b1, 0x53b1, 0x53b1, 0x53b1, 0x53b1, 0x53b1, 0x53b1, 0x53b1, 0x53b1, 0x53b1, 0x53b1, 0x53b1, 
	0x53b1, 0x53b1, 0x53b1, 0x53b1, 0x53b1, 0x53b1, 0x53b1, 0x53b1, 0x53b1, 0x53b1, 0x53b1, 0x53b1, 0x53b1, 0x53b0, 0x53b0, 0x53b0, 
	0x53b0, 0x53b0, 0x53b0, 0x53b0, 0x53b0, 0x53b0, 0x53b0, 0x53b0, 0x53b0, 0x53b0, 0x53b0, 0x53b0, 0x53b0, 0x5390, 0x4b90, 0x5390, 
	0x4b90, 0x4b90, 0x4b90, 0x4b90, 0x4b90, 0x4b90, 0x4b90, 0x4b90, 0x4b90, 0x4b90, 0x4b90, 0x4b90, 0x4b90, 0x4b90, 0x6baf, 0x7c10, 
	0x73af, 0x4b90, 0x4b90, 0x4b90, 0x4b90, 0x4b90, 0x4b90, 0x4b90, 0x4b90, 0x4b90, 0x4b90, 0x4b90, 0x4b90, 0x4b90, 0x4b90, 0x4b90, 
	0x4bb0, 0x4b90, 0x4bb0, 0x53b0, 0x53b0, 0x53b0, 0x53b0, 0x53b0, 0x53b0, 0x53b0, 0x53b1, 0x53b1, 0x53b1, 0x53b1, 0x53b1, 0x53b1, 
	0x53b1, 0x53b1, 0x53b1, 0x53b1, 0x53b1, 0x53b1, 0x53b1, 0x53b1, 0x53b1, 0x53b1, 0x53b1, 0x53b1, 0x53b1, 0x53b1, 0x53b1, 0x53b1, 
	0x53b1, 0x53b1, 0x53b1, 0x53b1, 0x53b1, 0x53b1, 0x53b1, 0x53b1, 0x53b1, 0x53b1, 0x53b1, 0x53d1, 0x53b1, 0x53d1, 0x53d1, 0x53d1, 
	0x53d1, 0x53d1, 0x53d1, 0x53d1, 0x53d1, 0x53d1, 0x53d1, 0x53d1, 0x53d1, 0x53d1, 0x53d1, 0x53d1, 0x53d1, 0x53d1, 0x53d1, 0x53d1, 
	0x53d1, 0x53d1, 0x53d1, 0x53d1, 0x53d1, 0x53d1, 0x53d1, 0x53d1, 0x53d1, 0x53d1, 0x53d1, 0x53d1, 0x53d1, 0x53d1, 0x53d1, 0x53d1, 
	0x53d1, 0x53d1, 0x53d1, 0x53b1, 0x53d1, 0x53b1, 0x53b1, 0x53b1, 0x53b1, 0x53b1, 0x53b1, 0x53b1, 0x53b1, 0x53b1, 0x53b1, 0x53b1, 
	0x53b1, 0x53b1, 0x53b1, 0x53b1, 0x53b1, 0x53b1, 0x53b1, 0x53b1, 0x53b1, 0x53b1, 0x53b1, 0x53b1, 0x53b1, 0x53b1, 0x53b1, 0x53b1, 
	0x53b1, 0x53b1, 0x53b1, 0x53b1, 0x53b1, 0x53b0, 0x53b0, 0x53b0, 0x53b0, 0x53b0, 0x53b0, 0x53b0, 0x53b0, 0x4bb0, 0x4b90, 0x4bb0, 
	0x4b90, 0x4b90, 0x4b90, 0x4b90, 0x4b90, 0x4b90, 0x4b90, 0x4b90, 0x4b90, 0x4b90, 0x4b90, 0x4b90, 0x4b90, 0x4b90, 0x6baf, 0x83f0, 
	0x73af, 0x4b90, 0x4b90, 0x4b90, 0x4b90, 0x4b90, 0x4b90, 0x4b90, 0x4b90, 0x4b90, 0x4b90, 0x4b90, 0x4b90, 0x53b0, 0x5390, 0x53b0, 
	0x53b0, 0x53b0, 0x53b0, 0x53b0, 0x53b0, 0x53b0, 0x53b0, 0x53b0, 0x53b0, 0x53b0, 0x53b0, 0x53b0, 0x53b0, 0x53b1, 0x53b1, 0x53b1, 
	0x53b1, 0x53b1, 0x53b1, 0x53b1, 0x53b1, 0x53b1, 0x53b1, 0x53b1, 0x53b1, 0x53b1, 0x53b1, 0x53b1, 0x53b1, 0x53b1, 0x53b1, 0x53b1, 
	0x53b1, 0x53b1, 0x53b1, 0x53b1, 0x53b1, 0x53b1, 0x53b1, 0x53b1, 0x53d1, 0x53b1, 0x53d1, 0x53b1, 0x53d1, 0x53d1, 0x53d1, 0x53d1, 
	0x53d1, 0x53d1, 0x53d1, 0x53d1, 0x53d1, 0x53d1, 0x53d1, 0x53d1, 0x53d1, 0x53d1, 0x53d1, 0x53d1, 0x53d1, 0x53d1, 0x53d1, 0x53d1, 
	0x53d1, 0x53d1, 0x53d1, 0x53d1, 0x53d1, 0x53d1, 0x53d1, 0x53d1, 0x53d1, 0x53d1, 0x53d1, 0x53d1, 0x53d1, 0x53d1, 0x53d1, 0x53d1, 
	0x53d1, 0x53d1, 0x53d1, 0x53d1, 0x53b1, 0x53d1, 0x53b1, 0x53d1, 0x53b1, 0x53b1, 0x53b1, 0x53b1, 0x53b1, 0x53b1, 0x53b1, 0x53b1, 
	0x53b1, 0x53b1, 0x53b1, 0x53b1, 0x53b1, 0x53b1, 0x53b1, 0x53b1, 0x53b1, 0x53b1, 0x53b1, 0x53b1, 0x53b1, 0x53b1, 0x53b1, 0x53b1, 
	0x53b1, 0x53b1, 0x53b1, 0x53b0, 0x53b0, 0x53b0, 0x53b0, 0x53b0, 0x53b0, 0x53b0, 0x53b0, 0x53b0, 0x53b0, 0x53b0, 0x53b0, 0x53b0, 
	0x53b0, 0x5390, 0x4bb0, 0x5390, 0x4b90, 0x4b90, 0x4b90, 0x4b90, 0x4b90, 0x4b90, 0x4b90, 0x4b90, 0x4b90, 0x4b90, 0x6baf, 0x7c10, 
	0x73af, 0x4b90, 0x4b90, 0x4b90, 0x4b90, 0x4b90, 0x4b90, 0x4b90, 0x4b90, 0x4b90, 0x4bb0, 0x4b90, 0x4bb0, 0x4bb0, 0x4bb0, 0x53b0, 
	0x53b0, 0x53b0, 0x53b0, 0x53b0, 0x53b1, 0x53b1, 0x53b1, 0x53b1, 0x53b1, 0x53b1, 0x53b1, 0x53b1, 0x53b1, 0x53b1, 0x53b1, 0x53b1, 
	0x53b1, 0x53b1, 0x53b1, 0x53b1, 0x53b1, 0x53b1, 0x53b1, 0x53b1, 0x53b1, 0x53b1, 0x53b1, 0x53b1, 0x53b1, 0x53b1, 0x53b1, 0x53b1, 
	0x53b1, 0x53b1, 0x53b1, 0x53b1, 0x53b1, 0x53b1, 0x53b1, 0x53d1, 0x53b1, 0x53d1, 0x53d1, 0x53d1, 0x53d1, 0x53d1, 0x53d1, 0x53d1, 
	0x53d1, 0x53d1, 0x53d1, 0x53d1, 0x53d1, 0x53d1, 0x53d1, 0x53d1, 0x53d1, 0x53d1, 0x53d1, 0x53d1, 0x53d1, 0x53d1, 0x53d1, 0x53d1, 
	0x53d1, 0x53d1, 0x53d1, 0x53d1, 0x53d1, 0x53d1, 0x53d1, 0x53d1, 0x53d1, 0x53d1, 0x53d1, 0x53d1, 0x53d1, 0x53d1, 0x53d1, 0x53d1, 
	0x53d1, 0x53d1, 0x53d1, 0x53d1, 0x53d1, 0x53d1, 0x53d1, 0x53b1, 0x53d1, 0x53b1, 0x53b1, 0x53b1, 0x53b1, 0x53b1, 0x53b1, 0x53b1, 
	0x53b1, 0x53b1, 0x53b1, 0x53b1, 0x53b1, 0x53b1, 0x53b1, 0x53b1, 0x53b1, 0x53b1, 0x53b1, 0x53b1, 0x53b1, 0x53b1, 0x53b1, 0x53b1, 
	0x53b1, 0x53b1, 0x53b1, 0x53b1, 0x53b1, 0x53b1, 0x53b1, 0x53b1, 0x53b1, 0x53b1, 0x53b1, 0x53b0, 0x53b0, 0x53b0, 0x53b0, 0x53b0, 
	0x53b0, 0x4bb0, 0x4bb0, 0x4bb0, 0x4b90, 0x4bb0, 0x4b90, 0x4b90, 0x4b90, 0x4b90, 0x4b90, 0x4b90, 0x4b90, 0x4b90, 0x6baf, 0x83f0, 
	0x73af, 0x5390, 0x4b90, 0x4b90, 0x4b90, 0x4b90, 0x4b90, 0x5390, 0x4b90, 0x53b0, 0x53b0, 0x53b0, 0x53b0, 0x53b0, 0x53b0, 0x53b0, 
	0x53b0, 0x53b0, 0x53b0, 0x53b0, 0x53b0, 0x53b0, 0x53b0, 0x53b1, 0x53b1, 0x53b1, 0x53b1, 0x53b1, 0x53b1, 0x53b1, 0x53b1, 0x53b1, 
	0x53b1, 0x53b1, 0x53b1, 0x53b1, 0x53b1, 0x53b1, 0x53b1, 0x53b1, 0x53b1, 0x53b1, 0x53b1, 0x53b1, 0x53b1, 0x53b1, 0x53b1, 0x53b1, 
	0x53b1, 0x53b1, 0x53b1, 0x53b1, 0x53d1, 0x53b1, 0x53d1, 0x53d1, 0x53d1, 0x53d1, 0x53d1, 0x53d1, 0x53d1, 0x53d1, 0x53d1, 0x53d1, 
	0x53d1, 0x53d1, 0x53d1, 0x53d1, 0x53d1, 0x53d1, 0x53d1, 0x53d1, 0x53d1, 0x53d1, 0x53d1, 0x53d1, 0x53d1, 0x53d1, 0x53d1, 0x53d1, 
	0x53d1, 0x53d1, 0x53d1, 0x53d1, 0x53d1, 0x53d1, 0x53d1, 0x53d1, 0x53d1, 0x53d1, 0x53d1, 0x53d1, 0x53d1, 0x53d1, 0x53d1, 0x53d1, 
	0x53d1, 0x53d1, 0x53d1, 0x53d1, 0x53d1, 0x53d1, 0x53d1, 0x53d1, 0x53d1, 0x53d1, 0x53b1, 0x53d1, 0x53b1, 0x53b1, 0x53b1, 0x53b1, 
	0x53b1, 0x53b1, 0x53b1, 0x53b1, 0x53b1, 0x53b1, 0x53b1, 0x53b1, 0x53b1, 0x53b1, 0x53b1, 0x53b1, 0x53b1, 0x53b1, 0x53b1, 0x53b1, 
	0x53b1, 0x53b1, 0x53b1, 0x53b1, 0x53b1, 0x53b1, 0x53b1, 0x53b1, 0x53b1, 0x53b0, 0x53b0, 0x53b0, 0x53b0, 0x53b0, 0x53b0, 0x53b0, 
	0x53b0, 0x53b0, 0x53b0, 0x53b0, 0x53b0, 0x53b0, 0x53b0, 0x5390, 0x4b90, 0x4b90, 0x4b90, 0x4b90, 0x4b90, 0x4b90, 0x6baf, 0x7c10, 
	0x73af, 0x5390, 0x4b90, 0x4b90, 0x4b90, 0x4b90, 0x4bb0, 0x4bb0, 0x4bb0, 0x4bb0, 0x53b0, 0x53b0, 0x53b0, 0x53b0, 0x53b1, 0x53b0, 
	0x53b1, 0x53b1, 0x53b1, 0x53b1, 0x53b1, 0x53b1, 0x53b1, 0x53b1, 0x53b1, 0x53b1, 0x53b1, 0x53b1, 0x53b1, 0x53b1, 0x53b1, 0x53b1, 
	0x53b1, 0x53b1, 0x53b1, 0x53b1, 0x53b1, 0x53b1, 0x53b1, 0x53b1, 0x53b1, 0x53b1, 0x53b1, 0x53b1, 0x53b1, 0x53b1, 0x53b1, 0x53b1, 
	0x53b1, 0x53d1, 0x53b1, 0x53d1, 0x53d1, 0x53d1, 0x53d1, 0x53d1, 0x53d1, 0x53d1, 0x53d1, 0x53d1, 0x53d1, 0x53d1, 0x53d1, 0x53d1, 
	0x53d1, 0x53d1, 0x53d1, 0x53d1, 0x53d1, 0x53d1, 0x53d1, 0x53d1, 0x53d1, 0x53d1, 0x53d1, 0x53d1, 0x53d1, 0x53d1, 0x53d1, 0x53d1, 
	0x53d1, 0x53d1, 0x53d1, 0x53d1, 0x53d1, 0x53d1, 0x53d1, 0x53d1, 0x53d1, 0x53d1, 0x53d1, 0x53d1, 0x53d1, 0x53d1, 0x53d1, 0x53d1, 
	0x53d1, 0x53d1, 0x53d1, 0x53d1, 0x53d1, 0x53d1, 0x53d1, 0x53d1, 0x53d1, 0x53d1, 0x53d1, 0x53d1, 0x53d1, 0x53b1, 0x53d1, 0x53b1, 
	0x53b1, 0x53b1, 0x53b1, 0x53b1, 0x53b1, 0x53b1, 0x53b1, 0x53b1, 0x53b1, 0x53b1, 0x53b1, 0x53b1, 0x53b1, 0x53b1, 0x53b1, 0x53b1, 
	0x53b1, 0x53b1, 0x53b1, 0x53b1, 0x53b1, 0x53b1, 0x53b1, 0x53b1, 0x53b1, 0x53b1, 0x53b1, 0x53b1, 0x53b1, 0x53b1, 0x53b1, 0x53b1, 
	0x53b1, 0x53b0, 0x53b1, 0x53b0, 0x53b0, 0x53b0, 0x4bb0, 0x4bb0, 0x4bb0, 0x4bb0, 0x4b90, 0x4b90, 0x4b90, 0x4bb0, 0x6baf, 0x83f0, 
	0x73af, 0x5390, 0x4b90, 0x53b0, 0x4b90, 0x53b0, 0x53b0, 0x53b0, 0x53b0, 0x53b0, 0x53b0, 0x53b0, 0x53b0, 0x53b0, 0x53b0, 0x53b0, 
	0x53b0, 0x53b1, 0x53b1, 0x53b1, 0x53b1, 0x53b1, 0x53b1, 0x53b1, 0x53b1, 0x53b1, 0x53b1, 0x53b1, 0x53b1, 0x53b1, 0x53b1, 0x53b1, 
	0x53b1, 0x53b1, 0x53b1, 0x53b1, 0x53b1, 0x53b1, 0x53b1, 0x53b1, 0x53b1, 0x53b1, 0x53b1, 0x53b1, 0x53b1, 0x53b1, 0x53d1, 0x53b1, 
	0x53d1, 0x53d1, 0x53d1, 0x53d1, 0x53d1, 0x53d1, 0x53d1, 0x53d1, 0x53d1, 0x53d1, 0x53d1, 0x53d1, 0x53d1, 0x53d1, 0x53d1, 0x53d1, 
	0x53d1, 0x53d1, 0x53d1, 0x53d1, 0x53d1, 0x53d1, 0x53d1, 0x53d1, 0x53d1, 0x53d1, 0x53d1, 0x53d1, 0x53d1, 0x53d1, 0x53d1, 0x53d1, 
	0x53d1, 0x53d1, 0x53d1, 0x53d1, 0x53d1, 0x53d1, 0x53d1, 0x53d1, 0x53d1, 0x53d1, 0x53d1, 0x53d1, 0x53d1, 0x53d1, 0x53d1, 0x53d1, 
	0x53d1, 0x53d1, 0x53d1, 0x53d1, 0x53d1, 0x53d1, 0x53d1, 0x53d1, 0x53d1, 0x53d1, 0x53d1, 0x53d1, 0x53d1, 0x53d1, 0x53d1, 0x53d1, 
	0x53b1, 0x53d1, 0x53b1, 0x53b1, 0x53b1, 0x53b1, 0x53b1, 0x53b1, 0x53b1, 0x53b1, 0x53b1, 0x53b1, 0x53b1, 0x53b1, 0x53b1, 0x53b1, 
	0x53b1, 0x53b1, 0x53b1, 0x53b1, 0x53b1, 0x53b1, 0x53b1, 0x53b1, 0x53b1, 0x53b1, 0x53b1, 0x53b1, 0x53b1, 0x53b1, 0x53b1, 0x53b0, 
	0x53b0, 0x53b0, 0x53b0, 0x53b0, 0x53b0, 0x53b0, 0x53b0, 0x53b0, 0x53b0, 0x53b0, 0x53b0, 0x5390, 0x4bb0, 0x53b0, 0x6baf, 0x7c10, 
	0x73af, 0x5390, 0x4bb0, 0x4bb0, 0x4bb0, 0x4bb0, 0x53b0, 0x53b0, 0x53b1, 0x53b0, 0x53b1, 0x53b1, 0x53b1, 0x53b1, 0x53b1, 0x53b1, 
	0x53b1, 0x53b1, 0x53b1, 0x53b1, 0x53b1, 0x53b1, 0x53b1, 0x53b1, 0x53b1, 0x53b1, 0x53b1, 0x53b1, 0x53b1, 0x53b1, 0x53b1, 0x53b1, 
	0x53b1, 0x53b1, 0x53b1, 0x53b1, 0x53b1, 0x53b1, 0x53b1, 0x53b1, 0x53b1, 0x53b1, 0x53b1, 0x53b1, 0x53b1, 0x53d1, 0x53d1, 0x53d1, 
	0x53d1, 0x53d1, 0x53d1, 0x53d1, 0x53d1, 0x53d1, 0x53d1, 0x53d1, 0x53d1, 0x53d1, 0x53d1, 0x53d1, 0x53d1, 0x53d1, 0x53d1, 0x53d1, 
	0x53d1, 0x53d1, 0x53d1, 0x53d1, 0x53d1, 0x53d1, 0x53d1, 0x53d1, 0x53d1, 0x53d1, 0x53d1, 0x53d1, 0x53d1, 0x53d1, 0x53d1, 0x53d1, 
	0x53d1, 0x53d1, 0x53d1, 0x53d1, 0x53d1, 0x53d1, 0x53d1, 0x53d1, 0x53d1, 0x53d1, 0x53d1, 0x53d1, 0x53d1, 0x53d1, 0x53d1, 0x53d1, 
	0x53d1, 0x53d1, 0x53d1, 0x53d1, 0x53d1, 0x53d1, 0x53d1, 0x53d1, 0x53d1, 0x53d1, 0x53d1, 0x53d1, 0x53d1, 0x53d1, 0x53d1, 0x53d1, 
	0x53d1, 0x53d1, 0x53d1, 0x53b1, 0x53b1, 0x53b1, 0x53b1, 0x53b1, 0x53b1, 0x53b1, 0x53b1, 0x53b1, 0x53b1, 0x53b1, 0x53b1, 0x53b1, 
	0x53b1, 0x53b1, 0x53b1, 0x53b1, 0x53b1, 0x53b1, 0x53b1, 0x53b1, 0x53b1, 0x53b1, 0x53b1, 0x53b1, 0x53b1, 0x53b1, 0x53b1, 0x53b1, 
	0x53b1, 0x53b1, 0x53b1, 0x53b1, 0x53b1, 0x53b1, 0x53b1, 0x53b0, 0x53b1, 0x53b0, 0x4bb0, 0x4bb0, 0x4bb0, 0x53b0, 0x6baf, 0x7bf0, 
	0x73af, 0x53b0, 0x53b0, 0x53b0, 0x53b0, 0x53b0, 0x53b0, 0x53b0, 0x53b0, 0x53b0, 0x53b0, 0x53b0, 0x53b1, 0x53b1, 0x53b1, 0x53b1, 
	0x53b1, 0x53b1, 0x53b1, 0x53b1, 0x53b1, 0x53b1, 0x53b1, 0x53b1, 0x53b1, 0x53b1, 0x53b1, 0x53b1, 0x53b1, 0x53b1, 0x53b1, 0x53b1, 
	0x53b1, 0x53b1, 0x53b1, 0x53b1, 0x53b1, 0x53b1, 0x53b1, 0x53b1, 0x53b1, 0x53b1, 0x53d1, 0x53d1, 0x53d1, 0x53d1, 0x53d1, 0x53d1, 
	0x53d1, 0x53d1, 0x53d1, 0x53d1, 0x53d1, 0x53d1, 0x53d1, 0x53d1, 0x53d1, 0x53d1, 0x53d1, 0x53d1, 0x53d1, 0x53d1, 0x53d1, 0x53d1, 
	0x53d1, 0x53d1, 0x53d1, 0x53d1, 0x53d1, 0x53d1, 0x53d1, 0x53d1, 0x53d1, 0x53d1, 0x53d1, 0x53d1, 0x53d1, 0x53d1, 0x53d1, 0x53d1, 
	0x53d1, 0x53d1, 0x53d1, 0x53d1, 0x53d1, 0x53d1, 0x53d1, 0x53d1, 0x53d1, 0x53d1, 0x53d1, 0x53d1, 0x53d1, 0x53d1, 0x53d1, 0x53d1, 
	0x53d1, 0x53d1, 0x53d1, 0x53d1, 0x53d1, 0x53d1, 0x53d1, 0x53d1, 0x53d1, 0x53d1, 0x53d1, 0x53d1, 0x53d1, 0x53d1, 0x53d1, 0x53d1, 
	0x53d1, 0x53d1, 0x53d1, 0x53d1, 0x53d1, 0x53d1, 0x53b1, 0x53b1, 0x53b1, 0x53b1, 0x53b1, 0x53b1, 0x53b1, 0x53b1, 0x53b1, 0x53b1, 
	0x53b1, 0x53b1, 0x53b1, 0x53b1, 0x53b1, 0x53b1, 0x53b1, 0x53b1, 0x53b1, 0x53b1, 0x53b1, 0x53b1, 0x53b1, 0x53b1, 0x53b1, 0x53b1, 
	0x53b1, 0x53b1, 0x53b1, 0x53b0, 0x53b1, 0x53b0, 0x53b0, 0x53b0, 0x53b0, 0x53b0, 0x53b0, 0x53b0, 0x53b0, 0x53b0, 0x6baf, 0x7c10, 
	0x73af, 0x53b0, 0x53b1, 0x53b0, 0x53b1, 0x53b1, 0x53b1, 0x53b1, 0x53b1, 0x53b1, 0x53b1, 0x53b1, 0x53b1, 0x53b1, 0x53b1, 0x53b1, 
	0x53b1, 0x53b1, 0x53b1, 0x53b1, 0x53b1, 0x53b1, 0x53b1, 0x53b1, 0x53b1, 0x53b1, 0x53b1, 0x53b1, 0x53b1, 0x53b1, 0x53b1, 0x53b1, 
	0x53b1, 0x53b1, 0x53b1, 0x53b1, 0x53b1, 0x53b1, 0x53b1, 0x53d1, 0x53d1, 0x53d1, 0x53d1, 0x53d1, 0x53d1, 0x53d1, 0x53d1, 0x53d1, 
	0x53d1, 0x53d1, 0x53d1, 0x53d1, 0x53d1, 0x53d1, 0x53d1, 0x53d1, 0x53d1, 0x53d1, 0x53d1, 0x53d1, 0x53d1, 0x53d1, 0x53d1, 0x53d1, 
	0x53d1, 0x53d1, 0x53d1, 0x53d1, 0x53d1, 0x53d1, 0x53d1, 0x53d1, 0x53d1, 0x53d1, 0x53d1, 0x53d1, 0x53d1, 0x53d1, 0x53d1, 0x53d1, 
	0x53d1, 0x53d1, 0x53d1, 0x53d1, 0x53d1, 0x53d1, 0x53d1, 0x53d1, 0x53d1, 0x53d1, 0x53d1, 0x53d1, 0x53d1, 0x53d1, 0x53d1, 0x53d1, 
	0x53d1, 0x53d1, 0x53d1, 0x53d1, 0x53d1, 0x53d1, 0x53d1, 0x53d1, 0x53d1, 0x53d1, 0x53d1, 0x53d1, 0x53d1, 0x53d1, 0x53d1, 0x53d1, 
	0x53d1, 0x53d1, 0x53d1, 0x53d1, 0x53d1, 0x53d1, 0x53d1, 0x53d1, 0x53d1, 0x53b1, 0x53b1, 0x53b1, 0x53b1, 0x53b1, 0x53b1, 0x53b1, 
	0x53b1, 0x53b1, 0x53b1, 0x53b1, 0x53b1, 0x53b1, 0x53b1, 0x53b1, 0x53b1, 0x53b1, 0x53b1, 0x53b1, 0x53b1, 0x53b1, 0x53b1, 0x53b1, 
	0x53b1, 0x53b1, 0x53b1, 0x53b1, 0x53b1, 0x53b1, 0x53b1, 0x53b1, 0x53b1, 0x53b1, 0x53b1, 0x53b0, 0x53b1, 0x53b0, 0x6baf, 0x7bf0, 
	0x73af, 0x53b0, 0x53b0, 0x53b0, 0x53b0, 0x53b0, 0x53b1, 0x53b1, 0x53b1, 0x53b1, 0x53b1, 0x53b1, 0x53b1, 0x53b1, 0x53b1, 0x53b1, 
	0x53b1, 0x53b1, 0x53b1, 0x53b1, 0x53b1, 0x53b1, 0x53b1, 0x53b1, 0x53b1, 0x53b1, 0x53b1, 0x53b1, 0x53b1, 0x53b1, 0x53b1, 0x53b1, 
	0x53b1, 0x53b1, 0x53b1, 0x53b1, 0x53d1, 0x53d1, 0x53d1, 0x53d1, 0x53d1, 0x53d1, 0x53d1, 0x53d1, 0x53d1, 0x53d1, 0x53d1, 0x53d1, 
	0x53d1, 0x53d1, 0x53d1, 0x53d1, 0x53d1, 0x53d1, 0x53d1, 0x53d1, 0x53d1, 0x53d1, 0x53d1, 0x53d1, 0x53d1, 0x53d1, 0x53d1, 0x53d1, 
	0x53d1, 0x53d1, 0x53d1, 0x53d1, 0x53d1, 0x53d1, 0x53d1, 0x53d1, 0x53d1, 0x53d1, 0x53d1, 0x53d1, 0x53d1, 0x53d1, 0x53d1, 0x53f1, 
	0x53f1, 0x53d1, 0x53d1, 0x53d1, 0x53d1, 0x53d1, 0x53d1, 0x53d1, 0x53d1, 0x53d1, 0x53d1, 0x53d1, 0x53d1, 0x53d1, 0x53d1, 0x53d1, 
	0x53d1, 0x53d1, 0x53d1, 0x53d1, 0x53d1, 0x53d1, 0x53d1, 0x53d1, 0x53d1, 0x53d1, 0x53d1, 0x53d1, 0x53d1, 0x53d1, 0x53d1, 0x53d1, 
	0x53d1, 0x53d1, 0x53d1, 0x53d1, 0x53d1, 0x53d1, 0x53d1, 0x53d1, 0x53d1, 0x53d1, 0x53d1, 0x53d1, 0x53b1, 0x53b1, 0x53b1, 0x53b1, 
	0x53b1, 0x53b1, 0x53b1, 0x53b1, 0x53b1, 0x53b1, 0x53b1, 0x53b1, 0x53b1, 0x53b1, 0x53b1, 0x53b1, 0x53b1, 0x53b1, 0x53b1, 0x53b1, 
	0x53b1, 0x53b1, 0x53b1, 0x53b1, 0x53b1, 0x53b1, 0x53b1, 0x53b1, 0x53b1, 0x53b0, 0x53b1, 0x53b0, 0x53b0, 0x53b0, 0x6baf, 0x7c10, 
	0x73af, 0x53b0, 0x53b1, 0x53b1, 0x53b1, 0x53b1, 0x53b1, 0x53b1, 0x53b1, 0x53b1, 0x53b1, 0x53b1, 0x53b1, 0x53b1, 0x53b1, 0x53b1, 
	0x53b1, 0x53b1, 0x53b1, 0x53b1, 0x53b1, 0x53b1, 0x53b1, 0x53b1, 0x53b1, 0x53b1, 0x53b1, 0x53b1, 0x53b1, 0x53b1, 0x53b1, 0x53b1, 
	0x53b1, 0x53b1, 0x53b1, 0x53d1, 0x53d1, 0x53d1, 0x53d1, 0x53d1, 0x53d1, 0x53d1, 0x53d1, 0x53d1, 0x53d1, 0x53d1, 0x53d1, 0x53d1, 
	0x53d1, 0x53d1, 0x53d1, 0x53d1, 0x53d1, 0x53d1, 0x53d1, 0x53d1, 0x53d1, 0x53d1, 0x53d1, 0x53d1, 0x53d1, 0x53d1, 0x53d1, 0x53d1, 
	0x53d1, 0x53d1, 0x53d1, 0x53d1, 0x53d1, 0x53d1, 0x53d1, 0x53d1, 0x53d1, 0x53d1, 0x53d1, 0x53d1, 0x53d1, 0x53d2, 0x53f2, 0x53f2, 
	0x53f2, 0x53f2, 0x53d2, 0x53d1, 0x53d1, 0x53d1, 0x53d1, 0x53d1, 0x53d1, 0x53d1, 0x53d1, 0x53d1, 0x53d1, 0x53d1, 0x53d1, 0x53d1, 
	0x53d1, 0x53d1, 0x53d1, 0x53d1, 0x53d1, 0x53d1, 0x53d1, 0x53d1, 0x53d1, 0x53d1, 0x53d1, 0x53d1, 0x53d1, 0x53d1, 0x53d1, 0x53d1, 
	0x53d1, 0x53d1, 0x53d1, 0x53d1, 0x53d1, 0x53d1, 0x53d1, 0x53d1, 0x53d1, 0x53d1, 0x53d1, 0x53d1, 0x53d1, 0x53b1, 0x53b1, 0x53b1, 
	0x53b1, 0x53b1, 0x53b1, 0x53b1, 0x53b1, 0x53b1, 0x53b1, 0x53b1, 0x53b1, 0x53b1, 0x53b1, 0x53b1, 0x53b1, 0x53b1, 0x53b1, 0x53b1, 
	0x53b1, 0x53b1, 0x53b1, 0x53b1, 0x53b1, 0x53b1, 0x53b1, 0x53b1, 0x53b1, 0x53b1, 0x53b1, 0x53b1, 0x53b1, 0x53b1, 0x6baf, 0x7bf0, 
	0x73af, 0x53b0, 0x53b1, 0x53b1, 0x53b1, 0x53b1, 0x53b1, 0x53b1, 0x53b1, 0x53b1, 0x53b1, 0x53b1, 0x53b1, 0x53b1, 0x53b1, 0x53b1, 
	0x53b1, 0x53b1, 0x53b1, 0x53b1, 0x53b1, 0x53b1, 0x53b1, 0x53b1, 0x53b1, 0x53b1, 0x53b1, 0x53b1, 0x53b1, 0x53b1, 0x53b1, 0x53b1, 
	0x53d1, 0x53d1, 0x53d1, 0x53d1, 0x53d1, 0x53d1, 0x53d1, 0x53d1, 0x53d1, 0x53d1, 0x53d1, 0x53d1, 0x53d1, 0x53d1, 0x53d1, 0x53d1, 
	0x53d1, 0x53d1, 0x53d1, 0x53d1, 0x53d1, 0x53d1, 0x53d1, 0x53d1, 0x53d1, 0x53d1, 0x53d1, 0x53d1, 0x53d1, 0x53d1, 0x53d1, 0x53d1, 
	0x53d1, 0x53d1, 0x53d1, 0x53d1, 0x53d1, 0x53d1, 0x53d1, 0x53d1, 0x53d1, 0x53d1, 0x53d1, 0x53f1, 0x53f1, 0x53f1, 0x53f1, 0x53f1, 
	0x53f1, 0x53f1, 0x53f1, 0x53f1, 0x53f1, 0x53d1, 0x53d1, 0x53d1, 0x53d1, 0x53d1, 0x53d1, 0x53d1, 0x53d1, 0x53d1, 0x53d1, 0x53d1, 
	0x53d1, 0x53d1, 0x53d1, 0x53d1, 0x53d1, 0x53d1, 0x53d1, 0x53d1, 0x53d1, 0x53d1, 0x53d1, 0x53d1, 0x53d1, 0x53d1, 0x53d1, 0x53d1, 
	0x53d1, 0x53d1, 0x53d1, 0x53d1, 0x53d1, 0x53d1, 0x53d1, 0x53d1, 0x53d1, 0x53d1, 0x53d1, 0x53d1, 0x53d1, 0x53d1, 0x53d1, 0x53d1, 
	0x53b1, 0x53b1, 0x53b1, 0x53b1, 0x53b1, 0x53b1, 0x53b1, 0x53b1, 0x53b1, 0x53b1, 0x53b1, 0x53b1, 0x53b1, 0x53b1, 0x53b1, 0x53b1, 
	0x53b1, 0x53b1, 0x53b1, 0x53b1, 0x53b1, 0x53b1, 0x53b1, 0x53b1, 0x53b1, 0x53b1, 0x53b1, 0x53b1, 0x53b1, 0x53b1, 0x6baf, 0x7bf0, 
	0x73af, 0x53b1, 0x53b1, 0x53b1, 0x53b1, 0x53b1, 0x53b1, 0x53b1, 0x53b1, 0x53b1, 0x53b1, 0x53b1, 0x53b1, 0x53b1, 0x53b1, 0x53b1, 
	0x53b1, 0x53b1, 0x53b1, 0x53b1, 0x53b1, 0x53b1, 0x53b1, 0x53b1, 0x53b1, 0x53b1, 0x53b1, 0x53b1, 0x53b1, 0x53d1, 0x53d1, 0x53d1, 
	0x53d1, 0x53d1, 0x53d1, 0x53d1, 0x53d1, 0x53d1, 0x53d1, 0x53d1, 0x53d1, 0x53d1, 0x53d1, 0x53d1, 0x53d1, 0x53d1, 0x53d1, 0x53d1, 
	0x53d1, 0x53d1, 0x53d1, 0x53d1, 0x53d1, 0x53d1, 0x53d1, 0x53d1, 0x53d1, 0x53d1, 0x53d1, 0x53d1, 0x53d1, 0x53d1, 0x53d1, 0x53d1, 
	0x53d1, 0x53d1, 0x53d1, 0x53d1, 0x53d1, 0x53d1, 0x53d1, 0x53d2, 0x53f2, 0x53f2, 0x53f2, 0x53f2, 0x53f2, 0x53f2, 0x53f2, 0x53f2, 
	0x53f2, 0x53f2, 0x53f2, 0x53f2, 0x53f2, 0x53f2, 0x53f2, 0x53f2, 0x53d2, 0x53d1, 0x53d1, 0x53d1, 0x53d1, 0x53d1, 0x53d1, 0x53d1, 
	0x53d1, 0x53d1, 0x53d1, 0x53d1, 0x53d1, 0x53d1, 0x53d1, 0x53d1, 0x53d1, 0x53d1, 0x53d1, 0x53d1, 0x53d1, 0x53d1, 0x53d1, 0x53d1, 
	0x53d1, 0x53d1, 0x53d1, 0x53d1, 0x53d1, 0x53d1, 0x53d1, 0x53d1, 0x53d1, 0x53d1, 0x53d1, 0x53d1, 0x53d1, 0x53d1, 0x53d1, 0x53d1, 
	0x53d1, 0x53d1, 0x53d1, 0x53b1, 0x53b1, 0x53b1, 0x53b1, 0x53b1, 0x53b1, 0x53b1, 0x53b1, 0x53b1, 0x53b1, 0x53b1, 0x53b1, 0x53b1, 
	0x53b1, 0x53b1, 0x53b1, 0x53b1, 0x53b1, 0x53b1, 0x53b1, 0x53b1, 0x53b1, 0x53b1, 0x53b1, 0x53b1, 0x53b1, 0x53b1, 0x6baf, 0x7bf0, 
	0x73af, 0x53b1, 0x53b1, 0x53b1, 0x53b1, 0x53b1, 0x53b1, 0x53b1, 0x53b1, 0x53b1, 0x53b1, 0x53b1, 0x53b1, 0x53b1, 0x53b1, 0x53b1, 
	0x53b1, 0x53b1, 0x53b1, 0x53b1, 0x53b1, 0x53b1, 0x53b1, 0x53b1, 0x53b1, 0x53b1, 0x53d1, 0x53d1, 0x53d1, 0x53d1, 0x53d1, 0x53d1, 
	0x53d1, 0x53d1, 0x53d1, 0x53d1, 0x53d1, 0x53d1, 0x53d1, 0x53d1, 0x53d1, 0x53d1, 0x53d1, 0x53d1, 0x53d1, 0x53d1, 0x53d1, 0x53d1, 
	0x53d1, 0x53d1, 0x53d1, 0x53d1, 0x53d1, 0x53d1, 0x53d1, 0x53d1, 0x53d1, 0x53d1, 0x53d1, 0x53d1, 0x53d1, 0x53d1, 0x53d1, 0x53d1, 
	0x53d1, 0x53d1, 0x53d1, 0x53d2, 0x53d2, 0x53f2, 0x53f2, 0x53f2, 0x53f2, 0x53f2, 0x53f2, 0x53f2, 0x53f2, 0x53f2, 0x53f2, 0x53f2, 
	0x53f2, 0x53f2, 0x53f2, 0x53f2, 0x53f2, 0x53f2, 0x53f2, 0x53f2, 0x53f2, 0x53f2, 0x53f2, 0x53d2, 0x53d2, 0x53d1, 0x53d1, 0x53d1, 
	0x53d1, 0x53d1, 0x53d1, 0x53d1, 0x53d1, 0x53d1, 0x53d1, 0x53d1, 0x53d1, 0x53d1, 0x53d1, 0x53d1, 0x53d1, 0x53d1, 0x53d1, 0x53d1, 
	0x53d1, 0x53d1, 0x53d1, 0x53d1, 0x53d1, 0x53d1, 0x53d1, 0x53d1, 0x53d1, 0x53d1, 0x53d1, 0x53d1, 0x53d1, 0x53d1, 0x53d1, 0x53d1, 
	0x53d1, 0x53d1, 0x53d1, 0x53d1, 0x53d1, 0x53d1, 0x53b1, 0x53b1, 0x53b1, 0x53b1, 0x53b1, 0x53b1, 0x53b1, 0x53b1, 0x53b1, 0x53b1, 
	0x53b1, 0x53b1, 0x53b1, 0x53b1, 0x53b1, 0x53b1, 0x53b1, 0x53b1, 0x53b1, 0x53b1, 0x53b1, 0x53b1, 0x53b1, 0x53b1, 0x6baf, 0x7bf0, 
	0x73af, 0x53b1, 0x53b1, 0x53b1, 0x53b1, 0x53b1, 0x53b1, 0x53b1, 0x53b1, 0x53b1, 0x53b1, 0x53b1, 0x53b1, 0x53b1, 0x53b1, 0x53b1, 
	0x53b1, 0x53b1, 0x53b1, 0x53b1, 0x53b1, 0x53b1, 0x53b1, 0x53d1, 0x53d1, 0x53d1, 0x53d1, 0x53d1, 0x53d1, 0x53d1, 0x53d1, 0x53d1, 
	0x53d1, 0x53d1, 0x53d1, 0x53d1, 0x53d1, 0x53d1, 0x53d1, 0x53d1, 0x53d1, 0x53d1, 0x53d1, 0x53d1, 0x53d1, 0x53d1, 0x53d1, 0x53d1, 
	0x53d1, 0x53d1, 0x53d1, 0x53d1, 0x53d1, 0x53d1, 0x53d1, 0x53d1, 0x53d1, 0x53d1, 0x53d1, 0x53d1, 0x53d1, 0x53d1, 0x53d1, 0x53d1, 
	0x53d1, 0x53d1, 0x53f1, 0x53f1, 0x53f1, 0x53f1, 0x53f2, 0x53f2, 0x53f2, 0x53f2, 0x53f2, 0x53f2, 0x53f2, 0x53f2, 0x53f2, 0x53f2, 
	0x53f2, 0x53f2, 0x53f2, 0x53f2, 0x53f2, 0x53f2, 0x53f2, 0x53f2, 0x53f2, 0x53f2, 0x53f1, 0x53f1, 0x53f1, 0x53f1, 0x53d1, 0x53d1, 
	0x53d1, 0x53d1, 0x53d1, 0x53d1, 0x53d1, 0x53d1, 0x53d1, 0x53d1, 0x53d1, 0x53d1, 0x53d1, 0x53d1, 0x53d1, 0x53d1, 0x53d1, 0x53d1, 
	0x53d1, 0x53d1, 0x53d1, 0x53d1, 0x53d1, 0x53d1, 0x53d1, 0x53d1, 0x53d1, 0x53d1, 0x53d1, 0x53d1, 0x53d1, 0x53d1, 0x53d1, 0x53d1, 
	0x53d1, 0x53d1, 0x53d1, 0x53d1, 0x53d1, 0x53d1, 0x53d1, 0x53d1, 0x53d1, 0x53b1, 0x53b1, 0x53b1, 0x53b1, 0x53b1, 0x53b1, 0x53b1, 
	0x53b1, 0x53b1, 0x53b1, 0x53b1, 0x53b1, 0x53b1, 0x53b1, 0x53b1, 0x53b1, 0x53b1, 0x53b1, 0x53b1, 0x53b1, 0x53b1, 0x6baf, 0x7bf0, 
	0x73af, 0x53b1, 0x53b1, 0x53b1, 0x53b1, 0x53b1, 0x53b1, 0x53b1, 0x53b1, 0x53b1, 0x53b1, 0x53b1, 0x53b1, 0x53b1, 0x53b1, 0x53b1, 
	0x53b1, 0x53b1, 0x53b1, 0x53b1, 0x53d1, 0x53d1, 0x53d1, 0x53d1, 0x53d1, 0x53d1, 0x53d1, 0x53d1, 0x53d1, 0x53d1, 0x53d1, 0x53d1, 
	0x53d1, 0x53d1, 0x53d1, 0x53d1, 0x53d1, 0x53d1, 0x53d1, 0x53d1, 0x53d1, 0x53d1, 0x53d1, 0x53d1, 0x53d1, 0x53d1, 0x53d1, 0x53d1, 
	0x53d1, 0x53d1, 0x53d1, 0x53d1, 0x53d1, 0x53d1, 0x53d1, 0x53d1, 0x53d1, 0x53d1, 0x53d1, 0x53d1, 0x53d1, 0x53d2, 0x53d2, 0x53f2, 
	0x53f2, 0x53f2, 0x53f2, 0x53f2, 0x53f2, 0x53f2, 0x53f2, 0x53f2, 0x53f2, 0x53f2, 0x53f2, 0x53f2, 0x53f2, 0x53f2, 0x53f2, 0x53f2, 
	0x53f2, 0x53f2, 0x53f2, 0x53f2, 0x53f2, 0x53f2, 0x53f2, 0x53f2, 0x53f2, 0x53f2, 0x53f2, 0x53f2, 0x53f2, 0x53f2, 0x53f2, 0x53f2, 
	0x53f2, 0x53d2, 0x53d2, 0x53d1, 0x53d1, 0x53d1, 0x53d1, 0x53d1, 0x53d1, 0x53d1, 0x53d1, 0x53d1, 0x53d1, 0x53d1, 0x53d1, 0x53d1, 
	0x53d1, 0x53d1, 0x53d1, 0x53d1, 0x53d1, 0x53d1, 0x53d1, 0x53d1, 0x53d1, 0x53d1, 0x53d1, 0x53d1, 0x53d1, 0x53d1, 0x53d1, 0x53d1, 
	0x53d1, 0x53d1, 0x53d1, 0x53d1, 0x53d1, 0x53d1, 0x53d1, 0x53d1, 0x53d1, 0x53d1, 0x53d1, 0x53d1, 0x53b1, 0x53b1, 0x53b1, 0x53b1, 
	0x53b1, 0x53b1, 0x53b1, 0x53b1, 0x53b1, 0x53b1, 0x53b1, 0x53b1, 0x53b1, 0x53b1, 0x53b1, 0x53b1, 0x53b1, 0x53b1, 0x6baf, 0x7bf0, 
	0x73af, 0x53b1, 0x53b1, 0x53b1, 0x53b1, 0x53b1, 0x53b1, 0x53b1, 0x53b1, 0x53b1, 0x53b1, 0x53b1, 0x53b1, 0x53b1, 0x53b1, 0x53b1, 
	0x53b1, 0x53b1, 0x53d1, 0x53d1, 0x53d1, 0x53d1, 0x53d1, 0x53d1, 0x53d1, 0x53d1, 0x53d1, 0x53d1, 0x53d1, 0x53d1, 0x53d1, 0x53d1, 
	0x53d1, 0x53d1, 0x53d1, 0x53d1, 0x53d1, 0x53d1, 0x53d1, 0x53d1, 0x53d1, 0x53d1, 0x53d1, 0x53d1, 0x53d1, 0x53d1, 0x53d1, 0x53d1, 
	0x53d1, 0x53d1, 0x53d1, 0x53d1, 0x53d1, 0x53d1, 0x53d1, 0x53d1, 0x53d1, 0x53d1, 0x53d1, 0x53d1, 0x53f1, 0x53f1, 0x53f1, 0x53f1, 
	0x53f2, 0x53f2, 0x53f2, 0x53f2, 0x53f2, 0x53f2, 0x53f2, 0x53f2, 0x53f2, 0x53f2, 0x53f2, 0x53f2, 0x53f2, 0x53f2, 0x53f2, 0x5bf2, 
	0x5bf2, 0x53f2, 0x53f2, 0x53f2, 0x53f2, 0x53f2, 0x53f2, 0x53f2, 0x53f2, 0x53f2, 0x53f2, 0x53f2, 0x53f2, 0x53f2, 0x53f2, 0x53f2, 
	0x53f1, 0x53f1, 0x53f1, 0x53f1, 0x53d1, 0x53d1, 0x53d1, 0x53d1, 0x53d1, 0x53d1, 0x53d1, 0x53d1, 0x53d1, 0x53d1, 0x53d1, 0x53d1, 
	0x53d1, 0x53d1, 0x53d1, 0x53d1, 0x53d1, 0x53d1, 0x53d1, 0x53d1, 0x53d1, 0x53d1, 0x53d1, 0x53d1, 0x53d1, 0x53d1, 0x53d1, 0x53d1, 
	0x53d1, 0x53d1, 0x53d1, 0x53d1, 0x53d1, 0x53d1, 0x53d1, 0x53d1, 0x53d1, 0x53d1, 0x53d1, 0x53d1, 0x53d1, 0x53d1, 0x53b1, 0x53b1, 
	0x53b1, 0x53b1, 0x53b1, 0x53b1, 0x53b1, 0x53b1, 0x53b1, 0x53b1, 0x53b1, 0x53b1, 0x53b1, 0x53b1, 0x53b1, 0x53b1, 0x6bcf, 0x7c10, 
	0x73af, 0x53b1, 0x53b1, 0x53b1, 0x53b1, 0x53b1, 0x53b1, 0x53b1, 0x53b1, 0x53b1, 0x53b1, 0x53b1, 0x53b1, 0x53b1, 0x53b1, 0x53b1, 
	0x53d1, 0x53d1, 0x53d1, 0x53d1, 0x53d1, 0x53d1, 0x53d1, 0x53d1, 0x53d1, 0x53d1, 0x53d1, 0x53d1, 0x53d1, 0x53d1, 0x53d1, 0x53d1, 
	0x53d1, 0x53d1, 0x53d1, 0x53d1, 0x53d1, 0x53d1, 0x53d1, 0x53d1, 0x53d1, 0x53d1, 0x53d1, 0x53d1, 0x53d1, 0x53d1, 0x53d1, 0x53d1, 
	0x53d1, 0x53d1, 0x53d1, 0x53d1, 0x53d1, 0x53d1, 0x53d1, 0x53d2, 0x53d2, 0x53d2, 0x53d2, 0x53f2, 0x53f2, 0x53f2, 0x53f2, 0x53f2, 
	0x53f2, 0x53f2, 0x53f2, 0x53f1, 0x53f2, 0x53f2, 0x53f2, 0x53f2, 0x53f2, 0x53f2, 0x53f2, 0x53f2, 0x53f2, 0x53f2, 0x53f2, 0x53f2, 
	0x53f2, 0x53f2, 0x53f2, 0x53f2, 0x53f2, 0x53f2, 0x53f2, 0x53f2, 0x53f2, 0x53f2, 0x53f2, 0x53f2, 0x53f2, 0x53f2, 0x53f2, 0x53f2, 
	0x53f2, 0x53f2, 0x53f2, 0x53f2, 0x53f2, 0x53d2, 0x53d2, 0x53d2, 0x53d2, 0x53d1, 0x53d1, 0x53d1, 0x53d1, 0x53d1, 0x53d1, 0x53d1, 
	0x53d1, 0x53d1, 0x53d1, 0x53d1, 0x53d1, 0x53d1, 0x53d1, 0x53d1, 0x53d1, 0x53d1, 0x53d1, 0x53d1, 0x53d1, 0x53d1, 0x53d1, 0x53d1, 
	0x53d1, 0x53d1, 0x53d1, 0x53d1, 0x53d1, 0x53d1, 0x53d1, 0x53d1, 0x53d1, 0x53d1, 0x53d1, 0x53d1, 0x53d1, 0x53d1, 0x53d1, 0x53d1, 
	0x53b1, 0x53b1, 0x53b1, 0x53b1, 0x53b1, 0x53b1, 0x53b1, 0x53b1, 0x53b1, 0x53b1, 0x53b1, 0x53b1, 0x53b1, 0x53b1, 0x6baf, 0x7bf0, 
	0x73af, 0x53b1, 0x53b1, 0x53b1, 0x53b1, 0x53b1, 0x53b1, 0x53b1, 0x53b1, 0x53b1, 0x53b1, 0x53b1, 0x53b1, 0x53d1, 0x53d1, 0x53d1, 
	0x53d1, 0x53d1, 0x53d1, 0x53d1, 0x53d1, 0x53d1, 0x53d1, 0x53d1, 0x53d1, 0x53d1, 0x53d1, 0x53d1, 0x53d1, 0x53d1, 0x53d1, 0x53d1, 
	0x53d1, 0x53d1, 0x53d1, 0x53d1, 0x53d1, 0x53d1, 0x53d1, 0x53d1, 0x53d1, 0x53d1, 0x53d1, 0x53d1, 0x53d1, 0x53d1, 0x53d1, 0x53d1, 
	0x53d1, 0x53d1, 0x53d1, 0x53d1, 0x53d1, 0x53d1, 0x53d1, 0x53d1, 0x53f1, 0x53f1, 0x53f1, 0x53f1, 0x53f2, 0x53f2, 0x53f2, 0x53f2, 
	0x53f2, 0x53f2, 0x53f1, 0x53d1, 0x53d1, 0x53d1, 0x53d1, 0x53d1, 0x53d1, 0x53d1, 0x53d1, 0x53d1, 0x53f1, 0x5bf2, 0x5bf2, 0x5bf2, 
	0x5bf2, 0x5bf2, 0x5bf2, 0x5bf2, 0x5bf2, 0x5bf2, 0x53f2, 0x53f2, 0x53f2, 0x53f2, 0x53f2, 0x53f2, 0x53f2, 0x53f2, 0x53f2, 0x53f2, 
	0x53f2, 0x53f2, 0x53f2, 0x53f2, 0x53f1, 0x53f1, 0x53f1, 0x53f1, 0x53d1, 0x53d1, 0x53d1, 0x53d1, 0x53d1, 0x53d1, 0x53d1, 0x53d1, 
	0x53d1, 0x53d1, 0x53d1, 0x53d1, 0x53d1, 0x53d1, 0x53d1, 0x53d1, 0x53d1, 0x53d1, 0x53d1, 0x53d1, 0x53d1, 0x53d1, 0x53d1, 0x53d1, 
	0x53d1, 0x53d1, 0x53d1, 0x53d1, 0x53d1, 0x53d1, 0x53d1, 0x53d1, 0x53d1, 0x53d1, 0x53d1, 0x53d1, 0x53d1, 0x53d1, 0x53d1, 0x53d1, 
	0x53d1, 0x53d1, 0x53d1, 0x53b1, 0x53b1, 0x53b1, 0x53b1, 0x53b1, 0x53b1, 0x53b1, 0x53b1, 0x53b1, 0x53b1, 0x53b1, 0x6bcf, 0x7c10, 
	0x73af, 0x53b1, 0x53b1, 0x53b1, 0x53b1, 0x53b1, 0x53b1, 0x53b1, 0x53b1, 0x53b1, 0x53d1, 0x53d1, 0x53d1, 0x53d1, 0x53d1, 0x53d1, 
	0x53d1, 0x53d1, 0x53d1, 0x53d1, 0x53d1, 0x53d1, 0x53d1, 0x53d1, 0x53d1, 0x53d1, 0x53d1, 0x53d1, 0x53d1, 0x53d1, 0x53d1, 0x53d1, 
	0x53d1, 0x53d1, 0x53d1, 0x53d1, 0x53d1, 0x53d1, 0x53d1, 0x53d1, 0x53d1, 0x53d1, 0x53d1, 0x53d1, 0x53d1, 0x53d1, 0x53d1, 0x53d1, 
	0x53d1, 0x53d2, 0x53d2, 0x53d2, 0x53d2, 0x53f2, 0x53f2, 0x53f2, 0x53f2, 0x53f2, 0x53f2, 0x53f2, 0x53f2, 0x53f2, 0x53f2, 0x53f2, 
	0x53f2, 0x53f2, 0x4b4e, 0x1946, 0x1946, 0x1946, 0x1946, 0x1946, 0x1946, 0x1946, 0x1946, 0x1946, 0x3a8b, 0x53f2, 0x53f2, 0x53f2, 
	0x53f2, 0x53f2, 0x53f2, 0x53f2, 0x53f2, 0x53f2, 0x53f2, 0x53f2, 0x53f2, 0x53f2, 0x53f2, 0x53f2, 0x53f2, 0x53f2, 0x53f2, 0x53f2, 
	0x53f2, 0x53f2, 0x53f2, 0x53f2, 0x53f2, 0x53f2, 0x53f2, 0x53f2, 0x53f2, 0x53f2, 0x53f2, 0x53d2, 0x53d2, 0x53d2, 0x53d2, 0x53d1, 
	0x53d1, 0x53d1, 0x53d1, 0x53d1, 0x53d1, 0x53d1, 0x53d1, 0x53d1, 0x53d1, 0x53d1, 0x53d1, 0x53d1, 0x53d1, 0x53d1, 0x53d1, 0x53d1, 
	0x53d1, 0x53d1, 0x53d1, 0x53d1, 0x53d1, 0x53d1, 0x53d1, 0x53d1, 0x53d1, 0x53d1, 0x53d1, 0x53d1, 0x53d1, 0x53d1, 0x53d1, 0x53d1, 
	0x53d1, 0x53d1, 0x53d1, 0x53d1, 0x53d1, 0x53d1, 0x53b1, 0x53b1, 0x53b1, 0x53b1, 0x53b1, 0x53b1, 0x53b1, 0x53b1, 0x6baf, 0x7bf0, 
	0x73af, 0x53b1, 0x53b1, 0x53b1, 0x53b1, 0x53b1, 0x53b1, 0x53b1, 0x53d1, 0x53d1, 0x53d1, 0x53d1, 0x53d1, 0x53d1, 0x53d1, 0x53d1, 
	0x53d1, 0x53d1, 0x53d1, 0x53d1, 0x53d1, 0x53d1, 0x53d1, 0x53d1, 0x53d1, 0x53d1, 0x53d1, 0x53d1, 0x53d1, 0x53d1, 0x53d1, 0x53d1, 
	0x53d1, 0x53d1, 0x53d1, 0x53d1, 0x53d1, 0x53d1, 0x53d1, 0x53d1, 0x53d1, 0x53d1, 0x53d1, 0x53d1, 0x53d1, 0x53d1, 0x53d1, 0x53d1, 
	0x53d1, 0x53d1, 0x53f1, 0x53f1, 0x53f1, 0x53f1, 0x53f2, 0x53f2, 0x53f2, 0x53f2, 0x53f2, 0x53f2, 0x53f2, 0x53f2, 0x53f2, 0x53f2, 
	0x53f2, 0x53d1, 0x3acd, 0x0000, 0x0000, 0x0000, 0x0000, 0x0000, 0x0000, 0x0000, 0x0000, 0x0020, 0x29c8, 0x53f2, 0x53f2, 0x53f2, 
	0x53f2, 0x5bf2, 0x5bf2, 0x5bf2, 0x5bf2, 0x5bf2, 0x5bf2, 0x5bf2, 0x5bf2, 0x5bf2, 0x53f2, 0x53f2, 0x53f2, 0x53f2, 0x53f2, 0x53f2, 
	0x53f2, 0x53f2, 0x53f2, 0x53f2, 0x53f2, 0x53f2, 0x53f2, 0x53f2, 0x53f2, 0x53f2, 0x53f1, 0x53f1, 0x53f1, 0x53f1, 0x53d1, 0x53d1, 
	0x53d1, 0x53d1, 0x53d1, 0x53d1, 0x53d1, 0x53d1, 0x53d1, 0x53d1, 0x53d1, 0x53d1, 0x53d1, 0x53d1, 0x53d1, 0x53d1, 0x53d1, 0x53d1, 
	0x53d1, 0x53d1, 0x53d1, 0x53d1, 0x53d1, 0x53d1, 0x53d1, 0x53d1, 0x53d1, 0x53d1, 0x53d1, 0x53d1, 0x53d1, 0x53d1, 0x53d1, 0x53d1, 
	0x53d1, 0x53d1, 0x53d1, 0x53d1, 0x53d1, 0x53d1, 0x53d1, 0x53d1, 0x53b1, 0x53b1, 0x53b1, 0x53b1, 0x53b1, 0x53b1, 0x6bcf, 0x7c10, 
	0x73af, 0x53b1, 0x53b1, 0x53b1, 0x53b1, 0x53b1, 0x53d1, 0x53d1, 0x53d1, 0x53d1, 0x53d1, 0x53d1, 0x53d1, 0x53d1, 0x53d1, 0x53d1, 
	0x53d1, 0x53d1, 0x53d1, 0x53d1, 0x53d1, 0x53d1, 0x53d1, 0x53d1, 0x53d1, 0x53d1, 0x53d1, 0x53d1, 0x53d1, 0x53d1, 0x53d1, 0x53d1, 
	0x53d1, 0x53d1, 0x53d1, 0x53d1, 0x53d1, 0x53d1, 0x53d1, 0x53d1, 0x53d1, 0x53d1, 0x53d1, 0x53d1, 0x53d2, 0x53d2, 0x53d2, 0x53d2, 
	0x53f2, 0x53f2, 0x53f2, 0x53f2, 0x53f2, 0x53f2, 0x53f2, 0x53f2, 0x53f2, 0x53f2, 0x53f2, 0x53f2, 0x53f2, 0x53f2, 0x53f2, 0x53f1, 
	0x4b4f, 0x1925, 0x10e4, 0x0000, 0x2901, 0x9363, 0x9363, 0x9363, 0x9363, 0x9363, 0x9363, 0x9363, 0x5a64, 0x1925, 0x1925, 0x1925, 
	0x3a8c, 0x5bf2, 0x5bf2, 0x53f2, 0x53f2, 0x53f2, 0x53f2, 0x53f2, 0x53f2, 0x53f2, 0x53f2, 0x53f2, 0x53f2, 0x53f2, 0x53f2, 0x53f2, 
	0x53f2, 0x53f2, 0x53f2, 0x53f2, 0x53f2, 0x53f2, 0x53f2, 0x53f2, 0x53f2, 0x53f2, 0x53f2, 0x53f2, 0x53f2, 0x53f2, 0x53f2, 0x53f2, 
	0x53d2, 0x53d2, 0x53d2, 0x53d2, 0x53d1, 0x53d1, 0x53d1, 0x53d1, 0x53d1, 0x53d1, 0x53d1, 0x53d1, 0x53d1, 0x53d1, 0x53d1, 0x53d1, 
	0x53d1, 0x53d1, 0x53d1, 0x53d1, 0x53d1, 0x53d1, 0x53d1, 0x53d1, 0x53d1, 0x53d1, 0x53d1, 0x53d1, 0x53d1, 0x53d1, 0x53d1, 0x53d1, 
	0x53d1, 0x53d1, 0x53d1, 0x53d1, 0x53d1, 0x53d1, 0x53d1, 0x53d1, 0x53d1, 0x53d1, 0x53b1, 0x53b1, 0x53b1, 0x53d1, 0x6baf, 0x83f0, 
	0x73cf, 0x53b1, 0x53b1, 0x53d1, 0x53d1, 0x53d1, 0x53d1, 0x53d1, 0x53d1, 0x53d1, 0x53d1, 0x53d1, 0x53d1, 0x53d1, 0x53d1, 0x53d1, 
	0x53d1, 0x53d1, 0x53d1, 0x53d1, 0x53d1, 0x53d1, 0x53d1, 0x53d1, 0x53d1, 0x53d1, 0x53d1, 0x53d1, 0x53d1, 0x53d1, 0x53d1, 0x53d1, 
	0x53d1, 0x53d1, 0x53d1, 0x53d1, 0x53d1, 0x53d1, 0x53d1, 0x53d1, 0x53d1, 0x53d1, 0x53d1, 0x53d1, 0x53d1, 0x53d1, 0x53f1, 0x53f1, 
	0x53f2, 0x53f2, 0x53f2, 0x53f2, 0x53f2, 0x53f2, 0x53f2, 0x53f2, 0x53f2, 0x53f2, 0x53f2, 0x53f2, 0x53f2, 0x53f2, 0x53f2, 0x53f1, 
	0x430d, 0x0000, 0x28e1, 0x9383, 0xabe4, 0xd4e5, 0xd4e5, 0xd4e5, 0xd4e5, 0xd4e5, 0xd4e5, 0xd4e5, 0x72c3, 0x0000, 0x0000, 0x0000, 
	0x2a09, 0x5bf2, 0x5bf2, 0x5bf2, 0x5bf2, 0x5bf2, 0x5bf2, 0x5bf2, 0x5bf2, 0x5bf2, 0x5bf2, 0x5bf2, 0x5bf2, 0x5bf2, 0x5bf2, 0x53f2, 
	0x53f2, 0x53f2, 0x53f2, 0x53f2, 0x53f2, 0x53f2, 0x53f2, 0x53f2, 0x53f2, 0x53f2, 0x53f2, 0x53f2, 0x53f2, 0x53f2, 0x53f2, 0x53f2, 
	0x53f1, 0x53f1, 0x53d1, 0x53d1, 0x53d1, 0x53d1, 0x53d1, 0x53d1, 0x53d1, 0x53d1, 0x53d1, 0x53d1, 0x53d1, 0x53d1, 0x53d1, 0x53d1, 
	0x53d1, 0x53d1, 0x53d1, 0x53d1, 0x53d1, 0x53d1, 0x53d1, 0x53d1, 0x53d1, 0x53d1, 0x53d1, 0x53d1, 0x53d1, 0x53d1, 0x53d1, 0x53d1, 
	0x53d1, 0x53d1, 0x53d1, 0x53d1, 0x53d1, 0x53d1, 0x53d1, 0x53d1, 0x53d1, 0x53d1, 0x53d1, 0x53d1, 0x53d1, 0x53d1, 0x6bcf, 0x7c10, 
	0x73cf, 0x53b1, 0x53d1, 0x53d1, 0x53d1, 0x53d1, 0x53d1, 0x53d1, 0x53d1, 0x53d1, 0x53d1, 0x53d1, 0x53d1, 0x53d1, 0x53d1, 0x53d1, 
	0x53d1, 0x53d1, 0x53d1, 0x53d1, 0x53d1, 0x53d1, 0x53d1, 0x53d1, 0x53d1, 0x53d1, 0x53d1, 0x53d1, 0x53d1, 0x53d1, 0x53d1, 0x53d1, 
	0x53d1, 0x53d1, 0x53d1, 0x53d1, 0x53d1, 0x53d1, 0x53d2, 0x53d2, 0x53d2, 0x53d2, 0x53d2, 0x53f2, 0x53f2, 0x53f2, 0x53f2, 0x53f2, 
	0x53f2, 0x53f2, 0x53f2, 0x53f2, 0x53f2, 0x53f2, 0x53f2, 0x53f2, 0x53f2, 0x53f2, 0x53f2, 0x53f2, 0x53f2, 0x53f2, 0x4b6f, 0x1104, 
	0x31a4, 0x9ba4, 0xac04, 0xd4e5, 0xd505, 0xd564, 0xd564, 0xd564, 0xd564, 0xd564, 0xd564, 0xd564, 0xbca4, 0x9ba3, 0x9ba3, 0x9bc3, 
	0x5a64, 0x1104, 0x1104, 0x1104, 0x3aac, 0x53f2, 0x5bf2, 0x53f2, 0x53f2, 0x53f2, 0x53f2, 0x53f2, 0x53f2, 0x53f2, 0x53f2, 0x53f2, 
	0x53f2, 0x53f2, 0x53f2, 0x53f2, 0x53f2, 0x53f2, 0x53f2, 0x53f2, 0x53f2, 0x53f2, 0x53f2, 0x53f2, 0x53f2, 0x53f2, 0x53f2, 0x53f2, 
	0x53f2, 0x53f2, 0x53f2, 0x53f2, 0x53f2, 0x53d2, 0x53d2, 0x53d2, 0x53d2, 0x53d1, 0x53d1, 0x53d1, 0x53d1, 0x53d1, 0x53d1, 0x53d1, 
	0x53d1, 0x53d1, 0x53d1, 0x53d1, 0x53d1, 0x53d1, 0x53d1, 0x53d1, 0x53d1, 0x53d1, 0x53d1, 0x53d1, 0x53d1, 0x53d1, 0x53d1, 0x53d1, 
	0x53d1, 0x53d1, 0x53d1, 0x53d1, 0x53d1, 0x53d1, 0x53d1, 0x53d1, 0x53d1, 0x53d1, 0x53d1, 0x53d1, 0x53d1, 0x53d1, 0x6bcf, 0x8410, 
	0x73cf, 0x53b1, 0x53d1, 0x53d1, 0x53d1, 0x53d1, 0x53d1, 0x53d1, 0x53d1, 0x53d1, 0x53d1, 0x53d1, 0x53d1, 0x53d1, 0x53d1, 0x53d1, 
	0x53d1, 0x53d1, 0x53d1, 0x53d1, 0x53d1, 0x53d1, 0x53d1, 0x53d1, 0x53d1, 0x53d1, 0x53d1, 0x53d1, 0x53d1, 0x53d1, 0x53d1, 0x53d1, 
	0x53d1, 0x53d1, 0x53d1, 0x53d1, 0x53d1, 0x53d1, 0x53d1, 0x53d1, 0x53d1, 0x53d1, 0x53d1, 0x53d1, 0x53f1, 0x53f1, 0x53f1, 0x53f2, 
	0x53f2, 0x53f2, 0x53f2, 0x53f2, 0x53f2, 0x53f2, 0x53f2, 0x53f2, 0x53f2, 0x53f2, 0x53f2, 0x53f2, 0x53f2, 0x53f2, 0x432e, 0x0000, 
	0x3121, 0xd4e5, 0xd504, 0xd564, 0xd564, 0xd584, 0xd584, 0xd584, 0xd584, 0xd584, 0xd584, 0xd584, 0xd545, 0xd4e5, 0xd505, 0xd505, 
	0x6a82, 0x0000, 0x0000, 0x0000, 0x324a, 0x5bf2, 0x5bf2, 0x5bf2, 0x5bf2, 0x5bf2, 0x5bf2, 0x5bf2, 0x5bf2, 0x5bf2, 0x5bf2, 0x5bf2, 
	0x5bf2, 0x53f2, 0x53f2, 0x53f2, 0x53f2, 0x53f2, 0x53f2, 0x53f2, 0x53f2, 0x53f2, 0x53f2, 0x53f2, 0x53f2, 0x53f2, 0x53f2, 0x53f2, 
	0x53f2, 0x53f1, 0x53f1, 0x53f1, 0x53d1, 0x53d1, 0x53d1, 0x53d1, 0x53d1, 0x53d1, 0x53d1, 0x53d1, 0x53d1, 0x53d1, 0x53d1, 0x53d1, 
	0x53d1, 0x53d1, 0x53d1, 0x53d1, 0x53d1, 0x53d1, 0x53d1, 0x53d1, 0x53d1, 0x53d1, 0x53d1, 0x53d1, 0x53d1, 0x53d1, 0x53d1, 0x53d1, 
	0x53d1, 0x53d1, 0x53d1, 0x53d1, 0x53d1, 0x53d1, 0x53d1, 0x53d1, 0x53d1, 0x53d1, 0x53d1, 0x53d1, 0x53d1, 0x53d1, 0x6bcf, 0x7c10, 
	0x73af, 0x53b1, 0x53b1, 0x53b1, 0x53d1, 0x53d1, 0x53d1, 0x53d1, 0x53d1, 0x53d1, 0x53d1, 0x53d1, 0x53d1, 0x53d1, 0x53d1, 0x53d1, 
	0x53d1, 0x53d1, 0x53d1, 0x53d1, 0x53d1, 0x53d1, 0x53d1, 0x53d1, 0x53d1, 0x53d1, 0x53d1, 0x53d1, 0x53d1, 0x53d1, 0x53d1, 0x53d1, 
	0x53d1, 0x53d1, 0x53d1, 0x53d1, 0x53d1, 0x53d1, 0x53d1, 0x53d1, 0x53d1, 0x53d2, 0x53d2, 0x53d2, 0x53d2, 0x53d2, 0x53d2, 0x53f2, 
	0x53f2, 0x53f2, 0x53f2, 0x53f2, 0x53f2, 0x53f2, 0x53f2, 0x53f2, 0x53f2, 0x53f2, 0x53f2, 0x53f2, 0x53f2, 0x53f1, 0x432e, 0x0000, 
	0x3121, 0xd4e5, 0xd505, 0xd584, 0xd584, 0xd584, 0xd584, 0xd584, 0xd584, 0xd584, 0xd584, 0xd584, 0xd584, 0xd564, 0xd564, 0xd564, 
	0xbce4, 0xa403, 0xa3e4, 0xa3c3, 0x5223, 0x10e4, 0x10e4, 0x10e4, 0x3acd, 0x53f2, 0x53f2, 0x53f2, 0x53f2, 0x53f2, 0x53f2, 0x53f2, 
	0x53f2, 0x53f2, 0x53f2, 0x53f2, 0x53f2, 0x53f2, 0x53f2, 0x53f2, 0x53f2, 0x53f2, 0x53f2, 0x53f2, 0x53f2, 0x53f2, 0x53f2, 0x53f2, 
	0x53f2, 0x53d2, 0x53d2, 0x53d2, 0x53d2, 0x53d2, 0x53d1, 0x53d2, 0x53d1, 0x53d1, 0x53d1, 0x53d1, 0x53d1, 0x53d1, 0x53d1, 0x53d1, 
	0x53d1, 0x53d1, 0x53d1, 0x53d1, 0x53d1, 0x53d1, 0x53d1, 0x53d1, 0x53d1, 0x53d1, 0x53d1, 0x53d1, 0x53d1, 0x53d1, 0x53d1, 0x53d1, 
	0x53d1, 0x53d1, 0x53d1, 0x53d1, 0x53d1, 0x53d1, 0x53d1, 0x53d1, 0x53d1, 0x53d1, 0x53d1, 0x53d1, 0x53b1, 0x53d1, 0x6bcf, 0x8410, 
	0x73af, 0x53b1, 0x53b1, 0x53b1, 0x53b1, 0x53b1, 0x53b1, 0x53d1, 0x53d1, 0x53d1, 0x53d1, 0x53d1, 0x53d1, 0x53d1, 0x53d1, 0x53d1, 
	0x53d1, 0x53d1, 0x53d1, 0x53d1, 0x53d1, 0x53d1, 0x53d1, 0x53d1, 0x53d1, 0x53d1, 0x53d1, 0x53d1, 0x53d1, 0x53d1, 0x53d1, 0x53d1, 
	0x53d1, 0x53d1, 0x53d1, 0x53d1, 0x53d1, 0x53d1, 0x53d1, 0x53d1, 0x53d1, 0x53d1, 0x53d1, 0x53d1, 0x53d1, 0x53d1, 0x53d1, 0x53d1, 
	0x53d1, 0x53f1, 0x53f1, 0x53f1, 0x53f2, 0x53f2, 0x53f2, 0x53f2, 0x53f2, 0x53f2, 0x53f2, 0x53f2, 0x53f2, 0x53f1, 0x432e, 0x0000, 
	0x3121, 0xd4e5, 0xd505, 0xcd84, 0xcd84, 0xcd84, 0xcd84, 0xcd84, 0xcd84, 0xcd84, 0xcd84, 0xcd84, 0xcd84, 0xd584, 0xd584, 0xd584, 
	0xd584, 0xd544, 0xd4e5, 0xd4e4, 0x5a22, 0x0000, 0x0000, 0x0000, 0x3a8b, 0x53f2, 0x5bf2, 0x5bf2, 0x53f2, 0x53f2, 0x53f2, 0x53f2, 
	0x53f2, 0x53f2, 0x53f2, 0x53f2, 0x53f2, 0x53f2, 0x53f2, 0x53f2, 0x53f2, 0x53f2, 0x53f2, 0x53f2, 0x53f1, 0x53f1, 0x53f1, 0x53d1, 
	0x53d1, 0x53d1, 0x53d1, 0x53d1, 0x53d1, 0x53d1, 0x53d1, 0x53d1, 0x53d1, 0x53d1, 0x53d1, 0x53d1, 0x53d1, 0x53d1, 0x53d1, 0x53d1, 
	0x53d1, 0x53d1, 0x53d1, 0x53d1, 0x53d1, 0x53d1, 0x53d1, 0x53d1, 0x53d1, 0x53d1, 0x53d1, 0x53d1, 0x53d1, 0x53d1, 0x53d1, 0x53d1, 
	0x53d1, 0x53d1, 0x53d1, 0x53d1, 0x53d1, 0x53d1, 0x53d1, 0x53d1, 0x53d1, 0x53b1, 0x53b1, 0x53b1, 0x53b1, 0x53d1, 0x6bcf, 0x7c10, 
	0x73af, 0x53b1, 0x53b1, 0x53b1, 0x53b1, 0x53b1, 0x53b1, 0x53b1, 0x53b1, 0x53d1, 0x53d1, 0x53d1, 0x53d1, 0x53d1, 0x53d1, 0x53d1, 
	0x53d1, 0x53d1, 0x53d1, 0x53d1, 0x53d1, 0x53d1, 0x53d1, 0x53d1, 0x53d1, 0x53d1, 0x53d1, 0x53d1, 0x53d1, 0x53d1, 0x53d1, 0x53d1, 
	0x53d1, 0x53d1, 0x53d1, 0x53d1, 0x53d1, 0x53d1, 0x53d1, 0x53d1, 0x53d1, 0x53d1, 0x53d1, 0x53d1, 0x53d1, 0x53d1, 0x53d1, 0x53d2, 
	0x53d2, 0x53d2, 0x53d2, 0x53d2, 0x53f2, 0x53f2, 0x53f2, 0x53f2, 0x53f2, 0x53f1, 0x53f1, 0x53d2, 0x4b6f, 0x10c3, 0x2963, 0xabe4, 
	0xb424, 0xd4e5, 0xa3e3, 0x2100, 0x2100, 0x2100, 0x2100, 0x2100, 0x2100, 0x2100, 0x2100, 0x2100, 0x2100, 0x2100, 0x2100, 0x2100, 
	0x2100, 0x28e0, 0x28e1, 0x28e1, 0x72a2, 0xac04, 0xac04, 0xac04, 0x49e3, 0x10c3, 0x42cd, 0x53f1, 0x53f2, 0x53f2, 0x53f2, 0x53f2, 
	0x53f2, 0x53f2, 0x53f2, 0x53f2, 0x53f2, 0x53f2, 0x53f2, 0x53f2, 0x53f2, 0x53f2, 0x53f2, 0x53f2, 0x53d2, 0x53d2, 0x53d2, 0x53d2, 
	0x53d1, 0x53d2, 0x53d1, 0x53d1, 0x53d1, 0x53d1, 0x53d1, 0x53d1, 0x53d1, 0x53d1, 0x53d1, 0x53d1, 0x53d1, 0x53d1, 0x53d1, 0x53d1, 
	0x53d1, 0x53d1, 0x53d1, 0x53d1, 0x53d1, 0x53d1, 0x53d1, 0x53d1, 0x53d1, 0x53d1, 0x53d1, 0x53d1, 0x53d1, 0x53d1, 0x53d1, 0x53d1, 
	0x53d1, 0x53d1, 0x53d1, 0x53d1, 0x53d1, 0x53d1, 0x53d1, 0x53b1, 0x53b1, 0x53b1, 0x53b1, 0x53b1, 0x53b1, 0x53b1, 0x6baf, 0x8410, 
	0x73af, 0x53b1, 0x53b1, 0x53b1, 0x53b1, 0x53b1, 0x53b1, 0x53b1, 0x53b1, 0x53b1, 0x53b1, 0x53b1, 0x53d1, 0x53d1, 0x53d1, 0x53d1, 
	0x53d1, 0x53d1, 0x53d1, 0x53d1, 0x53d1, 0x53d1, 0x53d1, 0x53d1, 0x53d1, 0x53d1, 0x53d1, 0x53d1, 0x53d1, 0x53d1, 0x53d1, 0x53d1, 
	0x53d1, 0x53d1, 0x53d1, 0x53d1, 0x53d1, 0x53d1, 0x53d1, 0x53d1, 0x53d1, 0x53d1, 0x53d1, 0x53d1, 0x53d1, 0x53d1, 0x53d1, 0x53d1, 
	0x53d1, 0x53d1, 0x53d1, 0x53d1, 0x53d1, 0x53d1, 0x53d1, 0x53f1, 0x53f1, 0x53f2, 0x53f2, 0x53d2, 0x4b4f, 0x0000, 0x0020, 0x20c1, 
	0x20c1, 0x20c1, 0x1880, 0x0000, 0x0000, 0x0000, 0x0000, 0x0000, 0x0000, 0x0000, 0x0000, 0x0000, 0x0000, 0x0000, 0x0000, 0x0000, 
	0x0000, 0x0000, 0x0000, 0x0000, 0x1060, 0x20c1, 0x20c1, 0x20c1, 0x0840, 0x0000, 0x3aac, 0x53f2, 0x53f2, 0x53f2, 0x53f2, 0x53f2, 
	0x53f2, 0x53f2, 0x53f2, 0x53f2, 0x53f2, 0x53f2, 0x53f1, 0x53f1, 0x53f1, 0x53d1, 0x53d1, 0x53d1, 0x53d1, 0x53d1, 0x53d1, 0x53d1, 
	0x53d1, 0x53d1, 0x53d1, 0x53d1, 0x53d1, 0x53d1, 0x53d1, 0x53d1, 0x432e, 0x1904, 0x08a3, 0x08a3, 0x08a3, 0x08a3, 0x08a3, 0x08a3, 
	0x08a3, 0x08a3, 0x29c8, 0x4b70, 0x53d1, 0x53d1, 0x53d1, 0x53d1, 0x53d1, 0x53d1, 0x53d1, 0x53d1, 0x53d1, 0x53d1, 0x53d1, 0x53d1, 
	0x53d1, 0x53d1, 0x53d1, 0x53d1, 0x53b1, 0x53b1, 0x53b1, 0x53b1, 0x53b1, 0x53b1, 0x53b1, 0x53b1, 0x53b1, 0x53b1, 0x6bcf, 0x7c10, 
	0x73af, 0x53b1, 0x53b1, 0x53b1, 0x53b1, 0x53b1, 0x53b1, 0x53b1, 0x53b1, 0x53b1, 0x53b1, 0x53b1, 0x53b1, 0x53b1, 0x53d1, 0x53d1, 
	0x53d1, 0x53d1, 0x53d1, 0x53d1, 0x53d1, 0x53d1, 0x53d1, 0x53d1, 0x53d1, 0x53d1, 0x53d1, 0x53d1, 0x53d1, 0x53d1, 0x53d1, 0x53d1, 
	0x53d1, 0x53d1, 0x53d1, 0x53d1, 0x53d1, 0x53d1, 0x53d1, 0x53d1, 0x53d1, 0x53d1, 0x53d1, 0x53d1, 0x53d1, 0x53d1, 0x53d1, 0x53d1, 
	0x53d1, 0x53d1, 0x53f1, 0x53d1, 0x53f1, 0x53d1, 0x53f1, 0x53d1, 0x4b90, 0x0882, 0x0882, 0x0882, 0x0882, 0x0000, 0x0000, 0x0000, 
	0x0000, 0x0000, 0x1864, 0x61af, 0x6190, 0x6190, 0x6190, 0x6190, 0x6190, 0x6190, 0x6190, 0x6190, 0x6190, 0x6190, 0x6190, 0x6190, 
	0x6190, 0x6190, 0x6190, 0x6190, 0x28a7, 0x0000, 0x0000, 0x0000, 0x0000, 0x0000, 0x0861, 0x0882, 0x0882, 0x0882, 0x0882, 0x0882, 
	0x430e, 0x53d1, 0x53f2, 0x53f2, 0x53f2, 0x53f2, 0x53f2, 0x53d2, 0x53d2, 0x53d2, 0x53d2, 0x53d2, 0x53d1, 0x53d1, 0x53d1, 0x53d1, 
	0x53d1, 0x53d1, 0x53d1, 0x53d1, 0x53d1, 0x53d1, 0x434e, 0x10e4, 0x0862, 0x0000, 0x0000, 0x0000, 0x0000, 0x0000, 0x0000, 0x0000, 
	0x0000, 0x0000, 0x0021, 0x0882, 0x29c8, 0x4b6f, 0x53d1, 0x53d1, 0x53d1, 0x53d1, 0x53d1, 0x53d1, 0x53d1, 0x53d1, 0x53d1, 0x53d1, 
	0x53d1, 0x53d1, 0x53b1, 0x53b1, 0x53b1, 0x53b1, 0x53b1, 0x53b1, 0x53b1, 0x53b1, 0x53b1, 0x53b1, 0x53b1, 0x53b1, 0x6baf, 0x8410, 
	0x73af, 0x53b1, 0x53b1, 0x53b1, 0x53b1, 0x53b1, 0x53b1, 0x53b1, 0x53b1, 0x53b1, 0x53b1, 0x53b1, 0x53b1, 0x53b1, 0x53b1, 0x53b1, 
	0x53d1, 0x53d1, 0x53d1, 0x53d1, 0x53d1, 0x53d1, 0x53d1, 0x53d1, 0x53d1, 0x53d1, 0x53d1, 0x53d1, 0x53d1, 0x53d1, 0x53d1, 0x53d1, 
	0x53d1, 0x53d1, 0x53d1, 0x53d1, 0x53d1, 0x53d1, 0x53d1, 0x53d1, 0x53d1, 0x53d1, 0x53d1, 0x53d1, 0x53d1, 0x53d1, 0x53d1, 0x53d1, 
	0x53d1, 0x53d1, 0x53d1, 0x53d1, 0x53b1, 0x0882, 0x0882, 0x0882, 0x0862, 0x0000, 0x0000, 0x0000, 0x0000, 0x0000, 0x1043, 0x61b0, 
	0x61b0, 0x61b0, 0x61b1, 0x71d2, 0x71f2, 0x71d2, 0x71f2, 0x71f2, 0x71f3, 0x71f3, 0x71f3, 0x71f3, 0x71f3, 0x71f3, 0x71f3, 0x71f3, 
	0x71f3, 0x71f3, 0x71f3, 0x71f3, 0x69d1, 0x61b0, 0x61b0, 0x61b0, 0x2086, 0x0000, 0x0000, 0x0000, 0x0000, 0x0000, 0x0000, 0x0000, 
	0x0861, 0x0882, 0x432e, 0x53d1, 0x53f1, 0x53d1, 0x53d1, 0x53d1, 0x53d1, 0x53d1, 0x53d1, 0x53d1, 0x53d1, 0x53d1, 0x53d1, 0x53d1, 
	0x53d1, 0x53d1, 0x53d1, 0x53d1, 0x53d1, 0x53d1, 0x432e, 0x0862, 0x20e1, 0x9ba4, 0xb424, 0xb424, 0xb424, 0xb424, 0xac24, 0xac24, 
	0xac04, 0xb404, 0x72a3, 0x1080, 0x2166, 0x4b6f, 0x53d1, 0x53d1, 0x53d1, 0x53d1, 0x53d1, 0x53d1, 0x53d1, 0x53d1, 0x53d1, 0x53d1, 
	0x53b1, 0x53b1, 0x53b1, 0x53b1, 0x53b1, 0x53b1, 0x53b1, 0x53b1, 0x53b1, 0x53b1, 0x53b1, 0x53b1, 0x53b1, 0x53b1, 0x6bcf, 0x7c10, 
	0x73af, 0x53b1, 0x53b1, 0x53b1, 0x53b1, 0x53b1, 0x53b1, 0x53b1, 0x53b1, 0x53b1, 0x53b1, 0x53b1, 0x53b1, 0x53b1, 0x53b1, 0x53b1, 
	0x53b1, 0x53b1, 0x53b1, 0x53d1, 0x53d1, 0x53d1, 0x53d1, 0x53d1, 0x53d1, 0x53d1, 0x53d1, 0x53d1, 0x53d1, 0x53d1, 0x53d1, 0x53d1, 
	0x53d1, 0x53d1, 0x53d1, 0x53d1, 0x53d1, 0x53d1, 0x53d1, 0x53d1, 0x53d1, 0x53d1, 0x53d1, 0x53d1, 0x53d1, 0x53d1, 0x53d1, 0x53d1, 
	0x53d1, 0x53d1, 0x53b1, 0x0882, 0x0862, 0x0000, 0x0000, 0x0000, 0x0821, 0x61b0, 0x61b0, 0x61b0, 0x61b0, 0x61b0, 0x61b1, 0x71d2, 
	0x71d2, 0x71d2, 0x71d2, 0x71d2, 0x71d3, 0x71d2, 0x71f3, 0x71f2, 0x71f3, 0x71f2, 0x71f3, 0x71f3, 0x71f3, 0x71f3, 0x71f3, 0x71f3, 
	0x71f3, 0x71f3, 0x71f3, 0x71f3, 0x71f3, 0x71f3, 0x71f2, 0x71d2, 0x69b1, 0x61b0, 0x61b0, 0x61b0, 0x61b0, 0x61b0, 0x61b0, 0x61b0, 
	0x1864, 0x0000, 0x430e, 0x53d1, 0x53f1, 0x53f1, 0x53f1, 0x53d1, 0x53d1, 0x53d1, 0x53d1, 0x53d1, 0x53d1, 0x53d1, 0x53d1, 0x53d1, 
	0x53d1, 0x53d1, 0x53d1, 0x53d1, 0x4b4f, 0x10c4, 0x2922, 0x9bc4, 0xb444, 0xc4a5, 0xccc5, 0xccc5, 0xccc5, 0xccc5, 0xccc5, 0xccc5, 
	0xccc5, 0xcca5, 0xc484, 0xb444, 0x72c3, 0x18c2, 0x29c8, 0x4b6f, 0x53d1, 0x53d1, 0x53d1, 0x53d1, 0x53d1, 0x53b1, 0x53b1, 0x53b1, 
	0x53b1, 0x53b1, 0x53b1, 0x53b1, 0x53b1, 0x53b1, 0x53b1, 0x53b1, 0x53b1, 0x53b1, 0x53b1, 0x53b1, 0x53b1, 0x53b1, 0x6baf, 0x8410, 
	0x73af, 0x53b1, 0x53b1, 0x53b1, 0x53b1, 0x53b1, 0x53b1, 0x53b1, 0x53b1, 0x53b1, 0x53b1, 0x53b1, 0x53b1, 0x53b1, 0x53b1, 0x53b1, 
	0x53b1, 0x53b1, 0x53b1, 0x53b1, 0x53b1, 0x53b1, 0x53d1, 0x53d1, 0x53d1, 0x53d1, 0x53d1, 0x53d1, 0x53d1, 0x53d1, 0x53d1, 0x53d1, 
	0x53d1, 0x53d1, 0x53d1, 0x53d1, 0x53d1, 0x53d1, 0x53d1, 0x53d1, 0x53d1, 0x53d1, 0x53d1, 0x53d1, 0x53d1, 0x53d1, 0x53d1, 0x53d1, 
	0x53b0, 0x0882, 0x0861, 0x0000, 0x0000, 0x61b0, 0x61b1, 0x61b1, 0x61b1, 0x71d2, 0x69d2, 0x71d2, 0x71d2, 0x71d2, 0x71d2, 0x71d2, 
	0x71d2, 0x71d2, 0x71d2, 0x71d2, 0x71d2, 0x71d2, 0x71d2, 0x71d2, 0x71f2, 0x71d2, 0x71f2, 0x71f2, 0x71f2, 0x71f3, 0x71f3, 0x71f3, 
	0x71f3, 0x71f3, 0x71f3, 0x71f2, 0x71f2, 0x71f2, 0x71d2, 0x71f2, 0x71d2, 0x71d2, 0x71d2, 0x71d2, 0x71d2, 0x71d2, 0x71d2, 0x71d2, 
	0x61b1, 0x61b1, 0x18a5, 0x0861, 0x0861, 0x0861, 0x0861, 0x0861, 0x4b6f, 0x53d1, 0x53d1, 0x53d1, 0x53d1, 0x53d1, 0x53d1, 0x53d1, 
	0x53d1, 0x53d1, 0x53d1, 0x53d1, 0x432e, 0x0862, 0x20e1, 0xb424, 0xccc5, 0xcd24, 0xcd44, 0xcd44, 0xcd44, 0xcd44, 0xc544, 0xc544, 
	0xc544, 0xc544, 0xc504, 0xccc4, 0x7ae3, 0x1080, 0x2187, 0x4b6f, 0x53d1, 0x53b1, 0x53b1, 0x53b1, 0x53b1, 0x53b1, 0x53b1, 0x53b1, 
	0x53b1, 0x53b1, 0x53b1, 0x53b1, 0x53b1, 0x53b1, 0x53b1, 0x53b1, 0x53b1, 0x53b1, 0x53b1, 0x53b1, 0x53b1, 0x53b1, 0x6baf, 0x7c10, 
	0x73af, 0x53b1, 0x53b1, 0x53b1, 0x53b1, 0x53b1, 0x53b1, 0x53b1, 0x53b1, 0x53b1, 0x53b1, 0x53b1, 0x53b1, 0x53b1, 0x53b1, 0x53b1, 
	0x53b1, 0x53b1, 0x53b1, 0x53b1, 0x53b1, 0x53b1, 0x53b1, 0x53b1, 0x53b1, 0x53d1, 0x53d1, 0x53d1, 0x53d1, 0x53d1, 0x53d1, 0x53d1, 
	0x53d1, 0x53d1, 0x53d1, 0x53d1, 0x53d1, 0x53d1, 0x53d1, 0x53d1, 0x53d1, 0x53d1, 0x53d1, 0x53d1, 0x53d1, 0x53d1, 0x53b0, 0x08a3, 
	0x0041, 0x0000, 0x0021, 0x61b0, 0x61b1, 0x71d2, 0x69d2, 0x71d2, 0x69d2, 0x71d2, 0x69d2, 0x71d2, 0x69d2, 0x71d2, 0x69d2, 0x71d2, 
	0x71d2, 0x71d2, 0x71d2, 0x71d2, 0x71d2, 0x71d2, 0x71d3, 0x71d2, 0x71d3, 0x71d2, 0x71d3, 0x71f2, 0x71f3, 0x71f2, 0x71f3, 0x71f3, 
	0x71f3, 0x71f3, 0x71f2, 0x71f3, 0x71f2, 0x71d3, 0x71d2, 0x71d3, 0x71d2, 0x71d3, 0x71d2, 0x71d2, 0x71d2, 0x71d2, 0x71d2, 0x71d2, 
	0x71d2, 0x71d3, 0x1864, 0x0000, 0x0000, 0x0000, 0x0000, 0x0000, 0x4b4f, 0x53d1, 0x53d1, 0x53d1, 0x53d1, 0x53d1, 0x53d1, 0x53d1, 
	0x53d1, 0x53d1, 0x4b6f, 0x10a3, 0x20e2, 0xa3e4, 0xbc84, 0xc524, 0xcd44, 0xcd44, 0xcd44, 0xcd44, 0xcd44, 0xcd44, 0xc544, 0xcd44, 
	0xc544, 0xc544, 0xc544, 0xc544, 0xc4e4, 0xbc64, 0x72a3, 0x18a2, 0x21c8, 0x4b6f, 0x53b1, 0x53b1, 0x53b1, 0x53b1, 0x53b1, 0x53b1, 
	0x53b1, 0x53b1, 0x53b1, 0x53b1, 0x53b1, 0x53b1, 0x53b1, 0x53b1, 0x53b1, 0x53b1, 0x53b1, 0x53b1, 0x53b1, 0x53b1, 0x6baf, 0x8410, 
	0x73af, 0x53b1, 0x53b1, 0x53b1, 0x53b1, 0x53b1, 0x53b1, 0x53b1, 0x53b1, 0x53b1, 0x53b1, 0x53b1, 0x53b1, 0x53b1, 0x53b1, 0x53b1, 
	0x53b1, 0x53b1, 0x53b1, 0x53b1, 0x53b1, 0x53b1, 0x53b1, 0x53b1, 0x53b1, 0x53b1, 0x53d1, 0x53d1, 0x53d1, 0x53d1, 0x53d1, 0x53d1, 
	0x53d1, 0x53d1, 0x53d1, 0x53d1, 0x53d1, 0x53d1, 0x53d1, 0x53d1, 0x53d1, 0x53d1, 0x53d1, 0x53d1, 0x53b0, 0x10c3, 0x0041, 0x0000, 
	0x0020, 0x6190, 0x61d1, 0x69d2, 0x69d2, 0x69d2, 0x69d2, 0x69d2, 0x69d2, 0x69d2, 0x69d2, 0x69d2, 0x69d2, 0x69d2, 0x69d2, 0x71d2, 
	0x69d2, 0x71d2, 0x71d2, 0x71d2, 0x71d2, 0x71d2, 0x71d2, 0x71d2, 0x71d2, 0x71d2, 0x71d2, 0x71d2, 0x71d2, 0x71d2, 0x71f2, 0x71d2, 
	0x71d2, 0x71f2, 0x71d2, 0x71d2, 0x71d2, 0x71d2, 0x71d2, 0x71d2, 0x71d2, 0x71d2, 0x71d2, 0x71d2, 0x71d2, 0x71d2, 0x71d2, 0x71d2, 
	0x69d2, 0x71d2, 0x69d1, 0x61d1, 0x69b1, 0x69d1, 0x1043, 0x0000, 0x0021, 0x0041, 0x4b70, 0x53d1, 0x53d1, 0x53d1, 0x53d1, 0x53d1, 
	0x53d1, 0x53d1, 0x4b4f, 0x0862, 0x20c0, 0xb424, 0xccc4, 0xcd44, 0xcd44, 0xcd44, 0xcd44, 0xcd44, 0xcd44, 0xcd44, 0xcd44, 0xcd44, 
	0xcd44, 0xcd44, 0xcd44, 0xcd44, 0xc504, 0xcca4, 0x7ac3, 0x1080, 0x21a7, 0x4b6f, 0x53b1, 0x53b1, 0x53b1, 0x53b1, 0x53b1, 0x53b1, 
	0x53b1, 0x53b1, 0x53b1, 0x53b1, 0x53b1, 0x53b1, 0x53b1, 0x53b1, 0x53b1, 0x53b1, 0x53b1, 0x53b1, 0x53b1, 0x53b1, 0x6baf, 0x7c10, 
	0x73af, 0x53b1, 0x53b1, 0x53b1, 0x53b1, 0x53b1, 0x53b1, 0x53b1, 0x53b1, 0x53b1, 0x53b1, 0x53b1, 0x53b1, 0x53b1, 0x53b1, 0x53b1, 
	0x53b1, 0x53b1, 0x53b1, 0x53b1, 0x53b1, 0x53b1, 0x53b1, 0x53b1, 0x53b1, 0x53b1, 0x53b1, 0x53b1, 0x53d1, 0x53d1, 0x53d1, 0x53d1, 
	0x53d1, 0x53d1, 0x53d1, 0x53d1, 0x53d1, 0x53d1, 0x53d1, 0x53d1, 0x53d1, 0x53b1, 0x4b90, 0x10e4, 0x0041, 0x0000, 0x0021, 0x598f, 
	0x61b1, 0x69d2, 0x69d2, 0x69d2, 0x69d2, 0x69d2, 0x69d2, 0x69d2, 0x69d2, 0x71d2, 0x69d2, 0x71d2, 0x69d2, 0x71d2, 0x69d2, 0x71d2, 
	0x69d2, 0x71d2, 0x69d2, 0x71d2, 0x71d2, 0x71d2, 0x71d2, 0x71d2, 0x71d2, 0x71d2, 0x71d2, 0x71d2, 0x71d3, 0x71d2, 0x71d3, 0x71f2, 
	0x71f2, 0x71d3, 0x71d2, 0x71d3, 0x71d2, 0x71d2, 0x71d2, 0x71d2, 0x71d2, 0x71d2, 0x71d2, 0x71d2, 0x71d2, 0x69d2, 0x71d2, 0x69d2, 
	0x71d2, 0x69d2, 0x71d2, 0x69d2, 0x71d2, 0x69d2, 0x1043, 0x0000, 0x0000, 0x0000, 0x4b4f, 0x53d1, 0x53d1, 0x53d1, 0x53d1, 0x53d1, 
	0x4b70, 0x10a3, 0x18c1, 0xa3e4, 0xbc84, 0xc524, 0xcd44, 0xcd44, 0xcd44, 0xcd44, 0xc544, 0xcd44, 0xc544, 0xc544, 0xc544, 0xc544, 
	0xc544, 0xc544, 0xc544, 0xc544, 0xc544, 0xc504, 0xc484, 0x6a82, 0x1081, 0x29c8, 0x4b6f, 0x53b1, 0x53b1, 0x53b1, 0x53b1, 0x53b1, 
	0x53b1, 0x53b1, 0x53b1, 0x53b1, 0x53b1, 0x53b1, 0x53b1, 0x53b1, 0x53b1, 0x53b1, 0x53b1, 0x53b1, 0x53b1, 0x53b1, 0x6baf, 0x8410, 
	0x73af, 0x53b0, 0x53b1, 0x53b1, 0x53b1, 0x53b1, 0x53b1, 0x53b1, 0x53b1, 0x53b1, 0x53b1, 0x53b1, 0x53b1, 0x53b1, 0x53b1, 0x53b1, 
	0x53b1, 0x53b1, 0x53b1, 0x53b1, 0x53b1, 0x53b1, 0x53b1, 0x53b1, 0x53b1, 0x53b1, 0x53b1, 0x53b1, 0x53b1, 0x53b1, 0x53b1, 0x53d1, 
	0x53d1, 0x53d1, 0x53d1, 0x53d1, 0x53d1, 0x53d1, 0x53d1, 0x53b0, 0x4b70, 0x10e4, 0x0041, 0x0020, 0x0821, 0x596e, 0x61b1, 0x69d2, 
	0x69d2, 0x69d2, 0x69d2, 0x69d2, 0x69d2, 0x69d2, 0x69d2, 0x69d2, 0x69d2, 0x69d2, 0x69d2, 0x69d2, 0x69d2, 0x69d2, 0x69d2, 0x69d2, 
	0x69d2, 0x69d2, 0x69d2, 0x71d2, 0x69d2, 0x71d2, 0x69d2, 0x71d2, 0x71d2, 0x71d2, 0x71d2, 0x71d2, 0x71d2, 0x71d2, 0x71d2, 0x71d2, 
	0x71d2, 0x71d2, 0x71d2, 0x71d2, 0x71d2, 0x71d2, 0x71d2, 0x71d2, 0x71d2, 0x71d2, 0x71d2, 0x69d2, 0x69d2, 0x69d2, 0x69d2, 0x69d2, 
	0x69d2, 0x69d2, 0x69d2, 0x69d2, 0x69d2, 0x71d2, 0x61b1, 0x61b1, 0x61b1, 0x61b1, 0x1063, 0x0841, 0x4b4f, 0x53b1, 0x53d1, 0x53d1, 
	0x4b6f, 0x0862, 0x18a0, 0xb424, 0xccc5, 0xcd24, 0xcd44, 0xcd44, 0xcd44, 0xcd44, 0xcd44, 0xcd44, 0xcd44, 0xcd44, 0xcd44, 0xcd44, 
	0xc544, 0xc544, 0xc544, 0xc544, 0xc544, 0xc504, 0xc4a4, 0x72a2, 0x1060, 0x21a7, 0x4b6f, 0x53b1, 0x53b1, 0x53b1, 0x53b1, 0x53b1, 
	0x53b1, 0x53b1, 0x53b1, 0x53b1, 0x53b1, 0x53b1, 0x53b1, 0x53b1, 0x53b1, 0x53b1, 0x53b1, 0x53b1, 0x53b1, 0x53b0, 0x6baf, 0x7c10, 
	0x73af, 0x53b0, 0x53b1, 0x53b1, 0x53b1, 0x53b1, 0x53b1, 0x53b1, 0x53b1, 0x53b1, 0x53b1, 0x53b1, 0x53b1, 0x53b1, 0x53b1, 0x53b1, 
	0x53b1, 0x53b1, 0x53b1, 0x53b1, 0x53b1, 0x53b1, 0x53b1, 0x53b1, 0x53b1, 0x53b1, 0x53b1, 0x53b1, 0x53b1, 0x53b1, 0x53b1, 0x53b1, 
	0x53d1, 0x53b1, 0x53d1, 0x53d1, 0x53d1, 0x53d1, 0x4b90, 0x1925, 0x0041, 0x0021, 0x0822, 0x516e, 0x61b1, 0x69d2, 0x69d2, 0x69d2, 
	0x69d2, 0x69d2, 0x69d2, 0x69d2, 0x69d2, 0x69d2, 0x69d2, 0x69d2, 0x69d2, 0x69d2, 0x69d2, 0x69d2, 0x69d2, 0x71d2, 0x69d2, 0x71d2, 
	0x69d2, 0x71d2, 0x69d2, 0x71d2, 0x69d2, 0x71d2, 0x69d2, 0x71d2, 0x71d2, 0x71d2, 0x71d2, 0x71d2, 0x71d2, 0x71d2, 0x71d2, 0x71d2, 
	0x71d2, 0x71d2, 0x71d2, 0x71d2, 0x71d2, 0x71d2, 0x71d2, 0x69d2, 0x71d2, 0x69d2, 0x71d2, 0x69d2, 0x71d2, 0x69d2, 0x71d2, 0x69d2, 
	0x71d2, 0x69d2, 0x69d2, 0x69d2, 0x69d2, 0x69d2, 0x69d2, 0x69d2, 0x69d2, 0x69d2, 0x1043, 0x0821, 0x0041, 0x0862, 0x4b6f, 0x53d1, 
	0x4b70, 0x0862, 0x1880, 0xb424, 0xccc4, 0xc544, 0xc544, 0xc544, 0xc544, 0xc544, 0xc544, 0xc544, 0xc544, 0xc544, 0xc544, 0xc544, 
	0xc544, 0xc544, 0xc544, 0xc524, 0xc524, 0xc504, 0xc4a4, 0x72a3, 0x1060, 0x21a7, 0x4b4f, 0x53b1, 0x53b1, 0x53b1, 0x53b1, 0x53b1, 
	0x53b1, 0x53b1, 0x53b1, 0x53b1, 0x53b1, 0x53b1, 0x53b1, 0x53b1, 0x53b1, 0x53b1, 0x53b1, 0x53b1, 0x53b1, 0x53b1, 0x6baf, 0x8410, 
	0x73af, 0x53b0, 0x53b0, 0x53b0, 0x53b0, 0x53b1, 0x53b1, 0x53b1, 0x53b1, 0x53b1, 0x53b1, 0x53b1, 0x53b1, 0x53b1, 0x53b1, 0x53b1, 
	0x53b1, 0x53b1, 0x53b1, 0x53b1, 0x53b1, 0x53b1, 0x53b1, 0x53b1, 0x53b1, 0x53b1, 0x53b1, 0x53b1, 0x53b1, 0x53b1, 0x53b1, 0x53b1, 
	0x53b1, 0x53b1, 0x53b1, 0x53d1, 0x53d1, 0x4b90, 0x4b4f, 0x18e5, 0x0822, 0x514d, 0x61b1, 0x69d2, 0x69d2, 0x69d2, 0x69d2, 0x69d2, 
	0x69d2, 0x69d2, 0x69d2, 0x69d2, 0x69d2, 0x69d2, 0x69d2, 0x69d2, 0x69d2, 0x69d2, 0x69d2, 0x69d2, 0x69d2, 0x69d2, 0x69d2, 0x69d2, 
	0x69d2, 0x69d2, 0x69d2, 0x69d2, 0x69d2, 0x69d2, 0x69d2, 0x69d2, 0x69d2, 0x71d2, 0x69d2, 0x71d2, 0x71d2, 0x71d2, 0x71d2, 0x71d2, 
	0x71d2, 0x71d2, 0x71d2, 0x71d2, 0x71d2, 0x69d2, 0x71d2, 0x69d2, 0x69d2, 0x69d2, 0x69d2, 0x69d2, 0x69d2, 0x69d2, 0x69d2, 0x69d2, 
	0x69d2, 0x69d2, 0x69d2, 0x69d2, 0x69d2, 0x69d2, 0x69d2, 0x69d2, 0x69d2, 0x69d2, 0x61b1, 0x61b1, 0x1043, 0x0842, 0x432e, 0x4b70, 
	0x432e, 0x0862, 0x20e1, 0xb424, 0xccc4, 0xc524, 0xc544, 0xcd44, 0xcd44, 0xcd44, 0xc544, 0xcd44, 0xc544, 0xc544, 0xc544, 0xc544, 
	0xc524, 0xc524, 0xc524, 0xc524, 0xc524, 0xc4e4, 0xc4a4, 0x72a2, 0x1060, 0x21a7, 0x4b4f, 0x53b1, 0x53b1, 0x53b1, 0x53b1, 0x53b1, 
	0x53b1, 0x53b1, 0x53b1, 0x53b1, 0x53b1, 0x53b1, 0x53b1, 0x53b1, 0x53b1, 0x53b1, 0x53b1, 0x53b0, 0x53b0, 0x53b0, 0x6baf, 0x7c10, 
	0x73af, 0x53b0, 0x53b1, 0x53b0, 0x53b1, 0x53b0, 0x53b1, 0x53b1, 0x53b1, 0x53b1, 0x53b1, 0x53b1, 0x53b1, 0x53b1, 0x53b1, 0x53b1, 
	0x53b1, 0x53b1, 0x53b1, 0x53b1, 0x53b1, 0x53b1, 0x53b1, 0x53b1, 0x53b1, 0x53b1, 0x53b1, 0x53b1, 0x53b1, 0x53b1, 0x53b1, 0x53b1, 
	0x53b1, 0x53b1, 0x53d1, 0x53d1, 0x4b90, 0x1945, 0x0862, 0x494d, 0x61b0, 0x69d2, 0x69d2, 0x69d2, 0x69d2, 0x69d2, 0x69d2, 0x69d2, 
	0x69d2, 0x69d2, 0x69d2, 0x69d2, 0x69d2, 0x69d2, 0x69d2, 0x69d2, 0x69d2, 0x69d2, 0x69d2, 0x69d2, 0x69d2, 0x69d2, 0x69d2, 0x69d2, 
	0x69d2, 0x69d2, 0x69d2, 0x71d2, 0x69d2, 0x71d2, 0x69d2, 0x71d2, 0x69d2, 0x71d2, 0x69d2, 0x71d2, 0x69d2, 0x69d2, 0x71d2, 0x71d2, 
	0x71d2, 0x71d2, 0x69d2, 0x69d2, 0x71d2, 0x69d2, 0x71d2, 0x69d2, 0x71d2, 0x69d2, 0x71d2, 0x69d2, 0x71d2, 0x69d2, 0x69d2, 0x69d2, 
	0x69d2, 0x69d2, 0x69d2, 0x69d2, 0x69d2, 0x69d2, 0x69d2, 0x69d2, 0x69d2, 0x69d2, 0x69d2, 0x69d2, 0x61b1, 0x490e, 0x0863, 0x0041, 
	0x0041, 0x1080, 0xa3e4, 0xc4a4, 0xc524, 0xc544, 0xc544, 0xc544, 0xc544, 0xc544, 0xc544, 0xc544, 0xc544, 0xc544, 0xc544, 0xc524, 
	0xc544, 0xc524, 0xc524, 0xc524, 0xc524, 0xc4e4, 0xc4a4, 0x72a3, 0x1060, 0x21a7, 0x4b4f, 0x53b1, 0x53b1, 0x53b1, 0x53b1, 0x53b1, 
	0x53b1, 0x53b1, 0x53b1, 0x53b1, 0x53b1, 0x53b1, 0x53b1, 0x53b1, 0x53b1, 0x53b1, 0x53b1, 0x53b1, 0x53b1, 0x53b1, 0x6baf, 0x8410, 
	0x73af, 0x53b0, 0x53b0, 0x53b0, 0x53b0, 0x53b0, 0x53b0, 0x53b0, 0x53b0, 0x53b0, 0x53b1, 0x53b1, 0x53b1, 0x53b1, 0x53b1, 0x53b1, 
	0x53b1, 0x53b1, 0x53b1, 0x53b1, 0x53b1, 0x53b1, 0x53b1, 0x53b1, 0x53b1, 0x53b1, 0x53b1, 0x53b1, 0x53b1, 0x53b1, 0x53b1, 0x53b1, 
	0x53b1, 0x53b1, 0x53b1, 0x4b6f, 0x432e, 0x1905, 0x1043, 0x516e, 0x69d2, 0x69d2, 0x69d2, 0x69d2, 0x69d2, 0x69d2, 0x69d2, 0x69d2, 
	0x69d2, 0x69d2, 0x69d2, 0x69d2, 0x69d2, 0x69d2, 0x69d2, 0x69d2, 0x69d2, 0x69d2, 0x69d2, 0x69d2, 0x69d2, 0x69d2, 0x69d2, 0x69d2, 
	0x69d2, 0x69d2, 0x69d2, 0x69d2, 0x69d2, 0x69d2, 0x69d2, 0x69d2, 0x69d2, 0x69d2, 0x69d2, 0x69d2, 0x69d2, 0x69d2, 0x69d2, 0x71d2, 
	0x71d2, 0x69d2, 0x69d2, 0x69d2, 0x69d2, 0x69d2, 0x69d2, 0x69d2, 0x69d2, 0x69d2, 0x69d2, 0x69d2, 0x69d2, 0x69d2, 0x69d2, 0x69d2, 
	0x69d2, 0x69d2, 0x69d2, 0x69d2, 0x69d2, 0x69d2, 0x69d2, 0x69d2, 0x69d2, 0x69d2, 0x69d2, 0x69d2, 0x69d2, 0x61b1, 0x1864, 0x0000, 
	0x0000, 0x2901, 0xb424, 0xccc4, 0xc524, 0xcd44, 0xc544, 0xc544, 0xc544, 0xc544, 0xc544, 0xc524, 0xc524, 0xc524, 0xc524, 0xc524, 
	0xc524, 0xc524, 0xc524, 0xc524, 0xc524, 0xc4e4, 0xc4a4, 0x72a2, 0x1060, 0x21a7, 0x4b4f, 0x53b1, 0x53b1, 0x53b1, 0x53b1, 0x53b1, 
	0x53b1, 0x53b1, 0x53b1, 0x53b1, 0x53b1, 0x53b1, 0x53b0, 0x53b0, 0x53b0, 0x53b0, 0x53b0, 0x53b0, 0x53b0, 0x53b0, 0x6baf, 0x7c10, 
	0x73af, 0x5390, 0x4bb0, 0x4bb0, 0x4bb0, 0x53b0, 0x4bb0, 0x53b0, 0x53b1, 0x53b0, 0x53b1, 0x53b1, 0x53b1, 0x53b1, 0x53b1, 0x53b1, 
	0x53b1, 0x53b1, 0x53b1, 0x53b1, 0x53b1, 0x53b1, 0x53b1, 0x53b1, 0x53b1, 0x53b1, 0x53b1, 0x53b1, 0x53b1, 0x53b1, 0x53b1, 0x53b1, 
	0x53b1, 0x53b1, 0x4b90, 0x1966, 0x0862, 0x494c, 0x61b0, 0x69d1, 0x69d2, 0x69d2, 0x69d2, 0x69d2, 0x69d2, 0x69d2, 0x69d2, 0x69d2, 
	0x69d2, 0x69d2, 0x69d2, 0x69d2, 0x69d2, 0x69d2, 0x69d2, 0x69d2, 0x69d2, 0x69d2, 0x69d2, 0x69d2, 0x69d2, 0x69d2, 0x69d2, 0x69d2, 
	0x69d2, 0x69d2, 0x69d2, 0x69d2, 0x69d2, 0x69d2, 0x69d2, 0x69d2, 0x69d2, 0x71d2, 0x69d2, 0x69d2, 0x69d2, 0x69d2, 0x69d2, 0x69d2, 
	0x69d2, 0x69d2, 0x69d2, 0x69d2, 0x69d2, 0x69d2, 0x71d2, 0x69d2, 0x69d2, 0x69d2, 0x69d2, 0x69d2, 0x69d2, 0x69d2, 0x69d2, 0x69d2, 
	0x69d2, 0x69d2, 0x69d2, 0x69d2, 0x69d2, 0x69d2, 0x69d2, 0x69d2, 0x69d2, 0x69d2, 0x69d2, 0x69d2, 0x69d2, 0x69d2, 0x596f, 0x0822, 
	0x1060, 0xa3c4, 0xc4a5, 0xc524, 0xc544, 0xc544, 0xc544, 0xc544, 0xc544, 0xc524, 0xc544, 0xc524, 0xc524, 0xc524, 0xc524, 0xc524, 
	0xc524, 0xc524, 0xc524, 0xc524, 0xc524, 0xc4e4, 0xc4a4, 0x72a3, 0x1060, 0x21a7, 0x4b4f, 0x53b1, 0x53b1, 0x53b1, 0x53b1, 0x53b1, 
	0x53b1, 0x53b1, 0x53b1, 0x53b1, 0x53b1, 0x53b1, 0x53b1, 0x53b0, 0x53b0, 0x53b0, 0x4bb0, 0x4bb0, 0x4bb0, 0x53b0, 0x6baf, 0x8410, 
	0x73af, 0x5390, 0x5390, 0x53b0, 0x53b0, 0x53b0, 0x53b0, 0x53b0, 0x53b0, 0x53b0, 0x53b0, 0x53b0, 0x53b0, 0x53b0, 0x53b0, 0x53b0, 
	0x53b1, 0x53b1, 0x53b1, 0x53b1, 0x53b1, 0x53b1, 0x53b1, 0x53b1, 0x53b1, 0x53b1, 0x53b1, 0x53b1, 0x53b1, 0x53b1, 0x53b1, 0x53b1, 
	0x53b0, 0x4b4f, 0x42ed, 0x2126, 0x1063, 0x516e, 0x69d2, 0x69d2, 0x69d2, 0x69d2, 0x69d2, 0x69d2, 0x69d2, 0x69d2, 0x69d2, 0x69d2, 
	0x69d2, 0x69d2, 0x69d2, 0x69d2, 0x69d2, 0x69d2, 0x69d2, 0x69d2, 0x69d2, 0x69d2, 0x69d2, 0x69d2, 0x69d2, 0x69d2, 0x69d2, 0x69d2, 
	0x69d2, 0x69d2, 0x69d2, 0x69d2, 0x69d2, 0x69d2, 0x69d2, 0x69d2, 0x69d2, 0x69d2, 0x69d2, 0x69d2, 0x69d2, 0x69d2, 0x69d2, 0x69d2, 
	0x69d2, 0x69d2, 0x69d2, 0x69d2, 0x69d2, 0x69d2, 0x69d2, 0x69d2, 0x69d2, 0x69d2, 0x69d2, 0x69d2, 0x69d2, 0x69d2, 0x69d2, 0x69d2, 
	0x69d2, 0x69d2, 0x69d2, 0x69d2, 0x69d2, 0x69d2, 0x69d2, 0x69d2, 0x69d2, 0x69d2, 0x69d2, 0x69d2, 0x69d2, 0x598f, 0x48ec, 0x20c2, 
	0x3121, 0xb444, 0xccc4, 0xc524, 0xc544, 0xc544, 0xc524, 0xc524, 0xc524, 0xc524, 0xc524, 0xc524, 0xc524, 0xc524, 0xc524, 0xc524, 
	0xc524, 0xc524, 0xc524, 0xc524, 0xc524, 0xc4e4, 0xc4a4, 0x72a2, 0x1060, 0x21a7, 0x4b4f, 0x53b1, 0x53b1, 0x53b1, 0x53b1, 0x53b1, 
	0x53b0, 0x53b0, 0x53b0, 0x53b0, 0x53b0, 0x53b0, 0x53b0, 0x53b0, 0x53b0, 0x53b0, 0x53b0, 0x53b0, 0x53b0, 0x53b0, 0x6baf, 0x7c10, 
	0x73af, 0x5390, 0x4b90, 0x4b90, 0x4b90, 0x4bb0, 0x4bb0, 0x4bb0, 0x4bb0, 0x53b0, 0x4bb0, 0x53b0, 0x53b0, 0x53b0, 0x53b1, 0x53b0, 
	0x53b1, 0x53b1, 0x53b1, 0x53b1, 0x53b1, 0x53b1, 0x53b1, 0x53b1, 0x53b1, 0x53b1, 0x53b1, 0x53b1, 0x53b1, 0x53b1, 0x53b1, 0x53b1, 
	0x4b90, 0x2187, 0x0862, 0x412b, 0x6190, 0x69b1, 0x69d2, 0x69d2, 0x69d2, 0x69d2, 0x69d2, 0x69d2, 0x69d2, 0x69d2, 0x69d2, 0x69d2, 
	0x69d2, 0x69d2, 0x69d2, 0x69d2, 0x69d2, 0x69d2, 0x69d2, 0x69d2, 0x69d2, 0x69d2, 0x69d2, 0x69d2, 0x69d2, 0x69d2, 0x69d2, 0x69d2, 
	0x69d2, 0x69d2, 0x69d2, 0x69d2, 0x69d2, 0x69d2, 0x69d2, 0x69d2, 0x69d2, 0x69d2, 0x69d2, 0x69d2, 0x69d2, 0x69d2, 0x69d2, 0x69d2, 
	0x69d2, 0x69d2, 0x69d2, 0x69d2, 0x69d2, 0x69d2, 0x69d2, 0x69d2, 0x69d2, 0x69d2, 0x69d2, 0x69d2, 0x69d2, 0x69d2, 0x69d2, 0x69d2, 
	0x69d2, 0x69d2, 0x69d2, 0x69d2, 0x69d2, 0x69d2, 0x69d2, 0x69d2, 0x69d2, 0x69d2, 0x69d2, 0x69d2, 0x61b1, 0x1043, 0x1061, 0xa3c4, 
	0xb444, 0xc504, 0xc524, 0xc524, 0xc544, 0xc524, 0xc544, 0xc524, 0xc524, 0xc524, 0xc524, 0xc524, 0xc524, 0xc524, 0xc524, 0xc524, 
	0xc524, 0xc524, 0xc524, 0xc524, 0xc524, 0xc4e4, 0xc4a4, 0x72a3, 0x1060, 0x21a7, 0x4b4f, 0x53b1, 0x53b1, 0x53b1, 0x53b1, 0x53b1, 
	0x53b1, 0x53b0, 0x53b0, 0x53b0, 0x53b0, 0x53b0, 0x4bb0, 0x4bb0, 0x4bb0, 0x4bb0, 0x4bb0, 0x4b90, 0x4b90, 0x53b0, 0x6baf, 0x8410, 
	0x73af, 0x5390, 0x4b90, 0x4b90, 0x4b90, 0x4b90, 0x5390, 0x5390, 0x53b0, 0x53b0, 0x53b0, 0x53b0, 0x53b0, 0x53b0, 0x53b0, 0x53b0, 
	0x53b0, 0x53b0, 0x53b0, 0x53b0, 0x53b0, 0x53b1, 0x53b1, 0x53b1, 0x53b1, 0x53b1, 0x53b1, 0x53b1, 0x53b1, 0x53b1, 0x53b1, 0x53b1, 
	0x430e, 0x1905, 0x1043, 0x514d, 0x69d2, 0x69d2, 0x69d2, 0x69d2, 0x69d2, 0x69d2, 0x69d2, 0x69d2, 0x69d2, 0x69d2, 0x69d2, 0x69d2, 
	0x69d2, 0x69d2, 0x69d2, 0x69d2, 0x69d2, 0x69d2, 0x69d2, 0x69d2, 0x69d2, 0x69d2, 0x69d2, 0x69d2, 0x69d2, 0x69d2, 0x69d2, 0x69d2, 
	0x69d2, 0x69d2, 0x69d2, 0x69d2, 0x69d2, 0x69d2, 0x69d2, 0x69d2, 0x69d2, 0x69d2, 0x69d2, 0x69d2, 0x69d2, 0x69d2, 0x69d2, 0x69d2, 
	0x69d2, 0x69d2, 0x69d2, 0x69d2, 0x69d2, 0x69d2, 0x69d2, 0x69d2, 0x69d2, 0x69d2, 0x69d2, 0x69d2, 0x69d2, 0x69d2, 0x69d2, 0x69d2, 
	0x69d2, 0x69d2, 0x69d2, 0x69d2, 0x69d2, 0x69d2, 0x69d2, 0x69d2, 0x69d2, 0x69d2, 0x69d2, 0x598e, 0x48ec, 0x28e2, 0x3121, 0xb464, 
	0xc4c4, 0xc524, 0xc544, 0xc524, 0xc524, 0xc524, 0xc524, 0xc524, 0xc524, 0xc524, 0xc524, 0xc524, 0xc524, 0xc524, 0xc524, 0xc524, 
	0xc524, 0xc524, 0xc524, 0xc524, 0xc524, 0xc4e4, 0xc4a4, 0x72a2, 0x1060, 0x2187, 0x4b4f, 0x53b0, 0x53b0, 0x53b0, 0x53b0, 0x53b0, 
	0x53b0, 0x53b0, 0x53b0, 0x53b0, 0x53b0, 0x53b0, 0x53b0, 0x53b0, 0x5390, 0x5390, 0x4b90, 0x4b90, 0x4b90, 0x4b90, 0x6baf, 0x7c10, 
	0x73af, 0x5390, 0x4b90, 0x4b90, 0x4b90, 0x4b90, 0x4b90, 0x4b90, 0x4b90, 0x4bb0, 0x4b90, 0x4bb0, 0x4bb0, 0x4bb0, 0x4bb0, 0x53b0, 
	0x53b0, 0x53b0, 0x53b0, 0x53b0, 0x53b0, 0x53b0, 0x53b1, 0x53b1, 0x53b1, 0x53b1, 0x53b1, 0x53b1, 0x53b1, 0x53b1, 0x53b1, 0x4b90, 
	0x2187, 0x0821, 0x410b, 0x69b1, 0x69d2, 0x69d2, 0x69d2, 0x69d2, 0x69d2, 0x69d2, 0x69d2, 0x69d2, 0x69d2, 0x69d2, 0x69d2, 0x69d2, 
	0x69d2, 0x69d2, 0x69d2, 0x69d2, 0x69d2, 0x69d2, 0x69d2, 0x69d2, 0x69d2, 0x69d2, 0x69d2, 0x69d2, 0x69d2, 0x69d2, 0x69d2, 0x69d2, 
	0x69d2, 0x69d2, 0x69d2, 0x69d2, 0x69d2, 0x69d2, 0x69d2, 0x69d2, 0x69d2, 0x69d2, 0x69d2, 0x69d2, 0x69d2, 0x69d2, 0x69d2, 0x69d2, 
	0x69d2, 0x69d2, 0x69d2, 0x69d2, 0x69d2, 0x69d2, 0x69d2, 0x69d2, 0x69d2, 0x69d2, 0x69d2, 0x69d2, 0x69d2, 0x69d2, 0x69d2, 0x69d2, 
	0x69d2, 0x69d2, 0x69d2, 0x69d2, 0x69d2, 0x69d2, 0x69d2, 0x69d2, 0x69d2, 0x69d2, 0x69d2, 0x1063, 0x1041, 0xa3c4, 0xb444, 0xc504, 
	0xc524, 0xc524, 0xc524, 0xc524, 0xc524, 0xc524, 0xc524, 0xc524, 0xc524, 0xc524, 0xc524, 0xc524, 0xc524, 0xc524, 0xc524, 0xc524, 
	0xc524, 0xc524, 0xc524, 0xc524, 0xc524, 0xc4e4, 0xc4a4, 0x72a3, 0x1060, 0x21a7, 0x4b4f, 0x53b0, 0x53b0, 0x53b0, 0x53b0, 0x53b0, 
	0x4bb0, 0x53b0, 0x4bb0, 0x4bb0, 0x4bb0, 0x4b90, 0x4bb0, 0x4b90, 0x4b90, 0x4b90, 0x4b90, 0x4b90, 0x4b90, 0x4b90, 0x6baf, 0x8410, 
	0x73af, 0x4b90, 0x4b90, 0x4b90, 0x4b90, 0x4b90, 0x4b90, 0x4b90, 0x4b90, 0x4b90, 0x4b90, 0x5390, 0x53b0, 0x5390, 0x53b0, 0x53b0, 
	0x53b0, 0x53b0, 0x53b0, 0x53b0, 0x53b0, 0x53b0, 0x53b0, 0x53b0, 0x53b0, 0x53b0, 0x53b1, 0x53b1, 0x53b1, 0x53b1, 0x53b0, 0x430d, 
	0x1105, 0x1043, 0x514d, 0x69d2, 0x69d2, 0x69d2, 0x69d2, 0x69d2, 0x69d2, 0x69d2, 0x69d2, 0x69d2, 0x69d2, 0x69d2, 0x69d2, 0x69d2, 
	0x69d2, 0x69d2, 0x516e, 0x514d, 0x514e, 0x516d, 0x516e, 0x516e, 0x516e, 0x516e, 0x69d2, 0x69d2, 0x69d2, 0x69d2, 0x69d2, 0x69d2, 
	0x69d2, 0x69d2, 0x69d2, 0x69d2, 0x69d2, 0x69d2, 0x69d2, 0x69d2, 0x69d2, 0x69d2, 0x69d2, 0x69d2, 0x69d2, 0x69d2, 0x69d2, 0x69d2, 
	0x69d2, 0x69d2, 0x69d2, 0x69d2, 0x69d2, 0x69d2, 0x69d2, 0x69d2, 0x69d2, 0x69d2, 0x69d2, 0x69d2, 0x69d2, 0x69d2, 0x69d2, 0x69d2, 
	0x69d2, 0x69d2, 0x69d2, 0x69d2, 0x69d2, 0x69d2, 0x69d2, 0x69d2, 0x69d2, 0x516e, 0x516e, 0x3122, 0x3141, 0xb464, 0xc4c4, 0xc524, 
	0xc524, 0xc524, 0xc524, 0xc524, 0xc524, 0xc524, 0xc524, 0xc524, 0xc524, 0xc524, 0xc524, 0xc524, 0xc524, 0xc524, 0xc524, 0xc524, 
	0xc524, 0xc524, 0xc524, 0xc504, 0xc504, 0xb464, 0x9ba3, 0x5a64, 0x2124, 0x2a09, 0x4b6f, 0x53b0, 0x53b0, 0x53b0, 0x53b0, 0x53b0, 
	0x53b0, 0x53b0, 0x5390, 0x53b0, 0x5390, 0x4b90, 0x4b90, 0x4b90, 0x4b90, 0x4b90, 0x4b90, 0x4b90, 0x4b90, 0x4b90, 0x6baf, 0x8410, 
	0x73af, 0x4b90, 0x4b90, 0x4b90, 0x4b90, 0x4b90, 0x4b90, 0x4b90, 0x4b90, 0x4b90, 0x4b90, 0x4b90, 0x4b90, 0x4b90, 0x4b90, 0x4bb0, 
	0x4bb0, 0x4bb0, 0x53b0, 0x53b0, 0x53b0, 0x53b0, 0x53b0, 0x53b0, 0x53b0, 0x53b0, 0x53b0, 0x53b0, 0x53b1, 0x53b1, 0x4b90, 0x2187, 
	0x0821, 0x410a, 0x61b1, 0x69d2, 0x69d2, 0x69d2, 0x69d2, 0x69d2, 0x69d2, 0x69d2, 0x69d2, 0x69d2, 0x69d2, 0x69d2, 0x69d2, 0x69d2, 
	0x69d2, 0x61b1, 0x1042, 0x0821, 0x0821, 0x0821, 0x0821, 0x0821, 0x0822, 0x1063, 0x69d2, 0x69d2, 0x69d2, 0x69d2, 0x69d2, 0x69d2, 
	0x69d2, 0x69d2, 0x69d2, 0x69d2, 0x69d2, 0x69d2, 0x69d2, 0x69d2, 0x69d2, 0x69d2, 0x69d2, 0x69d2, 0x69d2, 0x69d2, 0x69d2, 0x69d2, 
	0x69d2, 0x69d2, 0x69d2, 0x69d2, 0x69d2, 0x69d2, 0x69d2, 0x69d2, 0x69d2, 0x69d2, 0x69d2, 0x69d2, 0x69d2, 0x69d2, 0x69d2, 0x69d2, 
	0x69d2, 0x69d2, 0x69d2, 0x69d2, 0x69d2, 0x69d2, 0x69d2, 0x69d2, 0x69d2, 0x1064, 0x0822, 0xa3c4, 0xb424, 0xc504, 0xc524, 0xc524, 
	0xc524, 0xc524, 0xc524, 0xc524, 0xc524, 0xc524, 0xc524, 0xc524, 0xc524, 0xc524, 0xc524, 0xc524, 0xc524, 0xc524, 0xc524, 0xc524, 
	0xc524, 0xc524, 0xc524, 0xc4e4, 0xc4a4, 0x7b03, 0x20e1, 0x29a6, 0x430d, 0x4b70, 0x4b90, 0x53b0, 0x53b0, 0x53b0, 0x53b0, 0x4bb0, 
	0x4bb0, 0x4b90, 0x4b90, 0x4b90, 0x4b90, 0x4b90, 0x4b90, 0x4b90, 0x4b90, 0x4b90, 0x4b90, 0x4b90, 0x4b90, 0x4b90, 0x6baf, 0x8410, 
	0x73af, 0x4b90, 0x4b90, 0x4b90, 0x4b90, 0x4b90, 0x4b90, 0x4b90, 0x4b90, 0x4b90, 0x4b90, 0x4b90, 0x4b90, 0x4b90, 0x4b90, 0x5390, 
	0x5390, 0x5390, 0x53b0, 0x53b0, 0x53b0, 0x53b0, 0x53b0, 0x53b0, 0x53b0, 0x53b0, 0x53b0, 0x53b0, 0x53b0, 0x4b90, 0x42ed, 0x1905, 
	0x1064, 0x514d, 0x69d2, 0x69d2, 0x69d2, 0x69d2, 0x69d2, 0x69d2, 0x69d2, 0x69d2, 0x69d2, 0x69d2, 0x69d2, 0x69d2, 0x69d2, 0x69d1, 
	0x514d, 0x494c, 0x2085, 0x1884, 0x1885, 0x1885, 0x1885, 0x1885, 0x1885, 0x20a6, 0x494d, 0x516e, 0x69d2, 0x69d2, 0x69d2, 0x69d2, 
	0x69d2, 0x69d2, 0x69d2, 0x69d2, 0x69d2, 0x69d2, 0x69d2, 0x69d2, 0x69d2, 0x69d2, 0x69d2, 0x69d2, 0x69d2, 0x69d2, 0x69d2, 0x69d2, 
	0x69d2, 0x69d2, 0x69d2, 0x69d2, 0x69d2, 0x69d2, 0x69d2, 0x69d2, 0x69d2, 0x69d2, 0x69d2, 0x69d2, 0x69d2, 0x69d2, 0x69d2, 0x69d2, 
	0x69d2, 0x69d2, 0x69d2, 0x69d2, 0x69d2, 0x69d2, 0x69d2, 0x516e, 0x514d, 0x3942, 0x3141, 0xb464, 0xc4c4, 0xc524, 0xc524, 0xc524, 
	0xc524, 0xc524, 0xc524, 0xc524, 0xc524, 0xc524, 0xc524, 0xc524, 0xc524, 0xc524, 0xc524, 0xc524, 0xc524, 0xc524, 0xc524, 0xc524, 
	0xc504, 0xc504, 0xc4e4, 0xac44, 0x9383, 0x5a64, 0x2144, 0x2a09, 0x4b4f, 0x53b0, 0x53b0, 0x53b0, 0x53b0, 0x53b0, 0x5390, 0x5390, 
	0x5390, 0x4b90, 0x4b90, 0x4b90, 0x4b90, 0x4b90, 0x4b90, 0x4b90, 0x4b90, 0x4b90, 0x4b90, 0x4b90, 0x4b90, 0x4b90, 0x6baf, 0x8410, 
	0x73af, 0x4b90, 0x4b90, 0x4b90, 0x4b90, 0x4b90, 0x4b90, 0x4b90, 0x4b90, 0x4b90, 0x4b90, 0x4b90, 0x4b90, 0x4b90, 0x4b90, 0x4b90, 
	0x4b90, 0x4b90, 0x4b90, 0x4b90, 0x4b90, 0x4bb0, 0x53b0, 0x53b0, 0x53b0, 0x53b0, 0x53b0, 0x53b0, 0x4bb0, 0x4b90, 0x21a7, 0x0821, 
	0x390a, 0x61b1, 0x69d1, 0x69d1, 0x69d1, 0x69d1, 0x69d2, 0x69d2, 0x69d2, 0x69d2, 0x69d2, 0x69d2, 0x69d2, 0x69d2, 0x69d2, 0x61b1, 
	0x1043, 0x0842, 0x598f, 0x6190, 0x6190, 0x6190, 0x6190, 0x6190, 0x61b0, 0x596e, 0x0822, 0x1864, 0x69d2, 0x69d2, 0x69d2, 0x69d2, 
	0x69d2, 0x69d2, 0x69d2, 0x69d2, 0x69d2, 0x69d2, 0x69d2, 0x69d2, 0x69d2, 0x69d2, 0x69d2, 0x69d2, 0x69d2, 0x69d2, 0x69d2, 0x69d2, 
	0x69d2, 0x69d2, 0x69d2, 0x69d2, 0x69d2, 0x69d2, 0x69d2, 0x69d2, 0x69d2, 0x69d2, 0x69d2, 0x69d2, 0x69d2, 0x69d2, 0x69d2, 0x69d2, 
	0x69d2, 0x69d2, 0x69d2, 0x69d2, 0x69d2, 0x69d2, 0x69d2, 0x1864, 0x0822, 0x9ba4, 0xb424, 0xc504, 0xc524, 0xc524, 0xc524, 0xc524, 
	0xc524, 0xc524, 0xc524, 0xc524, 0xc524, 0xc524, 0xc524, 0xc524, 0xc524, 0xc524, 0xc524, 0xc524, 0xc524, 0xc524, 0xc524, 0xc524, 
	0xc4e4, 0xc4a4, 0xc484, 0x8303, 0x20e1, 0x2986, 0x42ed, 0x4b6f, 0x4b90, 0x4bb0, 0x4bb0, 0x4b90, 0x4b90, 0x4b90, 0x4b90, 0x4b90, 
	0x4b90, 0x4b90, 0x4b90, 0x4b90, 0x4b90, 0x4b90, 0x4b90, 0x4b90, 0x4b90, 0x4b90, 0x4b90, 0x4b90, 0x4b90, 0x4b90, 0x6baf, 0x8410, 
	0x73af, 0x4b90, 0x4b90, 0x4b90, 0x4b90, 0x4b90, 0x4b90, 0x4b90, 0x4b90, 0x4b90, 0x4b90, 0x4b90, 0x4b90, 0x4b90, 0x4b90, 0x4b90, 
	0x4b90, 0x4b90, 0x4b90, 0x4b90, 0x5390, 0x5390, 0x5390, 0x5390, 0x53b0, 0x53b0, 0x53b0, 0x4bb0, 0x4b90, 0x3aed, 0x1104, 0x1864, 
	0x494d, 0x69b1, 0x69b1, 0x69b1, 0x69b1, 0x69b2, 0x69d2, 0x69d2, 0x69d2, 0x69d2, 0x69d2, 0x69d2, 0x69d2, 0x69b1, 0x494d, 0x492c, 
	0x2086, 0x20a6, 0x61b1, 0x69d2, 0x69d2, 0x69d2, 0x69d2, 0x69d2, 0x69d2, 0x61b0, 0x2085, 0x28a6, 0x494c, 0x514d, 0x69d2, 0x69d2, 
	0x69d2, 0x69d2, 0x69d2, 0x69d2, 0x69d2, 0x69d2, 0x69d2, 0x69d2, 0x69d2, 0x69d2, 0x69d2, 0x69d2, 0x69d2, 0x69d2, 0x69d2, 0x69d2, 
	0x69d2, 0x69d2, 0x69d2, 0x69d2, 0x69d2, 0x69d2, 0x69d2, 0x69d2, 0x516e, 0x494c, 0x61b0, 0x69d2, 0x69d2, 0x69d2, 0x69d2, 0x69d2, 
	0x69d2, 0x69d2, 0x69d2, 0x69d2, 0x69d2, 0x514d, 0x492c, 0x4163, 0x3961, 0xb464, 0xc4c4, 0xc524, 0xc524, 0xc524, 0xc524, 0xc524, 
	0xc524, 0xc524, 0xc524, 0xc524, 0xc524, 0xc524, 0xc524, 0xc524, 0xc524, 0xc524, 0xc524, 0xc524, 0xc504, 0xc4e4, 0xc4e4, 0xc4e4, 
	0xc4c4, 0xc484, 0xac04, 0x5a22, 0x18c2, 0x29e9, 0x4b4f, 0x53b0, 0x5390, 0x5390, 0x5390, 0x5390, 0x4b90, 0x4b90, 0x4b90, 0x4b90, 
	0x4b90, 0x4b90, 0x4b90, 0x4b90, 0x4b90, 0x4b90, 0x4b90, 0x4b90, 0x4b90, 0x4b90, 0x4b90, 0x4b90, 0x4b90, 0x4b90, 0x6baf, 0x8410, 
	0x73af, 0x4b90, 0x4b90, 0x4b90, 0x4b90, 0x4b90, 0x4b90, 0x4b90, 0x4b90, 0x4b90, 0x4b90, 0x4b90, 0x4b90, 0x4b90, 0x4b90, 0x4b90, 
	0x4b90, 0x4b90, 0x4b90, 0x4b90, 0x4b90, 0x4b90, 0x4b90, 0x4b90, 0x4b90, 0x4bb0, 0x53b0, 0x4bb0, 0x4b70, 0x21a7, 0x0821, 0x390a, 
	0x61b1, 0x69b1, 0x69b1, 0x69b1, 0x69b1, 0x69b1, 0x69d1, 0x69d1, 0x69d1, 0x69d1, 0x69d1, 0x69d1, 0x69d2, 0x61b1, 0x1064, 0x0842, 
	0x596e, 0x6190, 0x69d2, 0x69d2, 0x69d2, 0x69d2, 0x69d2, 0x69d2, 0x69d2, 0x69d1, 0x6190, 0x516e, 0x0822, 0x1884, 0x69d2, 0x69d2, 
	0x69d2, 0x69d2, 0x69d2, 0x69d2, 0x69d2, 0x69d2, 0x69d2, 0x69d2, 0x69d2, 0x69d2, 0x69d2, 0x69d2, 0x69d2, 0x69d2, 0x69d2, 0x69d2, 
	0x69d2, 0x69d2, 0x69d2, 0x69d2, 0x69d2, 0x69d2, 0x69d2, 0x69d2, 0x28c7, 0x0822, 0x494c, 0x69d2, 0x69d2, 0x69d2, 0x69d2, 0x69d2, 
	0x69d2, 0x69d2, 0x69d2, 0x69d2, 0x69d2, 0x1864, 0x0822, 0x9b84, 0xb424, 0xc504, 0xc524, 0xc524, 0xc524, 0xc524, 0xc524, 0xc524, 
	0xc524, 0xc524, 0xc524, 0xc524, 0xc524, 0xc524, 0xc524, 0xc524, 0xc524, 0xc524, 0xc524, 0xc524, 0xc4e4, 0xc4a4, 0xc484, 0xc484, 
	0xac24, 0x8b43, 0x5a22, 0x1880, 0x1945, 0x430e, 0x4b90, 0x4b90, 0x4b90, 0x4b90, 0x4b90, 0x4b90, 0x4b90, 0x4b90, 0x4b90, 0x4b90, 
	0x4b90, 0x4b90, 0x4b90, 0x4b90, 0x4b90, 0x4b90, 0x4b90, 0x4b90, 0x4b90, 0x4b90, 0x4b90, 0x4b90, 0x4b90, 0x4b90, 0x6baf, 0x8410, 
	0x73af, 0x4b90, 0x4b90, 0x4b90, 0x4b90, 0x4b90, 0x4b90, 0x4b90, 0x4b90, 0x4b90, 0x4b90, 0x4b90, 0x4b90, 0x4b90, 0x4b90, 0x4b90, 
	0x4b90, 0x4b90, 0x4b90, 0x4b90, 0x4b90, 0x4b90, 0x4b90, 0x4b90, 0x4b90, 0x5390, 0x5390, 0x4bb0, 0x4b70, 0x2166, 0x0000, 0x410b, 
	0x69b1, 0x69b1, 0x69b1, 0x69b1, 0x69b1, 0x69b1, 0x69b1, 0x69b1, 0x69b1, 0x69b1, 0x69b1, 0x69b2, 0x69d2, 0x61b1, 0x28c7, 0x28a6, 
	0x61b0, 0x69d2, 0x69d2, 0x69d2, 0x69d2, 0x69d2, 0x69d2, 0x69d2, 0x69d2, 0x69d2, 0x69d2, 0x6190, 0x20a6, 0x30c8, 0x69d2, 0x69d2, 
	0x69d2, 0x69d2, 0x69d2, 0x69d2, 0x69d2, 0x69d2, 0x69d2, 0x69d2, 0x69d2, 0x69d2, 0x69d2, 0x69d2, 0x69d2, 0x69d2, 0x69d2, 0x69d2, 
	0x69d2, 0x69d2, 0x69d2, 0x69d2, 0x69d2, 0x69d2, 0x69d2, 0x69d2, 0x38ea, 0x1865, 0x38e9, 0x412b, 0x6190, 0x69d2, 0x69d2, 0x69d2, 
	0x69d2, 0x69d2, 0x69d2, 0x494d, 0x412c, 0x4183, 0x4181, 0xb444, 0xc4c4, 0xc524, 0xc524, 0xc524, 0xc524, 0xc524, 0xc524, 0xc524, 
	0xc524, 0xc524, 0xc524, 0xc524, 0xc524, 0xc524, 0xc524, 0xc524, 0xc524, 0xc524, 0xc524, 0xc504, 0xc4e4, 0xc484, 0xac04, 0x8323, 
	0x5a22, 0x20c1, 0x10c2, 0x1925, 0x322a, 0x4b4f, 0x5390, 0x4b90, 0x4b90, 0x4b90, 0x4b90, 0x4b90, 0x4b90, 0x4b90, 0x4b90, 0x4b90, 
	0x4b90, 0x4b90, 0x4b90, 0x4b90, 0x4b90, 0x4b90, 0x4b90, 0x4b90, 0x4b90, 0x4b90, 0x4b90, 0x4b90, 0x4b90, 0x4b90, 0x6baf, 0x8410, 
	0x73af, 0x4b90, 0x4b90, 0x4b90, 0x4b90, 0x4b90, 0x4b90, 0x4b90, 0x4b90, 0x4b90, 0x4b90, 0x4b90, 0x4b90, 0x4b90, 0x4b90, 0x4b90, 
	0x4b90, 0x4b90, 0x4b90, 0x4b90, 0x4b90, 0x4b90, 0x4b90, 0x4b90, 0x4b90, 0x4b90, 0x4b90, 0x4b90, 0x4b70, 0x2166, 0x0000, 0x410b, 
	0x69b1, 0x69b1, 0x69b1, 0x69b1, 0x69b1, 0x69b1, 0x69b1, 0x69b1, 0x69b1, 0x69b1, 0x69b1, 0x69b1, 0x69d1, 0x69b1, 0x6190, 0x6190, 
	0x69b1, 0x69d2, 0x69d2, 0x69d2, 0x69d2, 0x69d2, 0x69d2, 0x69d2, 0x69d2, 0x69d2, 0x69d2, 0x69b1, 0x6190, 0x61b0, 0x69d2, 0x69d2, 
	0x69d2, 0x69d2, 0x69d2, 0x69d2, 0x69d2, 0x69d2, 0x69d2, 0x69d2, 0x69d2, 0x69d2, 0x69d2, 0x69d2, 0x69d2, 0x69d2, 0x69d2, 0x69d2, 
	0x69d2, 0x69d2, 0x69d2, 0x69d2, 0x69d2, 0x69d2, 0x69d2, 0x69d2, 0x594f, 0x48ed, 0x2066, 0x0822, 0x494d, 0x69d2, 0x69d2, 0x69d2, 
	0x69d2, 0x69d2, 0x69d2, 0x1885, 0x0822, 0x9364, 0xb424, 0xc4e4, 0xc504, 0xc524, 0xc524, 0xc524, 0xc524, 0xc524, 0xc524, 0xc524, 
	0xc524, 0xc524, 0xc524, 0xc524, 0xc524, 0xc524, 0xc524, 0xc524, 0xc504, 0xc504, 0xc504, 0xc504, 0xc4e4, 0xc484, 0x8b43, 0x28e1, 
	0x0840, 0x0000, 0x1925, 0x42ed, 0x4b6f, 0x4b90, 0x4b90, 0x4b90, 0x4b90, 0x4b90, 0x4b90, 0x4b90, 0x4b90, 0x4b90, 0x4b90, 0x4b90, 
	0x4b90, 0x4b90, 0x4b90, 0x4b90, 0x4b90, 0x4b90, 0x4b90, 0x4b90, 0x4b90, 0x4b90, 0x4b90, 0x4b90, 0x4b90, 0x4b90, 0x6baf, 0x8410, 
	0x73af, 0x4b90, 0x4b90, 0x4b90, 0x4b90, 0x4b90, 0x4b90, 0x4b90, 0x4b90, 0x4b90, 0x4b90, 0x4b90, 0x4b90, 0x4b90, 0x4b90, 0x4b90, 
	0x4b90, 0x4b90, 0x4b90, 0x4b90, 0x4b90, 0x4b90, 0x4b90, 0x4b90, 0x4b90, 0x4b90, 0x4b90, 0x4b90, 0x4b6f, 0x2166, 0x0000, 0x410b, 
	0x69b1, 0x69b1, 0x69b1, 0x69b1, 0x69b1, 0x69b1, 0x69b1, 0x69b1, 0x69b1, 0x69b1, 0x69b1, 0x69b1, 0x69b1, 0x69b1, 0x69b1, 0x69b1, 
	0x69d2, 0x69d2, 0x69d2, 0x69b2, 0x69d2, 0x69d2, 0x69d2, 0x69d2, 0x69d2, 0x69d2, 0x69d2, 0x69d2, 0x69d2, 0x69d2, 0x69d2, 0x69d2, 
	0x69d2, 0x69d2, 0x69d2, 0x69d2, 0x69d2, 0x69d2, 0x69d2, 0x69d2, 0x69d2, 0x69d2, 0x69d2, 0x69d2, 0x69d2, 0x69d2, 0x69d2, 0x69d2, 
	0x69d2, 0x69d2, 0x69d2, 0x69d2, 0x69d2, 0x69d2, 0x69d2, 0x69d2, 0x5950, 0x510f, 0x3089, 0x2066, 0x38e9, 0x412b, 0x6190, 0x69d2, 
	0x69d2, 0x69d2, 0x69d2, 0x30e9, 0x28a7, 0x6a84, 0x7ae3, 0xbca4, 0xc4e4, 0xc524, 0xc524, 0xc524, 0xc524, 0xc524, 0xc524, 0xc524, 
	0xc524, 0xc524, 0xc524, 0xc524, 0xc524, 0xc524, 0xc524, 0xc504, 0xc504, 0xc504, 0xc504, 0xc504, 0xc4e4, 0xc484, 0x9ba4, 0x5202, 
	0x3121, 0x0820, 0x10c3, 0x2a09, 0x3acc, 0x4b70, 0x4b90, 0x4b90, 0x4b90, 0x4b90, 0x4b90, 0x4b90, 0x4b90, 0x4b90, 0x4b90, 0x4b90, 
	0x4b90, 0x4b90, 0x4b90, 0x4b90, 0x4b90, 0x4b90, 0x4b90, 0x4b90, 0x4b90, 0x4b90, 0x4b90, 0x4b90, 0x4b90, 0x4b90, 0x6baf, 0x8410, 
	0x73af, 0x4b90, 0x4b90, 0x4b90, 0x4b90, 0x4b90, 0x4b90, 0x4b90, 0x4b90, 0x4b90, 0x4b90, 0x4b90, 0x4b90, 0x4b90, 0x4b90, 0x4b90, 
	0x4b90, 0x4b90, 0x4b90, 0x4b90, 0x4b90, 0x4b90, 0x4b90, 0x4b90, 0x4b90, 0x4b90, 0x4b90, 0x4b90, 0x4b6f, 0x2166, 0x0000, 0x410b, 
	0x69b1, 0x69b1, 0x69b1, 0x69b1, 0x69b1, 0x69b1, 0x69b1, 0x69b1, 0x69b1, 0x69b1, 0x69b1, 0x69b1, 0x69b1, 0x69b1, 0x69b1, 0x69b1, 
	0x69d1, 0x69d1, 0x69d1, 0x69d1, 0x69d2, 0x69d1, 0x69d2, 0x69d2, 0x69d2, 0x69d2, 0x69d2, 0x69d2, 0x69d2, 0x69d2, 0x69d2, 0x69d2, 
	0x69d2, 0x69d2, 0x69d2, 0x69d2, 0x69d2, 0x69d2, 0x69d2, 0x69d2, 0x69d2, 0x69d2, 0x69d2, 0x69d2, 0x69d2, 0x69d2, 0x69d2, 0x69d2, 
	0x69d2, 0x69d2, 0x69d2, 0x69d2, 0x69d2, 0x69d2, 0x69d2, 0x69d2, 0x6171, 0x5950, 0x510e, 0x48ed, 0x1865, 0x0822, 0x30c8, 0x410b, 
	0x6190, 0x69d2, 0x69d2, 0x61b0, 0x6190, 0x20a3, 0x1080, 0xac04, 0xc4a4, 0xc504, 0xc524, 0xc524, 0xc524, 0xc524, 0xc524, 0xc524, 
	0xc524, 0xc524, 0xc504, 0xc504, 0xc504, 0xc504, 0xc504, 0xc504, 0xc504, 0xc504, 0xc504, 0xc504, 0xbce4, 0xc4c4, 0xbc84, 0xb424, 
	0x8b43, 0x5202, 0x3142, 0x1081, 0x2187, 0x434f, 0x4b90, 0x4b90, 0x4b90, 0x4b90, 0x4b90, 0x4b90, 0x4b90, 0x4b90, 0x4b90, 0x4b90, 
	0x4b90, 0x4b90, 0x4b90, 0x4b90, 0x4b90, 0x4b90, 0x4b90, 0x4b90, 0x4b90, 0x4b90, 0x4b90, 0x4b90, 0x4b90, 0x4b90, 0x6baf, 0x8410, 
	0x73af, 0x4b90, 0x4b90, 0x4b90, 0x4b90, 0x4b90, 0x4b90, 0x4b90, 0x4b90, 0x4b90, 0x4b90, 0x4b90, 0x4b90, 0x4b90, 0x4b90, 0x4b90, 
	0x4b90, 0x4b90, 0x4b90, 0x4b90, 0x4b90, 0x4b90, 0x4b90, 0x4b90, 0x4b90, 0x4b90, 0x4b90, 0x4b90, 0x4b90, 0x324a, 0x10a3, 0x28a6, 
	0x596f, 0x69b1, 0x69b1, 0x69b1, 0x69b1, 0x69b1, 0x69b1, 0x69b1, 0x69b1, 0x69b1, 0x69b1, 0x69b1, 0x69b1, 0x69b1, 0x69b1, 0x69b1, 
	0x69b1, 0x69b1, 0x69b1, 0x69b1, 0x69d2, 0x69d1, 0x69d2, 0x69d2, 0x69d2, 0x69d2, 0x69d2, 0x69d2, 0x69d2, 0x69d2, 0x69d2, 0x69d2, 
	0x69d2, 0x69d2, 0x69d2, 0x69d2, 0x69d2, 0x69d2, 0x69d2, 0x69d2, 0x69d2, 0x69d2, 0x69d2, 0x69d2, 0x69d2, 0x69d2, 0x69d2, 0x69d2, 
	0x69d2, 0x69d2, 0x69d2, 0x69d2, 0x69d2, 0x69d2, 0x69d2, 0x69d2, 0x69b1, 0x69b1, 0x6171, 0x510f, 0x3089, 0x2066, 0x1043, 0x0821, 
	0x30c8, 0x390a, 0x6190, 0x69d1, 0x69d2, 0x30e9, 0x28a7, 0x6a64, 0x72c3, 0xbca4, 0xc4e4, 0xc504, 0xc524, 0xc524, 0xc524, 0xc524, 
	0xc524, 0xc504, 0xc504, 0xc504, 0xc504, 0xc504, 0xc504, 0xc504, 0xc504, 0xc504, 0xbd04, 0xbd04, 0xbd04, 0xbd04, 0xbce4, 0xbcc4, 
	0xbc84, 0xac24, 0x8b43, 0x3961, 0x1904, 0x326b, 0x4b6f, 0x4b90, 0x4b90, 0x4b90, 0x4b90, 0x4b90, 0x4b90, 0x4b90, 0x4b90, 0x4b90, 
	0x4b90, 0x4b90, 0x4b90, 0x4b90, 0x4b90, 0x4b90, 0x4b90, 0x4b90, 0x4b90, 0x4b90, 0x4b90, 0x4b90, 0x4b90, 0x4b90, 0x6baf, 0x8410, 
	0x73af, 0x4b90, 0x4b90, 0x4b90, 0x4b90, 0x4b90, 0x4b90, 0x4b90, 0x4b90, 0x4b90, 0x4b90, 0x4b90, 0x4b90, 0x4b90, 0x4b90, 0x4b90, 
	0x4b90, 0x4b90, 0x4b90, 0x4b90, 0x4b90, 0x4b90, 0x4b90, 0x4b90, 0x4b90, 0x4b90, 0x4b90, 0x4b90, 0x4b90, 0x432f, 0x1946, 0x0822, 
	0x412c, 0x69b1, 0x69b1, 0x69b1, 0x69b1, 0x69b1, 0x69b1, 0x69b1, 0x69b1, 0x69b1, 0x69b1, 0x69b1, 0x69b1, 0x69b1, 0x69b1, 0x69b1, 
	0x69b1, 0x69b1, 0x69b1, 0x69b1, 0x69b1, 0x69b1, 0x69d1, 0x69b1, 0x69d1, 0x69d1, 0x69d1, 0x69d2, 0x69d2, 0x69d2, 0x69d2, 0x69d2, 
	0x69d2, 0x69d2, 0x69d2, 0x69d2, 0x69d2, 0x69d2, 0x69d2, 0x69d2, 0x69d2, 0x69d2, 0x69d2, 0x69d2, 0x69d2, 0x69d2, 0x516e, 0x390a, 
	0x514d, 0x6171, 0x61b1, 0x69d2, 0x69d2, 0x69d2, 0x69d2, 0x69d2, 0x69d2, 0x69d2, 0x69b1, 0x6170, 0x510e, 0x48ed, 0x2888, 0x28a7, 
	0x1043, 0x0821, 0x516e, 0x69d1, 0x69d1, 0x61b0, 0x6190, 0x18a3, 0x1080, 0xac24, 0xc4a5, 0xc504, 0xc524, 0xc504, 0xc504, 0xc504, 
	0xc504, 0xc504, 0xc504, 0xc504, 0xc504, 0xc504, 0xc504, 0xc504, 0xbd04, 0xbd04, 0xbd04, 0xbd04, 0xbd04, 0xbd04, 0xbd04, 0xbd04, 
	0xbce4, 0xbca4, 0xbc44, 0x6aa3, 0x1081, 0x2187, 0x432f, 0x4b90, 0x4b90, 0x4b90, 0x4b90, 0x4b90, 0x4b90, 0x4b90, 0x4b90, 0x4b90, 
	0x4b90, 0x4b90, 0x4b90, 0x4b90, 0x4b90, 0x4b90, 0x4b90, 0x4b90, 0x4b90, 0x4b90, 0x4b90, 0x4b90, 0x4b90, 0x4b90, 0x6baf, 0x83f0, 
	0x73af, 0x4b70, 0x4b90, 0x4b90, 0x4b90, 0x4b90, 0x4b90, 0x4b90, 0x4b90, 0x4b90, 0x4b90, 0x4b90, 0x4b90, 0x4b90, 0x4b90, 0x4b90, 
	0x4b90, 0x4b90, 0x4b90, 0x4b90, 0x4b90, 0x4b90, 0x4b90, 0x4b90, 0x4b90, 0x4b90, 0x4b90, 0x4b90, 0x4b90, 0x4b70, 0x324a, 0x10a3, 
	0x28a6, 0x596f, 0x69b1, 0x69b1, 0x69b1, 0x69b1, 0x69b1, 0x69b1, 0x69b1, 0x69b1, 0x69b1, 0x69b1, 0x69b1, 0x69b1, 0x69b1, 0x69b1, 
	0x69b1, 0x69b1, 0x69b1, 0x69b1, 0x69b1, 0x69b1, 0x69b1, 0x69b1, 0x69b1, 0x69d1, 0x69d2, 0x69d2, 0x69d2, 0x69d2, 0x69d2, 0x69d2, 
	0x69d2, 0x69d2, 0x69d2, 0x69d2, 0x69d2, 0x69d2, 0x69d2, 0x69d2, 0x69d2, 0x69d2, 0x69d2, 0x69d2, 0x69d2, 0x69d2, 0x390a, 0x0821, 
	0x30a8, 0x510f, 0x6170, 0x69d2, 0x69d2, 0x69d2, 0x69d2, 0x69d2, 0x69d2, 0x69d2, 0x69d2, 0x69b1, 0x6170, 0x510f, 0x48ee, 0x512e, 
	0x1043, 0x0000, 0x516e, 0x69b1, 0x69d2, 0x69d2, 0x69d1, 0x30e9, 0x28c7, 0x6263, 0x6a83, 0xbca4, 0xc4e4, 0xc504, 0xc504, 0xc504, 
	0xc504, 0xc504, 0xc504, 0xc504, 0xbd04, 0xbd04, 0xbd04, 0xbd04, 0xbd04, 0xbd04, 0xbd04, 0xbd04, 0xbd04, 0xbd04, 0xbd04, 0xbd04, 
	0xbd04, 0xbce4, 0xbcc4, 0x93a3, 0x6242, 0x41e5, 0x3208, 0x3aac, 0x4b6f, 0x4b90, 0x4b90, 0x4b90, 0x4b90, 0x4b90, 0x4b90, 0x4b90, 
	0x4b90, 0x4b90, 0x4b90, 0x4b90, 0x4b90, 0x4b90, 0x4b90, 0x4b90, 0x4b90, 0x4b90, 0x4b90, 0x4b90, 0x4b90, 0x4b90, 0x6baf, 0x83f0, 
	0x73af, 0x4b90, 0x4b70, 0x4b70, 0x4b90, 0x4b90, 0x4b90, 0x4b90, 0x4b90, 0x4b90, 0x4b90, 0x4b90, 0x4b90, 0x4b90, 0x4b90, 0x4b90, 
	0x4b90, 0x4b90, 0x4b90, 0x4b90, 0x4b90, 0x4b90, 0x4b90, 0x4b90, 0x4b90, 0x4b90, 0x4b90, 0x4b90, 0x4b90, 0x4b90, 0x432e, 0x1925, 
	0x0821, 0x492c, 0x69b1, 0x69b1, 0x69b1, 0x69b1, 0x69b1, 0x69b1, 0x69b1, 0x69b1, 0x69b1, 0x69b1, 0x69b1, 0x69b1, 0x69b1, 0x69b1, 
	0x69b1, 0x69b1, 0x69b1, 0x69b1, 0x69b1, 0x69b1, 0x69b1, 0x69b1, 0x69b1, 0x69b1, 0x69d1, 0x69b1, 0x69d1, 0x69d1, 0x69d1, 0x69d1, 
	0x69d2, 0x69d2, 0x69d2, 0x69d2, 0x69d2, 0x69d2, 0x69d2, 0x69d2, 0x69d2, 0x69d2, 0x69d2, 0x69d2, 0x69d2, 0x69d2, 0x38e9, 0x0000, 
	0x2887, 0x510f, 0x6170, 0x69d2, 0x69d2, 0x69d2, 0x69d2, 0x69d2, 0x69d2, 0x69d2, 0x69d2, 0x69d2, 0x69b1, 0x6170, 0x510f, 0x510f, 
	0x1043, 0x0000, 0x516e, 0x69b1, 0x69b1, 0x69b1, 0x69b1, 0x6190, 0x6190, 0x1882, 0x1060, 0xac24, 0xc4a4, 0xc504, 0xc504, 0xc504, 
	0xc504, 0xc504, 0xc504, 0xc504, 0xbd04, 0xbd04, 0xbd04, 0xbd04, 0xbd04, 0xbd04, 0xbd04, 0xbd04, 0xbd04, 0xbd04, 0xbd04, 0xbd04, 
	0xbd04, 0xbd04, 0xbce4, 0xb4a4, 0xac24, 0x6a83, 0x18a2, 0x21a7, 0x432e, 0x4b90, 0x4b90, 0x4b90, 0x4b90, 0x4b90, 0x4b90, 0x4b90, 
	0x4b90, 0x4b90, 0x4b90, 0x4b90, 0x4b90, 0x4b90, 0x4b90, 0x4b90, 0x4b90, 0x4b90, 0x4b90, 0x4b90, 0x4b70, 0x4b90, 0x6baf, 0x83f0, 
	0x73af, 0x4b70, 0x4b70, 0x4b70, 0x4b70, 0x4b90, 0x4b70, 0x4b90, 0x4b90, 0x4b90, 0x4b90, 0x4b90, 0x4b90, 0x4b90, 0x4b90, 0x4b90, 
	0x4b90, 0x4b90, 0x4b90, 0x4b90, 0x4b90, 0x4b90, 0x4b90, 0x4b90, 0x4b90, 0x4b90, 0x4b90, 0x4b90, 0x4b90, 0x4b90, 0x4b70, 0x324a, 
	0x10a3, 0x20a6, 0x596e, 0x69b1, 0x69b1, 0x69b1, 0x69b1, 0x69b1, 0x69b1, 0x69b1, 0x69b1, 0x69b1, 0x69b1, 0x69b1, 0x69b1, 0x69b1, 
	0x69b1, 0x69b1, 0x69b1, 0x69b1, 0x69b1, 0x69b1, 0x69b1, 0x69b1, 0x69b1, 0x69b1, 0x69b1, 0x69b1, 0x69b1, 0x69b1, 0x69d2, 0x69d1, 
	0x69d2, 0x69d2, 0x69d2, 0x69d2, 0x69d2, 0x69d2, 0x69d2, 0x69d2, 0x69d2, 0x69d2, 0x69d2, 0x69d2, 0x69d2, 0x69d2, 0x38e9, 0x0000, 
	0x2887, 0x510f, 0x6170, 0x69d2, 0x69d2, 0x69d2, 0x69d2, 0x69d2, 0x69d2, 0x69d2, 0x69d2, 0x69d2, 0x6191, 0x5950, 0x38ca, 0x2888, 
	0x30c8, 0x30c8, 0x598f, 0x69b1, 0x69b1, 0x69b1, 0x69b1, 0x69b1, 0x69d1, 0x38e9, 0x30c8, 0x6243, 0x6a83, 0xb484, 0xc4c4, 0xc504, 
	0xbd04, 0xbd04, 0xbd04, 0xbd04, 0xbd04, 0xbd04, 0xbd04, 0xbd04, 0xbd04, 0xbd04, 0xbd04, 0xbd04, 0xbd04, 0xbd04, 0xbd04, 0xbd04, 
	0xbd04, 0xbd04, 0xbd04, 0xbce4, 0xbcc4, 0x93a3, 0x6242, 0x4205, 0x29e8, 0x3aac, 0x4b6f, 0x4b90, 0x4b90, 0x4b90, 0x4b90, 0x4b90, 
	0x4b90, 0x4b90, 0x4b90, 0x4b90, 0x4b90, 0x4b90, 0x4b90, 0x4b90, 0x4b90, 0x4b70, 0x4b90, 0x4b70, 0x4b70, 0x4b70, 0x6baf, 0x8410, 
	0x73af, 0x4b70, 0x4b70, 0x4b70, 0x4b70, 0x4b70, 0x4b90, 0x4b70, 0x4b90, 0x4b70, 0x4b90, 0x4b90, 0x4b90, 0x4b90, 0x4b90, 0x4b90, 
	0x4b90, 0x4b90, 0x4b90, 0x4b90, 0x4b90, 0x4b90, 0x4b90, 0x4b90, 0x4b90, 0x4b90, 0x4b90, 0x4b90, 0x4b90, 0x4b90, 0x4b90, 0x432e, 
	0x1925, 0x0821, 0x492c, 0x69b1, 0x61b1, 0x69b1, 0x69b1, 0x69b1, 0x69b1, 0x69b1, 0x69b1, 0x69b1, 0x69b1, 0x69b1, 0x69b1, 0x69b1, 
	0x69b1, 0x69b1, 0x69b1, 0x69b1, 0x69b1, 0x69b1, 0x69b1, 0x69b1, 0x69b1, 0x69b1, 0x69b1, 0x69b1, 0x69b1, 0x69b1, 0x69b1, 0x69b1, 
	0x69d1, 0x69d1, 0x69d1, 0x69d1, 0x69d1, 0x69d2, 0x69d2, 0x69d2, 0x69d2, 0x69d2, 0x69d2, 0x69d2, 0x69d2, 0x69d2, 0x38e9, 0x0000, 
	0x2887, 0x510f, 0x6170, 0x69d2, 0x69d2, 0x69d2, 0x69d2, 0x69d2, 0x69d2, 0x69d2, 0x69d2, 0x6191, 0x592f, 0x510f, 0x1865, 0x0821, 
	0x492c, 0x5990, 0x69b1, 0x69b1, 0x69b1, 0x69b1, 0x69b1, 0x69b1, 0x69b1, 0x6190, 0x6190, 0x1882, 0x1080, 0xac04, 0xc484, 0xbd04, 
	0xbd04, 0xbd04, 0xbd04, 0xbd04, 0xbd04, 0xbd04, 0xbd04, 0xbd04, 0xbd04, 0xbd04, 0xbd04, 0xbd04, 0xbd04, 0xbd04, 0xbd04, 0xbd04, 
	0xbd04, 0xbd04, 0xbd04, 0xbce4, 0xbce4, 0xb484, 0xac24, 0x6a63, 0x18a1, 0x21a8, 0x432f, 0x4b90, 0x4b90, 0x4b90, 0x4b90, 0x4b90, 
	0x4b90, 0x4b90, 0x4b90, 0x4b90, 0x4b90, 0x4b90, 0x4b70, 0x4b90, 0x4b70, 0x4b90, 0x4b70, 0x4b70, 0x4b70, 0x4b70, 0x6baf, 0x83f0, 
	0x73af, 0x4b70, 0x4b70, 0x4b70, 0x4b70, 0x4b70, 0x4b70, 0x4b70, 0x4b70, 0x4b90, 0x4b70, 0x4b90, 0x4b90, 0x4b90, 0x4b90, 0x4b90, 
	0x4b90, 0x4b90, 0x4b90, 0x4b90, 0x4b90, 0x4b90, 0x4b90, 0x4b90, 0x4b90, 0x4b90, 0x4b90, 0x4b90, 0x4b90, 0x4b90, 0x4b90, 0x4b70, 
	0x324a, 0x10a3, 0x20a6, 0x516e, 0x61b1, 0x69b1, 0x69b1, 0x69b1, 0x69b1, 0x69b1, 0x61b1, 0x69b1, 0x69b1, 0x69b1, 0x69b1, 0x69b1, 
	0x69b1, 0x69b1, 0x69b1, 0x69b1, 0x69b1, 0x69b1, 0x69b1, 0x69b1, 0x69b1, 0x69b1, 0x69b1, 0x69b1, 0x69b1, 0x69b1, 0x69b1, 0x69b1, 
	0x69b1, 0x69b1, 0x69b1, 0x69d1, 0x69d2, 0x69d2, 0x69d2, 0x69d2, 0x69d2, 0x69d2, 0x69d2, 0x69d2, 0x69d2, 0x69b2, 0x38e9, 0x0000, 
	0x2887, 0x510f, 0x6170, 0x69d2, 0x69d2, 0x69d2, 0x69d2, 0x69d2, 0x69d2, 0x69d2, 0x6171, 0x512f, 0x30aa, 0x2887, 0x30c8, 0x30c8, 
	0x598f, 0x69b1, 0x69b1, 0x69b1, 0x69b1, 0x69b1, 0x69b1, 0x69b1, 0x69b1, 0x69b1, 0x69b1, 0x38e9, 0x30e8, 0x5a23, 0x6a63, 0xb484, 
	0xbcc4, 0xbd04, 0xbd04, 0xbd04, 0xbd04, 0xbd04, 0xbd04, 0xbd04, 0xbd04, 0xbd04, 0xbd04, 0xbd04, 0xbd04, 0xbd04, 0xbd04, 0xbd04, 
	0xbd04, 0xbce4, 0xbce4, 0xbce4, 0xbce4, 0xbcc4, 0xbc64, 0x6a82, 0x1060, 0x2187, 0x432e, 0x4b90, 0x4b90, 0x4b90, 0x4b90, 0x4b90, 
	0x4b90, 0x4b90, 0x4b90, 0x4b90, 0x4b90, 0x4b70, 0x4b90, 0x4b70, 0x4b70, 0x4b70, 0x4b70, 0x4b70, 0x4b70, 0x4b70, 0x6baf, 0x8410, 
	0x73af, 0x4b70, 0x4b70, 0x4b70, 0x4b70, 0x4b70, 0x4b70, 0x4b70, 0x4b70, 0x4b70, 0x4b70, 0x4b70, 0x4b90, 0x4b90, 0x4b90, 0x4b90, 
	0x4b90, 0x4b90, 0x4b90, 0x4b90, 0x4b90, 0x4b90, 0x4b90, 0x4b90, 0x4b90, 0x4b90, 0x4b90, 0x4b90, 0x4b90, 0x4b90, 0x4b90, 0x4b90, 
	0x432e, 0x1925, 0x0821, 0x492c, 0x61b1, 0x69b1, 0x61b1, 0x69b1, 0x61b1, 0x69b1, 0x61b1, 0x69b1, 0x69b1, 0x69b1, 0x69b1, 0x69b1, 
	0x69b1, 0x69b1, 0x69b1, 0x69b1, 0x69b1, 0x69b1, 0x69b1, 0x69b1, 0x69b1, 0x69b1, 0x69b1, 0x69b1, 0x69b1, 0x69b1, 0x69b1, 0x69b1, 
	0x69b1, 0x69b1, 0x69b1, 0x69b1, 0x69b1, 0x69d1, 0x69d1, 0x69d1, 0x69d1, 0x69d1, 0x69d2, 0x69d2, 0x69d2, 0x514e, 0x1864, 0x1043, 
	0x38cb, 0x510f, 0x5970, 0x69d2, 0x69d2, 0x69d2, 0x69d1, 0x69d1, 0x69d1, 0x6191, 0x592f, 0x510f, 0x1865, 0x0801, 0x492c, 0x6190, 
	0x69b1, 0x69b1, 0x69b1, 0x69b1, 0x69b1, 0x69b1, 0x69b1, 0x69b1, 0x69b1, 0x69b1, 0x69b1, 0x6190, 0x5990, 0x1882, 0x18a1, 0xac04, 
	0xc484, 0xbce4, 0xbd04, 0xbd04, 0xbd04, 0xbd04, 0xbd04, 0xbd04, 0xbd04, 0xbd04, 0xbd04, 0xbd04, 0xbd04, 0xbd04, 0xbce4, 0xbce4, 
	0xbce4, 0xbce4, 0xbce4, 0xbce4, 0xbce4, 0xbcc4, 0xbc64, 0x6a82, 0x1060, 0x2187, 0x432e, 0x4b90, 0x4b90, 0x4b90, 0x4b90, 0x4b90, 
	0x4b90, 0x4b90, 0x4b90, 0x4b90, 0x4b70, 0x4b70, 0x4b70, 0x4b70, 0x4b70, 0x4b70, 0x4b70, 0x4b70, 0x4b70, 0x4b70, 0x6baf, 0x83f0, 
	0x73af, 0x4b70, 0x4b70, 0x4b70, 0x4b70, 0x4b70, 0x4b70, 0x4b70, 0x4b70, 0x4b70, 0x4b70, 0x4b70, 0x4b70, 0x4b70, 0x4b70, 0x4b90, 
	0x4b90, 0x4b90, 0x4b90, 0x4b90, 0x4b90, 0x4b90, 0x4b90, 0x4b90, 0x4b90, 0x4b90, 0x4b90, 0x4b90, 0x4b90, 0x4b90, 0x4b90, 0x4b90, 
	0x4b70, 0x326b, 0x29c8, 0x2928, 0x30e9, 0x596f, 0x61b1, 0x69b1, 0x61b1, 0x69b1, 0x61b1, 0x69b1, 0x61b1, 0x69b1, 0x61b1, 0x69b1, 
	0x69b1, 0x69b1, 0x69b1, 0x69b1, 0x69b1, 0x69b1, 0x69b1, 0x69b1, 0x69b1, 0x69b1, 0x69b1, 0x69b1, 0x69b1, 0x69b1, 0x69b1, 0x69b1, 
	0x69b1, 0x69b1, 0x69b1, 0x69b1, 0x69b1, 0x69b1, 0x69b1, 0x69b1, 0x69d1, 0x69d1, 0x69d2, 0x69d2, 0x69d2, 0x390a, 0x0000, 0x2066, 
	0x48ee, 0x510f, 0x6170, 0x69d2, 0x69d2, 0x69d2, 0x69d1, 0x69d1, 0x6191, 0x512f, 0x30a9, 0x2887, 0x30c8, 0x30e9, 0x598f, 0x69b1, 
	0x69b1, 0x69b1, 0x69b1, 0x69b1, 0x69b1, 0x69b1, 0x69b1, 0x69b1, 0x69b1, 0x69b1, 0x69b1, 0x69b1, 0x61b1, 0x390a, 0x38e8, 0x5203, 
	0x6263, 0xb464, 0xbcc4, 0xbce4, 0xbd04, 0xbd04, 0xbd04, 0xbd04, 0xbd04, 0xbce4, 0xbd04, 0xbce4, 0xbce4, 0xbce4, 0xbce4, 0xbce4, 
	0xbce4, 0xbce4, 0xbce4, 0xbce4, 0xbce4, 0xbca4, 0xbc64, 0x6a82, 0x1060, 0x2187, 0x432e, 0x4b90, 0x4b90, 0x4b90, 0x4b90, 0x4b90, 
	0x4b90, 0x4b70, 0x4b70, 0x4b70, 0x4b70, 0x4b70, 0x4b70, 0x4b70, 0x4b70, 0x4b70, 0x4b70, 0x4b70, 0x4b70, 0x4b70, 0x6baf, 0x8410, 
	0x73af, 0x4b70, 0x4b70, 0x4b70, 0x4b70, 0x4b70, 0x4b70, 0x4b70, 0x4b70, 0x4b70, 0x4b70, 0x4b70, 0x4b70, 0x4b70, 0x4b70, 0x4b70, 
	0x4b70, 0x4b70, 0x4b90, 0x4b90, 0x4b90, 0x4b90, 0x4b90, 0x4b90, 0x4b90, 0x4b90, 0x4b90, 0x4b90, 0x4b90, 0x4b90, 0x4b90, 0x4b90, 
	0x4b90, 0x4b4f, 0x432e, 0x1905, 0x0822, 0x494d, 0x61b1, 0x69b1, 0x61b1, 0x61b1, 0x61b1, 0x69b1, 0x61b1, 0x69b1, 0x61b1, 0x69b1, 
	0x61b1, 0x69b1, 0x69b1, 0x69b1, 0x69b1, 0x69b1, 0x69b1, 0x69b1, 0x69b1, 0x69b1, 0x69b1, 0x69b1, 0x69b1, 0x69b1, 0x69b1, 0x69b1, 
	0x69b1, 0x69b1, 0x69b1, 0x69b1, 0x69b1, 0x69b1, 0x69b1, 0x69b1, 0x69b1, 0x69d1, 0x69d1, 0x69d1, 0x69d1, 0x38e9, 0x0000, 0x2887, 
	0x510f, 0x592f, 0x6191, 0x69d1, 0x69d1, 0x69d1, 0x6190, 0x5950, 0x512f, 0x510f, 0x1865, 0x0801, 0x412b, 0x6190, 0x61b1, 0x69b1, 
	0x69b1, 0x69b1, 0x69b1, 0x69b1, 0x69b1, 0x69b1, 0x69b1, 0x69b1, 0x69b1, 0x69b1, 0x69b1, 0x69b1, 0x69b1, 0x61b0, 0x598f, 0x1062, 
	0x18c1, 0xac04, 0xbc84, 0xbce4, 0xbd04, 0xbd04, 0xbd04, 0xbd04, 0xbd04, 0xbce4, 0xbce4, 0xbce4, 0xbce4, 0xbce4, 0xbce4, 0xbce4, 
	0xbce4, 0xbce4, 0xbce4, 0xbce4, 0xbce4, 0xbca4, 0xbc64, 0x6a82, 0x1060, 0x2187, 0x432e, 0x4b90, 0x4b90, 0x4b90, 0x4b70, 0x4b70, 
	0x4b70, 0x4b70, 0x4b70, 0x4b70, 0x4b70, 0x4b70, 0x4b70, 0x4b70, 0x4b70, 0x4b70, 0x4b70, 0x4b70, 0x4b70, 0x4b70, 0x6baf, 0x83f0, 
	0x73af, 0x4b6f, 0x4b70, 0x4b6f, 0x4b70, 0x4b6f, 0x4b70, 0x4b70, 0x4b70, 0x4b70, 0x4b70, 0x4b70, 0x4b70, 0x4b70, 0x4b70, 0x4b70, 
	0x4b70, 0x4b70, 0x4b70, 0x4b90, 0x4b90, 0x4b90, 0x4b90, 0x4b90, 0x4b90, 0x4b90, 0x4b90, 0x4b90, 0x4b90, 0x4b90, 0x4b90, 0x4b90, 
	0x4b90, 0x4b90, 0x4b70, 0x326b, 0x29c8, 0x2908, 0x30c8, 0x596f, 0x61b1, 0x61b1, 0x61b1, 0x69b1, 0x61b1, 0x69b1, 0x61b1, 0x69b1, 
	0x61b1, 0x69b1, 0x61b1, 0x69b1, 0x61b1, 0x69b1, 0x69b1, 0x69b1, 0x69b1, 0x69b1, 0x69b1, 0x69b1, 0x69b1, 0x69b1, 0x69b1, 0x69b1, 
	0x69b1, 0x69b1, 0x69b1, 0x69b1, 0x69b1, 0x69b1, 0x69b1, 0x69b1, 0x69b1, 0x69b1, 0x69b1, 0x69b1, 0x69b1, 0x38e9, 0x0000, 0x2887, 
	0x50ef, 0x5950, 0x69b1, 0x69b1, 0x6191, 0x5950, 0x512f, 0x510f, 0x30a9, 0x2086, 0x30c8, 0x38e9, 0x598f, 0x69b1, 0x69b1, 0x69b1, 
	0x69b1, 0x69b1, 0x69b1, 0x69b1, 0x69b1, 0x69b1, 0x69b1, 0x69b1, 0x69b1, 0x69b1, 0x69b1, 0x69b1, 0x69b1, 0x61b1, 0x30e8, 0x0001, 
	0x0820, 0x5a03, 0xb424, 0xbca4, 0xbce4, 0xbce4, 0xbd04, 0xbce4, 0xbce4, 0xbce4, 0xbce4, 0xbce4, 0xbce4, 0xbce4, 0xbce4, 0xbce4, 
	0xbce4, 0xbce4, 0xbce4, 0xbce4, 0xbce4, 0xbca4, 0xbc64, 0x6a82, 0x1060, 0x2187, 0x432e, 0x4b90, 0x4b90, 0x4b70, 0x4b70, 0x4b70, 
	0x4b70, 0x4b70, 0x4b70, 0x4b70, 0x4b70, 0x4b70, 0x4b70, 0x4b70, 0x4b70, 0x4b70, 0x4b6f, 0x4b70, 0x4b6f, 0x4b70, 0x6baf, 0x8410, 
	0x73af, 0x4b70, 0x4b6f, 0x4b6f, 0x4b6f, 0x4b70, 0x4b70, 0x4b70, 0x4b70, 0x4b70, 0x4b70, 0x4b70, 0x4b70, 0x4b70, 0x4b70, 0x4b70, 
	0x4b70, 0x4b70, 0x4b70, 0x4b70, 0x4b70, 0x4b70, 0x4b90, 0x4b90, 0x4b90, 0x4b90, 0x4b90, 0x4b90, 0x4b90, 0x4b90, 0x4b90, 0x4b90, 
	0x4b90, 0x4b90, 0x4b90, 0x4b4f, 0x432e, 0x1905, 0x0822, 0x514d, 0x61b1, 0x61b1, 0x61b1, 0x61b1, 0x61b1, 0x61b1, 0x61b1, 0x69b1, 
	0x61b1, 0x69b1, 0x61b1, 0x69b1, 0x61b1, 0x69b1, 0x61b1, 0x69b1, 0x69b1, 0x69b1, 0x69b1, 0x69b1, 0x69b1, 0x69b1, 0x69b1, 0x69b1, 
	0x69b1, 0x69b1, 0x69b1, 0x69b1, 0x69b1, 0x69b1, 0x69b1, 0x69b1, 0x69b1, 0x69b1, 0x69b1, 0x69b1, 0x69b1, 0x516e, 0x1885, 0x1043, 
	0x38aa, 0x512f, 0x5950, 0x5950, 0x592f, 0x510f, 0x30aa, 0x2067, 0x1023, 0x0001, 0x412b, 0x6190, 0x61b1, 0x69b1, 0x69b1, 0x69b1, 
	0x69b1, 0x69b1, 0x69b1, 0x69b1, 0x69b1, 0x69b1, 0x69b1, 0x69b1, 0x69b1, 0x69b1, 0x61b1, 0x61b1, 0x69b1, 0x61b0, 0x1043, 0x0000, 
	0x0000, 0x18a1, 0xabe4, 0xbc84, 0xbce4, 0xbce4, 0xbce4, 0xbce4, 0xbce4, 0xbce4, 0xbce4, 0xbce4, 0xbce4, 0xbce4, 0xbce4, 0xbce4, 
	0xbce4, 0xbce4, 0xbce4, 0xbce4, 0xbce4, 0xbca4, 0xbc64, 0x6a82, 0x1060, 0x2187, 0x432e, 0x4b70, 0x4b70, 0x4b70, 0x4b70, 0x4b70, 
	0x4b70, 0x4b70, 0x4b70, 0x4b70, 0x4b70, 0x4b70, 0x4b70, 0x4b70, 0x4b70, 0x4b70, 0x4b70, 0x4b6f, 0x4b6f, 0x4b70, 0x6baf, 0x83f0, 
	0x73af, 0x4b6f, 0x4b6f, 0x4b6f, 0x4b6f, 0x4b6f, 0x4b6f, 0x4b6f, 0x4b70, 0x4b6f, 0x4b70, 0x4b6f, 0x4b70, 0x4b70, 0x4b70, 0x4b70, 
	0x4b70, 0x4b70, 0x4b70, 0x4b70, 0x4b70, 0x4b70, 0x4b70, 0x4b70, 0x4b70, 0x4b90, 0x4b90, 0x4b90, 0x4b90, 0x4b90, 0x4b90, 0x4b90, 
	0x4b90, 0x4b90, 0x4b90, 0x4b90, 0x4b70, 0x326b, 0x29e9, 0x2908, 0x30c8, 0x598f, 0x61b1, 0x61b1, 0x61b1, 0x61b1, 0x61b1, 0x69b1, 
	0x61b1, 0x69b1, 0x61b1, 0x69b1, 0x61b1, 0x69b1, 0x61b1, 0x69b1, 0x61b1, 0x69b1, 0x61b1, 0x69b1, 0x69b1, 0x69b1, 0x69b1, 0x69b1, 
	0x69b1, 0x69b1, 0x69b1, 0x69b1, 0x69b1, 0x69b1, 0x69b1, 0x69b1, 0x69b1, 0x69b1, 0x69b1, 0x69b1, 0x69b1, 0x61b1, 0x30e8, 0x0000, 
	0x30c8, 0x592f, 0x510f, 0x510f, 0x38aa, 0x2066, 0x1023, 0x0001, 0x28a6, 0x38ea, 0x596f, 0x69b1, 0x69b1, 0x69b1, 0x69b1, 0x69b1, 
	0x69b1, 0x69b1, 0x69b1, 0x69b1, 0x69b1, 0x69b1, 0x69b1, 0x61b1, 0x61b1, 0x69b1, 0x69b1, 0x61b1, 0x30e8, 0x28c7, 0x29e9, 0x29e9, 
	0x29c8, 0x0861, 0x5202, 0xb424, 0xbca4, 0xbce4, 0xbce4, 0xbce4, 0xbce4, 0xbce4, 0xbce4, 0xbce4, 0xbce4, 0xbce4, 0xbce4, 0xbce4, 
	0xbce4, 0xbce4, 0xbce4, 0xbce4, 0xbce4, 0xbca4, 0xbc64, 0x6a82, 0x1060, 0x2187, 0x432e, 0x4b70, 0x4b70, 0x4b70, 0x4b70, 0x4b70, 
	0x4b70, 0x4b70, 0x4b70, 0x4b70, 0x4b6f, 0x4b70, 0x4b6f, 0x4b6f, 0x4b6f, 0x4b6f, 0x4b6f, 0x4b6f, 0x4b6f, 0x4b6f, 0x6baf, 0x8410, 
	0x73af, 0x4b6f, 0x4b6f, 0x4b6f, 0x4b6f, 0x4b6f, 0x4b6f, 0x4b6f, 0x4b6f, 0x4b6f, 0x4b6f, 0x4b70, 0x4b70, 0x4b70, 0x4b70, 0x4b70, 
	0x4b70, 0x4b70, 0x4b70, 0x4b70, 0x4b70, 0x4b70, 0x4b70, 0x4b70, 0x4b70, 0x4b70, 0x4b70, 0x4b90, 0x4b70, 0x4b90, 0x4b90, 0x4b90, 
	0x4b90, 0x4b90, 0x4b90, 0x4b90, 0x4b90, 0x4b6f, 0x432e, 0x10e4, 0x0021, 0x20a6, 0x28c7, 0x598f, 0x61b1, 0x61b1, 0x61b1, 0x61b1, 
	0x61b1, 0x61b1, 0x61b1, 0x61b1, 0x61b1, 0x69b1, 0x61b1, 0x69b1, 0x61b1, 0x69b1, 0x61b1, 0x69b1, 0x69b1, 0x69b1, 0x69b1, 0x69b1, 
	0x69b1, 0x69b1, 0x69b1, 0x69b1, 0x69b1, 0x69b1, 0x69b1, 0x69b1, 0x69b1, 0x69b1, 0x69b1, 0x69b1, 0x69b1, 0x69b1, 0x516e, 0x390a, 
	0x30e9, 0x2086, 0x2066, 0x2066, 0x1023, 0x0000, 0x20a6, 0x390a, 0x516e, 0x61b0, 0x61b1, 0x69b1, 0x69b1, 0x69b1, 0x69b1, 0x69b1, 
	0x69b1, 0x69b1, 0x69b1, 0x69b1, 0x69b1, 0x61b1, 0x69b1, 0x61b1, 0x61b1, 0x61b1, 0x30c8, 0x28c7, 0x0821, 0x0841, 0x42ed, 0x4b4f, 
	0x430e, 0x0861, 0x20c1, 0xabe4, 0xbc84, 0xbce4, 0xbce4, 0xbce4, 0xbce4, 0xbce4, 0xbce4, 0xbce4, 0xbce4, 0xbce4, 0xbce4, 0xbce4, 
	0xbce4, 0xbce4, 0xbce4, 0xbce4, 0xbce4, 0xbca4, 0xbc64, 0x6a82, 0x1060, 0x2187, 0x432e, 0x4b70, 0x4b70, 0x4b70, 0x4b70, 0x4b70, 
	0x4b70, 0x4b70, 0x4b70, 0x4b70, 0x4b70, 0x4b6f, 0x4b6f, 0x4b6f, 0x4b6f, 0x4b6f, 0x4b6f, 0x4b6f, 0x4b6f, 0x4b70, 0x6baf, 0x83f0, 
	0x73af, 0x4b6f, 0x4b6f, 0x4b6f, 0x4b6f, 0x4b6f, 0x4b6f, 0x4b6f, 0x4b6f, 0x4b6f, 0x4b6f, 0x4b6f, 0x4b6f, 0x4b6f, 0x4b70, 0x4b6f, 
	0x4b70, 0x4b6f, 0x4b70, 0x4b70, 0x4b70, 0x4b70, 0x4b70, 0x4b70, 0x4b70, 0x4b70, 0x4b70, 0x4b70, 0x4b90, 0x4b70, 0x4b90, 0x4b70, 
	0x4b90, 0x4b70, 0x4b90, 0x4b90, 0x4b90, 0x4b90, 0x4b70, 0x326b, 0x29e9, 0x0882, 0x0021, 0x20a6, 0x28c7, 0x5990, 0x61b1, 0x61b1, 
	0x61b1, 0x61b1, 0x61b1, 0x61b1, 0x61b1, 0x69b1, 0x61b1, 0x69b1, 0x61b1, 0x69b1, 0x61b1, 0x69b1, 0x61b1, 0x69b1, 0x61b1, 0x69b1, 
	0x69b1, 0x69b1, 0x69b1, 0x69b1, 0x69b1, 0x69b1, 0x69b1, 0x69b1, 0x69b1, 0x69b1, 0x69b1, 0x69b1, 0x69b1, 0x69b1, 0x61b1, 0x61b0, 
	0x30c8, 0x0000, 0x0000, 0x0000, 0x20a6, 0x390a, 0x516e, 0x61b1, 0x61b1, 0x69b1, 0x69b1, 0x69b1, 0x69b1, 0x69b1, 0x69b1, 0x69b1, 
	0x69b1, 0x61b1, 0x69b1, 0x61b1, 0x69b1, 0x61b1, 0x61b1, 0x61b1, 0x61b1, 0x61b1, 0x1042, 0x0021, 0x29c8, 0x3229, 0x4b6f, 0x4b90, 
	0x432e, 0x0861, 0x1880, 0xa3e4, 0xbc84, 0xbce4, 0xbce4, 0xbce4, 0xbce4, 0xbce4, 0xbce4, 0xbce4, 0xbce4, 0xbce4, 0xbce4, 0xbce4, 
	0xbce4, 0xbce4, 0xbce4, 0xbce4, 0xbce4, 0xbca4, 0xbc64, 0x6a82, 0x1060, 0x2187, 0x432e, 0x4b70, 0x4b70, 0x4b70, 0x4b6f, 0x4b70, 
	0x4b6f, 0x4b6f, 0x4b6f, 0x4b6f, 0x4b6f, 0x4b6f, 0x4b6f, 0x4b6f, 0x4b6f, 0x4b6f, 0x4b6f, 0x4b6f, 0x4b6f, 0x4b6f, 0x6baf, 0x8410, 
	0x73af, 0x4b6f, 0x4b6f, 0x4b6f, 0x4b6f, 0x4b6f, 0x4b6f, 0x4b6f, 0x4b6f, 0x4b6f, 0x4b6f, 0x4b6f, 0x4b6f, 0x4b6f, 0x4b6f, 0x4b6f, 
	0x4b70, 0x4b70, 0x4b70, 0x4b70, 0x4b70, 0x4b70, 0x4b70, 0x4b70, 0x4b70, 0x4b70, 0x4b70, 0x4b70, 0x4b70, 0x4b70, 0x4b70, 0x4b90, 
	0x4b70, 0x4b90, 0x4b70, 0x4b90, 0x4b70, 0x4b90, 0x4b90, 0x4b6f, 0x4b4f, 0x326b, 0x2a09, 0x0862, 0x0021, 0x2086, 0x28c7, 0x6190, 
	0x61b1, 0x61b1, 0x61b1, 0x61b1, 0x61b1, 0x61b1, 0x61b1, 0x61b1, 0x61b1, 0x69b1, 0x61b1, 0x69b1, 0x61b1, 0x69b1, 0x61b1, 0x69b1, 
	0x61b1, 0x69b1, 0x69b1, 0x69b1, 0x69b1, 0x69b1, 0x69b1, 0x69b1, 0x69b1, 0x69b1, 0x69b1, 0x69b1, 0x69b1, 0x69b1, 0x69b1, 0x69b1, 
	0x516e, 0x390a, 0x390a, 0x390a, 0x516e, 0x61b0, 0x61b1, 0x69b1, 0x69b1, 0x69b1, 0x69b1, 0x69b1, 0x69b1, 0x69b1, 0x69b1, 0x61b1, 
	0x69b1, 0x61b1, 0x69b1, 0x61b1, 0x69b1, 0x61b1, 0x61b1, 0x61b1, 0x30c8, 0x28a7, 0x29e9, 0x3229, 0x4b4f, 0x4b6f, 0x4b90, 0x4b90, 
	0x432e, 0x0862, 0x1880, 0xa3e4, 0xbc64, 0xbce4, 0xbce4, 0xbce4, 0xbce4, 0xbce4, 0xbce4, 0xbce4, 0xbce4, 0xbce4, 0xbce4, 0xbce4, 
	0xbce4, 0xbce4, 0xbce4, 0xbce4, 0xbce4, 0xbca4, 0xbc64, 0x6a82, 0x1060, 0x2187, 0x432e, 0x4b70, 0x4b70, 0x4b70, 0x4b70, 0x4b70, 
	0x4b6f, 0x4b6f, 0x4b6f, 0x4b6f, 0x4b6f, 0x4b6f, 0x4b6f, 0x4b6f, 0x4b6f, 0x4b6f, 0x4b6f, 0x4b6f, 0x4b6f, 0x4b6f, 0x6baf, 0x83f0, 
	0x73af, 0x4b6f, 0x4b6f, 0x4b6f, 0x4b6f, 0x4b6f, 0x4b6f, 0x4b6f, 0x4b6f, 0x4b6f, 0x4b6f, 0x4b6f, 0x4b6f, 0x4b6f, 0x4b6f, 0x4b6f, 
	0x4b6f, 0x4b6f, 0x4b6f, 0x4b6f, 0x4b70, 0x4b6f, 0x4b70, 0x4b70, 0x4b70, 0x4b70, 0x4b70, 0x4b70, 0x4b70, 0x4b70, 0x4b70, 0x4b70, 
	0x4b70, 0x4b70, 0x4b90, 0x4b70, 0x4b90, 0x4b70, 0x4b90, 0x4b90, 0x4b90, 0x4b6f, 0x4b4f, 0x324a, 0x2a09, 0x0842, 0x0021, 0x20a6, 
	0x28c7, 0x61b0, 0x61b1, 0x61b1, 0x61b1, 0x61b1, 0x61b1, 0x61b1, 0x61b1, 0x69b1, 0x61b1, 0x69b1, 0x61b1, 0x69b1, 0x61b1, 0x69b1, 
	0x61b1, 0x69b1, 0x61b1, 0x69b1, 0x61b1, 0x69b1, 0x69b1, 0x69b1, 0x69b1, 0x69b1, 0x69b1, 0x69b1, 0x69b1, 0x69b1, 0x69b1, 0x69b1, 
	0x61b1, 0x61b1, 0x61b1, 0x61b1, 0x61b1, 0x69b1, 0x69b1, 0x69b1, 0x69b1, 0x69b1, 0x69b1, 0x61b1, 0x69b1, 0x61b1, 0x69b1, 0x61b1, 
	0x61b1, 0x61b1, 0x61b1, 0x69b1, 0x61b1, 0x61b1, 0x61b1, 0x61b1, 0x1042, 0x0000, 0x430e, 0x4b6f, 0x4b90, 0x4b90, 0x4b90, 0x4b90, 
	0x4b6f, 0x324a, 0x3209, 0x49c3, 0x5a22, 0xac44, 0xbca4, 0xbcc4, 0xbce4, 0xbce4, 0xbce4, 0xbce4, 0xbce4, 0xbce4, 0xbce4, 0xbce4, 
	0xbce4, 0xbce4, 0xbce4, 0xbce4, 0xbcc4, 0xbc84, 0x8b43, 0x3141, 0x1904, 0x3a6b, 0x4b4f, 0x4b6f, 0x4b6f, 0x4b6f, 0x4b6f, 0x4b6f, 
	0x4b6f, 0x4b6f, 0x4b6f, 0x4b6f, 0x4b6f, 0x4b6f, 0x4b6f, 0x4b6f, 0x4b6f, 0x4b6f, 0x4b6f, 0x4b6f, 0x4b6f, 0x4b6f, 0x63af, 0x8410, 
	0x73af, 0x4b6f, 0x4b6f, 0x4b6f, 0x4b6f, 0x4b6f, 0x4b6f, 0x4b6f, 0x4b6f, 0x4b6f, 0x4b6f, 0x4b6f, 0x4b6f, 0x4b6f, 0x4b6f, 0x4b6f, 
	0x4b6f, 0x4b6f, 0x4b6f, 0x4b6f, 0x4b6f, 0x4b6f, 0x4b70, 0x4b70, 0x4b70, 0x4b70, 0x4b70, 0x4b70, 0x4b70, 0x4b70, 0x4b70, 0x4b70, 
	0x4b70, 0x4b70, 0x4b70, 0x4b70, 0x4b70, 0x4b90, 0x4b70, 0x4b90, 0x4b70, 0x4b90, 0x4b70, 0x4b6f, 0x4b6f, 0x324a, 0x2a09, 0x0841, 
	0x0000, 0x20a6, 0x28a6, 0x61b0, 0x61b1, 0x61b1, 0x61b1, 0x61b1, 0x61b1, 0x61b1, 0x61b1, 0x61b1, 0x61b1, 0x61b1, 0x61b1, 0x69b1, 
	0x61b1, 0x69b1, 0x61b1, 0x69b1, 0x61b1, 0x69b1, 0x61b1, 0x69b1, 0x69b1, 0x69b1, 0x69b1, 0x69b1, 0x69b1, 0x69b1, 0x69b1, 0x69b1, 
	0x69b1, 0x69b1, 0x69b1, 0x69b1, 0x69b1, 0x69b1, 0x69b1, 0x69b1, 0x69b1, 0x61b1, 0x69b1, 0x61b1, 0x69b1, 0x61b1, 0x69b1, 0x61b1, 
	0x61b1, 0x61b1, 0x69b1, 0x61b1, 0x30c8, 0x28a6, 0x28a6, 0x28a6, 0x31e9, 0x3229, 0x4b6f, 0x4b90, 0x4b90, 0x4b90, 0x4b90, 0x4b90, 
	0x4b90, 0x4b6f, 0x430d, 0x0882, 0x20c1, 0xa3e4, 0xbc64, 0xbcc4, 0xbce4, 0xbce4, 0xbce4, 0xbce4, 0xbce4, 0xbce4, 0xbce4, 0xbce4, 
	0xbce4, 0xbce4, 0xbcc4, 0xb4c4, 0xbca4, 0xbc64, 0x72a2, 0x1080, 0x2166, 0x430e, 0x4b6f, 0x4b6f, 0x4b6f, 0x4b6f, 0x4b6f, 0x4b6f, 
	0x4b6f, 0x4b6f, 0x4b6f, 0x4b6f, 0x4b6f, 0x4b6f, 0x4b6f, 0x4b6f, 0x4b6f, 0x4b6f, 0x4b6f, 0x4b6f, 0x4b6f, 0x4b6f, 0x6baf, 0x83f0, 
	0x73af, 0x4b6f, 0x4b6f, 0x4b6f, 0x4b6f, 0x4b6f, 0x4b6f, 0x4b6f, 0x4b6f, 0x4b6f, 0x4b6f, 0x4b6f, 0x4b6f, 0x4b6f, 0x4b6f, 0x4b6f, 
	0x4b6f, 0x4b6f, 0x4b6f, 0x4b6f, 0x4b6f, 0x4b6f, 0x4b6f, 0x4b6f, 0x4b6f, 0x4b70, 0x4b70, 0x4b70, 0x4b70, 0x4b70, 0x4b6f, 0x4b70, 
	0x4b70, 0x4b70, 0x4b70, 0x4b70, 0x4b70, 0x4b70, 0x4b70, 0x4b70, 0x4b90, 0x4b70, 0x4b90, 0x4b90, 0x4b70, 0x4b6f, 0x4b6f, 0x324a, 
	0x2a29, 0x0021, 0x0000, 0x20a6, 0x28a7, 0x61b1, 0x61b1, 0x61b1, 0x61b1, 0x61b1, 0x61b1, 0x61b1, 0x61b1, 0x61b1, 0x61b1, 0x69b1, 
	0x61b1, 0x69b1, 0x61b1, 0x69b1, 0x61b1, 0x69b1, 0x61b1, 0x69b1, 0x61b1, 0x69b1, 0x69b1, 0x69b1, 0x69b1, 0x69b1, 0x69b1, 0x69b1, 
	0x69b1, 0x69b1, 0x69b1, 0x69b1, 0x69b1, 0x69b1, 0x61b1, 0x69b1, 0x69b1, 0x61b1, 0x69b1, 0x61b1, 0x61b1, 0x61b1, 0x61b1, 0x69b1, 
	0x69b1, 0x61b1, 0x30e8, 0x28a6, 0x0821, 0x0000, 0x0000, 0x0000, 0x430d, 0x4b70, 0x4b90, 0x4b90, 0x4b90, 0x4b90, 0x4b90, 0x4b90, 
	0x4b90, 0x4b90, 0x4b4f, 0x324a, 0x3208, 0x41a3, 0x5a22, 0xac24, 0xbca4, 0xbcc4, 0xbce4, 0xbce4, 0xbce4, 0xbcc4, 0xbce4, 0xb4c4, 
	0xb4c4, 0xb4c4, 0xb4c4, 0xbc84, 0x8b63, 0x51e2, 0x39c5, 0x3209, 0x3aac, 0x4b4f, 0x4b6f, 0x4b6f, 0x4b6f, 0x4b6f, 0x4b6f, 0x4b6f, 
	0x4b6f, 0x4b6f, 0x4b6f, 0x4b6f, 0x4b6f, 0x4b6f, 0x4b6f, 0x4b6f, 0x4b6f, 0x4b6f, 0x4b6f, 0x4b6f, 0x4b6f, 0x4b6f, 0x63af, 0x8410, 
	0x73af, 0x4b6f, 0x4b6f, 0x4b6f, 0x4b6f, 0x4b6f, 0x4b6f, 0x4b6f, 0x4b6f, 0x4b6f, 0x4b6f, 0x4b6f, 0x4b6f, 0x4b6f, 0x4b6f, 0x4b6f, 
	0x4b6f, 0x4b6f, 0x4b6f, 0x4b6f, 0x4b6f, 0x4b6f, 0x4b6f, 0x4b6f, 0x4b6f, 0x4b6f, 0x4b6f, 0x4b70, 0x4b70, 0x4b70, 0x4b70, 0x4b70, 
	0x4b70, 0x4b70, 0x4b70, 0x4b70, 0x4b70, 0x4b70, 0x4b70, 0x4b70, 0x4b70, 0x4b90, 0x4b70, 0x4b90, 0x4b70, 0x4b90, 0x4b70, 0x4b6f, 
	0x4b6f, 0x324a, 0x3229, 0x0000, 0x0000, 0x20a6, 0x20a6, 0x20a6, 0x28c7, 0x61b1, 0x61b1, 0x69b1, 0x61b1, 0x69b1, 0x61b1, 0x61b1, 
	0x61b1, 0x61b1, 0x61b1, 0x69b1, 0x61b1, 0x69b1, 0x61b1, 0x69b1, 0x61b1, 0x69b1, 0x61b1, 0x69b1, 0x61b1, 0x69b1, 0x69b1, 0x69b1, 
	0x69b1, 0x69b1, 0x69b1, 0x61b1, 0x69b1, 0x61b1, 0x61b1, 0x61b1, 0x69b1, 0x69b1, 0x69b1, 0x69b1, 0x69b1, 0x69b1, 0x69b1, 0x61b1, 
	0x30e9, 0x28a6, 0x0821, 0x0000, 0x29c8, 0x322a, 0x324a, 0x322a, 0x4b4f, 0x4b90, 0x4b90, 0x4b90, 0x4b90, 0x4b90, 0x4b90, 0x4b70, 
	0x4b90, 0x4b70, 0x4b90, 0x4b70, 0x42ed, 0x0862, 0x20e1, 0xa3c4, 0xbc64, 0xbc84, 0xbc84, 0xbc84, 0xbc84, 0xbc84, 0xbc84, 0xbc84, 
	0xbc84, 0xbc84, 0xbc64, 0xbc44, 0x72a3, 0x1080, 0x2166, 0x430e, 0x4b6f, 0x4b6f, 0x4b6f, 0x4b6f, 0x4b6f, 0x4b6f, 0x4b6f, 0x4b6f, 
	0x4b6f, 0x4b6f, 0x4b6f, 0x4b6f, 0x4b6f, 0x4b6f, 0x4b6f, 0x4b6f, 0x4b6f, 0x4b6f, 0x4b6f, 0x4b6f, 0x4b6f, 0x4b6f, 0x6baf, 0x83f0, 
	0x73af, 0x4b4f, 0x4b4f, 0x4b6f, 0x4b6f, 0x4b6f, 0x4b6f, 0x4b6f, 0x4b6f, 0x4b6f, 0x4b6f, 0x4b6f, 0x4b6f, 0x4b6f, 0x4b6f, 0x4b6f, 
	0x4b6f, 0x4b6f, 0x4b6f, 0x4b6f, 0x4b6f, 0x4b6f, 0x4b6f, 0x4b6f, 0x4b6f, 0x4b6f, 0x4b6f, 0x4b6f, 0x4b6f, 0x4b6f, 0x4b6f, 0x4b70, 
	0x4b6f, 0x4b70, 0x4b6f, 0x4b70, 0x4b6f, 0x4b70, 0x4b70, 0x4b70, 0x4b70, 0x4b70, 0x4b70, 0x4b70, 0x4b90, 0x4b70, 0x4b90, 0x4b90, 
	0x4b70, 0x4b6f, 0x4b6f, 0x324a, 0x322a, 0x0000, 0x0000, 0x0000, 0x0000, 0x20a6, 0x20a6, 0x20a6, 0x20a6, 0x20a6, 0x30c8, 0x61b1, 
	0x61b1, 0x61b1, 0x61b1, 0x61b1, 0x61b1, 0x61b1, 0x61b1, 0x61b1, 0x61b1, 0x69b1, 0x61b1, 0x69b1, 0x61b1, 0x69b1, 0x61b1, 0x69b1, 
	0x69b1, 0x61b1, 0x69b1, 0x69b1, 0x69b1, 0x61b1, 0x69b1, 0x69b1, 0x390a, 0x20a6, 0x20a6, 0x20a6, 0x20a6, 0x20a6, 0x20a6, 0x20a6, 
	0x0821, 0x0000, 0x29c8, 0x322a, 0x4b4f, 0x4b70, 0x4b90, 0x4b90, 0x4b90, 0x4b90, 0x4b90, 0x4b90, 0x4b70, 0x4b90, 0x4b70, 0x4b90, 
	0x4b70, 0x4b90, 0x4b70, 0x4b90, 0x4b4f, 0x326a, 0x3228, 0x41a3, 0x5a22, 0xac04, 0xbc44, 0xbc44, 0xbc44, 0xbc44, 0xbc44, 0xbc44, 
	0xbc44, 0xbc44, 0x8b44, 0x49c2, 0x39c5, 0x3229, 0x3aac, 0x4b4f, 0x4b6f, 0x4b6f, 0x4b6f, 0x4b6f, 0x4b6f, 0x4b6f, 0x4b6f, 0x4b6f, 
	0x4b6f, 0x4b6f, 0x4b6f, 0x4b6f, 0x4b6f, 0x4b6f, 0x4b6f, 0x4b6f, 0x4b6f, 0x4b6f, 0x4b6f, 0x4b6f, 0x4b6f, 0x4b4f, 0x63af, 0x8410, 
	0x73af, 0x4b6f, 0x4b4f, 0x4b4f, 0x4b6f, 0x4b4f, 0x4b6f, 0x4b6f, 0x4b6f, 0x4b6f, 0x4b6f, 0x4b6f, 0x4b6f, 0x4b6f, 0x4b6f, 0x4b6f, 
	0x4b6f, 0x4b6f, 0x4b6f, 0x4b6f, 0x4b6f, 0x4b6f, 0x4b6f, 0x4b6f, 0x4b6f, 0x4b6f, 0x4b6f, 0x4b6f, 0x4b6f, 0x4b6f, 0x4b6f, 0x4b6f, 
	0x4b6f, 0x4b70, 0x4b70, 0x4b70, 0x4b70, 0x4b70, 0x4b70, 0x4b70, 0x4b70, 0x4b70, 0x4b70, 0x4b70, 0x4b70, 0x4b70, 0x4b70, 0x4b90, 
	0x4b70, 0x4b90, 0x4b70, 0x4b90, 0x4b70, 0x324a, 0x324a, 0x324a, 0x2a09, 0x0000, 0x0000, 0x0000, 0x0000, 0x0000, 0x0021, 0x20a6, 
	0x20a6, 0x20a6, 0x30e8, 0x61b1, 0x61b1, 0x61b1, 0x61b1, 0x69b1, 0x69b1, 0x69b1, 0x69b1, 0x69b1, 0x69b1, 0x69b1, 0x69b1, 0x69b1, 
	0x69b1, 0x69b1, 0x69b1, 0x69b1, 0x410b, 0x20a6, 0x20a6, 0x20a6, 0x0842, 0x0000, 0x0000, 0x0000, 0x0000, 0x0000, 0x0000, 0x0000, 
	0x29c8, 0x324a, 0x4b4f, 0x4b90, 0x4b90, 0x4b90, 0x4b90, 0x4b90, 0x4b90, 0x4b90, 0x4b90, 0x4b70, 0x4b90, 0x4b70, 0x4b90, 0x4b70, 
	0x4b90, 0x4b70, 0x4b70, 0x4b70, 0x4b70, 0x4b70, 0x3acd, 0x0862, 0x0840, 0x3942, 0x4182, 0x4182, 0x4182, 0x4182, 0x4182, 0x4182, 
	0x4182, 0x4182, 0x28e1, 0x0820, 0x1946, 0x430e, 0x4b6f, 0x4b6f, 0x4b6f, 0x4b6f, 0x4b6f, 0x4b6f, 0x4b6f, 0x4b6f, 0x4b6f, 0x4b6f, 
	0x4b6f, 0x4b6f, 0x4b6f, 0x4b6f, 0x4b6f, 0x4b6f, 0x4b6f, 0x4b6f, 0x4b6f, 0x4b6f, 0x4b4f, 0x4b6f, 0x4b4f, 0x4b6f, 0x63af, 0x83f0, 
	0x73af, 0x4b4f, 0x4b4f, 0x4b4f, 0x4b4f, 0x4b6f, 0x4b4f, 0x4b6f, 0x4b4f, 0x4b6f, 0x4b6f, 0x4b6f, 0x4b6f, 0x4b6f, 0x4b6f, 0x4b6f, 
	0x4b6f, 0x4b6f, 0x4b6f, 0x4b6f, 0x4b6f, 0x4b6f, 0x4b6f, 0x4b6f, 0x4b6f, 0x4b6f, 0x4b6f, 0x4b6f, 0x4b6f, 0x4b6f, 0x4b6f, 0x4b6f, 
	0x4b6f, 0x4b6f, 0x4b6f, 0x4b6f, 0x4b6f, 0x4b70, 0x4b6f, 0x4b70, 0x4b6f, 0x4b70, 0x4b6f, 0x4b70, 0x4b70, 0x4b70, 0x4b70, 0x4b70, 
	0x4b70, 0x4b70, 0x4b90, 0x4b90, 0x4b70, 0x4b70, 0x4b70, 0x4b90, 0x4b6f, 0x324a, 0x324a, 0x324a, 0x324a, 0x324a, 0x29e8, 0x0000, 
	0x0000, 0x0000, 0x0822, 0x20a6, 0x20a6, 0x20a6, 0x20a6, 0x20a6, 0x20a6, 0x20a6, 0x20a6, 0x20a6, 0x20a6, 0x20a6, 0x20a6, 0x20a6, 
	0x20a6, 0x20a6, 0x20a6, 0x20a5, 0x1042, 0x0000, 0x0000, 0x0000, 0x2186, 0x324a, 0x324a, 0x324a, 0x324a, 0x324a, 0x324a, 0x324a, 
	0x432e, 0x4b90, 0x4b90, 0x4b90, 0x4b90, 0x4b90, 0x4b90, 0x4b90, 0x4b70, 0x4b90, 0x4b70, 0x4b90, 0x4b70, 0x4b90, 0x4b70, 0x4b70, 
	0x4b70, 0x4b70, 0x4b70, 0x4b70, 0x4b70, 0x4b6f, 0x434e, 0x326b, 0x29c8, 0x0841, 0x0000, 0x0000, 0x0000, 0x0000, 0x0000, 0x0000, 
	0x0000, 0x0000, 0x10c3, 0x29e9, 0x3aac, 0x4b4f, 0x4b6f, 0x4b6f, 0x4b6f, 0x4b6f, 0x4b6f, 0x4b6f, 0x4b6f, 0x4b6f, 0x4b6f, 0x4b6f, 
	0x4b6f, 0x4b6f, 0x4b6f, 0x4b6f, 0x4b6f, 0x4b6f, 0x4b6f, 0x4b4f, 0x4b6f, 0x4b4f, 0x4b6f, 0x4b4f, 0x4b4f, 0x4b4f, 0x638f, 0x8410, 
	0x73af, 0x4b4f, 0x4b4f, 0x4b4f, 0x4b4f, 0x4b4f, 0x4b6f, 0x4b4f, 0x4b6f, 0x4b4f, 0x4b6f, 0x4b4f, 0x4b6f, 0x4b6f, 0x4b6f, 0x4b6f, 
	0x4b6f, 0x4b6f, 0x4b6f, 0x4b6f, 0x4b6f, 0x4b6f, 0x4b6f, 0x4b6f, 0x4b6f, 0x4b6f, 0x4b6f, 0x4b6f, 0x4b6f, 0x4b6f, 0x4b6f, 0x4b6f, 
	0x4b6f, 0x4b6f, 0x4b6f, 0x4b6f, 0x4b6f, 0x4b6f, 0x4b70, 0x4b70, 0x4b70, 0x4b70, 0x4b70, 0x4b70, 0x4b70, 0x4b70, 0x4b70, 0x4b70, 
	0x4b70, 0x4b70, 0x4b70, 0x4b70, 0x4b70, 0x4b90, 0x4b70, 0x4b90, 0x4b70, 0x4b90, 0x4b70, 0x4b90, 0x4b90, 0x4b90, 0x4b4f, 0x324a, 
	0x324a, 0x324a, 0x21a7, 0x0020, 0x0020, 0x0020, 0x0020, 0x0020, 0x0020, 0x0020, 0x0020, 0x0020, 0x0020, 0x0020, 0x0020, 0x0020, 
	0x0020, 0x0020, 0x0020, 0x0020, 0x1966, 0x324a, 0x324a, 0x324a, 0x430e, 0x4b90, 0x4b90, 0x4b90, 0x4b90, 0x4b90, 0x4b90, 0x4b90, 
	0x4b90, 0x4b90, 0x4b90, 0x4b90, 0x4b90, 0x4b70, 0x4b90, 0x4b70, 0x4b90, 0x4b70, 0x4b90, 0x4b70, 0x4b70, 0x4b70, 0x4b70, 0x4b70, 
	0x4b70, 0x4b70, 0x4b70, 0x4b70, 0x4b70, 0x4b70, 0x4b70, 0x4b70, 0x432e, 0x326a, 0x324a, 0x324a, 0x324a, 0x324a, 0x324a, 0x324a, 
	0x324a, 0x324a, 0x3aac, 0x4b4f, 0x4b6f, 0x4b6f, 0x4b6f, 0x4b6f, 0x4b6f, 0x4b6f, 0x4b6f, 0x4b6f, 0x4b6f, 0x4b6f, 0x4b6f, 0x4b6f, 
	0x4b6f, 0x4b6f, 0x4b6f, 0x4b6f, 0x4b4f, 0x4b6f, 0x4b4f, 0x4b6f, 0x4b4f, 0x4b6f, 0x4b4f, 0x4b4f, 0x4b4f, 0x4b4f, 0x638f, 0x83f0, 
	0x73af, 0x4b4f, 0x4b4f, 0x4b4f, 0x4b4f, 0x4b4f, 0x4b4f, 0x4b4f, 0x4b4f, 0x4b6f, 0x4b4f, 0x4b6f, 0x4b4f, 0x4b6f, 0x4b4f, 0x4b6f, 
	0x4b6f, 0x4b6f, 0x4b6f, 0x4b6f, 0x4b6f, 0x4b6f, 0x4b6f, 0x4b6f, 0x4b6f, 0x4b6f, 0x4b6f, 0x4b6f, 0x4b6f, 0x4b6f, 0x4b6f, 0x4b6f, 
	0x4b6f, 0x4b6f, 0x4b6f, 0x4b6f, 0x4b6f, 0x4b6f, 0x4b6f, 0x4b6f, 0x4b6f, 0x4b6f, 0x4b6f, 0x4b70, 0x4b6f, 0x4b70, 0x4b6f, 0x4b70, 
	0x4b6f, 0x4b70, 0x4b70, 0x4b70, 0x4b70, 0x4b70, 0x4b90, 0x4b70, 0x4b90, 0x4b70, 0x4b90, 0x4b70, 0x4b90, 0x4b90, 0x4b70, 0x4b90, 
	0x4b90, 0x4b90, 0x432e, 0x324a, 0x324a, 0x324a, 0x324a, 0x324a, 0x324a, 0x324a, 0x324a, 0x324a, 0x324a, 0x324a, 0x324a, 0x324a, 
	0x324a, 0x324a, 0x324a, 0x324a, 0x430d, 0x4b90, 0x4b90, 0x4b90, 0x4b90, 0x4b90, 0x4b90, 0x4b90, 0x4b90, 0x4b90, 0x4b90, 0x4b90, 
	0x4b90, 0x4b90, 0x4b70, 0x4b90, 0x4b70, 0x4b90, 0x4b70, 0x4b90, 0x4b70, 0x4b90, 0x4b70, 0x4b70, 0x4b70, 0x4b70, 0x4b70, 0x4b6f, 
	0x4b70, 0x4b6f, 0x4b70, 0x4b6f, 0x4b70, 0x4b6f, 0x4b6f, 0x4b6f, 0x4b6f, 0x4b70, 0x4b6f, 0x4b6f, 0x4b6f, 0x4b6f, 0x4b6f, 0x4b6f, 
	0x4b6f, 0x4b6f, 0x4b6f, 0x4b6f, 0x4b6f, 0x4b6f, 0x4b6f, 0x4b6f, 0x4b6f, 0x4b6f, 0x4b6f, 0x4b6f, 0x4b6f, 0x4b6f, 0x4b6f, 0x4b6f, 
	0x4b6f, 0x4b4f, 0x4b6f, 0x4b4f, 0x4b6f, 0x4b4f, 0x4b6f, 0x4b4f, 0x4b4f, 0x4b4f, 0x4b4f, 0x4b4f, 0x4b4f, 0x4b4f, 0x638f, 0x8410, 
	0x73af, 0x4b4f, 0x4b4f, 0x4b4f, 0x4b4f, 0x4b4f, 0x4b4f, 0x4b4f, 0x4b4f, 0x4b4f, 0x4b4f, 0x4b4f, 0x4b6f, 0x4b4f, 0x4b6f, 0x4b4f, 
	0x4b6f, 0x4b4f, 0x4b6f, 0x4b6f, 0x4b6f, 0x4b6f, 0x4b6f, 0x4b6f, 0x4b6f, 0x4b6f, 0x4b6f, 0x4b6f, 0x4b6f, 0x4b6f, 0x4b6f, 0x4b6f, 
	0x4b6f, 0x4b6f, 0x4b6f, 0x4b6f, 0x4b6f, 0x4b6f, 0x4b6f, 0x4b6f, 0x4b6f, 0x4b6f, 0x4b6f, 0x4b6f, 0x4b70, 0x4b70, 0x4b70, 0x4b70, 
	0x4b70, 0x4b70, 0x4b70, 0x4b70, 0x4b70, 0x4b70, 0x4b70, 0x4b70, 0x4b70, 0x4b90, 0x4b70, 0x4b90, 0x4b70, 0x4b90, 0x4b70, 0x4b90, 
	0x4b70, 0x4b90, 0x4b90, 0x4b90, 0x4b90, 0x4b90, 0x4b90, 0x4b90, 0x4b90, 0x4b90, 0x4b90, 0x4b90, 0x4b90, 0x4b90, 0x4b90, 0x4b90, 
	0x4b90, 0x4b90, 0x4b90, 0x4b90, 0x4b90, 0x4b90, 0x4b90, 0x4b90, 0x4b90, 0x4b90, 0x4b90, 0x4b90, 0x4b90, 0x4b90, 0x4b90, 0x4b70, 
	0x4b90, 0x4b70, 0x4b90, 0x4b70, 0x4b90, 0x4b70, 0x4b90, 0x4b70, 0x4b70, 0x4b70, 0x4b70, 0x4b70, 0x4b70, 0x4b70, 0x4b70, 0x4b70, 
	0x4b70, 0x4b70, 0x4b70, 0x4b70, 0x4b6f, 0x4b6f, 0x4b6f, 0x4b6f, 0x4b6f, 0x4b6f, 0x4b6f, 0x4b6f, 0x4b6f, 0x4b6f, 0x4b6f, 0x4b6f, 
	0x4b6f, 0x4b6f, 0x4b6f, 0x4b6f, 0x4b6f, 0x4b6f, 0x4b6f, 0x4b6f, 0x4b6f, 0x4b6f, 0x4b6f, 0x4b6f, 0x4b6f, 0x4b6f, 0x4b4f, 0x4b6f, 
	0x4b4f, 0x4b6f, 0x4b4f, 0x4b6f, 0x4b4f, 0x4b4f, 0x4b4f, 0x4b4f, 0x4b4f, 0x4b4f, 0x4b4f, 0x4b4f, 0x4b4f, 0x4b4f, 0x638f, 0x83f0, 
	0x73af, 0x4b4f, 0x4b4f, 0x4b4f, 0x4b4f, 0x4b4f, 0x4b4f, 0x4b4f, 0x4b4f, 0x4b4f, 0x4b4f, 0x4b4f, 0x4b4f, 0x4b4f, 0x4b4f, 0x4b6f, 
	0x4b4f, 0x4b6f, 0x4b4f, 0x4b6f, 0x4b4f, 0x4b6f, 0x4b6f, 0x4b6f, 0x4b6f, 0x4b6f, 0x4b6f, 0x4b6f, 0x4b6f, 0x4b6f, 0x4b6f, 0x4b6f, 
	0x4b6f, 0x4b6f, 0x4b6f, 0x4b6f, 0x4b6f, 0x4b6f, 0x4b6f, 0x4b6f, 0x4b6f, 0x4b6f, 0x4b6f, 0x4b6f, 0x4b6f, 0x4b6f, 0x4b6f, 0x4b6f, 
	0x4b6f, 0x4b70, 0x4b6f, 0x4b70, 0x4b6f, 0x4b70, 0x4b6f, 0x4b70, 0x4b70, 0x4b70, 0x4b70, 0x4b70, 0x4b90, 0x4b70, 0x4b90, 0x4b70, 
	0x4b90, 0x4b70, 0x4b90, 0x4b70, 0x4b90, 0x4b90, 0x4b90, 0x4b90, 0x4b90, 0x4b90, 0x4b90, 0x4b90, 0x4b90, 0x4b90, 0x4b90, 0x4b90, 
	0x4b90, 0x4b90, 0x4b90, 0x4b90, 0x4b90, 0x4b90, 0x4b90, 0x4b90, 0x4b90, 0x4b90, 0x4b90, 0x4b90, 0x4b70, 0x4b90, 0x4b70, 0x4b90, 
	0x4b70, 0x4b90, 0x4b70, 0x4b90, 0x4b70, 0x4b70, 0x4b70, 0x4b70, 0x4b70, 0x4b6f, 0x4b70, 0x4b6f, 0x4b70, 0x4b6f, 0x4b70, 0x4b6f, 
	0x4b6f, 0x4b6f, 0x4b6f, 0x4b6f, 0x4b6f, 0x4b6f, 0x4b6f, 0x4b6f, 0x4b6f, 0x4b6f, 0x4b6f, 0x4b6f, 0x4b6f, 0x4b6f, 0x4b6f, 0x4b6f, 
	0x4b6f, 0x4b6f, 0x4b6f, 0x4b6f, 0x4b6f, 0x4b6f, 0x4b6f, 0x4b6f, 0x4b6f, 0x4b6f, 0x4b6f, 0x4b4f, 0x4b6f, 0x4b4f, 0x4b6f, 0x4b4f, 
	0x4b6f, 0x4b4f, 0x4b4f, 0x4b4f, 0x4b4f, 0x4b4f, 0x4b4f, 0x4b4f, 0x4b4f, 0x4b4f, 0x4b4f, 0x4b4f, 0x4b4f, 0x4b4f, 0x638f, 0x8410, 
	0x73ae, 0x4b4f, 0x4b4f, 0x4b4f, 0x4b4f, 0x4b4f, 0x4b4f, 0x4b4f, 0x4b4f, 0x4b4f, 0x4b4f, 0x4b4f, 0x4b4f, 0x4b4f, 0x4b4f, 0x4b4f, 
	0x4b4f, 0x4b4f, 0x4b6f, 0x4b4f, 0x4b6f, 0x4b4f, 0x4b6f, 0x4b4f, 0x4b6f, 0x4b6f, 0x4b6f, 0x4b6f, 0x4b6f, 0x4b6f, 0x4b6f, 0x4b6f, 
	0x4b6f, 0x4b6f, 0x4b6f, 0x4b6f, 0x4b6f, 0x4b6f, 0x4b6f, 0x4b6f, 0x4b6f, 0x4b6f, 0x4b6f, 0x4b6f, 0x4b6f, 0x4b6f, 0x4b6f, 0x4b6f, 
	0x4b6f, 0x4b6f, 0x4b70, 0x4b70, 0x4b70, 0x4b70, 0x4b70, 0x4b70, 0x4b70, 0x4b70, 0x4b70, 0x4b70, 0x4b70, 0x4b70, 0x4b70, 0x4b90, 
	0x4b70, 0x4b90, 0x4b70, 0x4b90, 0x4b70, 0x4b90, 0x4b70, 0x4b90, 0x4b90, 0x4b90, 0x4b90, 0x4b90, 0x4b90, 0x4b90, 0x4b90, 0x4b90, 
	0x4b90, 0x4b90, 0x4b90, 0x4b90, 0x4b90, 0x4b90, 0x4b90, 0x4b90, 0x4b90, 0x4b70, 0x4b90, 0x4b70, 0x4b90, 0x4b70, 0x4b90, 0x4b70, 
	0x4b90, 0x4b70, 0x4b70, 0x4b70, 0x4b70, 0x4b70, 0x4b70, 0x4b70, 0x4b70, 0x4b70, 0x4b70, 0x4b70, 0x4b70, 0x4b70, 0x4b6f, 0x4b6f, 
	0x4b6f, 0x4b6f, 0x4b6f, 0x4b6f, 0x4b6f, 0x4b6f, 0x4b6f, 0x4b6f, 0x4b6f, 0x4b6f, 0x4b6f, 0x4b6f, 0x4b6f, 0x4b6f, 0x4b6f, 0x4b6f, 
	0x4b6f, 0x4b6f, 0x4b6f, 0x4b6f, 0x4b6f, 0x4b6f, 0x4b6f, 0x4b6f, 0x4b4f, 0x4b6f, 0x4b4f, 0x4b6f, 0x4b4f, 0x4b6f, 0x4b4f, 0x4b4f, 
	0x4b4f, 0x4b4f, 0x4b4f, 0x4b4f, 0x4b4f, 0x4b4f, 0x4b4f, 0x4b4f, 0x4b4f, 0x4b4f, 0x4b4f, 0x4b4f, 0x4b4f, 0x4b4f, 0x638f, 0x83f0, 
	0x73af, 0x4b4f, 0x4b4f, 0x4b4f, 0x4b4f, 0x4b4f, 0x4b4f, 0x4b4f, 0x4b4f, 0x4b4f, 0x4b4f, 0x4b4f, 0x4b4f, 0x4b4f, 0x4b4f, 0x4b4f, 
	0x4b4f, 0x4b4f, 0x4b4f, 0x4b6f, 0x4b4f, 0x4b6f, 0x4b4f, 0x4b6f, 0x4b4f, 0x4b6f, 0x4b6f, 0x4b6f, 0x4b6f, 0x4b6f, 0x4b6f, 0x4b6f, 
	0x4b6f, 0x4b6f, 0x4b6f, 0x4b6f, 0x4b6f, 0x4b6f, 0x4b6f, 0x4b6f, 0x4b6f, 0x4b6f, 0x4b6f, 0x4b6f, 0x4b6f, 0x4b6f, 0x4b6f, 0x4b6f, 
	0x4b6f, 0x4b6f, 0x4b6f, 0x4b6f, 0x4b6f, 0x4b6f, 0x4b6f, 0x4b70, 0x4b6f, 0x4b70, 0x4b6f, 0x4b70, 0x4b6f, 0x4b70, 0x4b6f, 0x4b70, 
	0x4b70, 0x4b70, 0x4b90, 0x4b70, 0x4b90, 0x4b70, 0x4b90, 0x4b70, 0x4b90, 0x4b70, 0x4b90, 0x4b90, 0x4b90, 0x4b90, 0x4b90, 0x4b90, 
	0x4b90, 0x4b90, 0x4b90, 0x4b90, 0x4b90, 0x4b90, 0x4b70, 0x4b90, 0x4b70, 0x4b90, 0x4b70, 0x4b90, 0x4b70, 0x4b90, 0x4b70, 0x4b70, 
	0x4b70, 0x4b6f, 0x4b70, 0x4b6f, 0x4b70, 0x4b6f, 0x4b70, 0x4b6f, 0x4b70, 0x4b6f, 0x4b6f, 0x4b6f, 0x4b6f, 0x4b6f, 0x4b6f, 0x4b6f, 
	0x4b6f, 0x4b6f, 0x4b6f, 0x4b6f, 0x4b6f, 0x4b6f, 0x4b6f, 0x4b6f, 0x4b6f, 0x4b6f, 0x4b6f, 0x4b6f, 0x4b6f, 0x4b6f, 0x4b6f, 0x4b6f, 
	0x4b6f, 0x4b6f, 0x4b6f, 0x4b6f, 0x4b6f, 0x4b6f, 0x4b6f, 0x4b4f, 0x4b6f, 0x4b4f, 0x4b6f, 0x4b4f, 0x4b6f, 0x4b4f, 0x4b4f, 0x4b4f, 
	0x4b4f, 0x4b4f, 0x4b4f, 0x4b4f, 0x4b4f, 0x4b4f, 0x4b4f, 0x4b4f, 0x4b4f, 0x4b4f, 0x4b4f, 0x4b4f, 0x4b4f, 0x4b4f, 0x638e, 0x8410, 
	0x73ae, 0x4b4f, 0x4b4f, 0x4b4f, 0x4b4f, 0x4b4f, 0x4b4f, 0x4b4f, 0x4b4f, 0x4b4f, 0x4b4f, 0x4b4f, 0x4b4f, 0x4b4f, 0x4b4f, 0x4b4f, 
	0x4b4f, 0x4b4f, 0x4b4f, 0x4b4f, 0x4b4f, 0x4b4f, 0x4b4f, 0x4b4f, 0x4b6f, 0x4b4f, 0x4b6f, 0x4b6f, 0x4b4f, 0x4b6f, 0x4b6f, 0x4b6f, 
	0x4b6f, 0x4b6f, 0x4b6f, 0x4b6f, 0x4b6f, 0x4b6f, 0x4b6f, 0x4b6f, 0x4b6f, 0x4b6f, 0x4b6f, 0x4b6f, 0x4b6f, 0x4b6f, 0x4b6f, 0x4b6f, 
	0x4b6f, 0x4b6f, 0x4b6f, 0x4b6f, 0x4b6f, 0x4b6f, 0x4b6f, 0x4b6f, 0x4b70, 0x4b70, 0x4b70, 0x4b70, 0x4b70, 0x4b70, 0x4b70, 0x4b70, 
	0x4b70, 0x4b70, 0x4b70, 0x4b70, 0x4b70, 0x4b90, 0x4b70, 0x4b90, 0x4b70, 0x4b90, 0x4b70, 0x4b90, 0x4b70, 0x4b90, 0x4b90, 0x4b90, 
	0x4b90, 0x4b90, 0x4b90, 0x4b70, 0x4b90, 0x4b70, 0x4b90, 0x4b70, 0x4b90, 0x4b70, 0x4b90, 0x4b70, 0x4b70, 0x4b70, 0x4b70, 0x4b70, 
	0x4b70, 0x4b70, 0x4b70, 0x4b70, 0x4b70, 0x4b70, 0x4b70, 0x4b70, 0x4b6f, 0x4b6f, 0x4b6f, 0x4b6f, 0x4b6f, 0x4b6f, 0x4b6f, 0x4b6f, 
	0x4b6f, 0x4b6f, 0x4b6f, 0x4b6f, 0x4b6f, 0x4b6f, 0x4b6f, 0x4b6f, 0x4b6f, 0x4b6f, 0x4b6f, 0x4b6f, 0x4b6f, 0x4b6f, 0x4b6f, 0x4b6f, 
	0x4b6f, 0x4b6f, 0x4b6f, 0x4b4f, 0x4b6f, 0x4b6f, 0x4b4f, 0x4b6f, 0x4b4f, 0x4b4f, 0x4b4f, 0x4b4f, 0x4b4f, 0x4b4f, 0x4b4f, 0x4b4f, 
	0x4b4f, 0x4b4f, 0x4b4f, 0x4b4f, 0x4b4f, 0x4b4f, 0x4b4f, 0x4b4f, 0x4b4f, 0x4b4f, 0x4b4f, 0x4b4f, 0x4b4f, 0x4b4f, 0x638f, 0x83f0, 
	0x73af, 0x4b4f, 0x434f, 0x4b4f, 0x4b4f, 0x4b4f, 0x4b4f, 0x4b4f, 0x4b4f, 0x4b4f, 0x4b4f, 0x4b4f, 0x4b4f, 0x4b4f, 0x4b4f, 0x4b4f, 
	0x4b4f, 0x4b4f, 0x4b4f, 0x4b4f, 0x4b4f, 0x4b4f, 0x4b4f, 0x4b4f, 0x4b4f, 0x4b4f, 0x4b4f, 0x4b4f, 0x4b6f, 0x4b4f, 0x4b6f, 0x4b6f, 
	0x4b6f, 0x4b6f, 0x4b6f, 0x4b6f, 0x4b6f, 0x4b6f, 0x4b6f, 0x4b6f, 0x4b6f, 0x4b6f, 0x4b6f, 0x4b6f, 0x4b6f, 0x4b6f, 0x4b6f, 0x4b6f, 
	0x4b6f, 0x4b6f, 0x4b6f, 0x4b6f, 0x4b6f, 0x4b6f, 0x4b6f, 0x4b6f, 0x4b6f, 0x4b6f, 0x4b6f, 0x4b6f, 0x4b6f, 0x4b70, 0x4b6f, 0x4b70, 
	0x4b6f, 0x4b70, 0x4b6f, 0x4b70, 0x4b6f, 0x4b70, 0x4b70, 0x4b70, 0x4b90, 0x4b70, 0x4b90, 0x4b70, 0x4b90, 0x4b70, 0x4b90, 0x4b70, 
	0x4b70, 0x4b90, 0x4b70, 0x4b90, 0x4b70, 0x4b90, 0x4b70, 0x4b90, 0x4b70, 0x4b70, 0x4b70, 0x4b6f, 0x4b70, 0x4b6f, 0x4b70, 0x4b6f, 
	0x4b70, 0x4b6f, 0x4b70, 0x4b6f, 0x4b6f, 0x4b6f, 0x4b6f, 0x4b6f, 0x4b6f, 0x4b6f, 0x4b6f, 0x4b6f, 0x4b6f, 0x4b6f, 0x4b6f, 0x4b6f, 
	0x4b6f, 0x4b6f, 0x4b6f, 0x4b6f, 0x4b6f, 0x4b6f, 0x4b6f, 0x4b6f, 0x4b6f, 0x4b6f, 0x4b6f, 0x4b6f, 0x4b6f, 0x4b6f, 0x4b6f, 0x4b6f, 
	0x4b6f, 0x4b6f, 0x4b4f, 0x4b6f, 0x4b4f, 0x4b4f, 0x4b4f, 0x4b4f, 0x4b4f, 0x4b4f, 0x4b4f, 0x4b4f, 0x4b4f, 0x4b4f, 0x4b4f, 0x4b4f, 
	0x4b4f, 0x4b4f, 0x4b4f, 0x4b4f, 0x4b4f, 0x4b4f, 0x4b4f, 0x4b4f, 0x4b4f, 0x4b4f, 0x4b4f, 0x4b4f, 0x4b4f, 0x4b4f, 0x638e, 0x8410, 
	0x73ae, 0x434f, 0x4b4f, 0x4b4f, 0x4b4f, 0x4b4f, 0x4b4f, 0x4b4f, 0x4b4f, 0x4b4f, 0x4b4f, 0x4b4f, 0x4b4f, 0x4b4f, 0x4b4f, 0x4b4f, 
	0x4b4f, 0x4b4f, 0x4b4f, 0x4b4f, 0x4b4f, 0x4b4f, 0x4b4f, 0x4b4f, 0x4b4f, 0x4b4f, 0x4b4f, 0x4b4f, 0x4b4f, 0x4b6f, 0x4b4f, 0x4b6f, 
	0x4b4f, 0x4b6f, 0x4b6f, 0x4b6f, 0x4b6f, 0x4b6f, 0x4b6f, 0x4b6f, 0x4b6f, 0x4b6f, 0x4b6f, 0x4b6f, 0x4b6f, 0x4b6f, 0x4b6f, 0x4b6f, 
	0x4b6f, 0x4b6f, 0x4b6f, 0x4b6f, 0x4b6f, 0x4b6f, 0x4b6f, 0x4b6f, 0x4b6f, 0x4b6f, 0x4b6f, 0x4b6f, 0x4b6f, 0x4b6f, 0x4b70, 0x4b70, 
	0x4b70, 0x4b70, 0x4b70, 0x4b70, 0x4b70, 0x4b70, 0x4b70, 0x4b70, 0x4b70, 0x4b90, 0x4b70, 0x4b90, 0x4b70, 0x4b90, 0x4b70, 0x4b90, 
	0x4b90, 0x4b70, 0x4b90, 0x4b70, 0x4b90, 0x4b70, 0x4b90, 0x4b70, 0x4b70, 0x4b70, 0x4b70, 0x4b70, 0x4b70, 0x4b70, 0x4b70, 0x4b70, 
	0x4b70, 0x4b70, 0x4b6f, 0x4b6f, 0x4b6f, 0x4b6f, 0x4b6f, 0x4b6f, 0x4b6f, 0x4b6f, 0x4b6f, 0x4b6f, 0x4b6f, 0x4b6f, 0x4b6f, 0x4b6f, 
	0x4b6f, 0x4b6f, 0x4b6f, 0x4b6f, 0x4b6f, 0x4b6f, 0x4b6f, 0x4b6f, 0x4b6f, 0x4b6f, 0x4b6f, 0x4b6f, 0x4b6f, 0x4b6f, 0x4b6f, 0x4b4f, 
	0x4b6f, 0x4b4f, 0x4b6f, 0x4b4f, 0x4b4f, 0x4b4f, 0x4b4f, 0x4b4f, 0x4b4f, 0x4b4f, 0x4b4f, 0x4b4f, 0x4b4f, 0x4b4f, 0x4b4f, 0x4b4f, 
	0x4b4f, 0x4b4f, 0x4b4f, 0x4b4f, 0x4b4f, 0x4b4f, 0x4b4f, 0x4b4f, 0x4b4f, 0x4b4f, 0x4b4f, 0x4b4f, 0x4b4f, 0x434f, 0x638f, 0x83f0, 
	0x73af, 0x4b4f, 0x434f, 0x4b4f, 0x434f, 0x4b4f, 0x4b4f, 0x4b4f, 0x4b4f, 0x4b4f, 0x4b4f, 0x4b4f, 0x4b4f, 0x4b4f, 0x4b4f, 0x4b4f, 
	0x4b4f, 0x4b4f, 0x4b4f, 0x4b4f, 0x4b4f, 0x4b4f, 0x4b4f, 0x4b4f, 0x4b4f, 0x4b4f, 0x4b4f, 0x4b4f, 0x4b6f, 0x4b4f, 0x4b6f, 0x4b4f, 
	0x4b6f, 0x4b4f, 0x4b6f, 0x4b6f, 0x4b6f, 0x4b6f, 0x4b6f, 0x4b6f, 0x4b6f, 0x4b6f, 0x4b6f, 0x4b6f, 0x4b6f, 0x4b6f, 0x4b6f, 0x4b6f, 
	0x4b6f, 0x4b6f, 0x4b6f, 0x4b6f, 0x4b6f, 0x4b6f, 0x4b6f, 0x4b6f, 0x4b6f, 0x4b6f, 0x4b6f, 0x4b6f, 0x4b6f, 0x4b6f, 0x4b6f, 0x4b6f, 
	0x4b6f, 0x4b70, 0x4b6f, 0x4b70, 0x4b6f, 0x4b70, 0x4b70, 0x4b70, 0x4b70, 0x4b70, 0x4b90, 0x4b70, 0x4b90, 0x4b70, 0x4b90, 0x4b70, 
	0x4b70, 0x4b90, 0x4b70, 0x4b90, 0x4b70, 0x4b90, 0x4b70, 0x4b70, 0x4b70, 0x4b70, 0x4b70, 0x4b6f, 0x4b70, 0x4b6f, 0x4b70, 0x4b6f, 
	0x4b6f, 0x4b6f, 0x4b6f, 0x4b6f, 0x4b6f, 0x4b6f, 0x4b6f, 0x4b6f, 0x4b6f, 0x4b6f, 0x4b6f, 0x4b6f, 0x4b6f, 0x4b6f, 0x4b6f, 0x4b6f, 
	0x4b6f, 0x4b6f, 0x4b6f, 0x4b6f, 0x4b6f, 0x4b6f, 0x4b6f, 0x4b6f, 0x4b6f, 0x4b6f, 0x4b6f, 0x4b6f, 0x4b6f, 0x4b6f, 0x4b4f, 0x4b6f, 
	0x4b4f, 0x4b6f, 0x4b4f, 0x4b6f, 0x4b4f, 0x4b4f, 0x4b4f, 0x4b4f, 0x4b4f, 0x4b4f, 0x4b4f, 0x4b4f, 0x4b4f, 0x4b4f, 0x4b4f, 0x4b4f, 
	0x4b4f, 0x4b4f, 0x4b4f, 0x4b4f, 0x4b4f, 0x4b4f, 0x4b4f, 0x4b4f, 0x4b4f, 0x4b4f, 0x434f, 0x4b4f, 0x434f, 0x4b4f, 0x638e, 0x8410, 
	0x73ae, 0x434f, 0x4b4f, 0x4b4f, 0x4b4f, 0x4b4f, 0x4b4f, 0x4b4f, 0x4b4f, 0x4b4f, 0x4b4f, 0x4b4f, 0x4b4f, 0x4b4f, 0x4b4f, 0x4b4f, 
	0x4b4f, 0x4b4f, 0x4b4f, 0x4b4f, 0x4b4f, 0x4b4f, 0x4b4f, 0x4b4f, 0x4b4f, 0x4b4f, 0x4b6f, 0x4b6f, 0x4b4f, 0x4b6f, 0x4b4f, 0x4b6f, 
	0x4b6f, 0x4b6f, 0x4b6f, 0x4b6f, 0x4b6f, 0x4b6f, 0x4b6f, 0x4b6f, 0x4b6f, 0x4b6f, 0x4b6f, 0x4b6f, 0x4b6f, 0x4b6f, 0x4b6f, 0x4b6f, 
	0x4b6f, 0x4b6f, 0x4b6f, 0x4b6f, 0x4b6f, 0x4b6f, 0x4b6f, 0x4b6f, 0x4b6f, 0x4b6f, 0x4b6f, 0x4b6f, 0x4b70, 0x4b70, 0x4b70, 0x4b70, 
	0x4b70, 0x4b70, 0x4b70, 0x4b70, 0x4b70, 0x4b70, 0x4b70, 0x4b90, 0x4b70, 0x4b90, 0x4b70, 0x4b90, 0x4b70, 0x4b90, 0x4b70, 0x4b90, 
	0x4b90, 0x4b70, 0x4b90, 0x4b70, 0x4b90, 0x4b70, 0x4b90, 0x4b70, 0x4b90, 0x4b70, 0x4b70, 0x4b70, 0x4b70, 0x4b70, 0x4b70, 0x4b70, 
	0x4b70, 0x4b70, 0x4b70, 0x4b70, 0x4b6f, 0x4b6f, 0x4b6f, 0x4b6f, 0x4b6f, 0x4b6f, 0x4b6f, 0x4b6f, 0x4b6f, 0x4b6f, 0x4b6f, 0x4b6f, 
	0x4b6f, 0x4b6f, 0x4b6f, 0x4b6f, 0x4b6f, 0x4b6f, 0x4b6f, 0x4b6f, 0x4b6f, 0x4b6f, 0x4b6f, 0x4b6f, 0x4b6f, 0x4b6f, 0x4b6f, 0x4b6f, 
	0x4b6f, 0x4b4f, 0x4b6f, 0x4b4f, 0x4b6f, 0x4b6f, 0x4b4f, 0x4b4f, 0x4b4f, 0x4b4f, 0x4b4f, 0x4b4f, 0x4b4f, 0x4b4f, 0x4b4f, 0x4b4f, 
	0x4b4f, 0x4b4f, 0x4b4f, 0x4b4f, 0x4b4f, 0x4b4f, 0x4b4f, 0x4b4f, 0x4b4f, 0x4b4f, 0x4b4f, 0x4b4f, 0x4b4f, 0x434f, 0x638f, 0x83f0, 
	0x73af, 0x4b4f, 0x4b4f, 0x4b4f, 0x4b4f, 0x4b4f, 0x4b4f, 0x4b4f, 0x4b4f, 0x4b4f, 0x4b4f, 0x4b4f, 0x4b4f, 0x4b4f, 0x4b4f, 0x4b4f, 
	0x4b4f, 0x4b4f, 0x4b4f, 0x4b4f, 0x4b4f, 0x4b4f, 0x4b4f, 0x4b6f, 0x4b4f, 0x4b6f, 0x4b6f, 0x4b4f, 0x4b6f, 0x4b6f, 0x4b6f, 0x4b6f, 
	0x4b6f, 0x4b6f, 0x4b6f, 0x4b6f, 0x4b6f, 0x4b6f, 0x4b6f, 0x4b6f, 0x4b6f, 0x4b6f, 0x4b6f, 0x4b6f, 0x4b6f, 0x4b6f, 0x4b6f, 0x4b6f, 
	0x4b6f, 0x4b6f, 0x4b6f, 0x4b6f, 0x4b6f, 0x4b6f, 0x4b6f, 0x4b6f, 0x4b6f, 0x4b6f, 0x4b6f, 0x4b70, 0x4b6f, 0x4b70, 0x4b6f, 0x4b70, 
	0x4b70, 0x4b70, 0x4b70, 0x4b70, 0x4b70, 0x4b70, 0x4b90, 0x4b70, 0x4b90, 0x4b70, 0x4b90, 0x4b70, 0x4b90, 0x4b90, 0x4b90, 0x4b90, 
	0x4b90, 0x4b90, 0x4b90, 0x4b90, 0x4b70, 0x4b90, 0x4b70, 0x4b90, 0x4b70, 0x4b90, 0x4b70, 0x4b70, 0x4b70, 0x4b70, 0x4b70, 0x4b70, 
	0x4b70, 0x4b6f, 0x4b70, 0x4b6f, 0x4b70, 0x4b6f, 0x4b6f, 0x4b6f, 0x4b6f, 0x4b6f, 0x4b6f, 0x4b6f, 0x4b6f, 0x4b6f, 0x4b6f, 0x4b6f, 
	0x4b6f, 0x4b6f, 0x4b6f, 0x4b6f, 0x4b6f, 0x4b6f, 0x4b6f, 0x4b6f, 0x4b6f, 0x4b6f, 0x4b6f, 0x4b6f, 0x4b6f, 0x4b6f, 0x4b6f, 0x4b6f, 
	0x4b6f, 0x4b6f, 0x4b6f, 0x4b6f, 0x4b4f, 0x4b6f, 0x4b6f, 0x4b4f, 0x4b6f, 0x4b4f, 0x4b4f, 0x4b4f, 0x4b4f, 0x4b4f, 0x4b4f, 0x4b4f, 
	0x4b4f, 0x4b4f, 0x4b4f, 0x4b4f, 0x4b4f, 0x4b4f, 0x4b4f, 0x4b4f, 0x4b4f, 0x4b4f, 0x4b4f, 0x4b4f, 0x4b4f, 0x4b4f, 0x638e, 0x8410, 
	0x73ae, 0x4b4f, 0x4b4f, 0x4b4f, 0x4b4f, 0x4b4f, 0x4b4f, 0x4b4f, 0x4b4f, 0x4b4f, 0x4b4f, 0x4b4f, 0x4b4f, 0x4b4f, 0x4b4f, 0x4b4f, 
	0x4b4f, 0x4b4f, 0x4b4f, 0x4b4f, 0x4b4f, 0x4b4f, 0x4b6f, 0x4b4f, 0x4b6f, 0x4b6f, 0x4b6f, 0x4b6f, 0x4b6f, 0x4b6f, 0x4b6f, 0x4b6f, 
	0x4b6f, 0x4b6f, 0x4b6f, 0x4b6f, 0x4b6f, 0x4b6f, 0x4b6f, 0x4b6f, 0x4b6f, 0x4b6f, 0x4b6f, 0x4b6f, 0x4b6f, 0x4b6f, 0x4b6f, 0x4b6f, 
	0x4b6f, 0x4b6f, 0x4b6f, 0x4b6f, 0x4b6f, 0x4b6f, 0x4b70, 0x4b70, 0x4b70, 0x4b70, 0x4b70, 0x4b70, 0x4b70, 0x4b70, 0x4b70, 0x4b70, 
	0x4b70, 0x4b70, 0x4b70, 0x4b90, 0x4b70, 0x4b90, 0x4b70, 0x4b90, 0x4b70, 0x4b90, 0x4b90, 0x4b90, 0x4b90, 0x4b90, 0x4b90, 0x4b90, 
	0x4b90, 0x4b90, 0x4b90, 0x4b90, 0x4b90, 0x4b90, 0x4b90, 0x4b70, 0x4b90, 0x4b70, 0x4b90, 0x4b70, 0x4b90, 0x4b70, 0x4b70, 0x4b70, 
	0x4b70, 0x4b70, 0x4b70, 0x4b70, 0x4b70, 0x4b70, 0x4b70, 0x4b70, 0x4b70, 0x4b70, 0x4b6f, 0x4b6f, 0x4b6f, 0x4b6f, 0x4b6f, 0x4b6f, 
	0x4b6f, 0x4b6f, 0x4b6f, 0x4b6f, 0x4b6f, 0x4b6f, 0x4b6f, 0x4b6f, 0x4b6f, 0x4b6f, 0x4b6f, 0x4b6f, 0x4b6f, 0x4b6f, 0x4b6f, 0x4b6f, 
	0x4b6f, 0x4b6f, 0x4b6f, 0x4b6f, 0x4b6f, 0x4b6f, 0x4b6f, 0x4b6f, 0x4b4f, 0x4b6f, 0x4b4f, 0x4b4f, 0x4b4f, 0x4b4f, 0x4b4f, 0x4b4f, 
	0x4b4f, 0x4b4f, 0x4b4f, 0x4b4f, 0x4b4f, 0x4b4f, 0x4b4f, 0x4b4f, 0x4b4f, 0x4b4f, 0x4b4f, 0x4b4f, 0x4b4f, 0x4b4f, 0x638f, 0x83f0, 
	0x73af, 0x4b4f, 0x4b4f, 0x4b4f, 0x4b4f, 0x4b4f, 0x4b4f, 0x4b4f, 0x4b4f, 0x4b4f, 0x4b4f, 0x4b4f, 0x4b4f, 0x4b4f, 0x4b4f, 0x4b4f, 
	0x4b4f, 0x4b4f, 0x4b4f, 0x4b6f, 0x4b4f, 0x4b6f, 0x4b6f, 0x4b6f, 0x4b6f, 0x4b6f, 0x4b6f, 0x4b6f, 0x4b6f, 0x4b6f, 0x4b6f, 0x4b6f, 
	0x4b6f, 0x4b6f, 0x4b6f, 0x4b6f, 0x4b6f, 0x4b6f, 0x4b6f, 0x4b6f, 0x4b6f, 0x4b6f, 0x4b6f, 0x4b6f, 0x4b6f, 0x4b6f, 0x4b6f, 0x4b6f, 
	0x4b6f, 0x4b6f, 0x4b6f, 0x4b6f, 0x4b6f, 0x4b70, 0x4b6f, 0x4b70, 0x4b6f, 0x4b70, 0x4b6f, 0x4b70, 0x4b70, 0x4b70, 0x4b70, 0x4b70, 
	0x4b90, 0x4b70, 0x4b90, 0x4b70, 0x4b90, 0x4b70, 0x4b90, 0x4b90, 0x4b90, 0x4b90, 0x4b90, 0x4b90, 0x4b90, 0x4b90, 0x4b90, 0x4b90, 
	0x4b90, 0x4b90, 0x4b90, 0x4b90, 0x4b90, 0x4b90, 0x4b90, 0x4b90, 0x4b90, 0x4b90, 0x4b70, 0x4b90, 0x4b70, 0x4b90, 0x4b70, 0x4b90, 
	0x4b70, 0x4b70, 0x4b70, 0x4b70, 0x4b70, 0x4b6f, 0x4b70, 0x4b6f, 0x4b70, 0x4b6f, 0x4b70, 0x4b6f, 0x4b6f, 0x4b6f, 0x4b6f, 0x4b6f, 
	0x4b6f, 0x4b6f, 0x4b6f, 0x4b6f, 0x4b6f, 0x4b6f, 0x4b6f, 0x4b6f, 0x4b6f, 0x4b6f, 0x4b6f, 0x4b6f, 0x4b6f, 0x4b6f, 0x4b6f, 0x4b6f, 
	0x4b6f, 0x4b6f, 0x4b6f, 0x4b6f, 0x4b6f, 0x4b6f, 0x4b6f, 0x4b6f, 0x4b6f, 0x4b6f, 0x4b6f, 0x4b4f, 0x4b6f, 0x4b4f, 0x4b4f, 0x4b4f, 
	0x4b4f, 0x4b4f, 0x4b4f, 0x4b4f, 0x4b4f, 0x4b4f, 0x4b4f, 0x4b4f, 0x4b4f, 0x4b4f, 0x4b4f, 0x4b4f, 0x4b4f, 0x4b4f, 0x638f, 0x8410, 
	0x73ae, 0x4b4f, 0x4b4f, 0x4b4f, 0x4b4f, 0x4b4f, 0x4b4f, 0x4b4f, 0x4b4f, 0x4b4f, 0x4b4f, 0x4b4f, 0x4b4f, 0x4b4f, 0x4b4f, 0x4b4f, 
	0x4b6f, 0x4b4f, 0x4b6f, 0x4b6f, 0x4b6f, 0x4b6f, 0x4b6f, 0x4b6f, 0x4b6f, 0x4b6f, 0x4b6f, 0x4b6f, 0x4b6f, 0x4b6f, 0x4b6f, 0x4b6f, 
	0x4b6f, 0x4b6f, 0x4b6f, 0x4b6f, 0x4b6f, 0x4b6f, 0x4b6f, 0x4b6f, 0x4b6f, 0x4b6f, 0x4b6f, 0x4b6f, 0x4b6f, 0x4b6f, 0x4b6f, 0x4b6f, 
	0x4b70, 0x4b70, 0x4b70, 0x4b70, 0x4b70, 0x4b70, 0x4b70, 0x4b70, 0x4b70, 0x4b70, 0x4b70, 0x4b70, 0x4b70, 0x4b90, 0x4b70, 0x4b90, 
	0x4b70, 0x4b90, 0x4b70, 0x4b90, 0x4b90, 0x4b90, 0x4b90, 0x4b90, 0x4b90, 0x4b90, 0x4b90, 0x4b90, 0x4b90, 0x4b90, 0x4b90, 0x4b90, 
	0x4b90, 0x4b90, 0x4b90, 0x4b90, 0x4b90, 0x4b90, 0x4b90, 0x4b90, 0x4b90, 0x4b90, 0x4b90, 0x4b90, 0x4b90, 0x4b70, 0x4b90, 0x4b70, 
	0x4b90, 0x4b70, 0x4b90, 0x4b70, 0x4b70, 0x4b70, 0x4b70, 0x4b70, 0x4b70, 0x4b70, 0x4b70, 0x4b70, 0x4b70, 0x4b70, 0x4b70, 0x4b70, 
	0x4b6f, 0x4b6f, 0x4b6f, 0x4b6f, 0x4b6f, 0x4b6f, 0x4b6f, 0x4b6f, 0x4b6f, 0x4b6f, 0x4b6f, 0x4b6f, 0x4b6f, 0x4b6f, 0x4b6f, 0x4b6f, 
	0x4b6f, 0x4b6f, 0x4b6f, 0x4b6f, 0x4b6f, 0x4b6f, 0x4b6f, 0x4b6f, 0x4b6f, 0x4b6f, 0x4b6f, 0x4b6f, 0x4b6f, 0x4b6f, 0x4b4f, 0x4b6f, 
	0x4b4f, 0x4b4f, 0x4b4f, 0x4b4f, 0x4b4f, 0x4b4f, 0x4b4f, 0x4b4f, 0x4b4f, 0x4b4f, 0x4b4f, 0x4b4f, 0x4b4f, 0x4b4f, 0x638f, 0x83f0, 
	0x73af, 0x4b4f, 0x4b4f, 0x4b4f, 0x4b4f, 0x4b4f, 0x4b4f, 0x4b4f, 0x4b4f, 0x4b4f, 0x4b4f, 0x4b4f, 0x4b4f, 0x4b6f, 0x4b4f, 0x4b6f, 
	0x4b6f, 0x4b6f, 0x4b6f, 0x4b6f, 0x4b6f, 0x4b6f, 0x4b6f, 0x4b6f, 0x4b6f, 0x4b6f, 0x4b6f, 0x4b6f, 0x4b6f, 0x4b6f, 0x4b6f, 0x4b6f, 
	0x4b6f, 0x4b6f, 0x4b6f, 0x4b6f, 0x4b6f, 0x4b6f, 0x4b6f, 0x4b6f, 0x4b6f, 0x4b6f, 0x4b6f, 0x4b6f, 0x4b6f, 0x4b6f, 0x4b6f, 0x4b6f, 
	0x4b6f, 0x4b70, 0x4b6f, 0x4b70, 0x4b6f, 0x4b70, 0x4b70, 0x4b70, 0x4b70, 0x4b70, 0x4b90, 0x4b70, 0x4b90, 0x4b70, 0x4b90, 0x4b70, 
	0x4b90, 0x4b90, 0x4b90, 0x4b90, 0x4b90, 0x4b90, 0x4b90, 0x4b90, 0x4b90, 0x4b90, 0x4b90, 0x4b90, 0x4b90, 0x4b90, 0x4b90, 0x4b90, 
	0x4b90, 0x4b90, 0x4b90, 0x4b90, 0x4b90, 0x4b90, 0x4b90, 0x4b90, 0x4b90, 0x4b90, 0x4b90, 0x4b90, 0x4b90, 0x4b90, 0x4b90, 0x4b90, 
	0x4b70, 0x4b90, 0x4b70, 0x4b90, 0x4b70, 0x4b90, 0x4b70, 0x4b70, 0x4b70, 0x4b70, 0x4b70, 0x4b70, 0x4b70, 0x4b6f, 0x4b70, 0x4b6f, 
	0x4b6f, 0x4b6f, 0x4b6f, 0x4b6f, 0x4b6f, 0x4b6f, 0x4b6f, 0x4b6f, 0x4b6f, 0x4b6f, 0x4b6f, 0x4b6f, 0x4b6f, 0x4b6f, 0x4b6f, 0x4b6f, 
	0x4b6f, 0x4b6f, 0x4b6f, 0x4b6f, 0x4b6f, 0x4b6f, 0x4b6f, 0x4b6f, 0x4b6f, 0x4b6f, 0x4b6f, 0x4b6f, 0x4b6f, 0x4b6f, 0x4b6f, 0x4b6f, 
	0x4b6f, 0x4b4f, 0x4b6f, 0x4b4f, 0x4b4f, 0x4b4f, 0x4b4f, 0x4b4f, 0x4b4f, 0x4b4f, 0x4b4f, 0x4b4f, 0x4b4f, 0x4b4f, 0x638f, 0x83f0, 
	0x73af, 0x4b4f, 0x4b4f, 0x4b4f, 0x4b4f, 0x4b4f, 0x4b4f, 0x4b4f, 0x4b4f, 0x4b4f, 0x4b6f, 0x4b4f, 0x4b6f, 0x4b6f, 0x4b6f, 0x4b6f, 
	0x4b6f, 0x4b6f, 0x4b6f, 0x4b6f, 0x4b6f, 0x4b6f, 0x4b6f, 0x4b6f, 0x4b6f, 0x4b6f, 0x4b6f, 0x4b6f, 0x4b6f, 0x4b6f, 0x4b6f, 0x4b6f, 
	0x4b6f, 0x4b6f, 0x4b6f, 0x4b6f, 0x4b6f, 0x4b6f, 0x4b6f, 0x4b6f, 0x4b6f, 0x4b6f, 0x4b6f, 0x4b70, 0x4b70, 0x4b70, 0x4b70, 0x4b70, 
	0x4b70, 0x4b70, 0x4b70, 0x4b70, 0x4b70, 0x4b70, 0x4b70, 0x4b70, 0x4b70, 0x4b90, 0x4b70, 0x4b90, 0x4b70, 0x4b90, 0x4b90, 0x4b90, 
	0x4b90, 0x4b90, 0x4b90, 0x4b90, 0x4b90, 0x4b90, 0x4b90, 0x4b90, 0x4b90, 0x4b90, 0x4b90, 0x4b90, 0x4b90, 0x4b90, 0x4b90, 0x4b90, 
	0x4b90, 0x4b90, 0x4b90, 0x4b90, 0x4b90, 0x4b90, 0x4b90, 0x4b90, 0x4b90, 0x4b90, 0x4b90, 0x4b90, 0x4b90, 0x4b90, 0x4b90, 0x4b90, 
	0x4b90, 0x4b90, 0x4b90, 0x4b70, 0x4b90, 0x4b70, 0x4b90, 0x4b70, 0x4b70, 0x4b70, 0x4b70, 0x4b70, 0x4b70, 0x4b70, 0x4b70, 0x4b70, 
	0x4b70, 0x4b70, 0x4b70, 0x4b70, 0x4b70, 0x4b6f, 0x4b6f, 0x4b6f, 0x4b6f, 0x4b6f, 0x4b6f, 0x4b6f, 0x4b6f, 0x4b6f, 0x4b6f, 0x4b6f, 
	0x4b6f, 0x4b6f, 0x4b6f, 0x4b6f, 0x4b6f, 0x4b6f, 0x4b6f, 0x4b6f, 0x4b6f, 0x4b6f, 0x4b6f, 0x4b6f, 0x4b6f, 0x4b6f, 0x4b6f, 0x4b6f, 
	0x4b6f, 0x4b6f, 0x4b6f, 0x4b6f, 0x4b4f, 0x4b6f, 0x4b4f, 0x4b4f, 0x4b4f, 0x4b4f, 0x4b4f, 0x4b4f, 0x4b4f, 0x4b4f, 0x638f, 0x83f0, 
	0x73af, 0x4b4f, 0x4b4f, 0x4b4f, 0x4b4f, 0x4b4f, 0x4b4f, 0x4b4f, 0x4b4f, 0x4b6f, 0x4b6f, 0x4b6f, 0x4b6f, 0x4b6f, 0x4b6f, 0x4b6f, 
	0x4b6f, 0x4b6f, 0x4b6f, 0x4b6f, 0x4b6f, 0x4b6f, 0x4b6f, 0x4b6f, 0x4b6f, 0x4b6f, 0x4b6f, 0x4b6f, 0x4b6f, 0x4b6f, 0x4b6f, 0x4b6f, 
	0x4b6f, 0x4b6f, 0x4b6f, 0x4b6f, 0x4b6f, 0x4b6f, 0x4b6f, 0x4b6f, 0x4b6f, 0x4b6f, 0x4b6f, 0x4b70, 0x4b70, 0x4b70, 0x4b70, 0x4b70, 
	0x4b70, 0x4b70, 0x4b70, 0x4b70, 0x4b70, 0x4b70, 0x4b90, 0x4b70, 0x4b90, 0x4b70, 0x4b90, 0x4b90, 0x4b90, 0x4b90, 0x4b90, 0x4b90, 
	0x4b90, 0x4b90, 0x4b90, 0x4b90, 0x4b90, 0x4b90, 0x4b90, 0x4b90, 0x4b90, 0x4b90, 0x4b90, 0x4b90, 0x4b90, 0x4b90, 0x4b90, 0x4b90, 
	0x4b90, 0x4b90, 0x4b90, 0x4b90, 0x4b90, 0x4b90, 0x4b90, 0x4b90, 0x4b90, 0x4b90, 0x4b90, 0x4b90, 0x4b90, 0x4b90, 0x4b90, 0x4b90, 
	0x4b90, 0x4b90, 0x4b90, 0x4b90, 0x4b90, 0x4b90, 0x4b70, 0x4b90, 0x4b70, 0x4b90, 0x4b70, 0x4b70, 0x4b70, 0x4b70, 0x4b70, 0x4b70, 
	0x4b70, 0x4b70, 0x4b70, 0x4b70, 0x4b70, 0x4b6f, 0x4b6f, 0x4b6f, 0x4b6f, 0x4b6f, 0x4b6f, 0x4b6f, 0x4b6f, 0x4b6f, 0x4b6f, 0x4b6f, 
	0x4b6f, 0x4b6f, 0x4b6f, 0x4b6f, 0x4b6f, 0x4b6f, 0x4b6f, 0x4b6f, 0x4b6f, 0x4b6f, 0x4b6f, 0x4b6f, 0x4b6f, 0x4b6f, 0x4b6f, 0x4b6f, 
	0x4b6f, 0x4b6f, 0x4b6f, 0x4b6f, 0x4b6f, 0x4b6f, 0x4b6f, 0x4b4f, 0x4b4f, 0x4b4f, 0x4b4f, 0x4b4f, 0x4b4f, 0x4b4f, 0x638f, 0x83f0, 
	0x73af, 0x4b4f, 0x4b4f, 0x4b4f, 0x4b4f, 0x4b4f, 0x4b6f, 0x4b6f, 0x4b6f, 0x4b6f, 0x4b6f, 0x4b6f, 0x4b6f, 0x4b6f, 0x4b6f, 0x4b6f, 
	0x4b6f, 0x4b6f, 0x4b6f, 0x4b6f, 0x4b6f, 0x4b6f, 0x4b6f, 0x4b6f, 0x4b6f, 0x4b6f, 0x4b6f, 0x4b6f, 0x4b6f, 0x4b6f, 0x4b6f, 0x4b6f, 
	0x4b6f, 0x4b6f, 0x4b6f, 0x4b6f, 0x4b70, 0x4b70, 0x4b70, 0x4b70, 0x4b70, 0x4b70, 0x4b70, 0x4b70, 0x4b70, 0x4b70, 0x4b70, 0x4b70, 
	0x4b70, 0x4b70, 0x4b70, 0x4b90, 0x4b70, 0x4b90, 0x4b70, 0x4b90, 0x4b90, 0x4b90, 0x4b90, 0x4b90, 0x4b90, 0x4b90, 0x4b90, 0x4b90, 
	0x4b90, 0x4b90, 0x4b90, 0x4b90, 0x4b90, 0x4b90, 0x4b90, 0x4b90, 0x4b90, 0x4b90, 0x4b90, 0x4b90, 0x4b90, 0x4b90, 0x4b90, 0x4b90, 
	0x4b90, 0x4b90, 0x4b90, 0x4b90, 0x4b90, 0x4b90, 0x4b90, 0x4b90, 0x4b90, 0x4b90, 0x4b90, 0x4b90, 0x4b90, 0x4b90, 0x4b90, 0x4b90, 
	0x4b90, 0x4b90, 0x4b90, 0x4b90, 0x4b90, 0x4b90, 0x4b90, 0x4b90, 0x4b90, 0x4b70, 0x4b90, 0x4b70, 0x4b90, 0x4b70, 0x4b70, 0x4b70, 
	0x4b70, 0x4b70, 0x4b70, 0x4b70, 0x4b70, 0x4b70, 0x4b70, 0x4b70, 0x4b70, 0x4b70, 0x4b70, 0x4b6f, 0x4b6f, 0x4b6f, 0x4b6f, 0x4b6f, 
	0x4b6f, 0x4b6f, 0x4b6f, 0x4b6f, 0x4b6f, 0x4b6f, 0x4b6f, 0x4b6f, 0x4b6f, 0x4b6f, 0x4b6f, 0x4b6f, 0x4b6f, 0x4b6f, 0x4b6f, 0x4b6f, 
	0x4b6f, 0x4b6f, 0x4b6f, 0x4b6f, 0x4b6f, 0x4b6f, 0x4b6f, 0x4b6f, 0x4b6f, 0x4b6f, 0x4b4f, 0x4b4f, 0x4b4f, 0x4b4f, 0x638f, 0x83f0, 
	0x73af, 0x4b4f, 0x4b4f, 0x4b6f, 0x4b6f, 0x4b6f, 0x4b6f, 0x4b6f, 0x4b6f, 0x4b6f, 0x4b6f, 0x4b6f, 0x4b6f, 0x4b6f, 0x4b6f, 0x4b6f, 
	0x4b6f, 0x4b6f, 0x4b6f, 0x4b6f, 0x4b6f, 0x4b6f, 0x4b6f, 0x4b6f, 0x4b6f, 0x4b6f, 0x4b6f, 0x4b6f, 0x4b6f, 0x4b6f, 0x4b6f, 0x4b6f, 
	0x4b6f, 0x4b6f, 0x4b6f, 0x4b6f, 0x4b6f, 0x4b70, 0x4b70, 0x4b70, 0x4b70, 0x4b70, 0x4b70, 0x4b70, 0x4b70, 0x4b70, 0x4b70, 0x4b70, 
	0x4b90, 0x4b70, 0x4b90, 0x4b90, 0x4b90, 0x4b90, 0x4b90, 0x4b90, 0x4b90, 0x4b90, 0x4b90, 0x4b90, 0x4b90, 0x4b90, 0x4b90, 0x4b90, 
	0x4b90, 0x4b90, 0x4b90, 0x4b90, 0x4b90, 0x4b90, 0x4b90, 0x4b90, 0x4b90, 0x4b90, 0x4b90, 0x4b90, 0x4b90, 0x4b90, 0x4b90, 0x4b90, 
	0x4b90, 0x4b90, 0x4b90, 0x4b90, 0x4b90, 0x4b90, 0x4b90, 0x4b90, 0x4b90, 0x4b90, 0x4b90, 0x4b90, 0x4b90, 0x4b90, 0x4b90, 0x4b90, 
	0x4b90, 0x4b90, 0x4b90, 0x4b90, 0x4b90, 0x4b90, 0x4b90, 0x4b90, 0x4b90, 0x4b90, 0x4b90, 0x4b90, 0x4b90, 0x4b90, 0x4b70, 0x4b90, 
	0x4b70, 0x4b70, 0x4b70, 0x4b70, 0x4b70, 0x4b70, 0x4b70, 0x4b70, 0x4b70, 0x4b70, 0x4b70, 0x4b6f, 0x4b6f, 0x4b6f, 0x4b6f, 0x4b6f, 
	0x4b6f, 0x4b6f, 0x4b6f, 0x4b6f, 0x4b6f, 0x4b6f, 0x4b6f, 0x4b6f, 0x4b6f, 0x4b6f, 0x4b6f, 0x4b6f, 0x4b6f, 0x4b6f, 0x4b6f, 0x4b6f, 
	0x4b6f, 0x4b6f, 0x4b6f, 0x4b6f, 0x4b6f, 0x4b6f, 0x4b6f, 0x4b6f, 0x4b6f, 0x4b6f, 0x4b6f, 0x4b6f, 0x4b6f, 0x4b4f, 0x6baf, 0x83f0, 
	0x73af, 0x4b4f, 0x4b6f, 0x4b6f, 0x4b6f, 0x4b6f, 0x4b6f, 0x4b6f, 0x4b6f, 0x4b6f, 0x4b6f, 0x4b6f, 0x4b6f, 0x4b6f, 0x4b6f, 0x4b6f, 
	0x4b6f, 0x4b6f, 0x4b6f, 0x4b6f, 0x4b6f, 0x4b6f, 0x4b6f, 0x4b6f, 0x4b6f, 0x4b6f, 0x4b6f, 0x4b6f, 0x4b6f, 0x4b6f, 0x4b6f, 0x4b70, 
	0x4b70, 0x4b70, 0x4b70, 0x4b70, 0x4b70, 0x4b70, 0x4b70, 0x4b70, 0x4b70, 0x4b70, 0x4b70, 0x4b70, 0x4b70, 0x4b70, 0x4b90, 0x4b70, 
	0x4b90, 0x4b70, 0x4b90, 0x4b90, 0x4b90, 0x4b90, 0x4b90, 0x4b90, 0x4b90, 0x4b90, 0x4b90, 0x4b90, 0x4b90, 0x4b90, 0x4b90, 0x4b90, 
	0x4b90, 0x4b90, 0x4b90, 0x4b90, 0x4b90, 0x4b90, 0x4b90, 0x4b90, 0x4b90, 0x4b90, 0x4b90, 0x4b90, 0x4b90, 0x4b90, 0x4b90, 0x4b90, 
	0x4b90, 0x4b90, 0x4b90, 0x4b90, 0x4b90, 0x4b90, 0x4b90, 0x4b90, 0x4b90, 0x4b90, 0x4b90, 0x4b90, 0x4b90, 0x4b90, 0x4b90, 0x4b90, 
	0x4b90, 0x4b90, 0x4b90, 0x4b90, 0x4b90, 0x4b90, 0x4b90, 0x4b90, 0x4b90, 0x4b90, 0x4b90, 0x4b90, 0x4b90, 0x4b90, 0x4b70, 0x4b90, 
	0x4b70, 0x4b90, 0x4b70, 0x4b70, 0x4b70, 0x4b70, 0x4b70, 0x4b70, 0x4b70, 0x4b70, 0x4b70, 0x4b70, 0x4b70, 0x4b70, 0x4b70, 0x4b70, 
	0x4b70, 0x4b6f, 0x4b6f, 0x4b6f, 0x4b6f, 0x4b6f, 0x4b6f, 0x4b6f, 0x4b6f, 0x4b6f, 0x4b6f, 0x4b6f, 0x4b6f, 0x4b6f, 0x4b6f, 0x4b6f, 
	0x4b6f, 0x4b6f, 0x4b6f, 0x4b6f, 0x4b6f, 0x4b6f, 0x4b6f, 0x4b6f, 0x4b6f, 0x4b6f, 0x4b6f, 0x4b6f, 0x4b6f, 0x4b6f, 0x6baf, 0x83f0, 
	0x73af, 0x4b6f, 0x4b6f, 0x4b6f, 0x4b6f, 0x4b6f, 0x4b6f, 0x4b6f, 0x4b6f, 0x4b6f, 0x4b6f, 0x4b6f, 0x4b6f, 0x4b6f, 0x4b6f, 0x4b6f, 
	0x4b6f, 0x4b6f, 0x4b6f, 0x4b6f, 0x4b6f, 0x4b6f, 0x4b6f, 0x4b6f, 0x4b6f, 0x4b6f, 0x4b70, 0x4b70, 0x4b70, 0x4b70, 0x4b70, 0x4b70, 
	0x4b70, 0x4b70, 0x4b70, 0x4b70, 0x4b70, 0x4b70, 0x4b70, 0x4b70, 0x4b70, 0x4b70, 0x4b70, 0x4b70, 0x4b70, 0x4b90, 0x4b70, 0x4b90, 
	0x4b90, 0x4b90, 0x4b90, 0x4b90, 0x4b90, 0x4b90, 0x4b90, 0x4b90, 0x4b90, 0x4b90, 0x4b90, 0x4b90, 0x4b90, 0x4b90, 0x4b90, 0x4b90, 
	0x4b90, 0x4b90, 0x4b90, 0x4b90, 0x4b90, 0x4b90, 0x4b90, 0x4b90, 0x4b90, 0x4b90, 0x4b90, 0x4b90, 0x4b90, 0x4b90, 0x4b90, 0x4b90, 
	0x4b90, 0x4b90, 0x4b90, 0x4b90, 0x4b90, 0x4b90, 0x4b90, 0x4b90, 0x4b90, 0x4b90, 0x4b90, 0x4b90, 0x4b90, 0x4b90, 0x4b90, 0x4b90, 
	0x4b90, 0x4b90, 0x4b90, 0x4b90, 0x4b90, 0x4b90, 0x4b90, 0x4b90, 0x4b90, 0x4b90, 0x4b90, 0x4b90, 0x4b90, 0x4b90, 0x4b90, 0x4b90, 
	0x4b90, 0x4b70, 0x4b90, 0x4b70, 0x4b70, 0x4b70, 0x4b70, 0x4b70, 0x4b70, 0x4b70, 0x4b70, 0x4b70, 0x4b70, 0x4b70, 0x4b70, 0x4b70, 
	0x4b70, 0x4b70, 0x4b70, 0x4b70, 0x4b70, 0x4b70, 0x4b6f, 0x4b6f, 0x4b6f, 0x4b6f, 0x4b6f, 0x4b6f, 0x4b6f, 0x4b6f, 0x4b6f, 0x4b6f, 
	0x4b6f, 0x4b6f, 0x4b6f, 0x4b6f, 0x4b6f, 0x4b6f, 0x4b6f, 0x4b6f, 0x4b6f, 0x4b6f, 0x4b6f, 0x4b6f, 0x4b6f, 0x4b6f, 0x6baf, 0x83f0, 
	0x73af, 0x4b6f, 0x4b6f, 0x4b6f, 0x4b6f, 0x4b6f, 0x4b6f, 0x4b6f, 0x4b6f, 0x4b6f, 0x4b6f, 0x4b6f, 0x4b6f, 0x4b6f, 0x4b6f, 0x4b6f, 
	0x4b6f, 0x4b6f, 0x4b6f, 0x4b6f, 0x4b6f, 0x4b6f, 0x4b6f, 0x4b6f, 0x4b6f, 0x4b70, 0x4b70, 0x4b70, 0x4b70, 0x4b70, 0x4b70, 0x4b70, 
	0x4b70, 0x4b70, 0x4b70, 0x4b70, 0x4b70, 0x4b70, 0x4b70, 0x4b70, 0x4b70, 0x4b70, 0x4b90, 0x4b70, 0x4b90, 0x4b90, 0x4b90, 0x4b90, 
	0x4b90, 0x4b90, 0x4b90, 0x4b90, 0x4b90, 0x4b90, 0x4b90, 0x4b90, 0x4b90, 0x4b90, 0x4b90, 0x4b90, 0x4b90, 0x4b90, 0x4b90, 0x4b90, 
	0x4b90, 0x4b90, 0x4b90, 0x4b90, 0x4b90, 0x4b90, 0x4b90, 0x4b90, 0x4b90, 0x4b90, 0x4b90, 0x4b90, 0x4b90, 0x4b90, 0x4b90, 0x5390, 
	0x5390, 0x4b90, 0x4b90, 0x4b90, 0x4b90, 0x4b90, 0x4b90, 0x4b90, 0x4b90, 0x4b90, 0x4b90, 0x4b90, 0x4b90, 0x4b90, 0x4b90, 0x4b90, 
	0x4b90, 0x4b90, 0x4b90, 0x4b90, 0x4b90, 0x4b90, 0x4b90, 0x4b90, 0x4b90, 0x4b90, 0x4b90, 0x4b90, 0x4b90, 0x4b90, 0x4b90, 0x4b90, 
	0x4b90, 0x4b90, 0x4b90, 0x4b90, 0x4b70, 0x4b90, 0x4b70, 0x4b70, 0x4b70, 0x4b70, 0x4b70, 0x4b70, 0x4b70, 0x4b70, 0x4b70, 0x4b70, 
	0x4b70, 0x4b70, 0x4b70, 0x4b70, 0x4b70, 0x4b70, 0x4b70, 0x4b6f, 0x4b6f, 0x4b6f, 0x4b6f, 0x4b6f, 0x4b6f, 0x4b6f, 0x4b6f, 0x4b6f, 
	0x4b6f, 0x4b6f, 0x4b6f, 0x4b6f, 0x4b6f, 0x4b6f, 0x4b6f, 0x4b6f, 0x4b6f, 0x4b6f, 0x4b6f, 0x4b6f, 0x4b6f, 0x4b6f, 0x6baf, 0x83f0, 
	0x73af, 0x4b6f, 0x4b6f, 0x4b6f, 0x4b6f, 0x4b6f, 0x4b6f, 0x4b6f, 0x4b6f, 0x4b6f, 0x4b6f, 0x4b6f, 0x4b6f, 0x4b6f, 0x4b6f, 0x4b6f, 
	0x4b6f, 0x4b6f, 0x4b6f, 0x4b6f, 0x4b70, 0x4b70, 0x4b70, 0x4b70, 0x4b70, 0x4b70, 0x4b70, 0x4b70, 0x4b70, 0x4b70, 0x4b70, 0x4b70, 
	0x4b70, 0x4b70, 0x4b70, 0x4b70, 0x4b70, 0x4b70, 0x4b70, 0x4b90, 0x4b70, 0x4b90, 0x4b90, 0x4b90, 0x4b90, 0x4b90, 0x4b90, 0x4b90, 
	0x4b90, 0x4b90, 0x4b90, 0x4b90, 0x4b90, 0x4b90, 0x4b90, 0x4b90, 0x4b90, 0x4b90, 0x4b90, 0x4b90, 0x4b90, 0x4b90, 0x4b90, 0x4b90, 
	0x4b90, 0x4b90, 0x4b90, 0x4b90, 0x4b90, 0x4b90, 0x4b90, 0x4b90, 0x4b90, 0x4b90, 0x4b90, 0x4b90, 0x4b90, 0x4b90, 0x4b90, 0x5390, 
	0x5390, 0x4b90, 0x4b90, 0x4b90, 0x4b90, 0x4b90, 0x4b90, 0x4b90, 0x4b90, 0x4b90, 0x4b90, 0x4b90, 0x4b90, 0x4b90, 0x4b90, 0x4b90, 
	0x4b90, 0x4b90, 0x4b90, 0x4b90, 0x4b90, 0x4b90, 0x4b90, 0x4b90, 0x4b90, 0x4b90, 0x4b90, 0x4b90, 0x4b90, 0x4b90, 0x4b90, 0x4b90, 
	0x4b90, 0x4b90, 0x4b90, 0x4b90, 0x4b90, 0x4b90, 0x4b90, 0x4b70, 0x4b90, 0x4b70, 0x4b70, 0x4b70, 0x4b70, 0x4b70, 0x4b70, 0x4b70, 
	0x4b70, 0x4b70, 0x4b70, 0x4b70, 0x4b70, 0x4b70, 0x4b70, 0x4b70, 0x4b70, 0x4b70, 0x4b70, 0x4b70, 0x4b6f, 0x4b6f, 0x4b6f, 0x4b6f, 
	0x4b6f, 0x4b6f, 0x4b6f, 0x4b6f, 0x4b6f, 0x4b6f, 0x4b6f, 0x4b6f, 0x4b6f, 0x4b6f, 0x4b6f, 0x4b6f, 0x4b6f, 0x4b6f, 0x6baf, 0x83f0, 
	0x73af, 0x4b6f, 0x4b6f, 0x4b6f, 0x4b6f, 0x4b6f, 0x4b6f, 0x4b6f, 0x4b6f, 0x4b6f, 0x4b6f, 0x4b6f, 0x4b6f, 0x4b6f, 0x4b6f, 0x4b6f, 
	0x4b6f, 0x4b6f, 0x4b6f, 0x4b6f, 0x4b6f, 0x4b70, 0x4b70, 0x4b70, 0x4b70, 0x4b70, 0x4b70, 0x4b70, 0x4b70, 0x4b70, 0x4b70, 0x4b70, 
	0x4b70, 0x4b70, 0x4b70, 0x4b70, 0x4b90, 0x4b70, 0x4b90, 0x4b90, 0x4b90, 0x4b90, 0x4b90, 0x4b90, 0x4b90, 0x4b90, 0x4b90, 0x4b90, 
	0x4b90, 0x4b90, 0x4b90, 0x4b90, 0x4b90, 0x4b90, 0x4b90, 0x4b90, 0x4b90, 0x4b90, 0x4b90, 0x4b90, 0x4b90, 0x4b90, 0x4b90, 0x4b90, 
	0x4b90, 0x4b90, 0x4b90, 0x4b90, 0x4b90, 0x4b90, 0x4b90, 0x4b90, 0x4b90, 0x4b90, 0x5390, 0x5390, 0x5390, 0x5390, 0x5390, 0x5390, 
	0x5390, 0x5390, 0x5390, 0x5390, 0x5390, 0x5390, 0x4b90, 0x4b90, 0x4b90, 0x4b90, 0x4b90, 0x4b90, 0x4b90, 0x4b90, 0x4b90, 0x4b90, 
	0x4b90, 0x4b90, 0x4b90, 0x4b90, 0x4b90, 0x4b90, 0x4b90, 0x4b90, 0x4b90, 0x4b90, 0x4b90, 0x4b90, 0x4b90, 0x4b90, 0x4b90, 0x4b90, 
	0x4b90, 0x4b90, 0x4b90, 0x4b90, 0x4b90, 0x4b90, 0x4b90, 0x4b90, 0x4b90, 0x4b90, 0x4b70, 0x4b90, 0x4b70, 0x4b70, 0x4b70, 0x4b70, 
	0x4b70, 0x4b70, 0x4b70, 0x4b70, 0x4b70, 0x4b70, 0x4b70, 0x4b70, 0x4b70, 0x4b70, 0x4b70, 0x4b6f, 0x4b6f, 0x4b6f, 0x4b6f, 0x4b6f, 
	0x4b6f, 0x4b6f, 0x4b6f, 0x4b6f, 0x4b6f, 0x4b6f, 0x4b6f, 0x4b6f, 0x4b6f, 0x4b6f, 0x4b6f, 0x4b6f, 0x4b6f, 0x4b6f, 0x6baf, 0x8410, 
	0x73af, 0x4b6f, 0x4b6f, 0x4b6f, 0x4b6f, 0x4b6f, 0x4b6f, 0x4b6f, 0x4b6f, 0x4b6f, 0x4b6f, 0x4b6f, 0x4b70, 0x4b6f, 0x4b70, 0x4b70, 
	0x4b70, 0x4b70, 0x4b70, 0x4b70, 0x4b70, 0x4b70, 0x4b70, 0x4b70, 0x4b70, 0x4b70, 0x4b70, 0x4b70, 0x4b70, 0x4b70, 0x4b70, 0x4b70, 
	0x4b70, 0x4b90, 0x4b70, 0x4b90, 0x4b90, 0x4b90, 0x4b90, 0x4b90, 0x4b90, 0x4b90, 0x4b90, 0x4b90, 0x4b90, 0x4b90, 0x4b90, 0x4b90, 
	0x4b90, 0x4b90, 0x4b90, 0x4b90, 0x4b90, 0x4b90, 0x4b90, 0x4b90, 0x4b90, 0x4b90, 0x4b90, 0x4b90, 0x4b90, 0x4b90, 0x4b90, 0x4b90, 
	0x4b90, 0x4b90, 0x4b90, 0x4b90, 0x4b90, 0x4b90, 0x4b90, 0x4b90, 0x4b90, 0x4b90, 0x5390, 0x5390, 0x5390, 0x53b0, 0x5390, 0x53b0, 
	0x53b0, 0x5390, 0x53b0, 0x5390, 0x5390, 0x5390, 0x4b90, 0x4b90, 0x4b90, 0x4b90, 0x4b90, 0x4b90, 0x4b90, 0x4b90, 0x4b90, 0x4b90, 
	0x4b90, 0x4b90, 0x4b90, 0x4b90, 0x4b90, 0x4b90, 0x4b90, 0x4b90, 0x4b90, 0x4b90, 0x4b90, 0x4b90, 0x4b90, 0x4b90, 0x4b90, 0x4b90, 
	0x4b90, 0x4b90, 0x4b90, 0x4b90, 0x4b90, 0x4b90, 0x4b90, 0x4b90, 0x4b90, 0x4b90, 0x4b90, 0x4b90, 0x4b90, 0x4b70, 0x4b90, 0x4b70, 
	0x4b70, 0x4b70, 0x4b70, 0x4b70, 0x4b70, 0x4b70, 0x4b70, 0x4b70, 0x4b70, 0x4b70, 0x4b70, 0x4b70, 0x4b70, 0x4b70, 0x4b70, 0x4b70, 
	0x4b70, 0x4b70, 0x4b6f, 0x4b6f, 0x4b6f, 0x4b6f, 0x4b6f, 0x4b6f, 0x4b6f, 0x4b6f, 0x4b6f, 0x4b6f, 0x4b6f, 0x4b6f, 0x6baf, 0x83f0, 
	0x73af, 0x4b6f, 0x4b6f, 0x4b6f, 0x4b6f, 0x4b6f, 0x4b6f, 0x4b6f, 0x4b6f, 0x4b6f, 0x4b6f, 0x4b6f, 0x4b6f, 0x4b6f, 0x4b6f, 0x4b70, 
	0x4b70, 0x4b70, 0x4b70, 0x4b70, 0x4b70, 0x4b70, 0x4b70, 0x4b70, 0x4b70, 0x4b70, 0x4b70, 0x4b70, 0x4b70, 0x4b70, 0x4b70, 0x4b70, 
	0x4b90, 0x4b90, 0x4b90, 0x4b90, 0x4b90, 0x4b90, 0x4b90, 0x4b90, 0x4b90, 0x4b90, 0x4b90, 0x4b90, 0x4b90, 0x4b90, 0x4b90, 0x4b90, 
	0x4b90, 0x4b90, 0x4b90, 0x4b90, 0x4b90, 0x4b90, 0x4b90, 0x4b90, 0x4b90, 0x4b90, 0x4b90, 0x4b90, 0x4b90, 0x4b90, 0x4b90, 0x4b90, 
	0x4b90, 0x4b90, 0x4b90, 0x4b90, 0x4b90, 0x5390, 0x5390, 0x5390, 0x5390, 0x5390, 0x53b0, 0x5390, 0x53b0, 0x5390, 0x53b0, 0x5390, 
	0x5390, 0x53b0, 0x5390, 0x53b0, 0x5390, 0x53b0, 0x5390, 0x5390, 0x5390, 0x5390, 0x5390, 0x4b90, 0x4b90, 0x4b90, 0x4b90, 0x4b90, 
	0x4b90, 0x4b90, 0x4b90, 0x4b90, 0x4b90, 0x4b90, 0x4b90, 0x4b90, 0x4b90, 0x4b90, 0x4b90, 0x4b90, 0x4b90, 0x4b90, 0x4b90, 0x4b90, 
	0x4b90, 0x4b90, 0x4b90, 0x4b90, 0x4b90, 0x4b90, 0x4b90, 0x4b90, 0x4b90, 0x4b90, 0x4b90, 0x4b90, 0x4b90, 0x4b90, 0x4b90, 0x4b90, 
	0x4b70, 0x4b70, 0x4b70, 0x4b70, 0x4b70, 0x4b70, 0x4b70, 0x4b70, 0x4b70, 0x4b70, 0x4b70, 0x4b70, 0x4b70, 0x4b70, 0x4b70, 0x4b70, 
	0x4b70, 0x4b6f, 0x4b6f, 0x4b6f, 0x4b6f, 0x4b6f, 0x4b6f, 0x4b6f, 0x4b6f, 0x4b6f, 0x4b6f, 0x4b6f, 0x4b6f, 0x4b6f, 0x6baf, 0x8410, 
	0x73af, 0x4b6f, 0x4b6f, 0x4b6f, 0x4b6f, 0x4b6f, 0x4b70, 0x4b6f, 0x4b70, 0x4b70, 0x4b70, 0x4b70, 0x4b70, 0x4b70, 0x4b70, 0x4b70, 
	0x4b70, 0x4b70, 0x4b70, 0x4b70, 0x4b70, 0x4b70, 0x4b70, 0x4b70, 0x4b70, 0x4b70, 0x4b70, 0x4b70, 0x4b70, 0x4b90, 0x4b90, 0x4b90, 
	0x4b90, 0x4b90, 0x4b90, 0x4b90, 0x4b90, 0x4b90, 0x4b90, 0x4b90, 0x4b90, 0x4b90, 0x4b90, 0x4b90, 0x4b90, 0x4b90, 0x4b90, 0x4b90, 
	0x4b90, 0x4b90, 0x4b90, 0x4b90, 0x4b90, 0x4b90, 0x4b90, 0x4b90, 0x4b90, 0x4b90, 0x4b90, 0x4b90, 0x4b90, 0x4b90, 0x4b90, 0x4b90, 
	0x4b90, 0x4b90, 0x4b90, 0x4b90, 0x4b90, 0x5390, 0x5390, 0x5390, 0x5390, 0x53b0, 0x5390, 0x53b0, 0x5390, 0x53b0, 0x53b0, 0x53b0, 
	0x53b0, 0x53b0, 0x53b0, 0x5390, 0x53b0, 0x5390, 0x53b0, 0x5390, 0x5390, 0x5390, 0x5390, 0x4b90, 0x4b90, 0x4b90, 0x4b90, 0x4b90, 
	0x4b90, 0x4b90, 0x4b90, 0x4b90, 0x4b90, 0x4b90, 0x4b90, 0x4b90, 0x4b90, 0x4b90, 0x4b90, 0x4b90, 0x4b90, 0x4b90, 0x4b90, 0x4b90, 
	0x4b90, 0x4b90, 0x4b90, 0x4b90, 0x4b90, 0x4b90, 0x4b90, 0x4b90, 0x4b90, 0x4b90, 0x4b90, 0x4b90, 0x4b90, 0x4b90, 0x4b90, 0x4b90, 
	0x4b90, 0x4b90, 0x4b90, 0x4b70, 0x4b70, 0x4b70, 0x4b70, 0x4b70, 0x4b70, 0x4b70, 0x4b70, 0x4b70, 0x4b70, 0x4b70, 0x4b70, 0x4b70, 
	0x4b70, 0x4b70, 0x4b70, 0x4b70, 0x4b70, 0x4b70, 0x4b70, 0x4b70, 0x4b6f, 0x4b6f, 0x4b6f, 0x4b6f, 0x4b6f, 0x4b6f, 0x6baf, 0x83f0, 
	0x73af, 0x4b6f, 0x4b6f, 0x4b6f, 0x4b6f, 0x4b6f, 0x4b6f, 0x4b6f, 0x4b6f, 0x4b6f, 0x4b70, 0x4b6f, 0x4b70, 0x4b6f, 0x4b70, 0x4b70, 
	0x4b70, 0x4b70, 0x4b70, 0x4b70, 0x4b70, 0x4b70, 0x4b70, 0x4b70, 0x4b70, 0x4b90, 0x4b90, 0x4b90, 0x4b90, 0x4b90, 0x4b90, 0x4b90, 
	0x4b90, 0x4b90, 0x4b90, 0x4b90, 0x4b90, 0x4b90, 0x4b90, 0x4b90, 0x4b90, 0x4b90, 0x4b90, 0x4b90, 0x4b90, 0x4b90, 0x4b90, 0x4b90, 
	0x4b90, 0x4b90, 0x4b90, 0x4b90, 0x4b90, 0x4b90, 0x4b90, 0x4b90, 0x4b90, 0x4b90, 0x4b90, 0x4b90, 0x4b90, 0x4b90, 0x4b90, 0x4b90, 
	0x5390, 0x5390, 0x5390, 0x5390, 0x53b0, 0x5390, 0x53b0, 0x5390, 0x53b0, 0x5390, 0x53b0, 0x53b0, 0x53b0, 0x53b0, 0x53b0, 0x53b0, 
	0x53b0, 0x53b0, 0x53b0, 0x53b0, 0x53b0, 0x53b0, 0x5390, 0x53b0, 0x5390, 0x53b0, 0x5390, 0x53b0, 0x5390, 0x5390, 0x5390, 0x5390, 
	0x5390, 0x4b90, 0x4b90, 0x4b90, 0x4b90, 0x4b90, 0x4b90, 0x4b90, 0x4b90, 0x4b90, 0x4b90, 0x4b90, 0x4b90, 0x4b90, 0x4b90, 0x4b90, 
	0x4b90, 0x4b90, 0x4b90, 0x4b90, 0x4b90, 0x4b90, 0x4b90, 0x4b90, 0x4b90, 0x4b90, 0x4b90, 0x4b90, 0x4b90, 0x4b90, 0x4b90, 0x4b90, 
	0x4b90, 0x4b90, 0x4b90, 0x4b90, 0x4b90, 0x4b90, 0x4b90, 0x4b70, 0x4b70, 0x4b70, 0x4b70, 0x4b70, 0x4b70, 0x4b70, 0x4b70, 0x4b70, 
	0x4b70, 0x4b70, 0x4b6f, 0x4b70, 0x4b6f, 0x4b70, 0x4b6f, 0x4b6f, 0x4b6f, 0x4b6f, 0x4b6f, 0x4b6f, 0x4b6f, 0x4b6f, 0x6baf, 0x8410, 
	0x73af, 0x4b6f, 0x4b70, 0x4b70, 0x4b70, 0x4b70, 0x4b70, 0x4b70, 0x4b70, 0x4b70, 0x4b70, 0x4b70, 0x4b70, 0x4b70, 0x4b70, 0x4b70, 
	0x4b70, 0x4b70, 0x4b70, 0x4b70, 0x4b70, 0x4b70, 0x4b90, 0x4b70, 0x4b90, 0x4b90, 0x4b90, 0x4b90, 0x4b90, 0x4b90, 0x4b90, 0x4b90, 
	0x4b90, 0x4b90, 0x4b90, 0x4b90, 0x4b90, 0x4b90, 0x4b90, 0x4b90, 0x4b90, 0x4b90, 0x4b90, 0x4b90, 0x4b90, 0x4b90, 0x4b90, 0x4b90, 
	0x4b90, 0x4b90, 0x4b90, 0x4b90, 0x4b90, 0x4b90, 0x4b90, 0x4b90, 0x4b90, 0x4b90, 0x4b90, 0x4b90, 0x4b90, 0x4b90, 0x4b90, 0x4b90, 
	0x4b90, 0x53b0, 0x5390, 0x53b0, 0x5390, 0x53b0, 0x5390, 0x53b0, 0x53b0, 0x53b0, 0x53b0, 0x53b0, 0x53b0, 0x53b0, 0x53b0, 0x53b0, 
	0x53b0, 0x53b0, 0x53b0, 0x53b0, 0x53b0, 0x53b0, 0x53b0, 0x53b0, 0x53b0, 0x5390, 0x53b0, 0x5390, 0x53b0, 0x5390, 0x53b0, 0x4b90, 
	0x4b90, 0x4b90, 0x4b90, 0x4b90, 0x4b90, 0x4b90, 0x4b90, 0x4b90, 0x4b90, 0x4b90, 0x4b90, 0x4b90, 0x4b90, 0x4b90, 0x4b90, 0x4b90, 
	0x4b90, 0x4b90, 0x4b90, 0x4b90, 0x4b90, 0x4b90, 0x4b90, 0x4b90, 0x4b90, 0x4b90, 0x4b90, 0x4b90, 0x4b90, 0x4b90, 0x4b90, 0x4b90, 
	0x4b90, 0x4b90, 0x4b90, 0x4b90, 0x4b90, 0x4b90, 0x4b90, 0x4b90, 0x4b70, 0x4b90, 0x4b70, 0x4b70, 0x4b70, 0x4b70, 0x4b70, 0x4b70, 
	0x4b70, 0x4b70, 0x4b70, 0x4b70, 0x4b70, 0x4b70, 0x4b70, 0x4b70, 0x4b70, 0x4b70, 0x4b70, 0x4b70, 0x4b70, 0x4b70, 0x6baf, 0x83f0, 
	0x73af, 0x4b6f, 0x4b6f, 0x4b6f, 0x4b70, 0x4b6f, 0x4b70, 0x4b6f, 0x4b70, 0x4b70, 0x4b70, 0x4b70, 0x4b70, 0x4b70, 0x4b70, 0x4b70, 
	0x4b70, 0x4b70, 0x4b70, 0x4b90, 0x4b70, 0x4b90, 0x4b70, 0x4b90, 0x4b90, 0x4b90, 0x4b90, 0x4b90, 0x4b90, 0x4b90, 0x4b90, 0x4b90, 
	0x4b90, 0x4b90, 0x4b90, 0x4b90, 0x4b90, 0x4b90, 0x4b90, 0x4b90, 0x4b90, 0x4b90, 0x4b90, 0x4b90, 0x4b90, 0x4b90, 0x4b90, 0x4b90, 
	0x4b90, 0x4b90, 0x4b90, 0x4b90, 0x4b90, 0x4b90, 0x4b90, 0x4b90, 0x4b90, 0x4b90, 0x5390, 0x4b90, 0x5390, 0x5390, 0x53b0, 0x5390, 
	0x53b0, 0x5390, 0x53b0, 0x5390, 0x53b0, 0x53b0, 0x53b0, 0x53b0, 0x53b0, 0x53b0, 0x53b0, 0x53b0, 0x53b0, 0x53b0, 0x53b0, 0x53b0, 
	0x53b0, 0x53b0, 0x53b0, 0x53b0, 0x53b0, 0x53b0, 0x53b0, 0x53b0, 0x53b0, 0x53b0, 0x53b0, 0x53b0, 0x5390, 0x53b0, 0x5390, 0x53b0, 
	0x5390, 0x53b0, 0x5390, 0x5390, 0x5390, 0x4b90, 0x4b90, 0x4b90, 0x4b90, 0x4b90, 0x4b90, 0x4b90, 0x4b90, 0x4b90, 0x4b90, 0x4b90, 
	0x4b90, 0x4b90, 0x4b90, 0x4b90, 0x4b90, 0x4b90, 0x4b90, 0x4b90, 0x4b90, 0x4b90, 0x4b90, 0x4b90, 0x4b90, 0x4b90, 0x4b90, 0x4b90, 
	0x4b90, 0x4b90, 0x4b90, 0x4b90, 0x4b90, 0x4b90, 0x4b90, 0x4b90, 0x4b90, 0x4b70, 0x4b90, 0x4b70, 0x4b90, 0x4b70, 0x4b70, 0x4b70, 
	0x4b70, 0x4b70, 0x4b70, 0x4b70, 0x4b70, 0x4b70, 0x4b70, 0x4b70, 0x4b6f, 0x4b70, 0x4b6f, 0x4b70, 0x4b6f, 0x4b6f, 0x6baf, 0x8410, 
	0x73af, 0x4b70, 0x4b70, 0x4b70, 0x4b70, 0x4b70, 0x4b70, 0x4b70, 0x4b70, 0x4b70, 0x4b70, 0x4b70, 0x4b70, 0x4b70, 0x4b70, 0x4b70, 
	0x4b90, 0x4b70, 0x4b90, 0x4b70, 0x4b90, 0x4b90, 0x4b90, 0x4b90, 0x4b90, 0x4b90, 0x4b90, 0x4b90, 0x4b90, 0x4b90, 0x4b90, 0x4b90, 
	0x4b90, 0x4b90, 0x4b90, 0x4b90, 0x4b90, 0x4b90, 0x4b90, 0x4b90, 0x4b90, 0x4b90, 0x4b90, 0x4b90, 0x4b90, 0x4b90, 0x4b90, 0x4b90, 
	0x4b90, 0x4b90, 0x4b90, 0x4b90, 0x4b90, 0x4b90, 0x4b90, 0x4b90, 0x4b90, 0x4b90, 0x4b90, 0x4b90, 0x5390, 0x53b0, 0x5390, 0x53b0, 
	0x5390, 0x53b0, 0x53b0, 0x53b0, 0x53b0, 0x53b0, 0x53b0, 0x53b0, 0x53b0, 0x53b0, 0x53b0, 0x53b0, 0x53b0, 0x53b0, 0x53b1, 0x53b1, 
	0x53b1, 0x53b1, 0x53b0, 0x53b0, 0x53b0, 0x53b0, 0x53b0, 0x53b0, 0x53b0, 0x53b0, 0x53b0, 0x53b0, 0x53b0, 0x53b0, 0x53b0, 0x5390, 
	0x53b0, 0x5390, 0x53b0, 0x5390, 0x4b90, 0x4b90, 0x4b90, 0x4b90, 0x4b90, 0x4b90, 0x4b90, 0x4b90, 0x4b90, 0x4b90, 0x4b90, 0x4b90, 
	0x4b90, 0x4b90, 0x4b90, 0x4b90, 0x4b90, 0x4b90, 0x4b90, 0x4b90, 0x4b90, 0x4b90, 0x4b90, 0x4b90, 0x4b90, 0x4b90, 0x4b90, 0x4b90, 
	0x4b90, 0x4b90, 0x4b90, 0x4b90, 0x4b90, 0x4b90, 0x4b90, 0x4b90, 0x4b90, 0x4b90, 0x4b90, 0x4b90, 0x4b70, 0x4b90, 0x4b70, 0x4b90, 
	0x4b70, 0x4b70, 0x4b70, 0x4b70, 0x4b70, 0x4b70, 0x4b70, 0x4b70, 0x4b70, 0x4b70, 0x4b70, 0x4b70, 0x4b70, 0x4b70, 0x6baf, 0x83f0, 
	0x73af, 0x4b6f, 0x4b70, 0x4b70, 0x4b70, 0x4b70, 0x4b70, 0x4b70, 0x4b70, 0x4b70, 0x4b70, 0x4b70, 0x4b70, 0x4b90, 0x4b70, 0x4b90, 
	0x4b70, 0x4b90, 0x4b90, 0x4b90, 0x4b90, 0x4b90, 0x4b90, 0x4b90, 0x4b90, 0x4b90, 0x4b90, 0x4b90, 0x4b90, 0x4b90, 0x4b90, 0x4b90, 
	0x4b90, 0x4b90, 0x4b90, 0x4b90, 0x4b90, 0x4b90, 0x4b90, 0x4b90, 0x4b90, 0x4b90, 0x4b90, 0x4b90, 0x4b90, 0x4b90, 0x4b90, 0x4b90, 
	0x4b90, 0x4b90, 0x4b90, 0x4b90, 0x4b90, 0x4b90, 0x5390, 0x5390, 0x5390, 0x5390, 0x53b0, 0x5390, 0x53b0, 0x5390, 0x53b0, 0x5390, 
	0x53b0, 0x53b0, 0x53b0, 0x53b0, 0x53b0, 0x53b0, 0x53b0, 0x53b0, 0x53b0, 0x53b0, 0x53b0, 0x53b0, 0x53b0, 0x53b0, 0x53b1, 0x53b1, 
	0x53b1, 0x53b1, 0x53b0, 0x53b0, 0x53b0, 0x53b0, 0x53b0, 0x53b0, 0x53b0, 0x53b0, 0x53b0, 0x53b0, 0x53b0, 0x53b0, 0x53b0, 0x53b0, 
	0x5390, 0x53b0, 0x5390, 0x53b0, 0x5390, 0x53b0, 0x5390, 0x5390, 0x5390, 0x4b90, 0x5390, 0x4b90, 0x4b90, 0x4b90, 0x4b90, 0x4b90, 
	0x4b90, 0x4b90, 0x4b90, 0x4b90, 0x4b90, 0x4b90, 0x4b90, 0x4b90, 0x4b90, 0x4b90, 0x4b90, 0x4b90, 0x4b90, 0x4b90, 0x4b90, 0x4b90, 
	0x4b90, 0x4b90, 0x4b90, 0x4b90, 0x4b90, 0x4b90, 0x4b90, 0x4b90, 0x4b90, 0x4b90, 0x4b90, 0x4b90, 0x4b90, 0x4b90, 0x4b90, 0x4b70, 
	0x4b90, 0x4b70, 0x4b90, 0x4b70, 0x4b70, 0x4b70, 0x4b70, 0x4b70, 0x4b70, 0x4b70, 0x4b70, 0x4b70, 0x4b70, 0x4b70, 0x6baf, 0x8410, 
	0x73af, 0x4b70, 0x4b70, 0x4b70, 0x4b70, 0x4b70, 0x4b70, 0x4b70, 0x4b70, 0x4b70, 0x4b90, 0x4b70, 0x4b90, 0x4b70, 0x4b90, 0x4b90, 
	0x4b90, 0x4b90, 0x4b90, 0x4b90, 0x4b90, 0x4b90, 0x4b90, 0x4b90, 0x4b90, 0x4b90, 0x4b90, 0x4b90, 0x4b90, 0x4b90, 0x4b90, 0x4b90, 
	0x4b90, 0x4b90, 0x4b90, 0x4b90, 0x4b90, 0x4b90, 0x4b90, 0x4b90, 0x4b90, 0x4b90, 0x4b90, 0x4b90, 0x4b90, 0x4b90, 0x4b90, 0x4b90, 
	0x4b90, 0x4b90, 0x4b90, 0x4b90, 0x4b90, 0x4b90, 0x4b90, 0x4bb0, 0x5390, 0x53b0, 0x5390, 0x53b0, 0x5390, 0x53b0, 0x53b0, 0x53b0, 
	0x53b0, 0x53b0, 0x53b0, 0x53b0, 0x53b0, 0x53b0, 0x53b0, 0x53b0, 0x53b1, 0x53b1, 0x53b1, 0x53b1, 0x53b1, 0x53b1, 0x53b1, 0x53b1, 
	0x53b1, 0x53b1, 0x53b1, 0x53b1, 0x53b1, 0x53b1, 0x53b1, 0x53b1, 0x53b0, 0x53b0, 0x53b0, 0x53b0, 0x53b0, 0x53b0, 0x53b0, 0x53b0, 
	0x53b0, 0x53b0, 0x53b0, 0x5390, 0x53b0, 0x5390, 0x53b0, 0x5390, 0x4bb0, 0x4b90, 0x4b90, 0x4b90, 0x4b90, 0x4b90, 0x4b90, 0x4b90, 
	0x4b90, 0x4b90, 0x4b90, 0x4b90, 0x4b90, 0x4b90, 0x4b90, 0x4b90, 0x4b90, 0x4b90, 0x4b90, 0x4b90, 0x4b90, 0x4b90, 0x4b90, 0x4b90, 
	0x4b90, 0x4b90, 0x4b90, 0x4b90, 0x4b90, 0x4b90, 0x4b90, 0x4b90, 0x4b90, 0x4b90, 0x4b90, 0x4b90, 0x4b90, 0x4b90, 0x4b90, 0x4b90, 
	0x4b90, 0x4b90, 0x4b70, 0x4b90, 0x4b70, 0x4b90, 0x4b70, 0x4b70, 0x4b70, 0x4b70, 0x4b70, 0x4b70, 0x4b70, 0x4b70, 0x6baf, 0x83f0, 
	0x73af, 0x4b70, 0x4b70, 0x4b70, 0x4b70, 0x4b70, 0x4b70, 0x4b70, 0x4b70, 0x4b90, 0x4b70, 0x4b90, 0x4b90, 0x4b90, 0x4b90, 0x4b90, 
	0x4b90, 0x4b90, 0x4b90, 0x4b90, 0x4b90, 0x4b90, 0x4b90, 0x4b90, 0x4b90, 0x4b90, 0x4b90, 0x4b90, 0x4b90, 0x4b90, 0x4b90, 0x4b90, 
	0x4b90, 0x4b90, 0x4b90, 0x4b90, 0x4b90, 0x4b90, 0x4b90, 0x4b90, 0x4b90, 0x4b90, 0x4b90, 0x4b90, 0x4b90, 0x4b90, 0x4b90, 0x4b90, 
	0x4b90, 0x4b90, 0x5390, 0x5390, 0x53b0, 0x5390, 0x53b0, 0x5390, 0x53b0, 0x5390, 0x53b0, 0x53b0, 0x53b0, 0x53b0, 0x53b0, 0x53b0, 
	0x53b0, 0x53b0, 0x53b0, 0x53b0, 0x53b0, 0x53b0, 0x53b0, 0x53b0, 0x53b0, 0x53b1, 0x53b0, 0x53b1, 0x53b1, 0x53b1, 0x53b1, 0x53b1, 
	0x53b1, 0x53b1, 0x53b1, 0x53b1, 0x53b1, 0x53b0, 0x53b1, 0x53b0, 0x53b0, 0x53b0, 0x53b0, 0x53b0, 0x53b0, 0x53b0, 0x53b0, 0x53b0, 
	0x53b0, 0x53b0, 0x53b0, 0x53b0, 0x53b0, 0x53b0, 0x5390, 0x53b0, 0x5390, 0x53b0, 0x5390, 0x53b0, 0x5390, 0x5390, 0x5390, 0x4b90, 
	0x4b90, 0x4b90, 0x4b90, 0x4b90, 0x4b90, 0x4b90, 0x4b90, 0x4b90, 0x4b90, 0x4b90, 0x4b90, 0x4b90, 0x4b90, 0x4b90, 0x4b90, 0x4b90, 
	0x4b90, 0x4b90, 0x4b90, 0x4b90, 0x4b90, 0x4b90, 0x4b90, 0x4b90, 0x4b90, 0x4b90, 0x4b90, 0x4b90, 0x4b90, 0x4b90, 0x4b90, 0x4b90, 
	0x4b90, 0x4b90, 0x4b90, 0x4b90, 0x4b90, 0x4b70, 0x4b90, 0x4b70, 0x4b70, 0x4b70, 0x4b70, 0x4b70, 0x4b70, 0x4b70, 0x6baf, 0x8410, 
	0x73af, 0x4b70, 0x4b70, 0x4b70, 0x4b70, 0x4b70, 0x4b90, 0x4b70, 0x4b90, 0x4b90, 0x4b90, 0x4b90, 0x4b90, 0x4b90, 0x4b90, 0x4b90, 
	0x4b90, 0x4b90, 0x4b90, 0x4b90, 0x4b90, 0x4b90, 0x4b90, 0x4b90, 0x4b90, 0x4b90, 0x4b90, 0x4b90, 0x4b90, 0x4b90, 0x4b90, 0x4b90, 
	0x4b90, 0x4b90, 0x4b90, 0x4b90, 0x4b90, 0x4b90, 0x4b90, 0x4b90, 0x4b90, 0x4b90, 0x4b90, 0x4b90, 0x4b90, 0x4b90, 0x4b90, 0x4b90, 
	0x4b90, 0x4bb0, 0x4b90, 0x53b0, 0x5390, 0x53b0, 0x5390, 0x53b0, 0x53b0, 0x53b0, 0x53b0, 0x53b0, 0x53b0, 0x53b0, 0x53b0, 0x53b0, 
	0x53b0, 0x53b0, 0x53b1, 0x53b1, 0x53b1, 0x53b1, 0x53b1, 0x53b1, 0x53b1, 0x53b1, 0x53b1, 0x53b1, 0x53b1, 0x53b1, 0x53b1, 0x53b1, 
	0x53b1, 0x53b1, 0x53b1, 0x53b1, 0x53b1, 0x53b1, 0x53b1, 0x53b1, 0x53b1, 0x53b1, 0x53b1, 0x53b1, 0x53b1, 0x53b1, 0x53b0, 0x53b0, 
	0x53b0, 0x53b0, 0x53b0, 0x53b0, 0x53b0, 0x53b0, 0x53b0, 0x53b0, 0x53b0, 0x5390, 0x53b0, 0x5390, 0x53b0, 0x4b90, 0x4bb0, 0x4b90, 
	0x4b90, 0x4b90, 0x4b90, 0x4b90, 0x4b90, 0x4b90, 0x4b90, 0x4b90, 0x4b90, 0x4b90, 0x4b90, 0x4b90, 0x4b90, 0x4b90, 0x4b90, 0x4b90, 
	0x4b90, 0x4b90, 0x4b90, 0x4b90, 0x4b90, 0x4b90, 0x4b90, 0x4b90, 0x4b90, 0x4b90, 0x4b90, 0x4b90, 0x4b90, 0x4b90, 0x4b90, 0x4b90, 
	0x4b90, 0x4b90, 0x4b90, 0x4b90, 0x4b90, 0x4b90, 0x4b90, 0x4b90, 0x4b70, 0x4b90, 0x4b70, 0x4b70, 0x4b70, 0x4b70, 0x6baf, 0x83f0, 
	0x73af, 0x4b70, 0x4b70, 0x4b90, 0x4b70, 0x4b90, 0x4b90, 0x4b90, 0x4b90, 0x4b90, 0x4b90, 0x4b90, 0x4b90, 0x4b90, 0x4b90, 0x4b90, 
	0x4b90, 0x4b90, 0x4b90, 0x4b90, 0x4b90, 0x4b90, 0x4b90, 0x4b90, 0x4b90, 0x4b90, 0x4b90, 0x4b90, 0x4b90, 0x4b90, 0x4b90, 0x4b90, 
	0x4b90, 0x4b90, 0x4b90, 0x4b90, 0x4b90, 0x4b90, 0x4b90, 0x4b90, 0x4b90, 0x4b90, 0x4b90, 0x4b90, 0x5390, 0x5390, 0x5390, 0x5390, 
	0x53b0, 0x5390, 0x53b0, 0x5390, 0x53b0, 0x53b0, 0x53b0, 0x53b0, 0x53b0, 0x53b0, 0x53b0, 0x53b0, 0x53b0, 0x53b0, 0x53b0, 0x53b0, 
	0x53b0, 0x53b0, 0x53b0, 0x53b0, 0x53b0, 0x53b1, 0x53b0, 0x53b1, 0x53b0, 0x53b1, 0x53b1, 0x53b1, 0x53b1, 0x53b1, 0x53b1, 0x53b1, 
	0x53b1, 0x53b1, 0x53b1, 0x53b1, 0x53b1, 0x53b1, 0x53b1, 0x53b0, 0x53b1, 0x53b0, 0x53b1, 0x53b0, 0x53b0, 0x53b0, 0x53b0, 0x53b0, 
	0x53b0, 0x53b0, 0x53b0, 0x53b0, 0x53b0, 0x53b0, 0x53b0, 0x53b0, 0x53b0, 0x53b0, 0x53b0, 0x53b0, 0x5390, 0x53b0, 0x5390, 0x53b0, 
	0x5390, 0x5390, 0x5390, 0x4b90, 0x4b90, 0x4b90, 0x4b90, 0x4b90, 0x4b90, 0x4b90, 0x4b90, 0x4b90, 0x4b90, 0x4b90, 0x4b90, 0x4b90, 
	0x4b90, 0x4b90, 0x4b90, 0x4b90, 0x4b90, 0x4b90, 0x4b90, 0x4b90, 0x4b90, 0x4b90, 0x4b90, 0x4b90, 0x4b90, 0x4b90, 0x4b90, 0x4b90, 
	0x4b90, 0x4b90, 0x4b90, 0x4b90, 0x4b90, 0x4b90, 0x4b90, 0x4b90, 0x4b90, 0x4b90, 0x4b90, 0x4b70, 0x4b90, 0x4b70, 0x6baf, 0x8410, 
	0x73af, 0x4b70, 0x4b70, 0x4b70, 0x4b90, 0x4b90, 0x4b90, 0x4b90, 0x4b90, 0x4b90, 0x4b90, 0x4b90, 0x4b90, 0x4b90, 0x4b90, 0x4b90, 
	0x4b90, 0x4b90, 0x4b90, 0x4b90, 0x4b90, 0x4b90, 0x4b90, 0x4b90, 0x4b90, 0x4b90, 0x4b90, 0x4b90, 0x4b90, 0x4b90, 0x4b90, 0x4b90, 
	0x4b90, 0x4b90, 0x4b90, 0x4b90, 0x4b90, 0x4b90, 0x4b90, 0x4b90, 0x4b90, 0x4b90, 0x4b90, 0x4b90, 0x4b90, 0x4bb0, 0x5390, 0x53b0, 
	0x5390, 0x53b0, 0x53b0, 0x53b0, 0x53b0, 0x53b0, 0x53b0, 0x53b0, 0x53b0, 0x53b0, 0x53b0, 0x53b0, 0x53b1, 0x53b1, 0x53b1, 0x53b1, 
	0x53b1, 0x53b1, 0x53b1, 0x53b1, 0x53b1, 0x53b1, 0x53b1, 0x53b1, 0x53b1, 0x53b1, 0x53b1, 0x53b1, 0x53b1, 0x53b1, 0x53b1, 0x53b1, 
	0x53b1, 0x53b1, 0x53b1, 0x53b1, 0x53b1, 0x53b1, 0x53b1, 0x53b1, 0x53b1, 0x53b1, 0x53b1, 0x53b1, 0x53b1, 0x53b1, 0x53b1, 0x53b1, 
	0x53b1, 0x53b1, 0x53b1, 0x53b1, 0x53b0, 0x53b0, 0x53b0, 0x53b0, 0x53b0, 0x53b0, 0x53b0, 0x53b0, 0x53b0, 0x53b0, 0x53b0, 0x5390, 
	0x53b0, 0x5390, 0x4bb0, 0x4b90, 0x4b90, 0x4b90, 0x4b90, 0x4b90, 0x4b90, 0x4b90, 0x4b90, 0x4b90, 0x4b90, 0x4b90, 0x4b90, 0x4b90, 
	0x4b90, 0x4b90, 0x4b90, 0x4b90, 0x4b90, 0x4b90, 0x4b90, 0x4b90, 0x4b90, 0x4b90, 0x4b90, 0x4b90, 0x4b90, 0x4b90, 0x4b90, 0x4b90, 
	0x4b90, 0x4b90, 0x4b90, 0x4b90, 0x4b90, 0x4b90, 0x4b90, 0x4b90, 0x4b90, 0x4b90, 0x4b90, 0x4b90, 0x4b90, 0x4b90, 0x6baf, 0x83f0, 
	0x73af, 0x4b90, 0x4b90, 0x4b90, 0x4b90, 0x4b90, 0x4b90, 0x4b90, 0x4b90, 0x4b90, 0x4b90, 0x4b90, 0x4b90, 0x4b90, 0x4b90, 0x4b90, 
	0x4b90, 0x4b90, 0x4b90, 0x4b90, 0x4b90, 0x4b90, 0x4b90, 0x4b90, 0x4b90, 0x4b90, 0x4b90, 0x4b90, 0x4b90, 0x4b90, 0x4b90, 0x4b90, 
	0x4b90, 0x4b90, 0x4b90, 0x4b90, 0x4b90, 0x4b90, 0x4b90, 0x4b90, 0x4b90, 0x4b90, 0x4bb0, 0x4bb0, 0x4bb0, 0x4bb0, 0x53b0, 0x53b0, 
	0x53b0, 0x53b0, 0x53b0, 0x53b0, 0x53b0, 0x53b0, 0x53b0, 0x53b0, 0x53b0, 0x53b0, 0x53b0, 0x53b0, 0x53b0, 0x53b1, 0x53b0, 0x53b1, 
	0x53b0, 0x53b1, 0x53b0, 0x53b1, 0x53b1, 0x53b1, 0x53b1, 0x53b1, 0x53b1, 0x53b1, 0x53b1, 0x53b1, 0x53b1, 0x53b1, 0x53b1, 0x53b1, 
	0x53b1, 0x53b1, 0x53b1, 0x53b1, 0x53b1, 0x53b1, 0x53b1, 0x53b1, 0x53b1, 0x53b1, 0x53b1, 0x53b1, 0x53b1, 0x53b0, 0x53b1, 0x53b0, 
	0x53b1, 0x53b0, 0x53b1, 0x53b0, 0x53b0, 0x53b0, 0x53b0, 0x53b0, 0x53b0, 0x53b0, 0x53b0, 0x53b0, 0x53b0, 0x53b0, 0x53b0, 0x53b0, 
	0x53b0, 0x53b0, 0x53b0, 0x4bb0, 0x4bb0, 0x4bb0, 0x4b90, 0x4b90, 0x4b90, 0x4b90, 0x4b90, 0x4b90, 0x4b90, 0x4b90, 0x4b90, 0x4b90, 
	0x4b90, 0x4b90, 0x4b90, 0x4b90, 0x4b90, 0x4b90, 0x4b90, 0x4b90, 0x4b90, 0x4b90, 0x4b90, 0x4b90, 0x4b90, 0x4b90, 0x4b90, 0x4b90, 
	0x4b90, 0x4b90, 0x4b90, 0x4b90, 0x4b90, 0x4b90, 0x4b90, 0x4b90, 0x4b90, 0x4b90, 0x4b90, 0x4b90, 0x4b90, 0x4b90, 0x6baf, 0x8410, 
	0x73cf, 0x5b8f, 0x5b90, 0x5b8f, 0x5b90, 0x5b8f, 0x5b90, 0x5b8f, 0x5b90, 0x5b8f, 0x5b90, 0x5b8f, 0x5b90, 0x5b8f, 0x5b90, 0x5b90, 
	0x5b90, 0x5b90, 0x5b90, 0x5b90, 0x5b90, 0x5b90, 0x5bb0, 0x5bb0, 0x5bb0, 0x5bb0, 0x5bb0, 0x5bb0, 0x5bb0, 0x5bb0, 0x5bb0, 0x5bb0, 
	0x5bb0, 0x5bb0, 0x5bb0, 0x5bb0, 0x5bb0, 0x5bb0, 0x5bb0, 0x5bb0, 0x5bb0, 0x5bb0, 0x5bb0, 0x5bb0, 0x5bb0, 0x5bb0, 0x5bb0, 0x5bb0, 
	0x5bb0, 0x5bb0, 0x5bb0, 0x5bb0, 0x5bb0, 0x5bb0, 0x5bb0, 0x5bb0, 0x5bb0, 0x5bb0, 0x5bb0, 0x5bb0, 0x5bb0, 0x5bb0, 0x5bb0, 0x5bb0, 
	0x5bb0, 0x5bb0, 0x5bb0, 0x5bb0, 0x5bb0, 0x5bb0, 0x5bb0, 0x5bb0, 0x5bb0, 0x5bb0, 0x5bb0, 0x5bb0, 0x5bb0, 0x5bb0, 0x5bb0, 0x5bd0, 
	0x5bd0, 0x5bb0, 0x5bb0, 0x5bb0, 0x5bb0, 0x5bb0, 0x5bb0, 0x5bb0, 0x5bb0, 0x5bb0, 0x5bb0, 0x5bb0, 0x5bb0, 0x5bb0, 0x5bb0, 0x5bb0, 
	0x5bb0, 0x5bb0, 0x5bb0, 0x5bb0, 0x5bb0, 0x5bb0, 0x5bb0, 0x5bb0, 0x5bb0, 0x5bb0, 0x5bb0, 0x5bb0, 0x5bb0, 0x5bb0, 0x5bb0, 0x5bb0, 
	0x5bb0, 0x5bb0, 0x5bb0, 0x5bb0, 0x5bb0, 0x5bb0, 0x5bb0, 0x5bb0, 0x5bb0, 0x5bb0, 0x5bb0, 0x5bb0, 0x5bb0, 0x5bb0, 0x5bb0, 0x5bb0, 
	0x5bb0, 0x5bb0, 0x5bb0, 0x5bb0, 0x5bb0, 0x5bb0, 0x5bb0, 0x5bb0, 0x5bb0, 0x5bb0, 0x5b90, 0x5b90, 0x5b90, 0x5b90, 0x5b90, 0x5b90, 
	0x5b90, 0x5b90, 0x5b90, 0x5b8f, 0x5b8f, 0x5b8f, 0x5b8f, 0x5b8f, 0x5b8f, 0x5b8f, 0x5b8f, 0x5b8f, 0x5b8f, 0x5b8f, 0x6baf, 0x7c10, 
	0x7c0f, 0x7bef, 0x7c0f, 0x7c10, 0x7c0f, 0x7c10, 0x7c0f, 0x7c10, 0x7c0f, 0x7c10, 0x7c0f, 0x7c10, 0x7c0f, 0x7c10, 0x7c0f, 0x7c10, 
	0x7c0f, 0x7c10, 0x7c0f, 0x7c10, 0x7c0f, 0x7c10, 0x7c0f, 0x7c10, 0x7c0f, 0x7c10, 0x7c10, 0x7c0f, 0x7c10, 0x7c0f, 0x7c10, 0x7c0f, 
	0x7c10, 0x7c0f, 0x7c10, 0x7c0f, 0x7c10, 0x7c0f, 0x7c10, 0x7c0f, 0x7c10, 0x7c0f, 0x7c10, 0x7c0f, 0x7c10, 0x7c0f, 0x7c10, 0x7c0f, 
	0x7c10, 0x7c0f, 0x7c10, 0x7c0f, 0x7c10, 0x7c0f, 0x7c10, 0x7c0f, 0x7c10, 0x7c0f, 0x7c10, 0x7c0f, 0x7c10, 0x7c0f, 0x7c10, 0x7c0f, 
	0x7c10, 0x7c0f, 0x7c10, 0x7c0f, 0x7c10, 0x7c0f, 0x7c10, 0x7c0f, 0x7c10, 0x7c0f, 0x7c10, 0x7c0f, 0x7c10, 0x7c10, 0x7c10, 0x7c10, 
	0x7c10, 0x7c10, 0x7c10, 0x7c10, 0x7c0f, 0x7c10, 0x7c0f, 0x7c10, 0x7c0f, 0x7c10, 0x7c0f, 0x7c10, 0x7c0f, 0x7c10, 0x7c0f, 0x7c10, 
	0x7c0f, 0x7c10, 0x7c0f, 0x7c10, 0x7c0f, 0x7c10, 0x7c0f, 0x7c10, 0x7c0f, 0x7c10, 0x7c0f, 0x7c10, 0x7c0f, 0x7c10, 0x7c0f, 0x7c10, 
	0x7c0f, 0x7c10, 0x7c0f, 0x7c10, 0x7c0f, 0x7c10, 0x7c0f, 0x7c10, 0x7c0f, 0x7c10, 0x7c0f, 0x7c10, 0x7c0f, 0x7c10, 0x7c0f, 0x7c10, 
	0x7c0f, 0x7c10, 0x7c0f, 0x7c10, 0x7c0f, 0x7c10, 0x7c10, 0x7c0f, 0x7c10, 0x7c0f, 0x7c10, 0x7c0f, 0x7c10, 0x7c0f, 0x7c10, 0x7c0f, 
	0x7c10, 0x7c0f, 0x7c10, 0x7c0f, 0x7c10, 0x7c0f, 0x7c10, 0x7c0f, 0x7c10, 0x7c0f, 0x7c10, 0x7c0f, 0x7c10, 0x7c0f, 0x7bef, 0x83f0
};

// Array of all bitmaps for convenience. (Total bytes used to store images in PROGMEM = 20496)
const int fish_imgallArray_LEN = 1;
const uint16_t* fish_imgallArray[1] = {
	fish_img
};
