// 'open_water_img', 160x128px
const uint16_t open_water_img [] PROGMEM = {
	0x8410, 0x8410, 0x8410, 0x8410, 0x8410, 0x8410, 0x8410, 0x8410, 0x8410, 0x8410, 0x8410, 0x8410, 0x8410, 0x8410, 0x8410, 0x8410, 
	0x8410, 0x8410, 0x8410, 0x8410, 0x8410, 0x8410, 0x8410, 0x8410, 0x8410, 0x8410, 0x8410, 0x8410, 0x8410, 0x8410, 0x8410, 0x8410, 
	0x8410, 0x8410, 0x8410, 0x8410, 0x8410, 0x8410, 0x8410, 0x8410, 0x8410, 0x8410, 0x8410, 0x8410, 0x8410, 0x8410, 0x8410, 0x8410, 
	0x8410, 0x8410, 0x8410, 0x8410, 0x8410, 0x8410, 0x8410, 0x8410, 0x8410, 0x8410, 0x8410, 0x8410, 0x8410, 0x8410, 0x8410, 0x8410, 
	0x8410, 0x8410, 0x8410, 0x8410, 0x8410, 0x8410, 0x8410, 0x8410, 0x8410, 0x8410, 0x8410, 0x8410, 0x8410, 0x8410, 0x8410, 0x8410, 
	0x8410, 0x8410, 0x8410, 0x8410, 0x8410, 0x8410, 0x8410, 0x8410, 0x8410, 0x8410, 0x8410, 0x8410, 0x8410, 0x8410, 0x8410, 0x8410, 
	0x8410, 0x8410, 0x8410, 0x8410, 0x8410, 0x8410, 0x8410, 0x8410, 0x8410, 0x8410, 0x8410, 0x8410, 0x8410, 0x8410, 0x8410, 0x8410, 
	0x8410, 0x8410, 0x8410, 0x8410, 0x8410, 0x8410, 0x8410, 0x8410, 0x8410, 0x8410, 0x8410, 0x8410, 0x8410, 0x8410, 0x8410, 0x8410, 
	0x8410, 0x8410, 0x8410, 0x8410, 0x8410, 0x8410, 0x8410, 0x8410, 0x8410, 0x8410, 0x8410, 0x8410, 0x8410, 0x8410, 0x8410, 0x8410, 
	0x8410, 0x8410, 0x8410, 0x8410, 0x8410, 0x8410, 0x8410, 0x8410, 0x8410, 0x8410, 0x8410, 0x8410, 0x8410, 0x8410, 0x8410, 0x8410, 
	0x7bef, 0x73cf, 0x73cf, 0x73cf, 0x73cf, 0x73cf, 0x73cf, 0x73cf, 0x73cf, 0x73cf, 0x73cf, 0x73cf, 0x73cf, 0x73cf, 0x73cf, 0x73cf, 
	0x73cf, 0x73cf, 0x73cf, 0x73cf, 0x73cf, 0x73cf, 0x73cf, 0x73cf, 0x73cf, 0x73cf, 0x73cf, 0x73cf, 0x73cf, 0x73cf, 0x73cf, 0x73cf, 
	0x73cf, 0x73cf, 0x73cf, 0x73cf, 0x73cf, 0x73cf, 0x73cf, 0x73cf, 0x73cf, 0x73cf, 0x73cf, 0x73cf, 0x73cf, 0x73cf, 0x73cf, 0x73cf, 
	0x73cf, 0x73cf, 0x73cf, 0x73cf, 0x73cf, 0x73cf, 0x73cf, 0x73cf, 0x73cf, 0x73cf, 0x73cf, 0x73cf, 0x73cf, 0x73cf, 0x73cf, 0x73cf, 
	0x73cf, 0x73cf, 0x73cf, 0x73cf, 0x73cf, 0x73cf, 0x73cf, 0x73cf, 0x73cf, 0x73cf, 0x73cf, 0x73cf, 0x73cf, 0x73cf, 0x73cf, 0x73cf, 
	0x73cf, 0x73cf, 0x73cf, 0x73cf, 0x73cf, 0x73cf, 0x73cf, 0x73cf, 0x73cf, 0x73cf, 0x73cf, 0x73cf, 0x73cf, 0x73cf, 0x73cf, 0x73cf, 
	0x73cf, 0x73cf, 0x73cf, 0x73cf, 0x73cf, 0x73cf, 0x73cf, 0x73cf, 0x73cf, 0x73cf, 0x73cf, 0x73cf, 0x73cf, 0x73cf, 0x73cf, 0x73cf, 
	0x73cf, 0x73cf, 0x73cf, 0x73cf, 0x73cf, 0x73cf, 0x73cf, 0x73cf, 0x73cf, 0x73cf, 0x73cf, 0x73cf, 0x73cf, 0x73cf, 0x73cf, 0x73cf, 
	0x73cf, 0x73cf, 0x73cf, 0x73cf, 0x73cf, 0x73cf, 0x73cf, 0x73cf, 0x73cf, 0x73cf, 0x73cf, 0x73cf, 0x73cf, 0x73cf, 0x73cf, 0x73cf, 
	0x73cf, 0x73cf, 0x73cf, 0x73cf, 0x73cf, 0x73cf, 0x73cf, 0x73cf, 0x73cf, 0x73cf, 0x73cf, 0x73cf, 0x73cf, 0x73cf, 0x73cf, 0x7bef, 
	0x7bef, 0x5390, 0x4b90, 0x4b90, 0x4b90, 0x4b90, 0x4b90, 0x4b90, 0x4b90, 0x4b90, 0x4b90, 0x4b90, 0x4b90, 0x4b90, 0x4b90, 0x4b90, 
	0x4b90, 0x4b90, 0x4b90, 0x4b90, 0x4b90, 0x4b90, 0x4b90, 0x4b90, 0x4b90, 0x4b90, 0x4b90, 0x4b90, 0x4b90, 0x4b90, 0x4b90, 0x4b90, 
	0x4b90, 0x4b90, 0x4b90, 0x4b90, 0x4b90, 0x4b90, 0x4b90, 0x4b90, 0x4b90, 0x4b90, 0x4b90, 0x4b90, 0x4b90, 0x4b90, 0x4b90, 0x4b90, 
	0x4b90, 0x4b90, 0x4b90, 0x4b90, 0x4b90, 0x4b90, 0x4b90, 0x4b90, 0x4b90, 0x4b90, 0x4b90, 0x4b90, 0x4b90, 0x4b90, 0x4b90, 0x4b90, 
	0x4b90, 0x4b90, 0x4b90, 0x4b90, 0x4b90, 0x4b90, 0x4b90, 0x4b90, 0x4b90, 0x4b90, 0x4b90, 0x4b90, 0x4b90, 0x4b90, 0x4b90, 0x4b90, 
	0x4b90, 0x4b90, 0x4b90, 0x4b90, 0x4b90, 0x4b90, 0x4b90, 0x4b90, 0x4b90, 0x4b90, 0x4b90, 0x4b90, 0x4b90, 0x4b90, 0x4b90, 0x4b90, 
	0x4b90, 0x4b90, 0x4b90, 0x4b90, 0x4b90, 0x4b90, 0x4b90, 0x4b90, 0x4b90, 0x4b90, 0x4b90, 0x4b90, 0x4b90, 0x4b90, 0x4b90, 0x4b90, 
	0x4b90, 0x4b90, 0x4b90, 0x4b90, 0x4b90, 0x4b90, 0x4b90, 0x4b90, 0x4b90, 0x4b90, 0x4b90, 0x4b90, 0x4b90, 0x4b90, 0x4b90, 0x4b90, 
	0x4b90, 0x4b90, 0x4b90, 0x4b90, 0x4b90, 0x4b90, 0x4b90, 0x4b90, 0x4b90, 0x4b90, 0x4b90, 0x4b90, 0x4b90, 0x4b90, 0x4b90, 0x4b90, 
	0x4b90, 0x4b90, 0x4b90, 0x4b90, 0x4b90, 0x4b90, 0x4b90, 0x4b90, 0x4b90, 0x4b90, 0x4b90, 0x4b90, 0x4b90, 0x4b90, 0x4b90, 0x73cf, 
	0x7bcf, 0x5390, 0x4b90, 0x4b90, 0x4b90, 0x4b90, 0x4b90, 0x4b90, 0x4b90, 0x4b90, 0x4b90, 0x4b90, 0x4b90, 0x4b90, 0x4b90, 0x4b90, 
	0x4b90, 0x4b90, 0x4b90, 0x4b90, 0x4b90, 0x4b90, 0x4b90, 0x4b90, 0x4b90, 0x4b90, 0x4b90, 0x4b90, 0x4b90, 0x4b90, 0x4b90, 0x4b90, 
	0x4b90, 0x4b90, 0x4b90, 0x4b90, 0x4b90, 0x4b90, 0x4b90, 0x4b90, 0x4b90, 0x4b90, 0x4b90, 0x4b90, 0x4b90, 0x4b90, 0x4b90, 0x4b90, 
	0x4b90, 0x4b90, 0x4b90, 0x4b90, 0x4b90, 0x4b90, 0x4b90, 0x4b90, 0x4b90, 0x4b90, 0x4b90, 0x4b90, 0x4b90, 0x4b90, 0x4b90, 0x4b90, 
	0x4b90, 0x4b90, 0x4b90, 0x4b90, 0x4b90, 0x4b90, 0x4b90, 0x4b90, 0x4b90, 0x4b90, 0x4b90, 0x4b90, 0x4b90, 0x4b90, 0x4b90, 0x4b90, 
	0x4b90, 0x4b90, 0x4b90, 0x4b90, 0x4b90, 0x4b90, 0x4b90, 0x4b90, 0x4b90, 0x4b90, 0x4b90, 0x4b90, 0x4b90, 0x4b90, 0x4b90, 0x4b90, 
	0x4b90, 0x4b90, 0x4b90, 0x4b90, 0x4b90, 0x4b90, 0x4b90, 0x4b90, 0x4b90, 0x4b90, 0x4b90, 0x4b90, 0x4b90, 0x4b90, 0x4b90, 0x4b90, 
	0x4b90, 0x4b90, 0x4b90, 0x4b90, 0x4b90, 0x4b90, 0x4b90, 0x4b90, 0x4b90, 0x4b90, 0x4b90, 0x4b90, 0x4b90, 0x4b90, 0x4b90, 0x4b90, 
	0x4b90, 0x4b90, 0x4b90, 0x4b90, 0x4b90, 0x4b90, 0x4b90, 0x4b90, 0x4b90, 0x4b90, 0x4b90, 0x4b90, 0x4b90, 0x4b90, 0x4b90, 0x4b90, 
	0x4b90, 0x4b90, 0x4b90, 0x4b90, 0x4b90, 0x4b90, 0x4b90, 0x4b90, 0x4b90, 0x4b90, 0x4b90, 0x4b90, 0x4b90, 0x4b90, 0x4b90, 0x7bcf, 
	0x7bef, 0x5390, 0x4b90, 0x4b90, 0x4b90, 0x4b90, 0x4b90, 0x4b90, 0x4b90, 0x4b90, 0x4b90, 0x4b90, 0x4b90, 0x4b90, 0x4b90, 0x4b90, 
	0x4b90, 0x4b90, 0x4b90, 0x4b90, 0x4b90, 0x4b90, 0x4b90, 0x4b90, 0x4b90, 0x4b90, 0x4b90, 0x4b90, 0x4b90, 0x4b90, 0x4b90, 0x4b90, 
	0x4b90, 0x4b90, 0x4b90, 0x4b90, 0x4b90, 0x4b90, 0x4b90, 0x4b90, 0x4b90, 0x4b90, 0x4b90, 0x4b90, 0x4b90, 0x4b90, 0x4b90, 0x4b90, 
	0x4b90, 0x4b90, 0x4b90, 0x4b90, 0x4b90, 0x4b90, 0x4b90, 0x4b90, 0x4b90, 0x4b90, 0x4b90, 0x4b90, 0x4b90, 0x4b90, 0x4b90, 0x4b90, 
	0x4b90, 0x4b90, 0x4b90, 0x4b90, 0x4b90, 0x4b90, 0x4b90, 0x4b90, 0x4b90, 0x4b90, 0x4b90, 0x4b90, 0x4b90, 0x4b90, 0x4b90, 0x4b90, 
	0x4b90, 0x4b90, 0x4b90, 0x4b90, 0x4b90, 0x4b90, 0x4b90, 0x4b90, 0x4b90, 0x4b90, 0x4b90, 0x4b90, 0x4b90, 0x4b90, 0x4b90, 0x4b90, 
	0x4b90, 0x4b90, 0x4b90, 0x4b90, 0x4b90, 0x4b90, 0x4b90, 0x4b90, 0x4b90, 0x4b90, 0x4b90, 0x4b90, 0x4b90, 0x4b90, 0x4b90, 0x4b90, 
	0x4b90, 0x4b90, 0x4b90, 0x4b90, 0x4b90, 0x4b90, 0x4b90, 0x4b90, 0x4b90, 0x4b90, 0x4b90, 0x4b90, 0x4b90, 0x4b90, 0x4b90, 0x4b90, 
	0x4b90, 0x4b90, 0x4b90, 0x4b90, 0x4b90, 0x4b90, 0x4b90, 0x4b90, 0x4b90, 0x4b90, 0x4b90, 0x4b90, 0x4b90, 0x4b90, 0x4b90, 0x4b90, 
	0x4b90, 0x4b90, 0x4b90, 0x4b90, 0x4b90, 0x4b90, 0x4b90, 0x4b90, 0x4b90, 0x4b90, 0x4b90, 0x4b90, 0x4b90, 0x4b90, 0x4b90, 0x73cf, 
	0x7bcf, 0x5390, 0x4b90, 0x4b90, 0x4b90, 0x4b90, 0x4b90, 0x4b90, 0x4b90, 0x4b90, 0x4b90, 0x4b90, 0x4b90, 0x4b90, 0x4b90, 0x4b90, 
	0x4b90, 0x4b90, 0x4b90, 0x4b90, 0x4b90, 0x4b90, 0x4b90, 0x4b90, 0x4b90, 0x4b90, 0x4b90, 0x4b90, 0x4b90, 0x4b90, 0x4b90, 0x4b90, 
	0x4b90, 0x4b90, 0x4b90, 0x4b90, 0x4b90, 0x4b90, 0x4b90, 0x4b90, 0x4b90, 0x4b90, 0x4b90, 0x4b90, 0x4b90, 0x4b90, 0x4b90, 0x4b90, 
	0x4b90, 0x4b90, 0x4b90, 0x4b90, 0x4b90, 0x4b90, 0x4b90, 0x4b90, 0x4b90, 0x4b90, 0x4b90, 0x4b90, 0x4b90, 0x4b90, 0x4b90, 0x4b90, 
	0x4b90, 0x4b90, 0x4b90, 0x4b90, 0x4b90, 0x4b90, 0x4b90, 0x4b90, 0x4b90, 0x4b90, 0x4b90, 0x4b90, 0x4b90, 0x4b90, 0x4b90, 0x4b90, 
	0x4b90, 0x4b90, 0x4b90, 0x4b90, 0x4b90, 0x4b90, 0x4b90, 0x4b90, 0x4b90, 0x4b90, 0x4b90, 0x4b90, 0x4b90, 0x4b90, 0x4b90, 0x4b90, 
	0x4b90, 0x4b90, 0x4b90, 0x4b90, 0x4b90, 0x4b90, 0x4b90, 0x4b90, 0x4b90, 0x4b90, 0x4b90, 0x4b90, 0x4b90, 0x4b90, 0x4b90, 0x4b90, 
	0x4b90, 0x4b90, 0x4b90, 0x4b90, 0x4b90, 0x4b90, 0x4b90, 0x4b90, 0x4b90, 0x4b90, 0x4b90, 0x4b90, 0x4b90, 0x4b90, 0x4b90, 0x4b90, 
	0x4b90, 0x4b90, 0x4b90, 0x4b90, 0x4b90, 0x4b90, 0x4b90, 0x4b90, 0x4b90, 0x4b90, 0x4b90, 0x4b90, 0x4b90, 0x4b90, 0x4b90, 0x4b90, 
	0x4b90, 0x4b90, 0x4b90, 0x4b90, 0x4b90, 0x4b90, 0x4b90, 0x4b90, 0x4b90, 0x4b90, 0x4b90, 0x4b90, 0x4b90, 0x4b90, 0x4b90, 0x73cf, 
	0x7bef, 0x5390, 0x4b90, 0x4b90, 0x4b90, 0x4b90, 0x4b90, 0x4b90, 0x4b90, 0x4b90, 0x4b90, 0x4b90, 0x4b90, 0x4b90, 0x4b90, 0x4b90, 
	0x4b90, 0x4b90, 0x4b90, 0x4b90, 0x4b90, 0x4b90, 0x4b90, 0x4b90, 0x4b90, 0x4b90, 0x4b90, 0x4b90, 0x4b90, 0x4b90, 0x4b90, 0x4b90, 
	0x4b90, 0x4b90, 0x4b90, 0x4b90, 0x4b90, 0x4b90, 0x4b90, 0x4b90, 0x4b90, 0x4b90, 0x4b90, 0x4b90, 0x4b90, 0x4b90, 0x4b90, 0x4b90, 
	0x4b90, 0x4b90, 0x4b90, 0x4b90, 0x4b90, 0x4b90, 0x4b90, 0x4b90, 0x4b90, 0x4b90, 0x4b90, 0x4b90, 0x4b90, 0x4b90, 0x4b90, 0x4b90, 
	0x4b90, 0x4b90, 0x4b90, 0x4b90, 0x4b90, 0x4b90, 0x4b90, 0x4b90, 0x4b90, 0x4b90, 0x4b90, 0x4b90, 0x4b90, 0x4b90, 0x4b90, 0x4b90, 
	0x4b90, 0x4b90, 0x4b90, 0x4b90, 0x4b90, 0x4b90, 0x4b90, 0x4b90, 0x4b90, 0x4b90, 0x4b90, 0x4b90, 0x4b90, 0x4b90, 0x4b90, 0x4b90, 
	0x4b90, 0x4b90, 0x4b90, 0x4b90, 0x4b90, 0x4b90, 0x4b90, 0x4b90, 0x4b90, 0x4b90, 0x4b90, 0x4b90, 0x4b90, 0x4b90, 0x4b90, 0x4b90, 
	0x4b90, 0x4b90, 0x4b90, 0x4b90, 0x4b90, 0x4b90, 0x4b90, 0x4b90, 0x4b90, 0x4b90, 0x4b90, 0x4b90, 0x4b90, 0x4b90, 0x4b90, 0x4b90, 
	0x4b90, 0x4b90, 0x4b90, 0x4b90, 0x4b90, 0x4b90, 0x4b90, 0x4b90, 0x4b90, 0x4b90, 0x4b90, 0x4b90, 0x4b90, 0x4b90, 0x4b90, 0x4b90, 
	0x4b90, 0x4b90, 0x4b90, 0x4b90, 0x4b90, 0x4b90, 0x4b90, 0x4b90, 0x4b90, 0x4b90, 0x4b90, 0x4b90, 0x4b90, 0x4b90, 0x4b90, 0x73cf, 
	0x7bcf, 0x5390, 0x4b90, 0x4b90, 0x4b90, 0x4b90, 0x4b90, 0x4b90, 0x4b90, 0x4b90, 0x4b90, 0x4b90, 0x4b90, 0x4b90, 0x4b90, 0x4b90, 
	0x4b90, 0x4b90, 0x4b90, 0x4b90, 0x4b90, 0x4b90, 0x4b90, 0x4b90, 0x4b90, 0x4b90, 0x4b90, 0x4b90, 0x4b90, 0x4b90, 0x4b90, 0x4b90, 
	0x4b90, 0x4b90, 0x4b90, 0x4b90, 0x4b90, 0x4b90, 0x4b90, 0x4b90, 0x4b90, 0x4b90, 0x4b90, 0x4b90, 0x4b90, 0x4b90, 0x4b90, 0x4b90, 
	0x4b90, 0x4b90, 0x4b90, 0x4b90, 0x4b90, 0x4b90, 0x4b90, 0x4b90, 0x4b90, 0x4b90, 0x4b90, 0x4b90, 0x4b90, 0x4b90, 0x4b90, 0x4b90, 
	0x4b90, 0x4b90, 0x4b90, 0x4b90, 0x4b90, 0x4b90, 0x4b90, 0x4b90, 0x4b90, 0x4b90, 0x4b90, 0x4b90, 0x4b90, 0x4b90, 0x4b90, 0x4b90, 
	0x4b90, 0x4b90, 0x4b90, 0x4b90, 0x4b90, 0x4b90, 0x4b90, 0x4b90, 0x4b90, 0x4b90, 0x4b90, 0x4b90, 0x4b90, 0x4b90, 0x4b90, 0x4b90, 
	0x4b90, 0x4b90, 0x4b90, 0x4b90, 0x4b90, 0x4b90, 0x4b90, 0x4b90, 0x4b90, 0x4b90, 0x4b90, 0x4b90, 0x4b90, 0x4b90, 0x4b90, 0x4b90, 
	0x4b90, 0x4b90, 0x4b90, 0x4b90, 0x4b90, 0x4b90, 0x4b90, 0x4b90, 0x4b90, 0x4b90, 0x4b90, 0x4b90, 0x4b90, 0x4b90, 0x4b90, 0x4b90, 
	0x4b90, 0x4b90, 0x4b90, 0x4b90, 0x4b90, 0x4b90, 0x4b90, 0x4b90, 0x4b90, 0x4b90, 0x4b90, 0x4b90, 0x4b90, 0x4b90, 0x4b90, 0x4b90, 
	0x4b90, 0x4b90, 0x4b90, 0x4b90, 0x4b90, 0x4b90, 0x4b90, 0x4b90, 0x4b90, 0x4b90, 0x4b90, 0x4b90, 0x4b90, 0x4b90, 0x4b90, 0x73cf, 
	0x7bef, 0x5390, 0x4b90, 0x4b90, 0x4b90, 0x4b90, 0x4b90, 0x4b90, 0x4b90, 0x4b90, 0x4b90, 0x4b90, 0x4b90, 0x4b90, 0x4b90, 0x4b90, 
	0x4b90, 0x4b90, 0x4b90, 0x4b90, 0x4b90, 0x4b90, 0x4b90, 0x4b90, 0x4b90, 0x4b90, 0x4b90, 0x4b90, 0x4b90, 0x4b90, 0x4b90, 0x4b90, 
	0x4b90, 0x4b90, 0x4b90, 0x4b90, 0x4b90, 0x4b90, 0x4b90, 0x4b90, 0x4b90, 0x4b90, 0x4b90, 0x4b90, 0x4b90, 0x4b90, 0x4b90, 0x4b90, 
	0x4b90, 0x4b90, 0x4b90, 0x4b90, 0x4b90, 0x4b90, 0x4b90, 0x4b90, 0x4b90, 0x4b90, 0x4b90, 0x4b90, 0x4b90, 0x4b90, 0x4b90, 0x4b90, 
	0x4b90, 0x4b90, 0x4b90, 0x4b90, 0x4b90, 0x4b90, 0x4b90, 0x4b90, 0x4b90, 0x4b90, 0x4b90, 0x4b90, 0x4b90, 0x4b90, 0x4b90, 0x4b90, 
	0x4b90, 0x4b90, 0x4b90, 0x4b90, 0x4b90, 0x4b90, 0x4b90, 0x4b90, 0x4b90, 0x4b90, 0x4b90, 0x4b90, 0x4b90, 0x4b90, 0x4b90, 0x4b90, 
	0x4b90, 0x4b90, 0x4b90, 0x4b90, 0x4b90, 0x4b90, 0x4b90, 0x4b90, 0x4b90, 0x4b90, 0x4b90, 0x4b90, 0x4b90, 0x4b90, 0x4b90, 0x4b90, 
	0x4b90, 0x4b90, 0x4b90, 0x4b90, 0x4b90, 0x4b90, 0x4b90, 0x4b90, 0x4b90, 0x4b90, 0x4b90, 0x4b90, 0x4b90, 0x4b90, 0x4b90, 0x4b90, 
	0x4b90, 0x4b90, 0x4b90, 0x4b90, 0x4b90, 0x4b90, 0x4b90, 0x4b90, 0x4b90, 0x4b90, 0x4b90, 0x4b90, 0x4b90, 0x4b90, 0x4b90, 0x4b90, 
	0x4b90, 0x4b90, 0x4b90, 0x4b90, 0x4b90, 0x4b90, 0x4b90, 0x4b90, 0x4b90, 0x4b90, 0x4b90, 0x4b90, 0x4b90, 0x4b90, 0x4b90, 0x73cf, 
	0x7bcf, 0x5390, 0x4b90, 0x4b90, 0x4b90, 0x4b90, 0x4b90, 0x4b90, 0x4b90, 0x4b90, 0x4b90, 0x4b90, 0x4b90, 0x4b90, 0x4b90, 0x4b90, 
	0x4b90, 0x4b90, 0x4b90, 0x4b90, 0x4b90, 0x4b90, 0x4b90, 0x4b90, 0x4b90, 0x4b90, 0x4b90, 0x4b90, 0x4b90, 0x4b90, 0x4b90, 0x4b90, 
	0x4b90, 0x4b90, 0x4b90, 0x4b90, 0x4b90, 0x4b90, 0x4b90, 0x4b90, 0x4b90, 0x4b90, 0x4b90, 0x4b90, 0x4b90, 0x4b90, 0x4b90, 0x4b90, 
	0x4b90, 0x4b90, 0x4b90, 0x4b90, 0x4b90, 0x4b90, 0x4b90, 0x4b90, 0x4b90, 0x4b90, 0x4b90, 0x4b90, 0x4b90, 0x4b90, 0x4b90, 0x4b90, 
	0x4b90, 0x4b90, 0x4b90, 0x4b90, 0x4b90, 0x4b90, 0x4b90, 0x4b90, 0x4b90, 0x4b90, 0x4b90, 0x4b90, 0x4b90, 0x4b90, 0x4b90, 0x4b90, 
	0x4b90, 0x4b90, 0x4b90, 0x4b90, 0x4b90, 0x4b90, 0x4b90, 0x4b90, 0x4b90, 0x4b90, 0x4b90, 0x4b90, 0x4b90, 0x4b90, 0x4b90, 0x4b90, 
	0x4b90, 0x4b90, 0x4b90, 0x4b90, 0x4b90, 0x4b90, 0x4b90, 0x4b90, 0x4b90, 0x4b90, 0x4b90, 0x4b90, 0x4b90, 0x4b90, 0x4b90, 0x4b90, 
	0x4b90, 0x4b90, 0x4b90, 0x4b90, 0x4b90, 0x4b90, 0x4b90, 0x4b90, 0x4b90, 0x4b90, 0x4b90, 0x4b90, 0x4b90, 0x4b90, 0x4b90, 0x4b90, 
	0x4b90, 0x4b90, 0x4b90, 0x4b90, 0x4b90, 0x4b90, 0x4b90, 0x4b90, 0x4b90, 0x4b90, 0x4b90, 0x4b90, 0x4b90, 0x4b90, 0x4b90, 0x4b90, 
	0x4b90, 0x4b90, 0x4b90, 0x4b90, 0x4b90, 0x4b90, 0x4b90, 0x4b90, 0x4b90, 0x4b90, 0x4b90, 0x4b90, 0x4b90, 0x4b90, 0x5390, 0x73cf, 
	0x7bef, 0x5390, 0x4b90, 0x4b90, 0x4b90, 0x4b90, 0x4b90, 0x4b90, 0x4b90, 0x4b90, 0x4b90, 0x4b90, 0x4b90, 0x4b90, 0x4b90, 0x4b90, 
	0x4b90, 0x4b90, 0x4b90, 0x4b90, 0x4b90, 0x4b90, 0x4b90, 0x4b90, 0x4b90, 0x4b90, 0x4b90, 0x4b90, 0x4b90, 0x4b90, 0x4b90, 0x4b90, 
	0x4b90, 0x4b90, 0x4b90, 0x4b90, 0x4b90, 0x4b90, 0x4b90, 0x4b90, 0x4b90, 0x4b90, 0x4b90, 0x4b90, 0x4b90, 0x4b90, 0x4b90, 0x4b90, 
	0x4b90, 0x4b90, 0x4b90, 0x4b90, 0x4b90, 0x4b90, 0x4b90, 0x4b90, 0x4b90, 0x4b90, 0x4b90, 0x4b90, 0x4b90, 0x4b90, 0x4b90, 0x4b90, 
	0x4b90, 0x4b90, 0x4b90, 0x4b90, 0x4b90, 0x4b90, 0x4b90, 0x4b90, 0x4b90, 0x4b90, 0x4b90, 0x4b90, 0x4b90, 0x4b90, 0x4b90, 0x4b90, 
	0x4b90, 0x4b90, 0x4b90, 0x4b90, 0x4b90, 0x4b90, 0x4b90, 0x4b90, 0x4b90, 0x4b90, 0x4b90, 0x4b90, 0x4b90, 0x4b90, 0x4b90, 0x4b90, 
	0x4b90, 0x4b90, 0x4b90, 0x4b90, 0x4b90, 0x4b90, 0x4b90, 0x4b90, 0x4b90, 0x4b90, 0x4b90, 0x4b90, 0x4b90, 0x4b90, 0x4b90, 0x4b90, 
	0x4b90, 0x4b90, 0x4b90, 0x4b90, 0x4b90, 0x4b90, 0x4b90, 0x4b90, 0x4b90, 0x4b90, 0x4b90, 0x4b90, 0x4b90, 0x4b90, 0x4b90, 0x4b90, 
	0x4b90, 0x4b90, 0x4b90, 0x4b90, 0x4b90, 0x4b90, 0x4b90, 0x4b90, 0x4b90, 0x4b90, 0x4b90, 0x4b90, 0x4b90, 0x4b90, 0x4b90, 0x4b90, 
	0x4b90, 0x4b90, 0x4b90, 0x4b90, 0x4b90, 0x4b90, 0x4b90, 0x4b90, 0x4b90, 0x4b90, 0x4b90, 0x4b90, 0x4b90, 0x4b90, 0x4b90, 0x73cf, 
	0x7bcf, 0x5390, 0x4b90, 0x4b90, 0x4b90, 0x4b90, 0x4b90, 0x4b90, 0x4b90, 0x4b90, 0x4b90, 0x4b90, 0x4b90, 0x4b90, 0x4b90, 0x4b90, 
	0x4b90, 0x4b90, 0x4b90, 0x4b90, 0x4b90, 0x4b90, 0x4b90, 0x4b90, 0x4b90, 0x4b90, 0x4b90, 0x4b90, 0x4b90, 0x4b90, 0x4b90, 0x4b90, 
	0x4b90, 0x4b90, 0x4b90, 0x4b90, 0x4b90, 0x4b90, 0x4b90, 0x4b90, 0x4b90, 0x4b90, 0x4b90, 0x4b90, 0x4b90, 0x4b90, 0x4b90, 0x4b90, 
	0x4b90, 0x4b90, 0x4b90, 0x4b90, 0x4b90, 0x4b90, 0x4b90, 0x4b90, 0x4b90, 0x4b90, 0x4b90, 0x4b90, 0x4b90, 0x4b90, 0x4b90, 0x4b90, 
	0x4b90, 0x4b90, 0x4b90, 0x4b90, 0x4b90, 0x4b90, 0x4b90, 0x4b90, 0x4b90, 0x4b90, 0x4b90, 0x4b90, 0x4b90, 0x4b90, 0x4b90, 0x4b90, 
	0x4b90, 0x4b90, 0x4b90, 0x4b90, 0x4b90, 0x4b90, 0x4b90, 0x4b90, 0x4b90, 0x4b90, 0x4b90, 0x4b90, 0x4b90, 0x4b90, 0x4b90, 0x4b90, 
	0x4b90, 0x4b90, 0x4b90, 0x4b90, 0x4b90, 0x4b90, 0x4b90, 0x4b90, 0x4b90, 0x4b90, 0x4b90, 0x4b90, 0x4b90, 0x4b90, 0x4b90, 0x4b90, 
	0x4b90, 0x4b90, 0x4b90, 0x4b90, 0x4b90, 0x4b90, 0x4b90, 0x4b90, 0x4b90, 0x4b90, 0x4b90, 0x4b90, 0x4b90, 0x4b90, 0x4b90, 0x4b90, 
	0x4b90, 0x4b90, 0x4b90, 0x4b90, 0x4b90, 0x4b90, 0x4b90, 0x4b90, 0x4b90, 0x4b90, 0x4b90, 0x4b90, 0x4b90, 0x4b90, 0x4b90, 0x4b90, 
	0x4b90, 0x4b90, 0x4b90, 0x4b90, 0x4b90, 0x4b90, 0x4b90, 0x4b90, 0x4b90, 0x4b90, 0x4b90, 0x4b90, 0x4b90, 0x4b90, 0x5390, 0x73cf, 
	0x7bef, 0x5390, 0x4b90, 0x4b90, 0x4b90, 0x4b90, 0x4b90, 0x4b90, 0x4b90, 0x4b90, 0x4b90, 0x4b90, 0x4b90, 0x4b90, 0x4b90, 0x4b90, 
	0x4b90, 0x4b90, 0x4b90, 0x4b90, 0x4b90, 0x4b90, 0x4b90, 0x4b90, 0x4b90, 0x4b90, 0x4b90, 0x4b90, 0x4b90, 0x4b90, 0x4b90, 0x4b90, 
	0x4b90, 0x4b90, 0x4b90, 0x4b90, 0x4b90, 0x4b90, 0x4b90, 0x4b90, 0x4b90, 0x4b90, 0x4b90, 0x4b90, 0x4b90, 0x4b90, 0x4b90, 0x4b90, 
	0x4b90, 0x4b90, 0x4b90, 0x4b90, 0x4b90, 0x4b90, 0x4b90, 0x4b90, 0x4b90, 0x4b90, 0x4b90, 0x4b90, 0x4b90, 0x4b90, 0x4b90, 0x4b90, 
	0x4b90, 0x4b90, 0x4b90, 0x4b90, 0x4b90, 0x4b90, 0x4b90, 0x4b90, 0x4b90, 0x4b90, 0x4b90, 0x4b90, 0x4b90, 0x4b90, 0x4b90, 0x4b90, 
	0x4b90, 0x4b90, 0x4b90, 0x4b90, 0x4b90, 0x4b90, 0x4b90, 0x4b90, 0x4b90, 0x4b90, 0x4b90, 0x4b90, 0x4b90, 0x4b90, 0x4b90, 0x4b90, 
	0x4b90, 0x4b90, 0x4b90, 0x4b90, 0x4b90, 0x4b90, 0x4b90, 0x4b90, 0x4b90, 0x4b90, 0x4b90, 0x4b90, 0x4b90, 0x4b90, 0x4b90, 0x4b90, 
	0x4b90, 0x4b90, 0x4b90, 0x4b90, 0x4b90, 0x4b90, 0x4b90, 0x4b90, 0x4b90, 0x4b90, 0x4b90, 0x4b90, 0x4b90, 0x4b90, 0x4b90, 0x4b90, 
	0x4b90, 0x4b90, 0x4b90, 0x4b90, 0x4b90, 0x4b90, 0x4b90, 0x4b90, 0x4b90, 0x4b90, 0x4b90, 0x4b90, 0x4b90, 0x4b90, 0x4b90, 0x4b90, 
	0x4b90, 0x4b90, 0x4b90, 0x4b90, 0x4b90, 0x4b90, 0x4b90, 0x4b90, 0x4b90, 0x4b90, 0x4b90, 0x4b90, 0x4b90, 0x4b90, 0x4b90, 0x73cf, 
	0x7bcf, 0x5390, 0x4b90, 0x4b90, 0x4b90, 0x4b90, 0x4b90, 0x4b90, 0x4b90, 0x4b90, 0x4b90, 0x4b90, 0x4b90, 0x4b90, 0x4b90, 0x4b90, 
	0x4b90, 0x4b90, 0x4b90, 0x4b90, 0x4b90, 0x4b90, 0x4b90, 0x4b90, 0x4b90, 0x4b90, 0x4b90, 0x4b90, 0x4b90, 0x4b90, 0x4b90, 0x4b90, 
	0x4b90, 0x4b90, 0x4b90, 0x4b90, 0x4b90, 0x4b90, 0x4b90, 0x4b90, 0x4b90, 0x4b90, 0x4b90, 0x4b90, 0x4b90, 0x4b90, 0x4b90, 0x4b90, 
	0x4b90, 0x4b90, 0x4b90, 0x4b90, 0x4b90, 0x4b90, 0x4b90, 0x4b90, 0x4b90, 0x4b90, 0x4b90, 0x4b90, 0x4b90, 0x4b90, 0x4b90, 0x4b90, 
	0x4b90, 0x4b90, 0x4b90, 0x4b90, 0x4b90, 0x4b90, 0x4b90, 0x4b90, 0x4b90, 0x4b90, 0x4b90, 0x4b90, 0x4b90, 0x4b90, 0x4b90, 0x4b90, 
	0x4b90, 0x4b90, 0x4b90, 0x4b90, 0x4b90, 0x4b90, 0x4b90, 0x4b90, 0x4b90, 0x4b90, 0x4b90, 0x4b90, 0x4b90, 0x4b90, 0x4b90, 0x4b90, 
	0x4b90, 0x4b90, 0x4b90, 0x4b90, 0x4b90, 0x4b90, 0x4b90, 0x4b90, 0x4b90, 0x4b90, 0x4b90, 0x4b90, 0x4b90, 0x4b90, 0x4b90, 0x4b90, 
	0x4b90, 0x4b90, 0x4b90, 0x4b90, 0x4b90, 0x4b90, 0x4b90, 0x4b90, 0x4b90, 0x4b90, 0x4b90, 0x4b90, 0x4b90, 0x4b90, 0x4b90, 0x4b90, 
	0x4b90, 0x4b90, 0x4b90, 0x4b90, 0x4b90, 0x4b90, 0x4b90, 0x4b90, 0x4b90, 0x4b90, 0x4b90, 0x4b90, 0x4b90, 0x4b90, 0x4b90, 0x4b90, 
	0x4b90, 0x4b90, 0x4b90, 0x4b90, 0x4b90, 0x4b90, 0x4b90, 0x4b90, 0x4b90, 0x4b90, 0x4b90, 0x4b90, 0x4b90, 0x4b90, 0x5390, 0x73cf, 
	0x7bcf, 0x5390, 0x4b90, 0x4b90, 0x4b90, 0x4b90, 0x4b90, 0x4b90, 0x4b90, 0x4b90, 0x4b90, 0x4b90, 0x4b90, 0x4b90, 0x4b90, 0x4b90, 
	0x4b90, 0x4b90, 0x4b90, 0x4b90, 0x4b90, 0x4b90, 0x4b90, 0x4b90, 0x4b90, 0x4b90, 0x4b90, 0x4b90, 0x4b90, 0x4b90, 0x4b90, 0x4b90, 
	0x4b90, 0x4b90, 0x4b90, 0x4b90, 0x4b90, 0x4b90, 0x4b90, 0x4b90, 0x4b90, 0x4b90, 0x4b90, 0x4b90, 0x4b90, 0x4b90, 0x4b90, 0x4b90, 
	0x4b90, 0x4b90, 0x4b90, 0x4b90, 0x4b90, 0x4b90, 0x4b90, 0x4b90, 0x4b90, 0x4b90, 0x4b90, 0x4b90, 0x4b90, 0x4b90, 0x4b90, 0x4b90, 
	0x4b90, 0x4b90, 0x4b90, 0x4b90, 0x4b90, 0x4b90, 0x4b90, 0x4b90, 0x4b90, 0x4b90, 0x4b90, 0x4b90, 0x4b90, 0x4b90, 0x4b90, 0x4b90, 
	0x4b90, 0x4b90, 0x4b90, 0x4b90, 0x4b90, 0x4b90, 0x4b90, 0x4b90, 0x4b90, 0x4b90, 0x4b90, 0x4b90, 0x4b90, 0x4b90, 0x4b90, 0x4b90, 
	0x4b90, 0x4b90, 0x4b90, 0x4b90, 0x4b90, 0x4b90, 0x4b90, 0x4b90, 0x4b90, 0x4b90, 0x4b90, 0x4b90, 0x4b90, 0x4b90, 0x4b90, 0x4b90, 
	0x4b90, 0x4b90, 0x4b90, 0x4b90, 0x4b90, 0x4b90, 0x4b90, 0x4b90, 0x4b90, 0x4b90, 0x4b90, 0x4b90, 0x4b90, 0x4b90, 0x4b90, 0x4b90, 
	0x4b90, 0x4b90, 0x4b90, 0x4b90, 0x4b90, 0x4b90, 0x4b90, 0x4b90, 0x4b90, 0x4b90, 0x4b90, 0x4b90, 0x4b90, 0x4b90, 0x4b90, 0x4b90, 
	0x4b90, 0x4b90, 0x4b90, 0x4b90, 0x4b90, 0x4b90, 0x4b90, 0x4b90, 0x4b90, 0x4b90, 0x4b90, 0x4b90, 0x4b90, 0x4b90, 0x5390, 0x73cf, 
	0x7bcf, 0x5390, 0x4b90, 0x4b90, 0x4b90, 0x4b90, 0x4b90, 0x4b90, 0x4b90, 0x4b90, 0x4b90, 0x4b90, 0x4b90, 0x4b90, 0x4b90, 0x4b90, 
	0x4b90, 0x4b90, 0x4b90, 0x4b90, 0x4b90, 0x4b90, 0x4b90, 0x4b90, 0x4b90, 0x4b90, 0x4b90, 0x4b90, 0x4b90, 0x4b90, 0x4b90, 0x4b90, 
	0x4b90, 0x4b90, 0x4b90, 0x4b90, 0x4b90, 0x4b90, 0x4b90, 0x4b90, 0x4b90, 0x4b90, 0x4b90, 0x4b90, 0x4b90, 0x4b90, 0x4b90, 0x4b90, 
	0x4b90, 0x4b90, 0x4b90, 0x4b90, 0x4b90, 0x4b90, 0x4b90, 0x4b90, 0x4b90, 0x4b90, 0x4b90, 0x4b90, 0x4b90, 0x4b90, 0x4b90, 0x4b90, 
	0x4b90, 0x4b90, 0x4b90, 0x4b90, 0x4b90, 0x4b90, 0x4b90, 0x4b90, 0x4b90, 0x4b90, 0x4b90, 0x4b90, 0x4b90, 0x4b90, 0x4b90, 0x4b90, 
	0x4b90, 0x4b90, 0x4b90, 0x4b90, 0x4b90, 0x4b90, 0x4b90, 0x4b90, 0x4b90, 0x4b90, 0x4b90, 0x4b90, 0x4b90, 0x4b90, 0x4b90, 0x4b90, 
	0x4b90, 0x4b90, 0x4b90, 0x4b90, 0x4b90, 0x4b90, 0x4b90, 0x4b90, 0x4b90, 0x4b90, 0x4b90, 0x4b90, 0x4b90, 0x4b90, 0x4b90, 0x4b90, 
	0x4b90, 0x4b90, 0x4b90, 0x4b90, 0x4b90, 0x4b90, 0x4b90, 0x4b90, 0x4b90, 0x4b90, 0x4b90, 0x4b90, 0x4b90, 0x4b90, 0x4b90, 0x4b90, 
	0x4b90, 0x4b90, 0x4b90, 0x4b90, 0x4b90, 0x4b90, 0x4b90, 0x4b90, 0x4b90, 0x4b90, 0x4b90, 0x4b90, 0x4b90, 0x4b90, 0x4b90, 0x4b90, 
	0x4b90, 0x4b90, 0x4b90, 0x4b90, 0x4b90, 0x4b90, 0x4b90, 0x4b90, 0x4b90, 0x4b90, 0x4b90, 0x4b90, 0x4b90, 0x4b90, 0x5390, 0x73cf, 
	0x7bcf, 0x5390, 0x4b90, 0x4b90, 0x4b90, 0x4b90, 0x4b90, 0x4b90, 0x4b90, 0x4b90, 0x4b90, 0x4b90, 0x4b90, 0x4b90, 0x4b90, 0x4b90, 
	0x4b90, 0x4b90, 0x4b90, 0x4b90, 0x4b90, 0x4b90, 0x4b90, 0x4b90, 0x4b90, 0x4b90, 0x4b90, 0x4b90, 0x4b90, 0x4b90, 0x4b90, 0x4b90, 
	0x4b90, 0x4b90, 0x4b90, 0x4b90, 0x4b90, 0x4b90, 0x4b90, 0x4b90, 0x4b90, 0x4b90, 0x4b90, 0x4b90, 0x4b90, 0x4b90, 0x4b90, 0x4b90, 
	0x4b90, 0x4b90, 0x4b90, 0x4b90, 0x4b90, 0x4b90, 0x4b90, 0x4b90, 0x4b90, 0x4b90, 0x4b90, 0x4b90, 0x4b90, 0x4b90, 0x4b90, 0x4b90, 
	0x4b90, 0x4b90, 0x4b90, 0x4b90, 0x4b90, 0x4b90, 0x4b90, 0x4b90, 0x4b90, 0x4b6f, 0x4b6f, 0x4b6f, 0x4b6f, 0x4b6f, 0x4b6f, 0x4b6f, 
	0x4b6f, 0x4b6f, 0x4b6f, 0x4b6f, 0x4b6f, 0x4b6f, 0x4b6f, 0x4b70, 0x4b90, 0x4b90, 0x4b90, 0x4b90, 0x4b90, 0x4b90, 0x4b90, 0x4b90, 
	0x4b90, 0x4b90, 0x4b90, 0x4b90, 0x4b90, 0x4b90, 0x4b90, 0x4b90, 0x4b90, 0x4b90, 0x4b90, 0x4b90, 0x4b90, 0x4b90, 0x4b90, 0x4b90, 
	0x4b90, 0x4b90, 0x4b90, 0x4b90, 0x4b90, 0x4b90, 0x4b90, 0x4b90, 0x4b90, 0x4b90, 0x4b90, 0x4b90, 0x4b90, 0x4b90, 0x4b90, 0x4b90, 
	0x4b90, 0x4b90, 0x4b90, 0x4b90, 0x4b90, 0x4b90, 0x4b90, 0x4b90, 0x4b90, 0x4b90, 0x4b90, 0x4b90, 0x4b90, 0x4b90, 0x4b90, 0x4b90, 
	0x4b90, 0x4b90, 0x4b90, 0x4b90, 0x4b90, 0x4b90, 0x4b90, 0x4b90, 0x4b90, 0x4b90, 0x4b90, 0x4b90, 0x4b90, 0x4b90, 0x5390, 0x73cf, 
	0x7bcf, 0x5390, 0x4b90, 0x4b90, 0x4b90, 0x4b90, 0x4b90, 0x4b90, 0x4b90, 0x4b90, 0x4b90, 0x4b90, 0x4b90, 0x4b90, 0x4b90, 0x4b90, 
	0x4b90, 0x4b90, 0x4b90, 0x4b90, 0x4b90, 0x4b90, 0x4b90, 0x4b90, 0x4b90, 0x4b90, 0x4b90, 0x4b90, 0x4b90, 0x4b90, 0x4b90, 0x4b90, 
	0x4b90, 0x4b90, 0x4b90, 0x4b90, 0x4b90, 0x4b90, 0x4b90, 0x4b90, 0x4b90, 0x4b90, 0x4b90, 0x4b90, 0x4b90, 0x4b90, 0x4b90, 0x4b90, 
	0x4b90, 0x4b90, 0x4b90, 0x4b90, 0x4b90, 0x4b90, 0x4b90, 0x4b90, 0x4b90, 0x4b90, 0x4b90, 0x4b90, 0x4b90, 0x4b90, 0x4b90, 0x4b90, 
	0x4b90, 0x4b90, 0x4b90, 0x4b90, 0x4b90, 0x4b90, 0x4b90, 0x430e, 0x2a09, 0x2187, 0x2187, 0x2187, 0x2187, 0x2187, 0x2187, 0x2187, 
	0x2187, 0x2187, 0x2187, 0x2187, 0x2187, 0x2187, 0x2186, 0x2a09, 0x430e, 0x4b6f, 0x4b70, 0x4b90, 0x4b90, 0x4b90, 0x4b90, 0x4b90, 
	0x4b90, 0x4b90, 0x4b90, 0x4b90, 0x4b90, 0x4b90, 0x4b90, 0x4b90, 0x4b90, 0x4b90, 0x4b90, 0x4b90, 0x4b90, 0x4b90, 0x4b90, 0x4b90, 
	0x4b90, 0x4b90, 0x4b90, 0x4b90, 0x4b90, 0x4b90, 0x4b90, 0x4b90, 0x4b90, 0x4b90, 0x4b90, 0x4b90, 0x4b90, 0x4b90, 0x4b90, 0x4b90, 
	0x4b90, 0x4b90, 0x4b90, 0x4b90, 0x4b90, 0x4b90, 0x4b90, 0x4b90, 0x4b90, 0x4b90, 0x4b90, 0x4b90, 0x4b90, 0x4b90, 0x4b90, 0x4b90, 
	0x4b90, 0x4b90, 0x4b90, 0x4b90, 0x4b90, 0x4b90, 0x4b90, 0x4b90, 0x4b90, 0x4b90, 0x4b90, 0x4b90, 0x4b90, 0x4b90, 0x5390, 0x73cf, 
	0x7bcf, 0x5390, 0x4b90, 0x4b90, 0x4b90, 0x4b90, 0x4b90, 0x4b90, 0x4b90, 0x4b90, 0x4b90, 0x4b90, 0x4b90, 0x4b90, 0x4b90, 0x4b90, 
	0x4b90, 0x4b90, 0x4b90, 0x4b90, 0x4b90, 0x4b90, 0x4b90, 0x4b90, 0x4b90, 0x4b90, 0x4b90, 0x4b90, 0x4b90, 0x4b90, 0x4b90, 0x4b90, 
	0x4b90, 0x4b90, 0x4b90, 0x4b90, 0x4b90, 0x4b90, 0x4b90, 0x4b90, 0x4b90, 0x4b90, 0x4b90, 0x4b90, 0x4b90, 0x4b90, 0x4b90, 0x4b90, 
	0x4b90, 0x4b90, 0x4b90, 0x4b90, 0x4b90, 0x4b90, 0x4b90, 0x4b90, 0x4b90, 0x4b90, 0x4b90, 0x4b90, 0x4b90, 0x4b90, 0x4b90, 0x4b90, 
	0x4b90, 0x4b90, 0x4b90, 0x4b90, 0x4b90, 0x432e, 0x2a09, 0x1925, 0x0862, 0x0000, 0x0000, 0x0000, 0x0000, 0x0000, 0x0000, 0x0000, 
	0x0000, 0x0000, 0x0000, 0x0000, 0x0000, 0x0000, 0x0000, 0x0862, 0x1925, 0x1966, 0x29e8, 0x430e, 0x4b6f, 0x4b90, 0x4b90, 0x4b90, 
	0x4b90, 0x4b90, 0x4b90, 0x4b90, 0x4b90, 0x4b90, 0x4b90, 0x4b90, 0x4b90, 0x4b90, 0x4b90, 0x4b90, 0x4b90, 0x4b90, 0x4b90, 0x4b90, 
	0x4b90, 0x4b90, 0x4b90, 0x4b90, 0x4b90, 0x4b90, 0x4b90, 0x4b90, 0x4b90, 0x4b90, 0x4b90, 0x4b90, 0x4b90, 0x4b90, 0x4b90, 0x4b90, 
	0x4b90, 0x4b90, 0x4b90, 0x4b90, 0x4b90, 0x4b90, 0x4b90, 0x4b90, 0x4b90, 0x4b90, 0x4b90, 0x4b90, 0x4b90, 0x4b90, 0x4b90, 0x4b90, 
	0x4b90, 0x4b90, 0x4b90, 0x4b90, 0x4b90, 0x4b90, 0x4b90, 0x4b90, 0x4b90, 0x4b90, 0x4b90, 0x4b90, 0x4b90, 0x4b90, 0x5390, 0x73cf, 
	0x7bef, 0x5390, 0x4b90, 0x4b90, 0x4b90, 0x4b90, 0x4b90, 0x4b90, 0x4b90, 0x4b90, 0x4b90, 0x4b90, 0x4b90, 0x4b90, 0x4b90, 0x4b90, 
	0x4b90, 0x4b90, 0x4b90, 0x4b90, 0x4b90, 0x4b90, 0x4b90, 0x4b90, 0x4b90, 0x4b90, 0x4b90, 0x4b90, 0x4b90, 0x4b90, 0x4b90, 0x4b90, 
	0x4b90, 0x4b90, 0x4b90, 0x4b90, 0x4b90, 0x4b90, 0x4b90, 0x4b90, 0x4b90, 0x4b90, 0x4b90, 0x4b90, 0x4b90, 0x4b90, 0x4b90, 0x4b90, 
	0x4b90, 0x4b90, 0x4b90, 0x4b90, 0x4b90, 0x4b90, 0x4b90, 0x4b90, 0x4b90, 0x4b90, 0x4b90, 0x4b90, 0x4b90, 0x4b90, 0x4b90, 0x4b90, 
	0x4b90, 0x4b90, 0x4b90, 0x432e, 0x29e9, 0x1905, 0x0861, 0x0000, 0x0861, 0x2965, 0x39e7, 0x39e7, 0x39e7, 0x39e7, 0x39e7, 0x39e7, 
	0x39e7, 0x39e7, 0x39e7, 0x39e7, 0x39e7, 0x39e7, 0x39e7, 0x3186, 0x1082, 0x0000, 0x0841, 0x1104, 0x1946, 0x29c8, 0x432e, 0x4b90, 
	0x4b90, 0x4b90, 0x4b90, 0x4b90, 0x4b90, 0x4b90, 0x4b90, 0x4b90, 0x4b90, 0x4b90, 0x4b90, 0x4b90, 0x4b90, 0x4b90, 0x4b90, 0x4b90, 
	0x4b90, 0x4b90, 0x4b90, 0x4b90, 0x4b90, 0x4b90, 0x4b90, 0x4b90, 0x4b90, 0x4b90, 0x4b90, 0x4b90, 0x4b90, 0x4b90, 0x4b90, 0x4b90, 
	0x4b90, 0x4b90, 0x4b90, 0x4b90, 0x4b90, 0x4b90, 0x4b90, 0x4b90, 0x4b90, 0x4b90, 0x4b90, 0x4b90, 0x4b90, 0x4b90, 0x4b90, 0x4b90, 
	0x4b90, 0x4b90, 0x4b90, 0x4b90, 0x4b90, 0x4b90, 0x4b90, 0x4b90, 0x4b90, 0x4b90, 0x4b90, 0x4b90, 0x4b90, 0x4b90, 0x5390, 0x7bcf, 
	0x7bcf, 0x5390, 0x4b90, 0x4b90, 0x4b90, 0x4b90, 0x4b90, 0x4b90, 0x4b90, 0x4b90, 0x4b90, 0x4b90, 0x4b90, 0x4b90, 0x4b90, 0x4b90, 
	0x4b90, 0x4b90, 0x4b90, 0x4b90, 0x4b90, 0x4b90, 0x4b90, 0x4b90, 0x4b90, 0x4b90, 0x4b90, 0x4b90, 0x4b90, 0x4b90, 0x4b90, 0x4b90, 
	0x4b90, 0x4b90, 0x4b90, 0x4b90, 0x4b90, 0x4b90, 0x4b90, 0x4b90, 0x4b90, 0x4b90, 0x4bb0, 0x4b90, 0x4bb0, 0x4b90, 0x4bb0, 0x4b90, 
	0x4bb0, 0x4b90, 0x4b90, 0x4b90, 0x4b90, 0x4b90, 0x4b90, 0x4b90, 0x4b90, 0x4b90, 0x4b90, 0x4b90, 0x4b90, 0x4b90, 0x4b90, 0x4b90, 
	0x4b90, 0x432e, 0x29e8, 0x1104, 0x0862, 0x0000, 0x0861, 0x3186, 0x4a49, 0x5acb, 0x632c, 0x632c, 0x632c, 0x632c, 0x632c, 0x632c, 
	0x632c, 0x632c, 0x632c, 0x632c, 0x632c, 0x632c, 0x632c, 0x5acb, 0x4a49, 0x3186, 0x0861, 0x0000, 0x0000, 0x0841, 0x2187, 0x432e, 
	0x4b90, 0x4b90, 0x4b90, 0x4b90, 0x4b90, 0x4b90, 0x4b90, 0x4b90, 0x4b90, 0x4b90, 0x4b90, 0x4b90, 0x4b90, 0x4b90, 0x4b90, 0x4b90, 
	0x4b90, 0x4b90, 0x4b90, 0x4b90, 0x4b90, 0x4b90, 0x4b90, 0x4b90, 0x4b90, 0x4b90, 0x4b90, 0x4b90, 0x4b90, 0x4b90, 0x4b90, 0x4b90, 
	0x4b90, 0x4b90, 0x4b90, 0x4b90, 0x4b90, 0x4b90, 0x4b90, 0x4b90, 0x4b90, 0x4b90, 0x4b90, 0x4b90, 0x4b90, 0x4b90, 0x4b90, 0x4b90, 
	0x4b90, 0x4b90, 0x4b90, 0x4b90, 0x4b90, 0x4b90, 0x4b90, 0x4b90, 0x4b90, 0x4b90, 0x4b90, 0x4b90, 0x4b90, 0x4b90, 0x5390, 0x7bcf, 
	0x7bef, 0x5390, 0x4b90, 0x4b90, 0x4b90, 0x4b90, 0x4b90, 0x4b90, 0x4b90, 0x4b90, 0x4b90, 0x4b90, 0x4b90, 0x4b90, 0x4b90, 0x4b90, 
	0x4b90, 0x4b90, 0x4b90, 0x4b90, 0x4b90, 0x4b90, 0x4b90, 0x4b90, 0x4b90, 0x4b90, 0x4b90, 0x4b90, 0x4b90, 0x4b90, 0x4b90, 0x4b90, 
	0x4bb0, 0x4b90, 0x4bb0, 0x4b90, 0x4bb0, 0x4b90, 0x4bb0, 0x4b90, 0x4bb0, 0x4b90, 0x4bb0, 0x4b90, 0x4bb0, 0x4b90, 0x4bb0, 0x4b90, 
	0x4bb0, 0x4b90, 0x4bb0, 0x4b90, 0x4bb0, 0x4b90, 0x4bb0, 0x4b90, 0x4bb0, 0x4b90, 0x4bb0, 0x4b90, 0x4b90, 0x4b90, 0x4b90, 0x432e, 
	0x29c8, 0x10e4, 0x0861, 0x0861, 0x3186, 0x4228, 0x4a49, 0x5acb, 0x632c, 0x632c, 0x632c, 0x632c, 0x632c, 0x632c, 0x632c, 0x632c, 
	0x632c, 0x632c, 0x632c, 0x632c, 0x632c, 0x632c, 0x632c, 0x632c, 0x632c, 0x5aeb, 0x4a49, 0x4228, 0x31a6, 0x0861, 0x0041, 0x10e4, 
	0x21a7, 0x432e, 0x4b90, 0x4b90, 0x4b90, 0x4b90, 0x4b90, 0x4b90, 0x4b90, 0x4b90, 0x4b90, 0x4b90, 0x4b90, 0x4b90, 0x4b90, 0x4b90, 
	0x4b90, 0x4b90, 0x4b90, 0x4b90, 0x4b90, 0x4b90, 0x4b90, 0x4b90, 0x4b90, 0x4b90, 0x4b90, 0x4b90, 0x4b90, 0x4b90, 0x4b90, 0x4b90, 
	0x4b90, 0x4b90, 0x4b90, 0x4b90, 0x4b90, 0x4b90, 0x4b90, 0x4b90, 0x4b90, 0x4b90, 0x4b90, 0x4b90, 0x4b90, 0x4b90, 0x4b90, 0x4b90, 
	0x4b90, 0x4b90, 0x4b90, 0x4b90, 0x4b90, 0x4b90, 0x4b90, 0x4b90, 0x4b90, 0x4b90, 0x4b90, 0x4b90, 0x4b90, 0x4b90, 0x5390, 0x7bcf, 
	0x7bcf, 0x5390, 0x4b90, 0x4b90, 0x4b90, 0x4b90, 0x4b90, 0x4b90, 0x4b90, 0x4b90, 0x4b90, 0x4b90, 0x4b90, 0x4bb0, 0x4b90, 0x4bb0, 
	0x4b90, 0x4b90, 0x4b90, 0x4b90, 0x4b90, 0x4b90, 0x4b90, 0x4bb0, 0x4b90, 0x4bb0, 0x4bb0, 0x4b90, 0x4bb0, 0x4b90, 0x4bb0, 0x4b90, 
	0x4bb0, 0x4b90, 0x4bb0, 0x4b90, 0x4bb0, 0x4b90, 0x4bb0, 0x4b90, 0x4bb0, 0x4b90, 0x4bb0, 0x4b90, 0x4bb0, 0x4b90, 0x4bb0, 0x4b90, 
	0x4bb0, 0x4b90, 0x4bb0, 0x4b90, 0x4bb0, 0x4b90, 0x4bb0, 0x4b90, 0x4bb0, 0x4b90, 0x4bb0, 0x4b90, 0x4b90, 0x434f, 0x21c8, 0x10e4, 
	0x0861, 0x0861, 0x3186, 0x4a69, 0x5aeb, 0x632c, 0x632c, 0x632c, 0x632c, 0x632c, 0x632c, 0x632c, 0x632c, 0x632c, 0x632c, 0x632c, 
	0x632c, 0x632c, 0x632c, 0x632c, 0x632c, 0x632c, 0x632c, 0x632c, 0x632c, 0x632c, 0x632c, 0x632c, 0x5aeb, 0x39e7, 0x0861, 0x0000, 
	0x0041, 0x2187, 0x4b4e, 0x4b90, 0x4b90, 0x4b90, 0x4b90, 0x4b90, 0x4b90, 0x4b90, 0x4b90, 0x4b90, 0x4b90, 0x4b90, 0x4b90, 0x4b90, 
	0x4b90, 0x4b90, 0x4b90, 0x4b90, 0x4b90, 0x4b90, 0x4b90, 0x4b90, 0x4b90, 0x4b90, 0x4b90, 0x4b90, 0x4b90, 0x4b90, 0x4b90, 0x4b90, 
	0x4b90, 0x4b90, 0x4b90, 0x4b90, 0x4b90, 0x4b90, 0x4b90, 0x4b90, 0x4b90, 0x4b90, 0x4b90, 0x4b90, 0x4b90, 0x4b90, 0x4b90, 0x4b90, 
	0x4b90, 0x4b90, 0x4b90, 0x4b90, 0x4b90, 0x4b90, 0x4b90, 0x4b90, 0x4b90, 0x4b90, 0x4b90, 0x4b90, 0x4b90, 0x4b90, 0x5390, 0x7bcf, 
	0x7bef, 0x5390, 0x4b90, 0x4bb0, 0x4b90, 0x4bb0, 0x4b90, 0x4bb0, 0x4b90, 0x4bb0, 0x4b90, 0x4bb0, 0x4b90, 0x4bb0, 0x4b90, 0x4bb0, 
	0x4b90, 0x4bb0, 0x4b90, 0x4bb0, 0x4b90, 0x4bb0, 0x4b90, 0x4bb0, 0x4b90, 0x4bb0, 0x4bb0, 0x4b90, 0x4bb0, 0x4b90, 0x4bb0, 0x4b90, 
	0x4bb0, 0x4b90, 0x4bb0, 0x4b90, 0x4bb0, 0x4b90, 0x4bb0, 0x4b90, 0x4bb0, 0x4b90, 0x4bb0, 0x4b90, 0x4bb0, 0x4b90, 0x4bb0, 0x4b90, 
	0x4bb0, 0x4b90, 0x4bb0, 0x4b90, 0x4bb0, 0x4b90, 0x4bb0, 0x4b90, 0x4bb0, 0x4b90, 0x4bb0, 0x4bb0, 0x4b4f, 0x2187, 0x0041, 0x0841, 
	0x31a6, 0x4a69, 0x5aeb, 0x632c, 0x632c, 0x632c, 0x632c, 0x632c, 0x632c, 0x6b6d, 0x73ae, 0x73ae, 0x73ae, 0x73ae, 0x73ae, 0x73ae, 
	0x73ae, 0x73ae, 0x73ae, 0x73ae, 0x73ae, 0x73ae, 0x73ae, 0x738e, 0x632c, 0x632c, 0x632c, 0x632c, 0x632c, 0x5aeb, 0x4a69, 0x39c7, 
	0x0861, 0x0021, 0x2166, 0x4b4f, 0x4b90, 0x4b90, 0x4b90, 0x4b90, 0x4b90, 0x4b90, 0x4b90, 0x4b90, 0x4b90, 0x4b90, 0x4b90, 0x4b90, 
	0x4b90, 0x4b90, 0x4b90, 0x4b90, 0x4b90, 0x4b90, 0x4b90, 0x4b90, 0x4b90, 0x4b90, 0x4b90, 0x4b90, 0x4b90, 0x4b90, 0x4b90, 0x4b90, 
	0x4b90, 0x4b90, 0x4b90, 0x4b90, 0x4b90, 0x4b90, 0x4b90, 0x4b90, 0x4b90, 0x4b90, 0x4b90, 0x4b90, 0x4b90, 0x4b90, 0x4b90, 0x4b90, 
	0x4b90, 0x4b90, 0x4b90, 0x4b90, 0x4b90, 0x4b90, 0x4b90, 0x4b90, 0x4b90, 0x4b90, 0x4b90, 0x4b90, 0x4b90, 0x4bb0, 0x5390, 0x7bcf, 
	0x7bcf, 0x5390, 0x4b90, 0x4bb0, 0x4b90, 0x4bb0, 0x4b90, 0x4bb0, 0x4b90, 0x4bb0, 0x4b90, 0x4bb0, 0x4b90, 0x4bb0, 0x4b90, 0x4bb0, 
	0x4b90, 0x4bb0, 0x4b90, 0x4bb0, 0x4b90, 0x4bb0, 0x4b90, 0x4bb0, 0x4b90, 0x4bb0, 0x4bb0, 0x4b90, 0x4bb0, 0x4b90, 0x4bb0, 0x4b90, 
	0x4bb0, 0x4b90, 0x4bb0, 0x4b90, 0x4bb0, 0x4b90, 0x4bb0, 0x4b90, 0x4bb0, 0x4b90, 0x4bb0, 0x4b90, 0x4bb0, 0x4b90, 0x4bb0, 0x4b90, 
	0x4bb0, 0x4b90, 0x4bb0, 0x4b90, 0x4bb0, 0x4b90, 0x4bb0, 0x4b90, 0x4bb0, 0x4b90, 0x4bb0, 0x4b4f, 0x2187, 0x0041, 0x0841, 0x39c7, 
	0x5aeb, 0x632c, 0x632c, 0x632c, 0x632c, 0x632c, 0x632c, 0x632c, 0x6b4d, 0x738e, 0x7bcf, 0x7bcf, 0x7bcf, 0x7bcf, 0x7bcf, 0x7bcf, 
	0x7bcf, 0x7bcf, 0x7bcf, 0x7bcf, 0x7bcf, 0x7bcf, 0x7bcf, 0x73ae, 0x6b4d, 0x632c, 0x632c, 0x632c, 0x632c, 0x632c, 0x632c, 0x5aeb, 
	0x39e7, 0x0841, 0x10c3, 0x432e, 0x4b90, 0x4b90, 0x4b90, 0x4b90, 0x4b90, 0x4b90, 0x4b90, 0x4b90, 0x4b90, 0x4b90, 0x4b90, 0x4b90, 
	0x4b90, 0x4b90, 0x4b90, 0x4b90, 0x4b90, 0x4b90, 0x4b90, 0x4b90, 0x4b90, 0x4b90, 0x4b90, 0x4b90, 0x4b90, 0x4b90, 0x4b90, 0x4b90, 
	0x4b90, 0x4b90, 0x4b90, 0x4b90, 0x4b90, 0x4b90, 0x4b90, 0x4b90, 0x4b90, 0x4b90, 0x4b90, 0x4b90, 0x4b90, 0x4b90, 0x4b90, 0x4b90, 
	0x4b90, 0x4b90, 0x4b90, 0x4b90, 0x4b90, 0x4b90, 0x4b90, 0x4b90, 0x4b90, 0x4bb0, 0x4b90, 0x4bb0, 0x4b90, 0x4bb0, 0x5390, 0x7bcf, 
	0x7bef, 0x5390, 0x4b90, 0x4bb0, 0x4b90, 0x4bb0, 0x4b90, 0x4bb0, 0x4b90, 0x4bb0, 0x4b90, 0x4bb0, 0x4b90, 0x4bb0, 0x4b90, 0x4bb0, 
	0x4b90, 0x4bb0, 0x4b90, 0x4bb0, 0x4b90, 0x4bb0, 0x4b90, 0x4bb0, 0x4b90, 0x4bb0, 0x4bb0, 0x4b90, 0x4bb0, 0x4b90, 0x4bb0, 0x4b90, 
	0x4bb0, 0x4b90, 0x4bb0, 0x4b90, 0x4bb0, 0x4b90, 0x4bb0, 0x4b90, 0x4bb0, 0x4b90, 0x4bb0, 0x4b90, 0x4bb0, 0x4b90, 0x4bb0, 0x4b90, 
	0x4bb0, 0x4b90, 0x4bb0, 0x4b90, 0x4bb0, 0x4b90, 0x4bb0, 0x4b90, 0x4bb0, 0x4bb0, 0x4b6f, 0x2166, 0x0021, 0x0841, 0x39e7, 0x5aeb, 
	0x632c, 0x632c, 0x632c, 0x632c, 0x738e, 0x73ae, 0x73ae, 0x73ae, 0x73ae, 0x7bcf, 0x7bcf, 0x7bcf, 0x7bcf, 0x7bcf, 0x7bcf, 0x7bcf, 
	0x7bcf, 0x7bcf, 0x7bcf, 0x7bcf, 0x7bcf, 0x7bcf, 0x7bcf, 0x7bcf, 0x73ae, 0x73ae, 0x73ae, 0x738e, 0x632c, 0x632c, 0x632c, 0x632c, 
	0x5aeb, 0x4208, 0x0861, 0x1946, 0x4b4f, 0x4b90, 0x4b90, 0x4b90, 0x4b90, 0x4b90, 0x4b90, 0x4b90, 0x4b90, 0x4b90, 0x4b90, 0x4b90, 
	0x4b90, 0x4b90, 0x4b90, 0x4b90, 0x4b90, 0x4b90, 0x4b90, 0x4b90, 0x4b90, 0x4b90, 0x4b90, 0x4b90, 0x4b90, 0x4b90, 0x4b90, 0x4b90, 
	0x4b90, 0x4b90, 0x4b90, 0x4b90, 0x4b90, 0x4b90, 0x4b90, 0x4b90, 0x4b90, 0x4b90, 0x4b90, 0x4b90, 0x4b90, 0x4b90, 0x4b90, 0x4bb0, 
	0x4b90, 0x4bb0, 0x4b90, 0x4bb0, 0x4b90, 0x4bb0, 0x4b90, 0x4bb0, 0x4b90, 0x4bb0, 0x4b90, 0x4bb0, 0x4b90, 0x4bb0, 0x5390, 0x7bcf, 
	0x7bcf, 0x5390, 0x4b90, 0x4bb0, 0x4b90, 0x4bb0, 0x4b90, 0x4bb0, 0x4b90, 0x4bb0, 0x4b90, 0x4bb0, 0x4b90, 0x4bb0, 0x4b90, 0x4bb0, 
	0x4b90, 0x4bb0, 0x4b90, 0x4bb0, 0x4b90, 0x4bb0, 0x4b90, 0x4bb0, 0x4b90, 0x4bb0, 0x4bb0, 0x4b90, 0x4bb0, 0x4b90, 0x4bb0, 0x4b90, 
	0x4bb0, 0x4b90, 0x4bb0, 0x4b90, 0x4bb0, 0x4b90, 0x4bb0, 0x4b90, 0x4bb0, 0x4b90, 0x4bb0, 0x4b90, 0x4bb0, 0x4b90, 0x4bb0, 0x4b90, 
	0x4bb0, 0x4b90, 0x4bb0, 0x4b90, 0x4bb0, 0x4b90, 0x4bb0, 0x4b90, 0x4bb0, 0x4b6f, 0x1966, 0x0020, 0x0841, 0x39e7, 0x630c, 0x632c, 
	0x632c, 0x632c, 0x632c, 0x6b4d, 0x738e, 0x7bcf, 0x7bcf, 0x7bcf, 0x7bcf, 0x7bcf, 0x7bcf, 0x7bcf, 0x7bcf, 0x7bcf, 0x7bcf, 0x7bcf, 
	0x7bcf, 0x7bcf, 0x7bcf, 0x7bcf, 0x7bcf, 0x7bcf, 0x7bcf, 0x7bcf, 0x7bcf, 0x7bcf, 0x7bcf, 0x73ae, 0x6b4d, 0x632c, 0x632c, 0x632c, 
	0x632c, 0x4a69, 0x0861, 0x10c3, 0x4b4e, 0x4bb0, 0x4b90, 0x4bb0, 0x4b90, 0x4bb0, 0x4b90, 0x4b90, 0x4b90, 0x4b90, 0x4b90, 0x4b90, 
	0x4b90, 0x4b90, 0x4b90, 0x4b90, 0x4b90, 0x4b90, 0x4b90, 0x4b90, 0x4b90, 0x4b90, 0x4b90, 0x4b90, 0x4b90, 0x4b90, 0x4b90, 0x4b90, 
	0x4b90, 0x4b90, 0x4b90, 0x4b90, 0x4b90, 0x4b90, 0x4b90, 0x4b90, 0x4b90, 0x4b90, 0x4b90, 0x4bb0, 0x4b90, 0x4bb0, 0x4b90, 0x4bb0, 
	0x4b90, 0x4bb0, 0x4b90, 0x4bb0, 0x4b90, 0x4bb0, 0x4b90, 0x4bb0, 0x4b90, 0x4bb0, 0x4b90, 0x4bb0, 0x4b90, 0x4bb0, 0x5390, 0x7bcf, 
	0x7bef, 0x53b0, 0x4b90, 0x4bb0, 0x4b90, 0x4bb0, 0x4b90, 0x4bb0, 0x4b90, 0x4bb0, 0x4b90, 0x4bb0, 0x4bb0, 0x4bb0, 0x4bb0, 0x4bb0, 
	0x4bb0, 0x4bb0, 0x4bb0, 0x4bb0, 0x4bb0, 0x4bb0, 0x4bb0, 0x4bb0, 0x4bb0, 0x4bb0, 0x4bb0, 0x4bb0, 0x4bb0, 0x4bb0, 0x4bb0, 0x4bb0, 
	0x4bb0, 0x4bb0, 0x4bb0, 0x4bb0, 0x4bb0, 0x4bb0, 0x4bb0, 0x4bb0, 0x4bb0, 0x4bb0, 0x4bb0, 0x4bb0, 0x4bb0, 0x4bb0, 0x4bb0, 0x4bb0, 
	0x4bb0, 0x4bb0, 0x4bb0, 0x4bb0, 0x4bb0, 0x4bb0, 0x4bb0, 0x4bb0, 0x4b6f, 0x1946, 0x0020, 0x0841, 0x4208, 0x630c, 0x632c, 0x632c, 
	0x632c, 0x632c, 0x738e, 0x73ae, 0x7bcf, 0x7bcf, 0x7bcf, 0x7bcf, 0x8410, 0x8430, 0x8430, 0x8430, 0x8430, 0x8430, 0x8430, 0x8430, 
	0x8430, 0x8430, 0x8430, 0x8430, 0x8430, 0x8430, 0x8410, 0x7bef, 0x7bcf, 0x7bcf, 0x7bcf, 0x7bcf, 0x73ae, 0x73ae, 0x738e, 0x632c, 
	0x632c, 0x630c, 0x4228, 0x0861, 0x1925, 0x4b6f, 0x4b90, 0x4bb0, 0x4b90, 0x4bb0, 0x4b90, 0x4bb0, 0x4b90, 0x4bb0, 0x4b90, 0x4bb0, 
	0x4b90, 0x4bb0, 0x4b90, 0x53b0, 0x4b90, 0x5390, 0x4b90, 0x5390, 0x4b90, 0x5390, 0x4b90, 0x5390, 0x4bb0, 0x5390, 0x4bb0, 0x4b90, 
	0x4bb0, 0x4b90, 0x4b90, 0x4b90, 0x4b90, 0x4bb0, 0x4b90, 0x4bb0, 0x4b90, 0x4bb0, 0x4b90, 0x4bb0, 0x4b90, 0x4bb0, 0x4b90, 0x4bb0, 
	0x4b90, 0x4bb0, 0x4b90, 0x4bb0, 0x4b90, 0x4bb0, 0x4b90, 0x4bb0, 0x4b90, 0x4bb0, 0x4b90, 0x4bb0, 0x4b90, 0x4bb0, 0x5390, 0x7bcf, 
	0x7bcf, 0x53b0, 0x4bb0, 0x4bb0, 0x4bb0, 0x4bb0, 0x4bb0, 0x4bb0, 0x4bb0, 0x4bb0, 0x4bb0, 0x4bb0, 0x4bb0, 0x4bb0, 0x4bb0, 0x4bb0, 
	0x4bb0, 0x4bb0, 0x4bb0, 0x4bb0, 0x4bb0, 0x4bb0, 0x4bb0, 0x4bb0, 0x4bb0, 0x4bb0, 0x4bb0, 0x4bb0, 0x4bb0, 0x4bb0, 0x4bb0, 0x4bb0, 
	0x4bb0, 0x4bb0, 0x4bb0, 0x4bb0, 0x4bb0, 0x4bb0, 0x4bb0, 0x4bb0, 0x4bb0, 0x4bb0, 0x4bb0, 0x4bb0, 0x4bb0, 0x4bb0, 0x4bb0, 0x4bb0, 
	0x4bb0, 0x4bb0, 0x4bb0, 0x4bb0, 0x4bb0, 0x4bb0, 0x4bb0, 0x4b90, 0x1945, 0x0020, 0x0020, 0x4208, 0x630c, 0x632c, 0x632c, 0x632c, 
	0x632c, 0x6b4d, 0x738e, 0x7bcf, 0x7bcf, 0x7bcf, 0x7bcf, 0x7bef, 0x8410, 0x8430, 0x8430, 0x8430, 0x8430, 0x8430, 0x8430, 0x8430, 
	0x8430, 0x8430, 0x8430, 0x8430, 0x8430, 0x8430, 0x8430, 0x7bef, 0x7bcf, 0x7bcf, 0x7bcf, 0x7bcf, 0x7bcf, 0x7bcf, 0x73ae, 0x6b4d, 
	0x632c, 0x632c, 0x4a69, 0x0841, 0x10c3, 0x4b4f, 0x4bb0, 0x4bb0, 0x4bb0, 0x4bb0, 0x4bb0, 0x4bb0, 0x4bb0, 0x4bb0, 0x4bb0, 0x4bb0, 
	0x53b0, 0x4bb0, 0x53b0, 0x4bb0, 0x53b0, 0x4bb0, 0x53b0, 0x4bb0, 0x53b0, 0x4bb0, 0x53b0, 0x4bb0, 0x53b0, 0x4bb0, 0x53b0, 0x4bb0, 
	0x4bb0, 0x4bb0, 0x4bb0, 0x4bb0, 0x4bb0, 0x4bb0, 0x4bb0, 0x4bb0, 0x4bb0, 0x4bb0, 0x4bb0, 0x4bb0, 0x4bb0, 0x4bb0, 0x4bb0, 0x4bb0, 
	0x4bb0, 0x4bb0, 0x4bb0, 0x4bb0, 0x4bb0, 0x4bb0, 0x4bb0, 0x4bb0, 0x4bb0, 0x4bb0, 0x4bb0, 0x4bb0, 0x4bb0, 0x4bb0, 0x5390, 0x7bcf, 
	0x7bef, 0x53b0, 0x4bb0, 0x4bb0, 0x4bb0, 0x4bb0, 0x4bb0, 0x4bb0, 0x4bb0, 0x4bb0, 0x4bb0, 0x4bb0, 0x4bb0, 0x4bb0, 0x4bb0, 0x4bb0, 
	0x4bb0, 0x4bb0, 0x4bb0, 0x4bb0, 0x4bb0, 0x4bb0, 0x4bb0, 0x4bb0, 0x4bb0, 0x4bb0, 0x4bb0, 0x4bb0, 0x4bb0, 0x4bb0, 0x4bb0, 0x4bb0, 
	0x4bb0, 0x4bb0, 0x4bb0, 0x4bb0, 0x4bb0, 0x4bb0, 0x4bb0, 0x4bb0, 0x4bb0, 0x4bb0, 0x4bb0, 0x4bb0, 0x4bb0, 0x4bb0, 0x4bb0, 0x4bb0, 
	0x4bb0, 0x4bb0, 0x4bb0, 0x4bb0, 0x4bb0, 0x4bb0, 0x4b90, 0x1925, 0x0000, 0x0020, 0x4228, 0x630c, 0x632c, 0x632c, 0x632c, 0x738e, 
	0x7bcf, 0x7bcf, 0x7bcf, 0x7bcf, 0x7bcf, 0x7bef, 0x8410, 0x8430, 0x8430, 0x8430, 0x8430, 0x8430, 0x8430, 0x8430, 0x8430, 0x8430, 
	0x8430, 0x8430, 0x8430, 0x8430, 0x8430, 0x8430, 0x8430, 0x8430, 0x8410, 0x7bef, 0x7bcf, 0x7bcf, 0x7bcf, 0x7bcf, 0x7bcf, 0x738e, 
	0x632c, 0x632c, 0x630c, 0x4a49, 0x0841, 0x1104, 0x4b6f, 0x4bb0, 0x4bb0, 0x4bb0, 0x4bb0, 0x53b0, 0x4bb0, 0x53b0, 0x4bb0, 0x53b0, 
	0x4bb0, 0x53b0, 0x4bb0, 0x53b0, 0x4bb0, 0x53b0, 0x4bb0, 0x53b0, 0x4bb0, 0x53b0, 0x4bb0, 0x53b0, 0x4bb0, 0x53b0, 0x4bb0, 0x53b0, 
	0x4bb0, 0x53b0, 0x4bb0, 0x4bb0, 0x4bb0, 0x4bb0, 0x4bb0, 0x4bb0, 0x4bb0, 0x4bb0, 0x4bb0, 0x4bb0, 0x4bb0, 0x4bb0, 0x4bb0, 0x4bb0, 
	0x4bb0, 0x4bb0, 0x4bb0, 0x4bb0, 0x4bb0, 0x4bb0, 0x4bb0, 0x4bb0, 0x4bb0, 0x4bb0, 0x4bb0, 0x4bb0, 0x4bb0, 0x4bb0, 0x5390, 0x7bcf, 
	0x7bcf, 0x53b0, 0x4bb0, 0x4bb0, 0x4bb0, 0x4bb0, 0x4bb0, 0x4bb0, 0x4bb0, 0x4bb0, 0x4bb0, 0x4bb0, 0x4bb0, 0x4bb0, 0x4bb0, 0x4bb0, 
	0x4bb0, 0x4bb0, 0x4bb0, 0x4bb0, 0x4bb0, 0x4bb0, 0x4bb0, 0x4bb0, 0x4bb0, 0x4bb0, 0x4bb0, 0x4bb0, 0x4bb0, 0x4bb0, 0x4bb0, 0x4bb0, 
	0x4bb1, 0x4bb0, 0x4bb1, 0x4bb0, 0x4bb1, 0x4bb0, 0x4bb1, 0x4bb0, 0x4bb1, 0x4bb0, 0x4bb1, 0x4bb0, 0x4bb1, 0x4bb0, 0x4bb1, 0x4bb0, 
	0x4bb0, 0x4bb0, 0x4bb0, 0x4bb0, 0x4bb0, 0x4bb0, 0x4b90, 0x1104, 0x0020, 0x4228, 0x632c, 0x632c, 0x632c, 0x632c, 0x738e, 0x7bcf, 
	0x7bcf, 0x7bcf, 0x7bcf, 0x7bcf, 0x7bcf, 0x7bef, 0x8410, 0x8430, 0x8430, 0x8430, 0x8430, 0x8430, 0x8430, 0x8430, 0x8430, 0x8430, 
	0x8430, 0x8430, 0x8430, 0x8430, 0x8430, 0x8430, 0x8430, 0x8430, 0x8430, 0x7bef, 0x7bcf, 0x7bcf, 0x7bcf, 0x7bcf, 0x7bcf, 0x7bcf, 
	0x73ae, 0x632c, 0x632c, 0x4a69, 0x0841, 0x10c3, 0x4b6f, 0x4bb0, 0x53b0, 0x4bb0, 0x53b0, 0x4bb0, 0x53b0, 0x4bb0, 0x53b0, 0x4bb0, 
	0x53b0, 0x4bb0, 0x53b0, 0x4bb0, 0x53b0, 0x4bb0, 0x53b0, 0x4bb0, 0x53b0, 0x4bb0, 0x53b0, 0x4bb0, 0x53b0, 0x4bb0, 0x53b0, 0x4bb0, 
	0x53b0, 0x4bb0, 0x53b0, 0x4bb0, 0x4bb0, 0x4bb0, 0x4bb0, 0x4bb0, 0x4bb0, 0x4bb0, 0x4bb0, 0x4bb0, 0x4bb0, 0x4bb0, 0x4bb0, 0x4bb0, 
	0x4bb0, 0x4bb0, 0x4bb0, 0x4bb0, 0x4bb0, 0x4bb0, 0x4bb0, 0x4bb0, 0x4bb0, 0x4bb0, 0x4bb0, 0x4bb0, 0x4bb0, 0x4bb0, 0x5390, 0x7bcf, 
	0x7bef, 0x53b0, 0x4bb0, 0x4bb0, 0x4bb0, 0x4bb0, 0x4bb0, 0x4bb0, 0x4bb0, 0x4bb0, 0x4bb0, 0x4bb0, 0x4bb0, 0x4bb0, 0x4bb0, 0x4bb0, 
	0x4bb0, 0x4bb0, 0x4bb0, 0x4bb0, 0x4bb0, 0x4bb0, 0x4bb0, 0x4bb0, 0x4bb0, 0x4bb0, 0x4bb0, 0x4bb0, 0x4bb0, 0x4bb0, 0x4bb0, 0x4bb0, 
	0x4bb0, 0x4bb0, 0x4bb0, 0x4bb0, 0x4bb0, 0x4bb0, 0x4bb0, 0x4bb0, 0x4bb0, 0x4bb0, 0x4bb0, 0x4bb0, 0x4bb0, 0x4bb0, 0x4bb0, 0x4bb0, 
	0x4bb0, 0x4bb0, 0x4bb0, 0x4bb0, 0x4bb0, 0x5390, 0x1104, 0x0000, 0x4a49, 0x632c, 0x632c, 0x632c, 0x632c, 0x632c, 0x738e, 0x7bcf, 
	0x7bcf, 0x7bcf, 0x7bcf, 0x7bef, 0x8410, 0x8430, 0x8430, 0x8430, 0x8430, 0x8430, 0x8430, 0x8430, 0x8430, 0x8430, 0x8430, 0x8430, 
	0x8430, 0x8430, 0x8430, 0x8430, 0x8430, 0x8430, 0x8430, 0x8430, 0x8430, 0x8430, 0x8410, 0x7bef, 0x7bcf, 0x7bcf, 0x7bcf, 0x7bcf, 
	0x73ae, 0x632c, 0x632c, 0x632c, 0x4a69, 0x0041, 0x10c4, 0x4b70, 0x53b0, 0x53b0, 0x4bb0, 0x53b0, 0x4bb0, 0x53b0, 0x4bb0, 0x53b0, 
	0x4bb0, 0x53b0, 0x4bb0, 0x53b0, 0x4bb0, 0x53b0, 0x4bb0, 0x53b0, 0x4bb0, 0x53b0, 0x4bb0, 0x53b0, 0x4bb0, 0x53b0, 0x4bb0, 0x53b0, 
	0x4bb0, 0x53b0, 0x4bb0, 0x53b0, 0x4bb0, 0x53b0, 0x53b0, 0x4bb0, 0x53b0, 0x4bb0, 0x4bb0, 0x4bb0, 0x4bb0, 0x4bb0, 0x4bb0, 0x4bb0, 
	0x4bb0, 0x4bb0, 0x4bb0, 0x4bb0, 0x4bb0, 0x4bb0, 0x4bb0, 0x4bb0, 0x4bb0, 0x4bb0, 0x4bb0, 0x4bb0, 0x4bb0, 0x4bb0, 0x5390, 0x7bcf, 
	0x7bcf, 0x53b0, 0x4bb0, 0x4bb0, 0x4bb0, 0x4bb0, 0x4bb0, 0x4bb0, 0x4bb0, 0x4bb0, 0x4bb0, 0x4bb0, 0x4bb0, 0x4bb0, 0x4bb0, 0x4bb0, 
	0x4bb0, 0x4bb0, 0x4bb0, 0x4bb0, 0x4bb0, 0x4bb0, 0x4bb0, 0x4bb0, 0x4bb0, 0x4bb0, 0x4bb0, 0x4bb0, 0x4bb1, 0x4bb0, 0x4bb1, 0x4bb0, 
	0x4bb1, 0x4bb0, 0x4bb1, 0x4bb0, 0x4bb1, 0x4bb0, 0x4bb1, 0x4bb0, 0x4bb1, 0x4bb0, 0x4bb1, 0x4bb0, 0x4bb1, 0x4bb0, 0x4bb1, 0x4bb0, 
	0x4bb1, 0x4bb0, 0x4bb1, 0x4bb0, 0x4bb0, 0x5390, 0x10e4, 0x0020, 0x4a49, 0x632c, 0x632c, 0x632c, 0x738e, 0x7bcf, 0x7bcf, 0x7bcf, 
	0x7bcf, 0x7bcf, 0x7bcf, 0x7bef, 0x8410, 0x8430, 0x8430, 0x8430, 0x8430, 0x8430, 0x8430, 0x8430, 0x8430, 0x8430, 0x8430, 0x8430, 
	0x8430, 0x8430, 0x8430, 0x8430, 0x8430, 0x8430, 0x8430, 0x8430, 0x8430, 0x8430, 0x8430, 0x7bef, 0x7bcf, 0x7bcf, 0x7bcf, 0x7bcf, 
	0x7bcf, 0x73ae, 0x632c, 0x632c, 0x4a69, 0x0020, 0x10c3, 0x4b6f, 0x4bb0, 0x4bb0, 0x53b0, 0x4bb0, 0x53b0, 0x4bb0, 0x53b0, 0x4bb0, 
	0x53b0, 0x4bb0, 0x53b0, 0x4bb0, 0x53b0, 0x4bb0, 0x53b0, 0x4bb0, 0x53b0, 0x4bb0, 0x53b0, 0x4bb0, 0x53b0, 0x4bb0, 0x53b0, 0x4bb0, 
	0x53b0, 0x4bb0, 0x53b0, 0x4bb0, 0x53b0, 0x53b0, 0x4bb0, 0x53b0, 0x4bb0, 0x53b0, 0x4bb0, 0x4bb0, 0x4bb0, 0x4bb0, 0x4bb0, 0x4bb0, 
	0x4bb0, 0x4bb0, 0x4bb0, 0x4bb0, 0x4bb0, 0x4bb0, 0x4bb0, 0x4bb0, 0x4bb0, 0x4bb0, 0x4bb0, 0x4bb0, 0x4bb0, 0x4bb0, 0x5390, 0x7bcf, 
	0x7bef, 0x53b0, 0x4bb0, 0x4bb0, 0x4bb0, 0x4bb0, 0x4bb0, 0x4bb0, 0x4bb0, 0x4bb0, 0x4bb0, 0x4bb0, 0x4bb0, 0x4bb0, 0x4bb0, 0x4bb0, 
	0x4bb0, 0x4bb0, 0x4bb0, 0x4bb0, 0x4bb0, 0x4bb0, 0x4bb0, 0x4bb0, 0x4bb0, 0x4bb0, 0x4bb0, 0x4bb0, 0x4bb0, 0x4bb0, 0x4bb0, 0x4bb0, 
	0x4bb0, 0x4bb0, 0x4bb0, 0x4bb0, 0x4bb0, 0x4bb0, 0x4bb0, 0x4bb0, 0x4bb0, 0x4bb0, 0x4bb0, 0x4bb0, 0x4bb0, 0x4bb0, 0x4bb0, 0x4bb0, 
	0x4bb0, 0x4bb0, 0x4bb0, 0x4bb0, 0x4bb0, 0x1104, 0x0000, 0x4a49, 0x632c, 0x632c, 0x632c, 0x632c, 0x738e, 0x7bcf, 0x7bcf, 0x7bcf, 
	0x7bcf, 0x7bef, 0x8410, 0x8430, 0x8430, 0x8430, 0x8430, 0x8430, 0x8430, 0x8430, 0x8430, 0x7bef, 0x7bcf, 0x7bcf, 0x7bcf, 0x7bcf, 
	0x7bcf, 0x7bcf, 0x7bcf, 0x7bcf, 0x7bef, 0x8430, 0x8430, 0x8430, 0x8430, 0x8430, 0x8430, 0x8430, 0x8410, 0x7bcf, 0x7bcf, 0x7bcf, 
	0x7bcf, 0x73ae, 0x632c, 0x632c, 0x4a69, 0x0020, 0x10c3, 0x4b70, 0x4bb0, 0x53b0, 0x4bb0, 0x53b0, 0x4bb0, 0x53b0, 0x4bb0, 0x53b0, 
	0x4bb0, 0x53b0, 0x4bb0, 0x53b0, 0x4bb0, 0x53b0, 0x4bb0, 0x53b0, 0x4bb0, 0x53b0, 0x4bb0, 0x53b0, 0x4bb0, 0x53b0, 0x4bb0, 0x53b0, 
	0x4bb0, 0x53b0, 0x4bb0, 0x53b0, 0x4bb0, 0x4bb0, 0x53b0, 0x4bb0, 0x4bb0, 0x4bb0, 0x4bb0, 0x4bb0, 0x4bb0, 0x4bb0, 0x4bb0, 0x4bb0, 
	0x4bb0, 0x4bb0, 0x4bb0, 0x4bb0, 0x4bb0, 0x4bb0, 0x4bb0, 0x4bb0, 0x4bb0, 0x4bb0, 0x4bb0, 0x4bb0, 0x4bb0, 0x4bb0, 0x5390, 0x7bcf, 
	0x7bcf, 0x53b0, 0x4bb0, 0x4bb0, 0x4bb0, 0x4bb0, 0x4bb0, 0x4bb0, 0x4bb0, 0x4bb0, 0x4bb0, 0x4bb0, 0x4bb0, 0x4bb0, 0x4bb0, 0x4bb0, 
	0x4bb0, 0x4bb0, 0x4bb0, 0x4bb0, 0x4bb0, 0x4bb0, 0x4bb0, 0x4bb0, 0x4bb0, 0x4bb0, 0x4bb0, 0x4bb0, 0x4bb0, 0x4bb0, 0x4bb0, 0x4bb0, 
	0x4bb0, 0x4bb0, 0x4bb0, 0x4bb0, 0x4bb1, 0x4bb0, 0x4bb1, 0x4bb0, 0x4bb1, 0x4bb0, 0x4bb1, 0x4bb0, 0x4bb0, 0x4bb0, 0x4bb0, 0x4bb0, 
	0x4bb0, 0x4bb0, 0x4bb0, 0x4bb0, 0x4b70, 0x10e4, 0x0020, 0x4a49, 0x632c, 0x632c, 0x738e, 0x7bcf, 0x7bcf, 0x7bcf, 0x7bcf, 0x7bcf, 
	0x7bcf, 0x7bef, 0x8410, 0x8430, 0x8430, 0x8430, 0x8430, 0x8430, 0x8430, 0x8430, 0x8410, 0x7bef, 0x7bcf, 0x7bcf, 0x7bcf, 0x7bcf, 
	0x7bcf, 0x7bcf, 0x7bcf, 0x7bcf, 0x7bef, 0x8410, 0x8430, 0x8430, 0x8430, 0x8430, 0x8430, 0x8430, 0x8430, 0x7bef, 0x7bcf, 0x7bcf, 
	0x7bcf, 0x73ae, 0x632c, 0x632c, 0x4a69, 0x0020, 0x10c3, 0x4b6f, 0x4bb0, 0x4bb0, 0x4bb0, 0x4bb0, 0x53b0, 0x4bb0, 0x53b0, 0x4bb0, 
	0x53b0, 0x4bb0, 0x53b0, 0x4bb0, 0x53b0, 0x4bb0, 0x53b0, 0x4bb0, 0x53b0, 0x4bb0, 0x53b0, 0x4bb0, 0x53b0, 0x4bb0, 0x53b0, 0x4bb0, 
	0x53b0, 0x4bb0, 0x53b0, 0x4bb0, 0x4bb0, 0x4bb0, 0x4bb0, 0x4bb0, 0x4bb0, 0x4bb0, 0x4bb0, 0x4bb0, 0x4bb0, 0x4bb0, 0x4bb0, 0x4bb0, 
	0x4bb0, 0x4bb0, 0x4bb0, 0x4bb0, 0x4bb0, 0x4bb0, 0x4bb0, 0x4bb0, 0x4bb0, 0x4bb0, 0x4bb0, 0x4bb0, 0x4bb0, 0x4bb0, 0x5390, 0x7bcf, 
	0x7bef, 0x53b0, 0x4bb0, 0x4bb0, 0x4bb0, 0x4bb0, 0x4bb0, 0x4bb0, 0x4bb0, 0x4bb0, 0x4bb0, 0x4bb0, 0x4bb0, 0x4bb0, 0x4bb0, 0x4bb0, 
	0x4bb0, 0x4bb0, 0x4bb0, 0x4bb0, 0x4bb0, 0x4bb0, 0x4bb0, 0x4bb0, 0x4bb0, 0x4bb0, 0x4bb0, 0x4bb0, 0x4bb0, 0x4bb0, 0x4bb0, 0x4bb0, 
	0x4bb0, 0x4bb0, 0x4bb0, 0x4bb0, 0x4bb0, 0x4bb0, 0x4bb0, 0x4bb0, 0x4bb0, 0x4bb0, 0x4bb0, 0x4bb0, 0x4bb0, 0x4bb0, 0x4bb0, 0x4bb0, 
	0x4bb0, 0x4bb0, 0x4bb0, 0x5390, 0x1105, 0x0000, 0x4a49, 0x632c, 0x632c, 0x6b4d, 0x738e, 0x7bcf, 0x7bcf, 0x7bcf, 0x8410, 0x8430, 
	0x8430, 0x8430, 0x8430, 0x8430, 0x8430, 0x8430, 0x8430, 0x7bef, 0x7bcf, 0x7bcf, 0x7bcf, 0x7bcf, 0x7bcf, 0x7bcf, 0x7bcf, 0x7bcf, 
	0x7bcf, 0x7bcf, 0x7bcf, 0x7bcf, 0x7bcf, 0x7bcf, 0x7bef, 0x8430, 0x8430, 0x8430, 0x8430, 0x8430, 0x8430, 0x8430, 0x8410, 0x7bcf, 
	0x7bcf, 0x73ae, 0x632c, 0x632c, 0x4a69, 0x0020, 0x10c3, 0x4b70, 0x4bb0, 0x4bb0, 0x4bb0, 0x4bb0, 0x4bb0, 0x4bb0, 0x4bb0, 0x53b0, 
	0x4bb0, 0x53b0, 0x4bb0, 0x53b0, 0x4bb0, 0x53b0, 0x4bb0, 0x53b0, 0x4bb0, 0x53b0, 0x4bb0, 0x53b0, 0x4bb0, 0x53b0, 0x4bb0, 0x53b0, 
	0x4bb0, 0x53b0, 0x4bb0, 0x4bb0, 0x4bb0, 0x4bb0, 0x4bb0, 0x4bb0, 0x4bb0, 0x4bb0, 0x4bb0, 0x4bb0, 0x4bb0, 0x4bb0, 0x4bb0, 0x4bb0, 
	0x4bb0, 0x4bb0, 0x4bb0, 0x4bb0, 0x4bb0, 0x4bb0, 0x4bb0, 0x4bb0, 0x4bb0, 0x4bb0, 0x4bb0, 0x4bb0, 0x4bb0, 0x4bb0, 0x5390, 0x7bcf, 
	0x7bcf, 0x53b0, 0x4b90, 0x4bb0, 0x4b90, 0x4bb0, 0x4b90, 0x4bb0, 0x4b90, 0x4bb0, 0x4b90, 0x4bb0, 0x4bb0, 0x4bb0, 0x4bb0, 0x4bb0, 
	0x4bb0, 0x4bb0, 0x4bb0, 0x4bb0, 0x4bb0, 0x4bb0, 0x4bb0, 0x4bb0, 0x4bb0, 0x4bb0, 0x4bb0, 0x4bb0, 0x4bb0, 0x4bb0, 0x4bb0, 0x4bb0, 
	0x4bb0, 0x4bb0, 0x4bb0, 0x4bb0, 0x4bb0, 0x4bb0, 0x4bb0, 0x4bb0, 0x4bb0, 0x4bb0, 0x4bb0, 0x4bb0, 0x4bb0, 0x4bb0, 0x4bb0, 0x4bb0, 
	0x4bb0, 0x4bb0, 0x4bb0, 0x4b4f, 0x10c3, 0x0000, 0x4a49, 0x632c, 0x738e, 0x7bcf, 0x7bcf, 0x7bcf, 0x7bcf, 0x7bef, 0x8410, 0x8430, 
	0x8430, 0x8430, 0x8430, 0x8430, 0x8430, 0x8430, 0x8410, 0x7bef, 0x7bcf, 0x7bcf, 0x7bcf, 0x7bcf, 0x7bcf, 0x7bcf, 0x7bcf, 0x7bcf, 
	0x7bcf, 0x7bcf, 0x7bcf, 0x7bcf, 0x7bcf, 0x7bcf, 0x7bef, 0x8410, 0x8430, 0x8430, 0x8430, 0x8430, 0x8430, 0x8430, 0x8410, 0x7bcf, 
	0x7bcf, 0x73ae, 0x632c, 0x632c, 0x4a69, 0x0020, 0x10c3, 0x4b6f, 0x4b90, 0x4bb0, 0x4b90, 0x4bb0, 0x4b90, 0x4bb0, 0x4b90, 0x4bb0, 
	0x4b90, 0x4bb0, 0x5390, 0x4bb0, 0x5390, 0x4b90, 0x5390, 0x4b90, 0x5390, 0x4b90, 0x5390, 0x4b90, 0x53b0, 0x4b90, 0x53b0, 0x4b90, 
	0x4bb0, 0x4b90, 0x4b90, 0x4b90, 0x4b90, 0x4bb0, 0x4b90, 0x4bb0, 0x4b90, 0x4bb0, 0x4b90, 0x4bb0, 0x4b90, 0x4bb0, 0x4b90, 0x4bb0, 
	0x4b90, 0x4bb0, 0x4b90, 0x4bb0, 0x4b90, 0x4bb0, 0x4b90, 0x4bb0, 0x4b90, 0x4bb0, 0x4b90, 0x4bb0, 0x4b90, 0x4bb0, 0x5390, 0x7bcf, 
	0x7bef, 0x5390, 0x4b90, 0x4bb0, 0x4b90, 0x4bb0, 0x4b90, 0x4bb0, 0x4b90, 0x4bb0, 0x4b90, 0x4bb0, 0x4b90, 0x4bb0, 0x4b90, 0x4bb0, 
	0x4b90, 0x4bb0, 0x4b90, 0x4bb0, 0x4b90, 0x4bb0, 0x4b90, 0x4bb0, 0x4b90, 0x4bb0, 0x4bb0, 0x4b90, 0x4bb0, 0x4b90, 0x4bb0, 0x4b90, 
	0x4bb0, 0x4b90, 0x4bb0, 0x4b90, 0x4bb0, 0x4b90, 0x4bb0, 0x4b90, 0x4bb0, 0x4b90, 0x4bb0, 0x4b90, 0x4bb0, 0x4b90, 0x4bb0, 0x4b90, 
	0x4bb0, 0x4b90, 0x4bb0, 0x1925, 0x0000, 0x0861, 0x4a69, 0x6b4d, 0x73ae, 0x7bcf, 0x7bcf, 0x7bcf, 0x8410, 0x8430, 0x8430, 0x8430, 
	0x8430, 0x8430, 0x7bef, 0x7bcf, 0x7bcf, 0x7bcf, 0x7bcf, 0x7bcf, 0x7bcf, 0x7bcf, 0x7bcf, 0x7bcf, 0x7bcf, 0x7bcf, 0x7bcf, 0x7bcf, 
	0x7bcf, 0x7bcf, 0x7bcf, 0x7bcf, 0x7bcf, 0x7bcf, 0x7bcf, 0x7bcf, 0x7bef, 0x8410, 0x8430, 0x8430, 0x8430, 0x8430, 0x8410, 0x7bef, 
	0x7bcf, 0x73ae, 0x632c, 0x632c, 0x4a69, 0x0020, 0x10c3, 0x4b6f, 0x4b90, 0x4bb0, 0x4b90, 0x4b90, 0x4b90, 0x4b90, 0x4b90, 0x4b90, 
	0x4b90, 0x4b90, 0x4b90, 0x4b90, 0x4b90, 0x5390, 0x4b90, 0x5390, 0x4b90, 0x5390, 0x4b90, 0x5390, 0x4b90, 0x4b90, 0x4b90, 0x4b90, 
	0x4b90, 0x4b90, 0x4b90, 0x4b90, 0x4b90, 0x4b90, 0x4b90, 0x4b90, 0x4b90, 0x4b90, 0x4b90, 0x4bb0, 0x4b90, 0x4bb0, 0x4b90, 0x4bb0, 
	0x4b90, 0x4bb0, 0x4b90, 0x4bb0, 0x4b90, 0x4bb0, 0x4b90, 0x4bb0, 0x4b90, 0x4bb0, 0x4b90, 0x4bb0, 0x4b90, 0x4bb0, 0x5390, 0x7bcf, 
	0x7bcf, 0x5390, 0x4b90, 0x4bb0, 0x4b90, 0x4bb0, 0x4b90, 0x4bb0, 0x4b90, 0x4bb0, 0x4b90, 0x4bb0, 0x4b90, 0x4bb0, 0x4b90, 0x4bb0, 
	0x4b90, 0x4bb0, 0x4b90, 0x4bb0, 0x4b90, 0x4bb0, 0x4b90, 0x4bb0, 0x4b90, 0x4bb0, 0x4bb0, 0x4b90, 0x4bb0, 0x4b90, 0x4bb0, 0x4b90, 
	0x4bb0, 0x4b90, 0x4bb0, 0x4b90, 0x4bb0, 0x4b90, 0x4bb0, 0x4b90, 0x4bb0, 0x4b90, 0x4bb0, 0x4b90, 0x4bb0, 0x4b90, 0x4bb0, 0x4b90, 
	0x4bb0, 0x4b90, 0x432e, 0x10c3, 0x0000, 0x4228, 0x632c, 0x738e, 0x7bcf, 0x7bcf, 0x7bcf, 0x7bcf, 0x8410, 0x8430, 0x8430, 0x8430, 
	0x8430, 0x8410, 0x7bef, 0x7bcf, 0x7bcf, 0x7bcf, 0x7bcf, 0x7bcf, 0x7bcf, 0x7bcf, 0x7bcf, 0x7bcf, 0x7bcf, 0x7bcf, 0x7bcf, 0x7bcf, 
	0x7bcf, 0x7bcf, 0x7bcf, 0x7bcf, 0x7bcf, 0x7bcf, 0x7bcf, 0x7bcf, 0x7bef, 0x8410, 0x8430, 0x8430, 0x8430, 0x8430, 0x8430, 0x8430, 
	0x8410, 0x73ae, 0x632c, 0x632c, 0x4a69, 0x0020, 0x10c3, 0x4b6f, 0x4b90, 0x4b90, 0x4b90, 0x4b90, 0x4b90, 0x4b90, 0x4b90, 0x4b90, 
	0x4b90, 0x4b90, 0x4b90, 0x4b90, 0x4b90, 0x4b90, 0x4b90, 0x4b90, 0x4b90, 0x4b90, 0x4b90, 0x4b90, 0x4b90, 0x4b90, 0x4b90, 0x4b90, 
	0x4b90, 0x4b90, 0x4b90, 0x4b90, 0x4b90, 0x4b90, 0x4b90, 0x4b90, 0x4b90, 0x4b90, 0x4b90, 0x4b90, 0x4b90, 0x4b90, 0x4b90, 0x4bb0, 
	0x4b90, 0x4bb0, 0x4b90, 0x4bb0, 0x4b90, 0x4bb0, 0x4b90, 0x4bb0, 0x4b90, 0x4bb0, 0x4b90, 0x4bb0, 0x4b90, 0x4bb0, 0x5390, 0x7bcf, 
	0x7bcf, 0x5390, 0x4b90, 0x4bb0, 0x4b90, 0x4bb0, 0x4b90, 0x4bb0, 0x4b90, 0x4bb0, 0x4b90, 0x4bb0, 0x4b90, 0x4bb0, 0x4b90, 0x4bb0, 
	0x4b90, 0x4bb0, 0x4b90, 0x4bb0, 0x4b90, 0x4bb0, 0x4b90, 0x4bb0, 0x4b90, 0x4bb0, 0x4bb0, 0x4b90, 0x4bb0, 0x4b90, 0x4bb0, 0x4b90, 
	0x4bb0, 0x4b90, 0x4bb0, 0x4b90, 0x4bb0, 0x4b90, 0x4bb0, 0x4b90, 0x4bb0, 0x4b90, 0x4bb0, 0x4b90, 0x4bb0, 0x4b90, 0x4bb0, 0x4b90, 
	0x4bb0, 0x5390, 0x1925, 0x0000, 0x1082, 0x528a, 0x632c, 0x73ae, 0x7bcf, 0x7bcf, 0x7bcf, 0x7bcf, 0x7bcf, 0x7bcf, 0x7bcf, 0x7bcf, 
	0x7bcf, 0x7bcf, 0x7bcf, 0x7bcf, 0x7bcf, 0x7bcf, 0x7bcf, 0x7bcf, 0x7bcf, 0x7bcf, 0x7bcf, 0x7bcf, 0x7bcf, 0x7bcf, 0x7bcf, 0x7bcf, 
	0x7bcf, 0x7bcf, 0x7bcf, 0x7bcf, 0x7bcf, 0x7bcf, 0x7bcf, 0x7bcf, 0x7bcf, 0x7bcf, 0x7bef, 0x8430, 0x8430, 0x8430, 0x8430, 0x8430, 
	0x8410, 0x73ae, 0x632c, 0x632c, 0x4a69, 0x0020, 0x10c3, 0x4b6f, 0x4b90, 0x4b90, 0x4b90, 0x4b90, 0x4b90, 0x4b90, 0x4b90, 0x4b90, 
	0x4b90, 0x4b90, 0x4b90, 0x4b90, 0x4b90, 0x4b90, 0x4b90, 0x4b90, 0x4b90, 0x4b90, 0x4b90, 0x4b90, 0x4b90, 0x4b90, 0x4b90, 0x4b90, 
	0x4b90, 0x4b90, 0x4b90, 0x4b90, 0x4b90, 0x4b90, 0x4b90, 0x4b90, 0x4b90, 0x4b90, 0x4b90, 0x4b90, 0x4b90, 0x4b90, 0x4b90, 0x4b90, 
	0x4b90, 0x4b90, 0x4b90, 0x4b90, 0x4b90, 0x4b90, 0x4b90, 0x4b90, 0x4b90, 0x4bb0, 0x4b90, 0x4bb0, 0x4b90, 0x4bb0, 0x5390, 0x7bcf, 
	0x7bcf, 0x5390, 0x4b90, 0x4bb0, 0x4b90, 0x4bb0, 0x4b90, 0x4bb0, 0x4b90, 0x4bb0, 0x4b90, 0x4bb0, 0x4b90, 0x4bb0, 0x4b90, 0x4bb0, 
	0x4b90, 0x4bb0, 0x4b90, 0x4bb0, 0x4b90, 0x4bb0, 0x4b90, 0x4bb0, 0x4b90, 0x4bb0, 0x4bb0, 0x4b90, 0x4bb0, 0x4b90, 0x4bb0, 0x4b90, 
	0x4bb0, 0x4b90, 0x4bb0, 0x4b90, 0x4bb0, 0x4b90, 0x4bb0, 0x4b90, 0x4bb0, 0x4b90, 0x4bb0, 0x4b90, 0x4bb0, 0x4b90, 0x4bb0, 0x4b90, 
	0x4bb0, 0x5390, 0x1104, 0x0000, 0x4228, 0x630c, 0x738e, 0x7bcf, 0x7bcf, 0x7bcf, 0x7bcf, 0x7bcf, 0x7bcf, 0x7bcf, 0x7bcf, 0x7bcf, 
	0x7bcf, 0x7bcf, 0x7bcf, 0x7bcf, 0x7bcf, 0x7bcf, 0x7bcf, 0x7bcf, 0x7bcf, 0x7bcf, 0x7bcf, 0x7bcf, 0x7bcf, 0x7bcf, 0x7bcf, 0x7bcf, 
	0x7bcf, 0x7bcf, 0x7bcf, 0x7bcf, 0x7bcf, 0x7bcf, 0x7bcf, 0x7bcf, 0x7bcf, 0x7bcf, 0x7bef, 0x8410, 0x8430, 0x8430, 0x8430, 0x8430, 
	0x8410, 0x73ae, 0x632c, 0x632c, 0x4a69, 0x0020, 0x10c3, 0x4b6f, 0x4b90, 0x4b90, 0x4b90, 0x4b90, 0x4b90, 0x4b90, 0x4b90, 0x4b90, 
	0x4b90, 0x4b90, 0x4b90, 0x4b90, 0x4b90, 0x4b90, 0x4b90, 0x4b90, 0x4b90, 0x4b90, 0x4b90, 0x4b90, 0x4b90, 0x4b90, 0x4b90, 0x4b90, 
	0x4b90, 0x4b90, 0x4b90, 0x4b90, 0x4b90, 0x4b90, 0x4b90, 0x4b90, 0x4b90, 0x4b90, 0x4b90, 0x4b90, 0x4b90, 0x4b90, 0x4b90, 0x4b90, 
	0x4b90, 0x4b90, 0x4b90, 0x4b90, 0x4b90, 0x4b90, 0x4b90, 0x4b90, 0x4b90, 0x4b90, 0x4b90, 0x4b90, 0x4b90, 0x4bb0, 0x5390, 0x7bcf, 
	0x7bcf, 0x5390, 0x4b90, 0x4b90, 0x4b90, 0x4b90, 0x4b90, 0x4b90, 0x4b90, 0x4b90, 0x4b90, 0x4b90, 0x4b90, 0x4bb0, 0x4b90, 0x4bb0, 
	0x4b90, 0x4b90, 0x4b90, 0x4b90, 0x4b90, 0x4b90, 0x4b90, 0x4bb0, 0x4b90, 0x4bb0, 0x4bb0, 0x4b90, 0x4bb0, 0x4b90, 0x4bb0, 0x4b90, 
	0x4bb0, 0x4b90, 0x4bb0, 0x4b90, 0x4bb0, 0x4b90, 0x4bb0, 0x4b90, 0x4bb0, 0x4b90, 0x4bb0, 0x4b90, 0x4bb0, 0x4b90, 0x4bb0, 0x4b90, 
	0x4bb0, 0x5390, 0x1104, 0x0000, 0x4a49, 0x632c, 0x738e, 0x7bcf, 0x7bcf, 0x7bcf, 0x7bcf, 0x7bcf, 0x7bcf, 0x7bcf, 0x7bcf, 0x7bcf, 
	0x7bcf, 0x7bcf, 0x7bcf, 0x7bcf, 0x7bcf, 0x7bcf, 0x7bcf, 0x7bcf, 0x7bcf, 0x7bcf, 0x7bcf, 0x7bcf, 0x7bcf, 0x7bcf, 0x7bcf, 0x7bcf, 
	0x7bcf, 0x7bcf, 0x7bcf, 0x7bcf, 0x7bcf, 0x7bcf, 0x7bcf, 0x7bcf, 0x7bcf, 0x7bcf, 0x7bcf, 0x8410, 0x8410, 0x8430, 0x8430, 0x8430, 
	0x8410, 0x73ae, 0x632c, 0x632c, 0x4a69, 0x0020, 0x10c3, 0x4b6f, 0x4b90, 0x4b90, 0x4b90, 0x4b90, 0x4b90, 0x4b90, 0x4b90, 0x4b90, 
	0x4b90, 0x4b90, 0x4b90, 0x4b90, 0x4b90, 0x4b90, 0x4b90, 0x4b90, 0x4b90, 0x4b90, 0x4b90, 0x4b90, 0x4b90, 0x4b90, 0x4b90, 0x4b90, 
	0x4b90, 0x4b90, 0x4b90, 0x4b90, 0x4b90, 0x4b90, 0x4b90, 0x4b90, 0x4b90, 0x4b90, 0x4b90, 0x4b90, 0x4b90, 0x4b90, 0x4b90, 0x4b90, 
	0x4b90, 0x4b90, 0x4b90, 0x4b90, 0x4b90, 0x4b90, 0x4b90, 0x4b90, 0x4b90, 0x4b90, 0x4b90, 0x4b90, 0x4b90, 0x4b90, 0x5390, 0x7bcf, 
	0x7bcf, 0x5390, 0x4b90, 0x4b90, 0x4b90, 0x4b90, 0x4b90, 0x4b90, 0x4b90, 0x4b90, 0x4b90, 0x4b90, 0x4b90, 0x4b90, 0x4b90, 0x4b90, 
	0x4b90, 0x4b90, 0x4b90, 0x4b90, 0x4b90, 0x4b90, 0x4b90, 0x4b90, 0x4b90, 0x4b90, 0x4b90, 0x4b90, 0x4b90, 0x4b90, 0x4b90, 0x4b90, 
	0x4bb0, 0x4b90, 0x4bb0, 0x4b90, 0x4bb0, 0x4b90, 0x4bb0, 0x4b90, 0x4bb0, 0x4b90, 0x4bb0, 0x4b90, 0x4bb0, 0x4b90, 0x4bb0, 0x4b90, 
	0x4bb0, 0x5390, 0x1104, 0x0000, 0x4a49, 0x632c, 0x738e, 0x7bcf, 0x7bcf, 0x7bcf, 0x7bcf, 0x7bcf, 0x7bcf, 0x7bcf, 0x7bcf, 0x7bcf, 
	0x7bcf, 0x7bcf, 0x7bcf, 0x7bcf, 0x7bcf, 0x7bcf, 0x7bcf, 0x7bcf, 0x7bcf, 0x7bcf, 0x7bcf, 0x7bcf, 0x7bcf, 0x7bcf, 0x7bcf, 0x7bcf, 
	0x7bcf, 0x7bcf, 0x7bcf, 0x7bcf, 0x7bcf, 0x7bcf, 0x7bcf, 0x7bcf, 0x7bcf, 0x7bcf, 0x7bcf, 0x7bcf, 0x7bef, 0x8430, 0x8430, 0x8430, 
	0x8410, 0x73ae, 0x632c, 0x632c, 0x4a69, 0x0020, 0x10c3, 0x4b6f, 0x4b90, 0x4b90, 0x4b90, 0x4b90, 0x4b90, 0x4b90, 0x4b90, 0x4b90, 
	0x4b90, 0x4b90, 0x4b90, 0x4b90, 0x4b90, 0x4b90, 0x4b90, 0x4b90, 0x4b90, 0x4b90, 0x4b90, 0x4b90, 0x4b90, 0x4b90, 0x4b90, 0x4b90, 
	0x4b90, 0x4b90, 0x4b90, 0x4b90, 0x4b90, 0x4b90, 0x4b90, 0x4b90, 0x4b90, 0x4b90, 0x4b90, 0x4b90, 0x4b90, 0x4b90, 0x4b90, 0x4b90, 
	0x4b90, 0x4b90, 0x4b90, 0x4b90, 0x4b90, 0x4b90, 0x4b90, 0x4b90, 0x4b90, 0x4b90, 0x4b90, 0x4b90, 0x4b90, 0x4b90, 0x5390, 0x7bcf, 
	0x7bcf, 0x5390, 0x4b90, 0x4b90, 0x4b90, 0x4b90, 0x4b90, 0x4b90, 0x4b90, 0x4b90, 0x4b90, 0x4b90, 0x4b90, 0x4b90, 0x4b90, 0x4b90, 
	0x4b90, 0x4b90, 0x4b90, 0x4b90, 0x4b90, 0x4b90, 0x4b90, 0x4b90, 0x4b90, 0x4b90, 0x4b90, 0x4b90, 0x4b90, 0x4b90, 0x4b90, 0x4b90, 
	0x4b90, 0x4b90, 0x4b90, 0x4b90, 0x4b90, 0x4b90, 0x4b90, 0x4b90, 0x4b90, 0x4b90, 0x4bb0, 0x4b90, 0x4bb0, 0x4b90, 0x4bb0, 0x4b90, 
	0x4bb0, 0x4b90, 0x1104, 0x0000, 0x4a49, 0x632c, 0x738e, 0x7bcf, 0x7bcf, 0x7bcf, 0x7bcf, 0x7bcf, 0x7bcf, 0x7bcf, 0x7bcf, 0x7bcf, 
	0x7bcf, 0x7bcf, 0x7bcf, 0x7bcf, 0x7bcf, 0x7bcf, 0x7bcf, 0x7bcf, 0x7bcf, 0x7bcf, 0x7bcf, 0x738e, 0x5aeb, 0x528a, 0x528a, 0x5aeb, 
	0x6b6d, 0x7bcf, 0x7bcf, 0x7bcf, 0x7bcf, 0x7bcf, 0x7bcf, 0x7bcf, 0x7bcf, 0x7bcf, 0x7bcf, 0x7bcf, 0x7bcf, 0x8410, 0x8410, 0x8410, 
	0x8410, 0x73ae, 0x632c, 0x632c, 0x4a69, 0x0020, 0x10c3, 0x4b6f, 0x4b90, 0x4b90, 0x4b90, 0x4b90, 0x4b90, 0x4b90, 0x4b90, 0x4b90, 
	0x4b90, 0x4b90, 0x4b90, 0x4b90, 0x4b90, 0x4b90, 0x4b90, 0x4b90, 0x4b90, 0x4b90, 0x4b90, 0x4b90, 0x4b90, 0x4b90, 0x4b90, 0x4b90, 
	0x4b90, 0x4b90, 0x4b90, 0x4b90, 0x4b90, 0x4b90, 0x4b90, 0x4b90, 0x4b90, 0x4b90, 0x4b90, 0x4b90, 0x4b90, 0x4b90, 0x4b90, 0x4b90, 
	0x4b90, 0x4b90, 0x4b90, 0x4b90, 0x4b90, 0x4b90, 0x4b90, 0x4b90, 0x4b90, 0x4b90, 0x4b90, 0x4b90, 0x4b90, 0x4b90, 0x5390, 0x7bcf, 
	0x7bcf, 0x5390, 0x4b90, 0x4b90, 0x4b90, 0x4b90, 0x4b90, 0x4b90, 0x4b90, 0x4b90, 0x4b90, 0x4b90, 0x4b90, 0x4b90, 0x4b90, 0x4b90, 
	0x4b90, 0x4b90, 0x4b90, 0x4b90, 0x4b90, 0x4b90, 0x4b90, 0x4b90, 0x4b90, 0x4b90, 0x4b90, 0x4b90, 0x4b90, 0x4b90, 0x4b90, 0x4b90, 
	0x4b90, 0x4b90, 0x4b90, 0x4b90, 0x4b90, 0x4b90, 0x4b90, 0x4b90, 0x4b90, 0x4b90, 0x4b90, 0x4b90, 0x4b90, 0x4b90, 0x4b90, 0x4b90, 
	0x4b90, 0x4b90, 0x1104, 0x0000, 0x4a49, 0x632c, 0x738e, 0x7bcf, 0x7bcf, 0x7bcf, 0x7bcf, 0x7bcf, 0x7bcf, 0x7bcf, 0x7bcf, 0x7bcf, 
	0x7bcf, 0x7bcf, 0x7bcf, 0x7bcf, 0x7bcf, 0x7bcf, 0x7bcf, 0x7bcf, 0x7bcf, 0x7bcf, 0x7bcf, 0x630c, 0x2945, 0x0841, 0x0841, 0x2104, 
	0x5acb, 0x7bcf, 0x7bcf, 0x7bcf, 0x7bcf, 0x7bcf, 0x7bcf, 0x7bcf, 0x7bcf, 0x7bcf, 0x7bcf, 0x7bcf, 0x7bcf, 0x7bcf, 0x7bcf, 0x7bcf, 
	0x7bcf, 0x738e, 0x632c, 0x632c, 0x4a69, 0x0020, 0x10c3, 0x4b6f, 0x4b90, 0x4b90, 0x4b90, 0x4b90, 0x4b90, 0x4b90, 0x4b90, 0x4b90, 
	0x4b90, 0x4b90, 0x4b90, 0x4b90, 0x4b90, 0x4b90, 0x4b90, 0x4b90, 0x4b90, 0x4b90, 0x4b90, 0x4b90, 0x4b90, 0x4b90, 0x4b90, 0x4b90, 
	0x4b90, 0x4b90, 0x4b90, 0x4b90, 0x4b90, 0x4b90, 0x4b90, 0x4b90, 0x4b90, 0x4b90, 0x4b90, 0x4b90, 0x4b90, 0x4b90, 0x4b90, 0x4b90, 
	0x4b90, 0x4b90, 0x4b90, 0x4b90, 0x4b90, 0x4b90, 0x4b90, 0x4b90, 0x4b90, 0x4b90, 0x4b90, 0x4b90, 0x4b90, 0x4b90, 0x5390, 0x7bcf, 
	0x7bcf, 0x5390, 0x4b90, 0x4b90, 0x4b90, 0x4b90, 0x4b90, 0x4b90, 0x4b90, 0x4b90, 0x4b90, 0x4b90, 0x4b90, 0x4b90, 0x4b90, 0x4b90, 
	0x4b90, 0x4b90, 0x4b90, 0x4b90, 0x4b90, 0x4b90, 0x4b90, 0x4b90, 0x4b90, 0x4b90, 0x4b90, 0x4b90, 0x4b90, 0x4b90, 0x4b90, 0x4b90, 
	0x4b90, 0x4b90, 0x4b90, 0x4b90, 0x4b90, 0x4b90, 0x4b90, 0x4b90, 0x4b90, 0x4b90, 0x4b90, 0x4b90, 0x4b90, 0x4b90, 0x4b90, 0x4b90, 
	0x4b90, 0x4b90, 0x1104, 0x0000, 0x4a49, 0x632c, 0x738e, 0x7bcf, 0x7bcf, 0x7bcf, 0x7bcf, 0x7bcf, 0x7bcf, 0x7bcf, 0x7bcf, 0x7bcf, 
	0x7bcf, 0x7bcf, 0x7bcf, 0x7bcf, 0x7bcf, 0x7bcf, 0x7bcf, 0x7bcf, 0x7bcf, 0x6b6d, 0x5acb, 0x4228, 0x2987, 0x1946, 0x1946, 0x2186, 
	0x4208, 0x52aa, 0x6b6d, 0x7bcf, 0x7bcf, 0x7bcf, 0x7bcf, 0x7bcf, 0x7bcf, 0x7bcf, 0x7bcf, 0x7bcf, 0x7bcf, 0x7bcf, 0x7bcf, 0x7bcf, 
	0x7bcf, 0x738e, 0x632c, 0x632c, 0x4a69, 0x0020, 0x10c3, 0x4b6f, 0x4b90, 0x4b90, 0x4b90, 0x4b90, 0x4b90, 0x4b90, 0x4b90, 0x4b90, 
	0x4b90, 0x4b90, 0x4b90, 0x4b90, 0x4b90, 0x4b90, 0x4b90, 0x4b90, 0x4b90, 0x4b90, 0x4b90, 0x4b90, 0x4b90, 0x4b90, 0x4b90, 0x4b90, 
	0x4b90, 0x4b90, 0x4b90, 0x4b90, 0x4b90, 0x4b90, 0x4b90, 0x4b90, 0x4b90, 0x4b90, 0x4b90, 0x4b90, 0x4b90, 0x4b90, 0x4b90, 0x4b90, 
	0x4b90, 0x4b90, 0x4b90, 0x4b90, 0x4b90, 0x4b90, 0x4b90, 0x4b90, 0x4b90, 0x4b90, 0x4b90, 0x4b90, 0x4b90, 0x4b90, 0x5390, 0x7bcf, 
	0x7bcf, 0x5390, 0x4b90, 0x4b90, 0x4b90, 0x4b90, 0x4b90, 0x4b90, 0x4b90, 0x4b90, 0x4b90, 0x4b90, 0x4b90, 0x4b90, 0x4b90, 0x4b90, 
	0x4b90, 0x4b90, 0x4b90, 0x4b90, 0x4b90, 0x4b90, 0x4b90, 0x4b90, 0x4b90, 0x4b90, 0x4b90, 0x4b90, 0x4b90, 0x4b90, 0x4b90, 0x4b90, 
	0x4b90, 0x4b90, 0x4b90, 0x4b90, 0x4b90, 0x4b90, 0x4b90, 0x4b90, 0x4b90, 0x4b90, 0x4b90, 0x4b90, 0x4b90, 0x4b90, 0x4b90, 0x4b90, 
	0x4b90, 0x4b90, 0x1104, 0x0000, 0x4a49, 0x632c, 0x738e, 0x7bcf, 0x7bcf, 0x7bcf, 0x7bcf, 0x7bcf, 0x7bcf, 0x7bcf, 0x7bcf, 0x7bcf, 
	0x7bcf, 0x7bcf, 0x7bcf, 0x7bcf, 0x7bcf, 0x7bcf, 0x7bcf, 0x7bcf, 0x7bcf, 0x630c, 0x2945, 0x10e4, 0x3a6b, 0x4b4f, 0x4b4f, 0x3a8b, 
	0x1904, 0x2124, 0x5aeb, 0x7bcf, 0x7bcf, 0x7bcf, 0x7bcf, 0x7bcf, 0x7bcf, 0x7bcf, 0x7bcf, 0x7bcf, 0x7bcf, 0x7bcf, 0x7bcf, 0x7bcf, 
	0x7bcf, 0x738e, 0x632c, 0x632c, 0x4a69, 0x0020, 0x10c3, 0x4b6f, 0x4b90, 0x4b90, 0x4b90, 0x4b90, 0x4b90, 0x4b90, 0x4b90, 0x4b90, 
	0x4b90, 0x4b90, 0x4b90, 0x4b90, 0x4b90, 0x4b90, 0x4b90, 0x4b90, 0x4b90, 0x4b90, 0x4b90, 0x4b90, 0x4b90, 0x4b90, 0x4b90, 0x4b90, 
	0x4b90, 0x4b90, 0x4b90, 0x4b90, 0x4b90, 0x4b90, 0x4b90, 0x4b90, 0x4b90, 0x4b90, 0x4b90, 0x4b90, 0x4b90, 0x4b90, 0x4b90, 0x4b90, 
	0x4b90, 0x4b90, 0x4b90, 0x4b90, 0x4b90, 0x4b90, 0x4b90, 0x4b90, 0x4b90, 0x4b90, 0x4b90, 0x4b90, 0x4b90, 0x4b90, 0x5390, 0x7bcf, 
	0x7bcf, 0x5390, 0x4b90, 0x4b90, 0x4b90, 0x4b90, 0x4b90, 0x4b90, 0x4b90, 0x4b90, 0x4b90, 0x4b90, 0x4b90, 0x4b90, 0x4b90, 0x4b90, 
	0x4b90, 0x4b90, 0x4b90, 0x4b90, 0x4b90, 0x4b90, 0x4b90, 0x4b90, 0x4b90, 0x4b90, 0x4b90, 0x4b90, 0x4b90, 0x4b90, 0x4b90, 0x4b90, 
	0x4b90, 0x4b90, 0x4b90, 0x4b90, 0x4b90, 0x4b90, 0x4b90, 0x4b90, 0x4b90, 0x4b90, 0x4b90, 0x4b90, 0x4b90, 0x4b90, 0x4b90, 0x4b90, 
	0x4b90, 0x4b90, 0x1104, 0x0000, 0x4a49, 0x632c, 0x738e, 0x7bcf, 0x7bcf, 0x7bcf, 0x7bcf, 0x7bcf, 0x7bcf, 0x7bcf, 0x7bcf, 0x7bcf, 
	0x7bcf, 0x7bcf, 0x7bcf, 0x7bcf, 0x7bcf, 0x7bcf, 0x7bcf, 0x7bcf, 0x7bcf, 0x630c, 0x2104, 0x10c3, 0x3a8b, 0x4b90, 0x4b90, 0x3acc, 
	0x10e4, 0x18e3, 0x5acb, 0x7bcf, 0x7bcf, 0x7bcf, 0x7bcf, 0x7bcf, 0x7bcf, 0x7bcf, 0x7bcf, 0x7bcf, 0x7bcf, 0x7bcf, 0x7bcf, 0x7bcf, 
	0x7bcf, 0x738e, 0x632c, 0x632c, 0x4a69, 0x0020, 0x10c3, 0x4b6f, 0x4b90, 0x4b90, 0x4b90, 0x4b90, 0x4b90, 0x4b90, 0x4b90, 0x4b90, 
	0x4b90, 0x4b90, 0x4b90, 0x4b90, 0x4b90, 0x4b90, 0x4b90, 0x4b90, 0x4b90, 0x4b90, 0x4b90, 0x4b90, 0x4b90, 0x4b90, 0x4b90, 0x4b90, 
	0x4b90, 0x4b90, 0x4b90, 0x4b90, 0x4b90, 0x4b90, 0x4b90, 0x4b90, 0x4b90, 0x4b90, 0x4b90, 0x4b90, 0x4b90, 0x4b90, 0x4b90, 0x4b90, 
	0x4b90, 0x4b90, 0x4b90, 0x4b90, 0x4b90, 0x4b90, 0x4b90, 0x4b90, 0x4b90, 0x4b90, 0x4b90, 0x4b90, 0x4b90, 0x4b90, 0x5390, 0x7bcf, 
	0x7bcf, 0x5390, 0x4b90, 0x4b90, 0x4b90, 0x4b90, 0x4b90, 0x4b90, 0x4b90, 0x4b90, 0x4b90, 0x4b90, 0x4b90, 0x4b90, 0x4b90, 0x4b90, 
	0x4b90, 0x4b90, 0x4b90, 0x4b90, 0x4b90, 0x4b90, 0x4b90, 0x4b90, 0x4b90, 0x4b90, 0x4b90, 0x4b90, 0x4b90, 0x4b90, 0x4b90, 0x4b90, 
	0x4b90, 0x4b90, 0x4b90, 0x4b90, 0x4b90, 0x4b90, 0x4b90, 0x4b90, 0x4b90, 0x4b90, 0x4b90, 0x4b90, 0x4b90, 0x4b90, 0x4b90, 0x4b90, 
	0x4b90, 0x4b90, 0x1104, 0x0000, 0x4a49, 0x632c, 0x738e, 0x7bcf, 0x7bcf, 0x7bcf, 0x7bcf, 0x7bcf, 0x7bcf, 0x7bcf, 0x7bcf, 0x7bcf, 
	0x7bcf, 0x7bcf, 0x7bcf, 0x7bcf, 0x7bcf, 0x7bcf, 0x7bcf, 0x7bcf, 0x7bcf, 0x630c, 0x2104, 0x10c3, 0x3a8b, 0x4b90, 0x4b90, 0x3acc, 
	0x10e4, 0x18e3, 0x5acb, 0x7bcf, 0x7bcf, 0x7bcf, 0x7bcf, 0x7bcf, 0x7bcf, 0x7bcf, 0x7bcf, 0x7bcf, 0x7bcf, 0x7bcf, 0x7bcf, 0x7bcf, 
	0x7bcf, 0x738e, 0x632c, 0x630c, 0x4a69, 0x0020, 0x10c3, 0x4b6f, 0x4b90, 0x4b90, 0x4b90, 0x4b90, 0x4b90, 0x4b90, 0x4b90, 0x4b90, 
	0x4b90, 0x4b90, 0x4b90, 0x4b90, 0x4b90, 0x4b90, 0x4b90, 0x4b90, 0x4b90, 0x4b90, 0x4b90, 0x4b90, 0x4b90, 0x4b90, 0x4b90, 0x4b90, 
	0x4b90, 0x4b90, 0x4b90, 0x4b90, 0x4b90, 0x4b90, 0x4b90, 0x4b90, 0x4b90, 0x4b90, 0x4b90, 0x4b90, 0x4b90, 0x4b90, 0x4b90, 0x4b90, 
	0x4b90, 0x4b90, 0x4b90, 0x4b90, 0x4b90, 0x4b90, 0x4b90, 0x4b90, 0x4b90, 0x4b90, 0x4b90, 0x4b90, 0x4b90, 0x4b90, 0x5390, 0x7bcf, 
	0x7bcf, 0x5390, 0x4b90, 0x4b90, 0x4b90, 0x4b90, 0x4b90, 0x4b90, 0x4b90, 0x4b90, 0x4b90, 0x4b90, 0x4b90, 0x4b90, 0x4b90, 0x4b90, 
	0x4b90, 0x4b90, 0x4b90, 0x4b90, 0x4b90, 0x4b90, 0x4b90, 0x4b90, 0x4b90, 0x4b90, 0x4b90, 0x4b90, 0x4b90, 0x4b90, 0x4b90, 0x4b90, 
	0x4b90, 0x4b90, 0x4b90, 0x4b90, 0x4b90, 0x4b90, 0x4b90, 0x4b90, 0x4b90, 0x4b90, 0x4b90, 0x4b90, 0x4b90, 0x4b90, 0x4b90, 0x4b90, 
	0x326b, 0x2a09, 0x0882, 0x0000, 0x4a49, 0x630c, 0x738e, 0x7bcf, 0x7bcf, 0x7bcf, 0x7bcf, 0x7bcf, 0x7bcf, 0x7bcf, 0x7bcf, 0x7bcf, 
	0x7bcf, 0x7bcf, 0x7bcf, 0x7bcf, 0x7bcf, 0x7bcf, 0x7bcf, 0x7bcf, 0x7bcf, 0x630c, 0x2104, 0x0861, 0x2166, 0x324a, 0x432e, 0x3acc, 
	0x10e4, 0x18e3, 0x5acb, 0x7bcf, 0x7bcf, 0x7bcf, 0x7bcf, 0x7bcf, 0x7bcf, 0x7bcf, 0x7bcf, 0x7bcf, 0x7bcf, 0x7bcf, 0x7bcf, 0x7bcf, 
	0x7bcf, 0x738e, 0x632c, 0x630c, 0x4a69, 0x0020, 0x10c3, 0x4b6f, 0x4b90, 0x4b90, 0x4b90, 0x4b90, 0x4b90, 0x4b90, 0x4b90, 0x4b90, 
	0x4b90, 0x4b90, 0x4b90, 0x4b90, 0x4b90, 0x4b90, 0x4b90, 0x4b90, 0x4b90, 0x4b90, 0x4b90, 0x4b90, 0x4b90, 0x4b90, 0x4b90, 0x4b90, 
	0x4b90, 0x4b90, 0x4b90, 0x4b90, 0x4b90, 0x4b90, 0x4b90, 0x4b90, 0x4b90, 0x4b90, 0x4b90, 0x4b90, 0x4b90, 0x4b90, 0x4b90, 0x4b90, 
	0x4b90, 0x4b90, 0x4b90, 0x4b90, 0x4b90, 0x4b90, 0x4b90, 0x4b90, 0x4b90, 0x4b90, 0x4b90, 0x4b90, 0x4b90, 0x4b90, 0x5390, 0x7bcf, 
	0x7bcf, 0x5390, 0x4b90, 0x4b90, 0x4b90, 0x4b90, 0x4b90, 0x4b90, 0x4b90, 0x4b90, 0x4b90, 0x4b90, 0x4b90, 0x4b90, 0x4b90, 0x4b90, 
	0x4b90, 0x4b90, 0x4b90, 0x4b90, 0x4b90, 0x4b90, 0x4b90, 0x4b90, 0x4b90, 0x4b90, 0x4b90, 0x4b90, 0x4b90, 0x4b90, 0x4b90, 0x4b90, 
	0x4b90, 0x4b90, 0x4b90, 0x4b90, 0x4b90, 0x4b90, 0x4b90, 0x4b90, 0x4b90, 0x4b90, 0x4b90, 0x4b90, 0x4b90, 0x4b90, 0x4b90, 0x4b90, 
	0x1945, 0x0841, 0x0000, 0x0000, 0x4a49, 0x630c, 0x738e, 0x7bcf, 0x7bcf, 0x7bcf, 0x7bcf, 0x7bcf, 0x7bcf, 0x7bcf, 0x7bcf, 0x7bcf, 
	0x7bcf, 0x7bcf, 0x7bcf, 0x7bcf, 0x7bcf, 0x7bcf, 0x7bcf, 0x7bcf, 0x7bcf, 0x630c, 0x2104, 0x0000, 0x0021, 0x1104, 0x3aac, 0x3acc, 
	0x10e4, 0x18e3, 0x5acb, 0x7bcf, 0x7bcf, 0x7bcf, 0x7bcf, 0x7bef, 0x7bef, 0x7bef, 0x7bef, 0x7bcf, 0x7bcf, 0x7bcf, 0x7bcf, 0x7bcf, 
	0x7bcf, 0x738e, 0x632c, 0x630c, 0x4a69, 0x0020, 0x10c3, 0x4b6f, 0x4b90, 0x4b90, 0x4b90, 0x4b90, 0x4b90, 0x4b90, 0x4b90, 0x4b90, 
	0x4b90, 0x4b90, 0x4b90, 0x4b90, 0x4b90, 0x4b90, 0x4b90, 0x4b90, 0x4b90, 0x4b90, 0x4b90, 0x4b90, 0x4b90, 0x4b90, 0x4b90, 0x4b90, 
	0x4b90, 0x4b90, 0x4b90, 0x4b90, 0x4b90, 0x4b90, 0x4b90, 0x4b90, 0x4b90, 0x4b90, 0x4b90, 0x4b90, 0x4b90, 0x4b90, 0x4b90, 0x4b90, 
	0x4b90, 0x4b90, 0x4b90, 0x4b90, 0x4b90, 0x4b90, 0x4b90, 0x4b90, 0x4b90, 0x4b90, 0x4b90, 0x4b90, 0x4b90, 0x4b90, 0x4b90, 0x7bcf, 
	0x7bcf, 0x5390, 0x4b90, 0x4b90, 0x4b90, 0x4b90, 0x4b90, 0x4b90, 0x4b90, 0x4b90, 0x4b90, 0x4b90, 0x4b90, 0x4b90, 0x4b90, 0x4b90, 
	0x4b90, 0x4b90, 0x4b90, 0x4b90, 0x4b90, 0x4b90, 0x4b90, 0x4b90, 0x4b90, 0x4b90, 0x4b90, 0x4b90, 0x4b90, 0x4b90, 0x4b90, 0x4b90, 
	0x4b90, 0x4b90, 0x4b90, 0x4b90, 0x4b90, 0x4b90, 0x4b90, 0x4b90, 0x4b90, 0x4b90, 0x4b90, 0x4b90, 0x4b90, 0x4b90, 0x326a, 0x29e8, 
	0x2986, 0x3186, 0x0861, 0x0000, 0x2124, 0x3186, 0x39c7, 0x39e7, 0x39e7, 0x39e7, 0x39e7, 0x39e7, 0x39e7, 0x39e7, 0x39e7, 0x39e7, 
	0x39e7, 0x39e7, 0x39e7, 0x39e7, 0x39e7, 0x39e7, 0x39e7, 0x39e7, 0x39e7, 0x3186, 0x1082, 0x0841, 0x2104, 0x2986, 0x29c7, 0x2166, 
	0x0862, 0x18e3, 0x5acb, 0x7bcf, 0x7bcf, 0x7bcf, 0x7bcf, 0x8410, 0x8410, 0x8410, 0x8410, 0x7bcf, 0x7bcf, 0x7bcf, 0x7bcf, 0x7bcf, 
	0x7bcf, 0x738e, 0x632c, 0x630c, 0x4a69, 0x0020, 0x10c3, 0x4b6f, 0x4b90, 0x4b90, 0x4b90, 0x4b90, 0x4b90, 0x4b90, 0x4b90, 0x4b90, 
	0x4b90, 0x4b90, 0x4b90, 0x4b90, 0x4b90, 0x4b90, 0x4b90, 0x4b90, 0x4b90, 0x4b90, 0x4b90, 0x4b90, 0x4b90, 0x4b90, 0x4b90, 0x4b90, 
	0x4b90, 0x4b90, 0x4b90, 0x4b90, 0x4b90, 0x4b90, 0x4b90, 0x4b90, 0x4b90, 0x4b90, 0x4b90, 0x4b90, 0x4b90, 0x4b90, 0x4b90, 0x4b90, 
	0x4b90, 0x4b90, 0x4b90, 0x4b90, 0x4b90, 0x4b90, 0x4b90, 0x4b90, 0x4b90, 0x4b90, 0x4b90, 0x4b90, 0x4b90, 0x4b90, 0x5390, 0x7bcf, 
	0x7bcf, 0x5390, 0x4b90, 0x4b90, 0x4b90, 0x4b90, 0x4b90, 0x4b90, 0x4b90, 0x4b90, 0x4b90, 0x4b90, 0x4b90, 0x4b90, 0x4b90, 0x4b90, 
	0x4b90, 0x4b90, 0x4b90, 0x4b90, 0x4b90, 0x4b90, 0x4b90, 0x4b90, 0x4b90, 0x4b90, 0x4b90, 0x4b90, 0x4b90, 0x4b90, 0x4b90, 0x4b90, 
	0x4b90, 0x4b90, 0x4b90, 0x4b90, 0x4b90, 0x4b90, 0x4b90, 0x4b90, 0x4b90, 0x4b90, 0x4b90, 0x4b90, 0x4b90, 0x4b90, 0x1945, 0x0041, 
	0x4228, 0x5acb, 0x18c3, 0x0000, 0x0020, 0x0020, 0x0841, 0x0841, 0x0841, 0x0841, 0x0841, 0x0841, 0x0841, 0x0841, 0x0841, 0x0841, 
	0x0841, 0x0841, 0x0841, 0x0841, 0x0841, 0x0841, 0x0841, 0x0841, 0x0841, 0x0020, 0x0000, 0x1082, 0x4208, 0x4a49, 0x18e4, 0x0021, 
	0x0000, 0x18e3, 0x5acb, 0x73ae, 0x73ae, 0x73ae, 0x7bcf, 0x8410, 0x8430, 0x8430, 0x8410, 0x7bcf, 0x73ae, 0x73ae, 0x73ae, 0x73ae, 
	0x73ae, 0x738e, 0x632c, 0x630c, 0x4a69, 0x0020, 0x10c3, 0x4b6f, 0x4b90, 0x4b90, 0x4b90, 0x4b90, 0x4b90, 0x4b90, 0x4b90, 0x4b90, 
	0x4b90, 0x4b90, 0x4b90, 0x4b90, 0x4b90, 0x4b90, 0x4b90, 0x4b90, 0x4b90, 0x4b90, 0x4b90, 0x4b90, 0x4b90, 0x4b90, 0x4b90, 0x4b90, 
	0x4b90, 0x4b90, 0x4b90, 0x4b90, 0x4b90, 0x4b90, 0x4b90, 0x4b90, 0x4b90, 0x4b90, 0x4b90, 0x4b90, 0x4b90, 0x4b90, 0x4b90, 0x4b90, 
	0x4b90, 0x4b90, 0x4b90, 0x4b90, 0x4b90, 0x4b90, 0x4b90, 0x4b90, 0x4b90, 0x4b90, 0x4b90, 0x4b90, 0x4b90, 0x4b90, 0x4b90, 0x7bcf, 
	0x7bcf, 0x5390, 0x4b90, 0x4b90, 0x4b90, 0x4b90, 0x4b90, 0x4b90, 0x4b90, 0x4b90, 0x4b90, 0x4b90, 0x4b90, 0x4b90, 0x4b90, 0x4b90, 
	0x4b90, 0x4b90, 0x4b90, 0x4b90, 0x4b90, 0x4b90, 0x4b90, 0x4b90, 0x4b90, 0x4b90, 0x4b90, 0x4b90, 0x4b90, 0x4b90, 0x4b90, 0x4b90, 
	0x4b90, 0x4b90, 0x4b90, 0x4b90, 0x4b90, 0x4b90, 0x4b90, 0x4b90, 0x4b90, 0x4b90, 0x4b90, 0x4b90, 0x4b90, 0x4b90, 0x1905, 0x0000, 
	0x4228, 0x630c, 0x4208, 0x3186, 0x3186, 0x3186, 0x3186, 0x3186, 0x3186, 0x3186, 0x3186, 0x3186, 0x3186, 0x3186, 0x3186, 0x3186, 
	0x3186, 0x3186, 0x3186, 0x3186, 0x3186, 0x3186, 0x3186, 0x3186, 0x3186, 0x3186, 0x3186, 0x39e7, 0x52aa, 0x4a69, 0x18c3, 0x0000, 
	0x0000, 0x18e3, 0x5acb, 0x73ae, 0x73ae, 0x73ae, 0x7bcf, 0x8410, 0x8430, 0x8430, 0x8410, 0x7bcf, 0x73ae, 0x73ae, 0x73ae, 0x73ae, 
	0x73ae, 0x738e, 0x632c, 0x630c, 0x4a69, 0x0020, 0x10c3, 0x4b6f, 0x4b90, 0x4b90, 0x4b90, 0x4b90, 0x4b90, 0x4b90, 0x4b90, 0x4b90, 
	0x4b90, 0x4b90, 0x4b90, 0x4b90, 0x4b90, 0x4b90, 0x4b90, 0x4b90, 0x4b90, 0x4b90, 0x4b90, 0x4b90, 0x4b90, 0x4b90, 0x4b90, 0x4b90, 
	0x4b90, 0x4b90, 0x4b90, 0x4b90, 0x4b90, 0x4b90, 0x4b90, 0x4b90, 0x4b90, 0x4b90, 0x4b90, 0x4b90, 0x4b90, 0x4b90, 0x4b90, 0x4b90, 
	0x4b90, 0x4b90, 0x4b90, 0x4b90, 0x4b90, 0x4b90, 0x4b90, 0x4b90, 0x4b90, 0x4b90, 0x4b90, 0x4b90, 0x4b90, 0x4b90, 0x5390, 0x7bcf, 
	0x7bcf, 0x5390, 0x4b90, 0x4b90, 0x4b90, 0x4b90, 0x4b90, 0x4b90, 0x4b90, 0x4b90, 0x4b90, 0x4b90, 0x4b90, 0x4b90, 0x4b90, 0x4b90, 
	0x4b90, 0x4b90, 0x4b90, 0x4b90, 0x4b90, 0x4b90, 0x4b90, 0x4b90, 0x4b90, 0x4b90, 0x4b90, 0x4b90, 0x4b90, 0x4b90, 0x4b90, 0x4b90, 
	0x4b90, 0x4b90, 0x4b90, 0x4b90, 0x4b90, 0x4b90, 0x4b90, 0x4b90, 0x4b90, 0x4b90, 0x4b90, 0x4b90, 0x4b90, 0x4b90, 0x1905, 0x0000, 
	0x4228, 0x630c, 0x5aeb, 0x5aeb, 0x5aeb, 0x5aeb, 0x5aeb, 0x5aeb, 0x738e, 0x7bcf, 0x7bcf, 0x73ae, 0x632c, 0x5aeb, 0x5aeb, 0x738e, 
	0x7bcf, 0x7bcf, 0x7bcf, 0x7bcf, 0x7bcf, 0x7bcf, 0x7bcf, 0x7bcf, 0x738e, 0x632c, 0x5aeb, 0x5aeb, 0x630c, 0x4a69, 0x18c3, 0x0000, 
	0x0000, 0x18e3, 0x5acb, 0x73ae, 0x7bcf, 0x7bef, 0x7bef, 0x8410, 0x8430, 0x8430, 0x8410, 0x7bef, 0x7bef, 0x7bcf, 0x73ae, 0x73ae, 
	0x73ae, 0x738e, 0x632c, 0x630c, 0x4a69, 0x0020, 0x10c3, 0x4b4f, 0x4b90, 0x4b90, 0x4b90, 0x4b90, 0x4b90, 0x4b90, 0x4b90, 0x4b90, 
	0x4b90, 0x4b90, 0x4b90, 0x4b90, 0x4b90, 0x4b90, 0x4b90, 0x4b90, 0x4b90, 0x4b90, 0x4b90, 0x4b90, 0x4b90, 0x4b90, 0x4b90, 0x4b90, 
	0x4b90, 0x4b90, 0x4b90, 0x4b90, 0x4b90, 0x4b90, 0x4b90, 0x4b90, 0x4b90, 0x4b90, 0x4b90, 0x4b90, 0x4b90, 0x4b90, 0x4b90, 0x4b90, 
	0x4b90, 0x4b90, 0x4b90, 0x4b90, 0x4b90, 0x4b90, 0x4b90, 0x4b90, 0x4b90, 0x4b90, 0x4b90, 0x4b90, 0x4b90, 0x4b90, 0x4b90, 0x7bcf, 
	0x7bcf, 0x5390, 0x4b90, 0x4b90, 0x4b90, 0x4b90, 0x4b90, 0x4b90, 0x4b90, 0x4b90, 0x4b90, 0x4b90, 0x4b90, 0x4b90, 0x4b90, 0x4b90, 
	0x4b90, 0x4b90, 0x4b90, 0x4b90, 0x4b90, 0x4b90, 0x4b90, 0x4b90, 0x4b90, 0x4b90, 0x4b90, 0x4b90, 0x4b90, 0x4b90, 0x4b90, 0x4b90, 
	0x4b90, 0x4b90, 0x4b90, 0x4b90, 0x4b90, 0x4b90, 0x4b90, 0x4b90, 0x4b90, 0x4b90, 0x4b90, 0x4b90, 0x4b90, 0x4b90, 0x326b, 0x2a09, 
	0x2986, 0x2965, 0x52aa, 0x630c, 0x630c, 0x630c, 0x630c, 0x632c, 0x8430, 0x9492, 0x9492, 0x8c71, 0x738e, 0x630c, 0x6b4d, 0x8430, 
	0x9492, 0x9492, 0x9492, 0x9492, 0x9492, 0x9492, 0x9492, 0x9492, 0x8c51, 0x738e, 0x630c, 0x52aa, 0x39c7, 0x2986, 0x29c8, 0x2187, 
	0x0882, 0x18e3, 0x5acb, 0x73ae, 0x7bcf, 0x8410, 0x8410, 0x8430, 0x8430, 0x8430, 0x8430, 0x8410, 0x8410, 0x7bcf, 0x73ae, 0x73ae, 
	0x73ae, 0x738e, 0x632c, 0x630c, 0x4a69, 0x0020, 0x10c3, 0x4b6f, 0x4b90, 0x4b90, 0x4b90, 0x4b90, 0x4b90, 0x4b90, 0x4b90, 0x4b90, 
	0x4b90, 0x4b90, 0x4b90, 0x4b90, 0x4b90, 0x4b90, 0x4b90, 0x4b90, 0x4b90, 0x4b90, 0x4b90, 0x4b90, 0x4b90, 0x4b90, 0x4b90, 0x4b90, 
	0x4b90, 0x4b90, 0x4b90, 0x4b90, 0x4b90, 0x4b90, 0x4b90, 0x4b90, 0x4b90, 0x4b90, 0x4b90, 0x4b90, 0x4b90, 0x4b90, 0x4b90, 0x4b90, 
	0x4b90, 0x4b90, 0x4b90, 0x4b90, 0x4b90, 0x4b90, 0x4b90, 0x4b90, 0x4b90, 0x4b90, 0x4b90, 0x4b90, 0x4b90, 0x4b90, 0x5390, 0x7bcf, 
	0x7bcf, 0x5390, 0x4b90, 0x4b90, 0x4b90, 0x4b90, 0x4b90, 0x4b90, 0x4b90, 0x4b90, 0x4b90, 0x4b90, 0x4b90, 0x4b90, 0x4b90, 0x4b90, 
	0x4b90, 0x4b90, 0x4b90, 0x4b90, 0x4b90, 0x4b90, 0x4b90, 0x4b90, 0x4b90, 0x4b90, 0x4b90, 0x4b90, 0x4b90, 0x4b90, 0x4b90, 0x4b90, 
	0x4b90, 0x4b90, 0x4b90, 0x4b90, 0x4b90, 0x4b90, 0x4b90, 0x4b90, 0x4b90, 0x4b90, 0x4b90, 0x4b90, 0x4b90, 0x4b90, 0x4b6f, 0x4b4f, 
	0x1905, 0x0021, 0x4a49, 0x630c, 0x630c, 0x630c, 0x630c, 0x632c, 0x738e, 0x7bcf, 0x7bcf, 0x73ae, 0x6b4d, 0x630c, 0x632c, 0x738e, 
	0x7bcf, 0x7bcf, 0x7bcf, 0x7bcf, 0x7bcf, 0x7bcf, 0x7bcf, 0x7bcf, 0x73ae, 0x6b4d, 0x630c, 0x4a69, 0x2103, 0x10e4, 0x3a6b, 0x3a8b, 
	0x10e4, 0x18e3, 0x5acb, 0x73ae, 0x7bcf, 0x8410, 0x8430, 0x8430, 0x8430, 0x8430, 0x8430, 0x8430, 0x8410, 0x7bef, 0x7bef, 0x73ae, 
	0x73ae, 0x738e, 0x632c, 0x630c, 0x4a69, 0x0020, 0x10c3, 0x4b4f, 0x4b90, 0x4b90, 0x4b90, 0x4b90, 0x4b90, 0x4b90, 0x4b90, 0x4b90, 
	0x4b90, 0x4b90, 0x4b90, 0x4b90, 0x4b90, 0x4b90, 0x4b90, 0x4b90, 0x4b90, 0x4b90, 0x4b90, 0x4b90, 0x4b90, 0x4b90, 0x4b90, 0x4b90, 
	0x4b90, 0x4b90, 0x4b90, 0x4b90, 0x4b90, 0x4b90, 0x4b90, 0x4b90, 0x4b90, 0x4b90, 0x4b90, 0x4b90, 0x4b90, 0x4b90, 0x4b90, 0x4b90, 
	0x4b90, 0x4b90, 0x4b90, 0x4b90, 0x4b90, 0x4b90, 0x4b90, 0x4b90, 0x4b90, 0x4b90, 0x4b90, 0x4b90, 0x4b90, 0x4b90, 0x4b90, 0x7bcf, 
	0x7bcf, 0x5390, 0x4b90, 0x4b90, 0x4b90, 0x4b90, 0x4b90, 0x4b90, 0x4b90, 0x4b90, 0x4b90, 0x4b90, 0x4b90, 0x4b90, 0x4b90, 0x4b90, 
	0x4b90, 0x4b90, 0x4b90, 0x4b90, 0x4b90, 0x4b90, 0x4b90, 0x4b90, 0x4b90, 0x4b90, 0x4b90, 0x4b90, 0x4b90, 0x4b90, 0x4b90, 0x4b90, 
	0x4b90, 0x4b90, 0x4b90, 0x4b90, 0x4b90, 0x4b90, 0x4b90, 0x4b90, 0x4b90, 0x4b90, 0x4b90, 0x4b90, 0x4b90, 0x4b90, 0x4b90, 0x4b90, 
	0x326b, 0x2a09, 0x2986, 0x2945, 0x2945, 0x2945, 0x2945, 0x2945, 0x2945, 0x2945, 0x2945, 0x2945, 0x2945, 0x2945, 0x2945, 0x2945, 
	0x2945, 0x2945, 0x2945, 0x2945, 0x2945, 0x2945, 0x2945, 0x2945, 0x2945, 0x2945, 0x2945, 0x2966, 0x29c8, 0x326b, 0x432e, 0x3aac, 
	0x10e4, 0x18e3, 0x5acb, 0x7bef, 0x7bef, 0x8410, 0x8430, 0x8430, 0x8430, 0x8430, 0x8430, 0x8430, 0x8430, 0x8410, 0x8410, 0x7bcf, 
	0x73ae, 0x738e, 0x632c, 0x630c, 0x4a69, 0x0020, 0x10c3, 0x4b6f, 0x4b90, 0x4b90, 0x4b90, 0x4b90, 0x4b90, 0x4b90, 0x4b90, 0x4b90, 
	0x4b90, 0x4b90, 0x4b90, 0x4b90, 0x4b90, 0x4b90, 0x4b90, 0x4b90, 0x4b90, 0x4b90, 0x4b90, 0x4b90, 0x4b90, 0x4b90, 0x4b90, 0x4b90, 
	0x4b90, 0x4b90, 0x4b90, 0x4b90, 0x4b90, 0x4b90, 0x4b90, 0x4b90, 0x4b90, 0x4b90, 0x4b90, 0x4b90, 0x4b90, 0x4b90, 0x4b90, 0x4b90, 
	0x4b90, 0x4b90, 0x4b90, 0x4b90, 0x4b90, 0x4b90, 0x4b90, 0x4b90, 0x4b90, 0x4b90, 0x4b90, 0x4b90, 0x4b90, 0x4b90, 0x4b90, 0x7bcf, 
	0x7bcf, 0x5390, 0x4b90, 0x4b90, 0x4b90, 0x4b90, 0x4b90, 0x4b90, 0x4b90, 0x4b90, 0x4b90, 0x4b90, 0x4b90, 0x4b90, 0x4b90, 0x4b90, 
	0x4b90, 0x4b90, 0x4b90, 0x4b90, 0x4b90, 0x4b90, 0x4b90, 0x4b90, 0x4b90, 0x4b90, 0x4b90, 0x4b90, 0x4b90, 0x4b90, 0x4b90, 0x4b90, 
	0x4b90, 0x4b90, 0x4b90, 0x4b90, 0x4b90, 0x4b90, 0x4b90, 0x4b90, 0x4b90, 0x4b90, 0x4b90, 0x4b90, 0x4b90, 0x4b90, 0x4b90, 0x4b90, 
	0x4b6f, 0x4b6f, 0x1904, 0x0020, 0x0020, 0x0020, 0x0020, 0x0020, 0x0020, 0x0020, 0x0020, 0x0020, 0x0020, 0x0020, 0x0020, 0x0020, 
	0x0020, 0x0020, 0x0020, 0x0020, 0x0020, 0x0020, 0x0020, 0x0020, 0x0020, 0x0020, 0x0020, 0x10c3, 0x326b, 0x4b6f, 0x4b70, 0x3aac, 
	0x10e4, 0x18e3, 0x5aeb, 0x8410, 0x8410, 0x8410, 0x8410, 0x8430, 0x8430, 0x8430, 0x8430, 0x8430, 0x8430, 0x8430, 0x8410, 0x7bcf, 
	0x73ae, 0x738e, 0x632c, 0x630c, 0x4a69, 0x0020, 0x10c3, 0x4b4f, 0x4b90, 0x4b90, 0x4b90, 0x4b90, 0x4b90, 0x4b90, 0x4b90, 0x4b90, 
	0x4b90, 0x4b90, 0x4b90, 0x4b90, 0x4b90, 0x4b90, 0x4b90, 0x4b90, 0x4b90, 0x4b90, 0x4b90, 0x4b90, 0x4b90, 0x4b90, 0x4b90, 0x4b90, 
	0x4b90, 0x4b90, 0x4b90, 0x4b90, 0x4b90, 0x4b90, 0x4b90, 0x4b90, 0x4b90, 0x4b90, 0x4b90, 0x4b90, 0x4b90, 0x4b90, 0x4b90, 0x4b90, 
	0x4b90, 0x4b90, 0x4b90, 0x4b90, 0x4b90, 0x4b90, 0x4b90, 0x4b90, 0x4b90, 0x4b90, 0x4b90, 0x4b90, 0x4b90, 0x4b90, 0x4b90, 0x7bcf, 
	0x7bcf, 0x5390, 0x4b90, 0x4b90, 0x4b90, 0x4b90, 0x4b90, 0x4b90, 0x4b90, 0x4b90, 0x4b90, 0x4b90, 0x4b90, 0x4b90, 0x4b90, 0x4b90, 
	0x4b90, 0x4b90, 0x4b90, 0x4b90, 0x4b90, 0x4b90, 0x4b90, 0x4b90, 0x4b90, 0x4b90, 0x4b90, 0x4b90, 0x4b90, 0x4b90, 0x4b90, 0x4b90, 
	0x4b90, 0x4b90, 0x4b90, 0x4b90, 0x4b90, 0x4b90, 0x4b90, 0x4b90, 0x4b90, 0x4b90, 0x4b90, 0x4b90, 0x4b90, 0x4b90, 0x4b90, 0x4b90, 
	0x4b90, 0x4b90, 0x3a8b, 0x322a, 0x2a2a, 0x2a2a, 0x2a2a, 0x2a2a, 0x2a2a, 0x2a2a, 0x2a2a, 0x2a2a, 0x2a2a, 0x2a2a, 0x2a2a, 0x2a2a, 
	0x2a2a, 0x2a2a, 0x2a2a, 0x2a2a, 0x2a2a, 0x2a2a, 0x2a2a, 0x2a2a, 0x2a2a, 0x2a2a, 0x2a2a, 0x326b, 0x432e, 0x4b90, 0x4b90, 0x3aac, 
	0x10e4, 0x18e3, 0x5aeb, 0x8410, 0x8410, 0x8410, 0x8410, 0x8410, 0x8410, 0x8410, 0x8410, 0x8410, 0x8410, 0x8410, 0x8410, 0x7bcf, 
	0x73ae, 0x738e, 0x632c, 0x630c, 0x4a69, 0x0020, 0x10c3, 0x4b6f, 0x4b90, 0x4b90, 0x4b90, 0x4b90, 0x4b90, 0x4b90, 0x4b90, 0x4b90, 
	0x4b90, 0x4b90, 0x4b90, 0x4b90, 0x4b90, 0x4b90, 0x4b90, 0x4b90, 0x4b90, 0x4b90, 0x4b90, 0x4b90, 0x4b90, 0x4b90, 0x4b90, 0x4b90, 
	0x4b90, 0x4b90, 0x4b90, 0x4b90, 0x4b90, 0x4b90, 0x4b90, 0x4b90, 0x4b90, 0x4b90, 0x4b90, 0x4b90, 0x4b90, 0x4b90, 0x4b90, 0x4b90, 
	0x4b90, 0x4b90, 0x4b90, 0x4b90, 0x4b90, 0x4b90, 0x4b90, 0x4b90, 0x4b90, 0x4b90, 0x4b90, 0x4b90, 0x4b90, 0x4b90, 0x4b90, 0x7bcf, 
	0x7bcf, 0x5390, 0x4b90, 0x4b90, 0x4b90, 0x4b90, 0x4b90, 0x4b90, 0x4b90, 0x4b90, 0x4b90, 0x4b90, 0x4b90, 0x4b90, 0x4b90, 0x4b90, 
	0x4b90, 0x4b90, 0x4b90, 0x4b90, 0x4b90, 0x4b90, 0x4b90, 0x4b90, 0x4b90, 0x4b90, 0x4b90, 0x4b90, 0x4b90, 0x4b90, 0x4b90, 0x4b90, 
	0x4b90, 0x4b90, 0x4b90, 0x4b90, 0x4b90, 0x4b90, 0x4b90, 0x4b90, 0x4b90, 0x4b90, 0x4b90, 0x4b90, 0x4b90, 0x4b90, 0x4b90, 0x4b90, 
	0x4b90, 0x4b90, 0x4b6f, 0x4b6f, 0x4b6f, 0x4b6f, 0x4b6f, 0x4b6f, 0x4b6f, 0x4b6f, 0x4b6f, 0x4b6f, 0x4b6f, 0x4b6f, 0x4b6f, 0x4b6f, 
	0x4b6f, 0x4b6f, 0x4b6f, 0x4b6f, 0x4b6f, 0x4b6f, 0x4b6f, 0x4b6f, 0x4b6f, 0x4b6f, 0x4b6f, 0x4b6f, 0x4b90, 0x4b90, 0x4b90, 0x3aac, 
	0x10e4, 0x18e3, 0x5aeb, 0x8410, 0x8410, 0x8410, 0x8410, 0x8410, 0x8410, 0x8410, 0x8410, 0x8410, 0x8410, 0x8410, 0x8410, 0x7bcf, 
	0x73ae, 0x738e, 0x632c, 0x630c, 0x4a69, 0x0020, 0x10c3, 0x4b4f, 0x4b90, 0x4b90, 0x4b90, 0x4b90, 0x4b90, 0x4b90, 0x4b90, 0x4b90, 
	0x4b90, 0x4b90, 0x4b90, 0x4b90, 0x4b90, 0x4b90, 0x4b90, 0x4b90, 0x4b90, 0x4b90, 0x4b90, 0x4b90, 0x4b90, 0x4b90, 0x4b90, 0x4b90, 
	0x4b90, 0x4b90, 0x4b90, 0x4b90, 0x4b90, 0x4b90, 0x4b90, 0x4b90, 0x4b90, 0x4b90, 0x4b90, 0x4b90, 0x4b90, 0x4b90, 0x4b90, 0x4b90, 
	0x4b90, 0x4b90, 0x4b90, 0x4b90, 0x4b90, 0x4b90, 0x4b90, 0x4b90, 0x4b90, 0x4b90, 0x4b90, 0x4b90, 0x4b90, 0x4b90, 0x4b90, 0x7bcf, 
	0x7bcf, 0x5390, 0x4b90, 0x4b90, 0x4b90, 0x4b90, 0x4b90, 0x4b90, 0x4b90, 0x4b90, 0x4b90, 0x4b90, 0x4b90, 0x4b90, 0x4b90, 0x4b90, 
	0x4b90, 0x4b90, 0x4b90, 0x4b90, 0x4b90, 0x4b90, 0x4b90, 0x4b90, 0x4b90, 0x4b90, 0x4b90, 0x4b90, 0x4b90, 0x4b90, 0x4b90, 0x4b90, 
	0x4b90, 0x4b90, 0x4b90, 0x4b90, 0x4b90, 0x4b90, 0x4b90, 0x4b90, 0x4b90, 0x4b90, 0x4b90, 0x4b90, 0x4b90, 0x4b90, 0x4b90, 0x4b90, 
	0x4b90, 0x4b90, 0x4b90, 0x4b90, 0x4b90, 0x4b90, 0x4b90, 0x4b90, 0x4b90, 0x4b90, 0x4b90, 0x4b90, 0x4b90, 0x4b90, 0x4b90, 0x4b90, 
	0x4b90, 0x4b90, 0x4b90, 0x4b90, 0x4b90, 0x4b90, 0x4b90, 0x4b90, 0x4b90, 0x4b90, 0x4b90, 0x4b90, 0x4b90, 0x4b90, 0x4b90, 0x3aac, 
	0x10e4, 0x18e3, 0x5aeb, 0x8410, 0x8410, 0x8410, 0x8410, 0x8410, 0x8410, 0x8410, 0x8410, 0x8410, 0x8410, 0x8410, 0x8410, 0x7bcf, 
	0x73ae, 0x738e, 0x632c, 0x630c, 0x4a69, 0x0020, 0x10c3, 0x4b4f, 0x4b90, 0x4b90, 0x4b90, 0x4b90, 0x4b90, 0x4b90, 0x4b90, 0x4b90, 
	0x4b90, 0x4b90, 0x4b90, 0x4b90, 0x4b90, 0x4b90, 0x4b90, 0x4b90, 0x4b90, 0x4b90, 0x4b90, 0x4b90, 0x4b90, 0x4b90, 0x4b90, 0x4b90, 
	0x4b90, 0x4b90, 0x4b90, 0x4b90, 0x4b90, 0x4b90, 0x4b90, 0x4b90, 0x4b90, 0x4b90, 0x4b90, 0x4b90, 0x4b90, 0x4b90, 0x4b90, 0x4b90, 
	0x4b90, 0x4b90, 0x4b90, 0x4b90, 0x4b90, 0x4b90, 0x4b90, 0x4b90, 0x4b90, 0x4b90, 0x4b90, 0x4b90, 0x4b90, 0x4b90, 0x4b90, 0x7bcf, 
	0x7bcf, 0x5390, 0x4b90, 0x4b90, 0x4b90, 0x4b90, 0x4b90, 0x4b90, 0x4b90, 0x4b90, 0x4b90, 0x4b90, 0x4b90, 0x4b90, 0x4b90, 0x4b90, 
	0x4b90, 0x4b90, 0x4b90, 0x4b90, 0x4b90, 0x4b90, 0x4b90, 0x4b90, 0x4b90, 0x4b90, 0x4b90, 0x4b90, 0x4b90, 0x4b90, 0x4b90, 0x4b90, 
	0x4b90, 0x4b90, 0x4b90, 0x4b90, 0x4b90, 0x4b90, 0x4b90, 0x4b90, 0x4b90, 0x4b90, 0x4b90, 0x4b90, 0x4b90, 0x4b90, 0x4b90, 0x4b90, 
	0x4b90, 0x4b90, 0x4b90, 0x4b90, 0x4b90, 0x4b90, 0x4b90, 0x4b90, 0x4b90, 0x4b90, 0x4b90, 0x4b90, 0x4b90, 0x4b4f, 0x29e8, 0x2166, 
	0x3acd, 0x4b90, 0x4b90, 0x4b90, 0x4b90, 0x4b90, 0x4b90, 0x4b90, 0x4b90, 0x4b90, 0x4b90, 0x4b90, 0x4b90, 0x4b90, 0x4b90, 0x3aac, 
	0x10e4, 0x18e3, 0x5aeb, 0x8410, 0x8410, 0x8410, 0x8410, 0x8410, 0x8410, 0x8410, 0x8410, 0x8410, 0x8410, 0x8410, 0x8410, 0x73ae, 
	0x73ae, 0x738e, 0x632c, 0x630c, 0x4a49, 0x0020, 0x10c3, 0x4b4f, 0x4b90, 0x4b90, 0x4b90, 0x4b90, 0x4b90, 0x4b90, 0x4b90, 0x4b90, 
	0x4b90, 0x4b90, 0x4b90, 0x4b90, 0x4b90, 0x4b90, 0x4b90, 0x4b90, 0x4b90, 0x4b90, 0x4b90, 0x4b90, 0x4b90, 0x4b90, 0x4b90, 0x4b90, 
	0x4b90, 0x4b90, 0x4b90, 0x4b90, 0x4b90, 0x4b90, 0x4b90, 0x4b90, 0x4b90, 0x4b90, 0x4b90, 0x4b90, 0x4b90, 0x4b90, 0x4b90, 0x4b90, 
	0x4b90, 0x4b90, 0x4b90, 0x4b90, 0x4b90, 0x4b90, 0x4b90, 0x4b90, 0x4b90, 0x4b90, 0x4b90, 0x4b90, 0x4b90, 0x4b90, 0x4b90, 0x7bcf, 
	0x7bcf, 0x5390, 0x4b90, 0x4b90, 0x4b90, 0x4b90, 0x4b90, 0x4b90, 0x4b90, 0x4b90, 0x4b90, 0x4b90, 0x4b90, 0x4b90, 0x4b90, 0x4b90, 
	0x4b90, 0x4b90, 0x4b90, 0x4b90, 0x4b90, 0x4b90, 0x4b90, 0x4b90, 0x4b90, 0x4b90, 0x4b90, 0x4b90, 0x4b90, 0x4b90, 0x4b90, 0x4b90, 
	0x4b90, 0x4b90, 0x4b90, 0x4b90, 0x4b90, 0x4b90, 0x4b90, 0x4b90, 0x4b90, 0x4b90, 0x4b90, 0x4b90, 0x4b90, 0x4b90, 0x4b90, 0x4b90, 
	0x4b90, 0x4b90, 0x4b90, 0x4b90, 0x4b90, 0x4b90, 0x4b90, 0x4b90, 0x4b90, 0x4b90, 0x4b90, 0x4b90, 0x4b90, 0x432e, 0x1104, 0x0862, 
	0x326b, 0x4b90, 0x4b90, 0x4b90, 0x4b90, 0x4b90, 0x4b90, 0x4b90, 0x4b90, 0x4b90, 0x4b90, 0x4b90, 0x4b90, 0x4b90, 0x4b90, 0x3aac, 
	0x10e4, 0x18e3, 0x5acb, 0x8410, 0x8410, 0x8410, 0x8410, 0x8410, 0x8410, 0x8410, 0x8410, 0x8410, 0x8410, 0x8410, 0x7bef, 0x73ae, 
	0x73ae, 0x738e, 0x632c, 0x630c, 0x4a49, 0x0020, 0x10c3, 0x4b4f, 0x4b90, 0x4b90, 0x4b90, 0x4b90, 0x4b90, 0x4b90, 0x4b90, 0x4b90, 
	0x4b90, 0x4b90, 0x4b90, 0x4b90, 0x4b90, 0x4b90, 0x4b90, 0x4b90, 0x4b90, 0x4b90, 0x4b90, 0x4b90, 0x4b90, 0x4b90, 0x4b90, 0x4b90, 
	0x4b90, 0x4b90, 0x4b90, 0x4b90, 0x4b90, 0x4b90, 0x4b90, 0x4b90, 0x4b90, 0x4b90, 0x4b90, 0x4b90, 0x4b90, 0x4b90, 0x4b90, 0x4b90, 
	0x4b90, 0x4b90, 0x4b90, 0x4b90, 0x4b90, 0x4b90, 0x4b90, 0x4b90, 0x4b90, 0x4b90, 0x4b90, 0x4b90, 0x4b90, 0x4b90, 0x4b90, 0x7bcf, 
	0x7bcf, 0x5390, 0x4b90, 0x4b90, 0x4b90, 0x4b90, 0x4b90, 0x4b90, 0x4b90, 0x4b90, 0x4b90, 0x4b90, 0x4b90, 0x4b90, 0x4b90, 0x4b90, 
	0x4b90, 0x4b90, 0x4b90, 0x4b90, 0x4b90, 0x4b90, 0x4b90, 0x4b90, 0x4b90, 0x4b90, 0x4b90, 0x4b90, 0x4b90, 0x4b90, 0x4b90, 0x4b90, 
	0x4b90, 0x4b90, 0x4b90, 0x4b90, 0x4b90, 0x4b90, 0x4b90, 0x4b90, 0x4b90, 0x4b90, 0x4b90, 0x4b90, 0x4b90, 0x4b90, 0x4b90, 0x4b90, 
	0x4b90, 0x4b90, 0x4b90, 0x4b90, 0x4b90, 0x4b90, 0x4b90, 0x4b90, 0x4b90, 0x4b90, 0x4b90, 0x4b4f, 0x29c8, 0x1904, 0x0861, 0x0020, 
	0x10c3, 0x2186, 0x3acd, 0x4b90, 0x4b90, 0x4b90, 0x4b90, 0x4b90, 0x4b90, 0x4b90, 0x4b90, 0x4b90, 0x4b90, 0x4b90, 0x4b90, 0x3aac, 
	0x10e4, 0x18e3, 0x5acb, 0x8410, 0x8410, 0x8410, 0x8410, 0x8410, 0x8410, 0x8410, 0x8410, 0x8410, 0x8410, 0x8410, 0x7bef, 0x73ae, 
	0x73ae, 0x738e, 0x632c, 0x630c, 0x4a49, 0x0020, 0x10c3, 0x4b4f, 0x4b90, 0x4b90, 0x4b90, 0x4b90, 0x4b90, 0x4b90, 0x4b90, 0x4b90, 
	0x4b90, 0x4b90, 0x4b90, 0x4b90, 0x4b90, 0x4b90, 0x4b90, 0x4b90, 0x4b90, 0x4b90, 0x4b90, 0x4b90, 0x4b90, 0x4b90, 0x4b90, 0x4b90, 
	0x4b90, 0x4b90, 0x4b90, 0x4b90, 0x4b90, 0x4b90, 0x4b90, 0x4b90, 0x4b90, 0x4b90, 0x4b90, 0x4b90, 0x4b90, 0x4b90, 0x4b90, 0x4b90, 
	0x4b90, 0x4b90, 0x4b90, 0x4b90, 0x4b90, 0x4b90, 0x4b90, 0x4b90, 0x4b90, 0x4b90, 0x4b90, 0x4b90, 0x4b90, 0x4b90, 0x4b90, 0x7bcf, 
	0x7bcf, 0x5390, 0x4b90, 0x4b90, 0x4b90, 0x4b90, 0x4b90, 0x4b90, 0x4b90, 0x4b90, 0x4b90, 0x4b90, 0x4b90, 0x4b90, 0x4b90, 0x4b90, 
	0x4b90, 0x4b90, 0x4b90, 0x4b90, 0x4b90, 0x4b90, 0x4b90, 0x4b90, 0x4b90, 0x4b90, 0x4b90, 0x4b90, 0x4b90, 0x4b90, 0x4b90, 0x4b90, 
	0x4b90, 0x4b90, 0x4b90, 0x4b90, 0x4b90, 0x4b90, 0x4b90, 0x4b90, 0x4b90, 0x4b90, 0x4b90, 0x4b90, 0x4b90, 0x4b90, 0x4b90, 0x4b90, 
	0x4b90, 0x4b90, 0x4b90, 0x4b90, 0x4b90, 0x4b90, 0x4b90, 0x4b90, 0x4b90, 0x4b90, 0x4b90, 0x432f, 0x1104, 0x0041, 0x01ec, 0x026f, 
	0x00c5, 0x0882, 0x326b, 0x4b90, 0x4b90, 0x4b90, 0x4b90, 0x4b90, 0x4b90, 0x4b90, 0x4b90, 0x4b90, 0x4b90, 0x4b90, 0x4b90, 0x3aac, 
	0x10e4, 0x18e3, 0x5acb, 0x7bef, 0x8410, 0x8410, 0x8410, 0x8410, 0x8410, 0x8410, 0x8410, 0x8410, 0x8410, 0x8410, 0x7bef, 0x73ae, 
	0x73ae, 0x738e, 0x632c, 0x630c, 0x4a49, 0x0020, 0x10c3, 0x4b4f, 0x4b90, 0x4b90, 0x4b90, 0x4b90, 0x4b90, 0x4b90, 0x4b90, 0x4b90, 
	0x4b90, 0x4b90, 0x4b90, 0x4b90, 0x4b90, 0x4b90, 0x4b90, 0x4b90, 0x4b90, 0x4b90, 0x4b90, 0x4b90, 0x4b90, 0x4b90, 0x4b90, 0x4b90, 
	0x4b90, 0x4b90, 0x4b90, 0x4b90, 0x4b90, 0x4b90, 0x4b90, 0x4b90, 0x4b90, 0x4b90, 0x4b90, 0x4b90, 0x4b90, 0x4b90, 0x4b90, 0x4b90, 
	0x4b90, 0x4b90, 0x4b90, 0x4b90, 0x4b90, 0x4b90, 0x4b90, 0x4b90, 0x4b90, 0x4b90, 0x4b90, 0x4b90, 0x4b90, 0x4b90, 0x4b90, 0x7bcf, 
	0x7bcf, 0x5390, 0x4b90, 0x4b90, 0x4b90, 0x4b90, 0x4b90, 0x4b90, 0x4b90, 0x4b90, 0x4b90, 0x4b90, 0x4b90, 0x4b90, 0x4b90, 0x4b90, 
	0x4b90, 0x4b90, 0x4b90, 0x4b90, 0x4b90, 0x4b90, 0x4b90, 0x4b90, 0x4b90, 0x4b90, 0x4b90, 0x4b90, 0x4b90, 0x4b90, 0x4b90, 0x4b90, 
	0x4b90, 0x4b90, 0x4b90, 0x4b90, 0x4b90, 0x4b90, 0x4b90, 0x4b90, 0x4b90, 0x4b90, 0x4b90, 0x4b90, 0x4b90, 0x4b90, 0x4b90, 0x4b90, 
	0x4b90, 0x4b90, 0x4b90, 0x4b90, 0x4b90, 0x4b90, 0x4b90, 0x4b90, 0x4b90, 0x4b90, 0x4b90, 0x432e, 0x1104, 0x0062, 0x02f2, 0x03b7, 
	0x0147, 0x0862, 0x326b, 0x4b90, 0x4b90, 0x4b90, 0x4b90, 0x4b90, 0x4b90, 0x4b90, 0x4b90, 0x4b90, 0x4b90, 0x4b90, 0x4b90, 0x3aac, 
	0x10e4, 0x18e3, 0x5acb, 0x7bef, 0x8410, 0x8410, 0x8410, 0x8410, 0x8410, 0x8410, 0x8410, 0x8410, 0x8410, 0x8410, 0x7bef, 0x73ae, 
	0x73ae, 0x738e, 0x632c, 0x630c, 0x4a49, 0x0020, 0x10c3, 0x4b4f, 0x4b90, 0x4b90, 0x4b90, 0x4b90, 0x4b90, 0x4b90, 0x4b90, 0x4b90, 
	0x4b90, 0x4b90, 0x4b90, 0x4b90, 0x4b90, 0x4b90, 0x4b90, 0x4b90, 0x4b90, 0x4b90, 0x4b90, 0x4b90, 0x4b90, 0x4b90, 0x4b90, 0x4b90, 
	0x4b90, 0x4b90, 0x4b90, 0x4b90, 0x4b90, 0x4b90, 0x4b90, 0x4b90, 0x4b90, 0x4b90, 0x4b90, 0x4b90, 0x4b90, 0x4b90, 0x4b90, 0x4b90, 
	0x4b90, 0x4b90, 0x4b90, 0x4b90, 0x4b90, 0x4b90, 0x4b90, 0x4b90, 0x4b90, 0x4b90, 0x4b90, 0x4b90, 0x4b90, 0x4b90, 0x4b90, 0x7bcf, 
	0x7bcf, 0x5390, 0x4b90, 0x4b90, 0x4b90, 0x4b90, 0x4b90, 0x4b90, 0x4b90, 0x4b90, 0x4b90, 0x4b90, 0x4b90, 0x4b90, 0x4b90, 0x4b90, 
	0x4b90, 0x4b90, 0x4b90, 0x4b90, 0x4b90, 0x4b90, 0x4b90, 0x4b90, 0x4b90, 0x4b90, 0x4b90, 0x4b90, 0x4b90, 0x4b90, 0x4b90, 0x4b90, 
	0x4b90, 0x4b90, 0x4b90, 0x4b90, 0x4b90, 0x4b90, 0x4b90, 0x4b90, 0x4b90, 0x4b90, 0x4b90, 0x4b90, 0x4b90, 0x4b90, 0x4b90, 0x4b90, 
	0x4b90, 0x4b90, 0x4b90, 0x4b90, 0x4b90, 0x4b90, 0x4b90, 0x4b90, 0x4b90, 0x4b90, 0x4b4f, 0x430e, 0x1125, 0x00a4, 0x0312, 0x03b7, 
	0x0169, 0x0883, 0x324b, 0x4b4f, 0x4b6f, 0x4b90, 0x4b90, 0x4b90, 0x4b90, 0x4b90, 0x4b90, 0x4b90, 0x4b90, 0x4b90, 0x4b90, 0x3aac, 
	0x10e4, 0x18c3, 0x5acb, 0x7bef, 0x8410, 0x8410, 0x8410, 0x8410, 0x8410, 0x8410, 0x8410, 0x8410, 0x8410, 0x8410, 0x7bef, 0x73ae, 
	0x73ae, 0x738e, 0x632c, 0x630c, 0x4a49, 0x0020, 0x10c3, 0x4b4f, 0x4b90, 0x4b90, 0x4b90, 0x4b90, 0x4b90, 0x4b90, 0x4b90, 0x4b90, 
	0x4b90, 0x4b90, 0x4b90, 0x4b90, 0x4b90, 0x4b90, 0x4b90, 0x4b90, 0x4b8f, 0x4b90, 0x4b90, 0x4b90, 0x4b90, 0x4b90, 0x4b90, 0x4b90, 
	0x4b90, 0x4b90, 0x4b90, 0x4b90, 0x4b90, 0x4b90, 0x4b90, 0x4b90, 0x4b90, 0x4b90, 0x4b90, 0x4b90, 0x4b90, 0x4b90, 0x4b90, 0x4b90, 
	0x4b90, 0x4b90, 0x4b90, 0x4b90, 0x4b90, 0x4b90, 0x4b90, 0x4b90, 0x4b90, 0x4b90, 0x4b90, 0x4b90, 0x4b90, 0x4b90, 0x4b90, 0x7bcf, 
	0x7bcf, 0x4b90, 0x4b90, 0x4b90, 0x4b90, 0x4b90, 0x4b90, 0x4b90, 0x4b90, 0x4b90, 0x4b90, 0x4b90, 0x4b90, 0x4b90, 0x4b90, 0x4b90, 
	0x4b90, 0x4b90, 0x4b90, 0x4b90, 0x4b90, 0x4b90, 0x4b90, 0x4b90, 0x4b90, 0x4b90, 0x4b90, 0x4b90, 0x4b90, 0x4b90, 0x4b90, 0x4b90, 
	0x4b90, 0x4b90, 0x4b90, 0x4b90, 0x4b90, 0x4b90, 0x4b90, 0x4b90, 0x4b90, 0x4b90, 0x4b90, 0x4b90, 0x4b90, 0x4b90, 0x4b90, 0x4b90, 
	0x4b90, 0x4b90, 0x4b90, 0x4b90, 0x4b90, 0x4b90, 0x4b90, 0x4b90, 0x4b90, 0x4b6f, 0x29c8, 0x1946, 0x0a4e, 0x02f2, 0x03b7, 0x03b9, 
	0x0234, 0x0170, 0x1129, 0x2187, 0x3acc, 0x4b90, 0x4b90, 0x4b90, 0x4b90, 0x4b90, 0x4b90, 0x4b90, 0x4b90, 0x4b90, 0x4b90, 0x3aac, 
	0x10e4, 0x18c3, 0x5acb, 0x7bef, 0x8410, 0x8410, 0x8410, 0x8410, 0x8410, 0x8410, 0x8410, 0x8410, 0x8410, 0x8410, 0x7bef, 0x73ae, 
	0x73ae, 0x738e, 0x632c, 0x630c, 0x4a49, 0x0020, 0x10c3, 0x4b4f, 0x4b90, 0x4b90, 0x4b90, 0x4b90, 0x4b90, 0x4b90, 0x4b90, 0x4b90, 
	0x4b90, 0x4b90, 0x4b70, 0x4b8f, 0x4b70, 0x4b6f, 0x4b70, 0x4b6f, 0x4b6f, 0x4b6f, 0x4b70, 0x4b6f, 0x4b90, 0x4b6f, 0x4b90, 0x4b90, 
	0x4b90, 0x4b90, 0x4b90, 0x4b90, 0x4b90, 0x4b90, 0x4b90, 0x4b90, 0x4b90, 0x4b90, 0x4b90, 0x4b90, 0x4b90, 0x4b90, 0x4b90, 0x4b90, 
	0x4b90, 0x4b90, 0x4b90, 0x4b90, 0x4b90, 0x4b90, 0x4b90, 0x4b90, 0x4b90, 0x4b90, 0x4b90, 0x4b90, 0x4b90, 0x4b90, 0x4b90, 0x7bcf, 
	0x7bcf, 0x5390, 0x4b90, 0x4b90, 0x4b90, 0x4b90, 0x4b90, 0x4b90, 0x4b90, 0x4b90, 0x4b90, 0x4b90, 0x4b90, 0x4b90, 0x4b90, 0x4b90, 
	0x4b90, 0x4b90, 0x4b90, 0x4b90, 0x4b90, 0x4b90, 0x4b90, 0x4b90, 0x4b90, 0x4b90, 0x4b90, 0x4b90, 0x4b90, 0x4b90, 0x4b90, 0x4b90, 
	0x4b90, 0x4b90, 0x4b90, 0x4b90, 0x4b90, 0x4b90, 0x4b90, 0x4b90, 0x4b90, 0x4b90, 0x4b90, 0x4b90, 0x4b90, 0x4b90, 0x4b90, 0x4b90, 
	0x4b90, 0x4b90, 0x4b90, 0x4b90, 0x4b90, 0x4b90, 0x4b90, 0x4b90, 0x4b90, 0x4b4f, 0x1104, 0x0042, 0x02f2, 0x041a, 0x033a, 0x02ba, 
	0x025a, 0x01d6, 0x00a8, 0x0882, 0x326b, 0x4b90, 0x4b90, 0x4b90, 0x4b90, 0x4b90, 0x4b90, 0x4b90, 0x4b90, 0x4b90, 0x4b90, 0x3aac, 
	0x10e4, 0x18c3, 0x5acb, 0x7bef, 0x8410, 0x8410, 0x8410, 0x8410, 0x8410, 0x8410, 0x8410, 0x8410, 0x8410, 0x8410, 0x7bef, 0x73ae, 
	0x73ae, 0x738e, 0x632c, 0x630c, 0x4a49, 0x0020, 0x10c3, 0x4b4f, 0x4b70, 0x4b90, 0x4b70, 0x4b70, 0x4b70, 0x4b70, 0x4b6f, 0x4b6f, 
	0x4b6f, 0x4b6f, 0x4b6f, 0x4b6f, 0x4b6f, 0x4b6f, 0x4b6f, 0x4b6f, 0x4b6f, 0x4b6f, 0x4b6f, 0x4b6f, 0x4b6f, 0x4b6f, 0x4b6f, 0x4b6f, 
	0x4b6f, 0x4b6f, 0x4b70, 0x4b70, 0x4b70, 0x4b70, 0x4b70, 0x4b70, 0x4b70, 0x4b70, 0x4b70, 0x4b90, 0x4b70, 0x4b90, 0x4b90, 0x4b90, 
	0x4b90, 0x4b90, 0x4b90, 0x4b90, 0x4b90, 0x4b90, 0x4b90, 0x4b90, 0x4b90, 0x4b90, 0x4b90, 0x4b90, 0x4b90, 0x4b90, 0x4b90, 0x7bcf, 
	0x7bcf, 0x4b90, 0x4b90, 0x4b90, 0x4b90, 0x4b90, 0x4b90, 0x4b90, 0x4b90, 0x4b90, 0x4b90, 0x4b90, 0x4b90, 0x4b90, 0x4b90, 0x4b90, 
	0x4b90, 0x4b90, 0x4b90, 0x4b90, 0x4b90, 0x4b90, 0x4b90, 0x4b90, 0x4b90, 0x4b90, 0x4b90, 0x4b90, 0x4b90, 0x4b90, 0x4b90, 0x4b90, 
	0x4b90, 0x4b90, 0x4b90, 0x4b90, 0x4b90, 0x4b90, 0x4b90, 0x4b90, 0x4b90, 0x4b90, 0x4b90, 0x4b90, 0x4b90, 0x4b90, 0x4b90, 0x4b90, 
	0x4b90, 0x4b90, 0x4b90, 0x4b90, 0x4b90, 0x4b90, 0x4b90, 0x4b90, 0x4b90, 0x4b4f, 0x1104, 0x0042, 0x02f2, 0x041a, 0x02da, 0x023a, 
	0x023a, 0x01d6, 0x00a7, 0x0882, 0x326b, 0x4b90, 0x4b90, 0x4b90, 0x4b90, 0x4b90, 0x4b90, 0x4b90, 0x4b90, 0x4b90, 0x4b90, 0x3aac, 
	0x10e4, 0x18c3, 0x5acb, 0x7bef, 0x8410, 0x8410, 0x8410, 0x8410, 0x8410, 0x8410, 0x8410, 0x8410, 0x8410, 0x8410, 0x7bef, 0x73ae, 
	0x73ae, 0x738e, 0x630c, 0x630c, 0x4a49, 0x0020, 0x10c3, 0x4b4f, 0x4b70, 0x4b6f, 0x4b70, 0x4b6f, 0x4b70, 0x4b6f, 0x4b70, 0x4b6f, 
	0x4b6f, 0x4b6f, 0x4b6f, 0x4b6f, 0x4b6f, 0x4b6f, 0x4b6f, 0x4b6f, 0x4b6f, 0x4b6f, 0x4b6f, 0x4b6f, 0x4b6f, 0x4b6f, 0x4b6f, 0x4b6f, 
	0x4b6f, 0x4b6f, 0x4b6f, 0x4b6f, 0x4b6f, 0x4b6f, 0x4b70, 0x4b70, 0x4b70, 0x4b70, 0x4b70, 0x4b70, 0x4b70, 0x4b70, 0x4b70, 0x4b90, 
	0x4b70, 0x4b90, 0x4b70, 0x4b90, 0x4b70, 0x4b90, 0x4b70, 0x4b90, 0x4b70, 0x4b90, 0x4b70, 0x4b90, 0x4b70, 0x4b90, 0x4b90, 0x7bcf, 
	0x7bcf, 0x4b90, 0x4b70, 0x4b90, 0x4b70, 0x4b90, 0x4b70, 0x4b90, 0x4b70, 0x4b90, 0x4b70, 0x4b90, 0x4b70, 0x4b90, 0x4b90, 0x4b90, 
	0x4b90, 0x4b90, 0x4b90, 0x4b90, 0x4b90, 0x4b90, 0x4b90, 0x4b90, 0x4b90, 0x4b90, 0x4b90, 0x4b90, 0x4b90, 0x4b90, 0x4b90, 0x4b90, 
	0x4b90, 0x4b90, 0x4b90, 0x4b90, 0x4b90, 0x4b90, 0x4b90, 0x4b90, 0x4b90, 0x4b90, 0x4b90, 0x4b90, 0x4b90, 0x4b90, 0x4b90, 0x4b90, 
	0x4b90, 0x4b90, 0x4b90, 0x4b90, 0x4b90, 0x4b90, 0x4b90, 0x4b70, 0x432e, 0x3aed, 0x1146, 0x00c5, 0x02f3, 0x03da, 0x02ba, 0x023a, 
	0x023a, 0x01d6, 0x00a8, 0x0882, 0x326b, 0x4b90, 0x4b90, 0x4b70, 0x4b90, 0x4b70, 0x4b90, 0x4b70, 0x4b90, 0x4b70, 0x4b70, 0x3aac, 
	0x10e4, 0x18c3, 0x5acb, 0x7bef, 0x8410, 0x8410, 0x8410, 0x8410, 0x8410, 0x8410, 0x8410, 0x8410, 0x8410, 0x8410, 0x7bef, 0x73ae, 
	0x73ae, 0x6b6d, 0x630c, 0x630c, 0x4a49, 0x0020, 0x10c3, 0x4b4f, 0x4b70, 0x4b6f, 0x4b6f, 0x4b6f, 0x4b6f, 0x4b6f, 0x4b6f, 0x4b6f, 
	0x4b6f, 0x4b6f, 0x4b6f, 0x4b6f, 0x4b6f, 0x4b6f, 0x4b6f, 0x4b6f, 0x4b6f, 0x4b6f, 0x4b6f, 0x4b6f, 0x4b6f, 0x4b6f, 0x4b6f, 0x4b6f, 
	0x4b6f, 0x4b6f, 0x4b6f, 0x4b6f, 0x4b6f, 0x4b6f, 0x4b6f, 0x4b6f, 0x4b6f, 0x4b70, 0x4b6f, 0x4b70, 0x4b70, 0x4b70, 0x4b70, 0x4b70, 
	0x4b70, 0x4b70, 0x4b70, 0x4b70, 0x4b70, 0x4b70, 0x4b70, 0x4b70, 0x4b70, 0x4b90, 0x4b70, 0x4b90, 0x4b70, 0x4b90, 0x4b90, 0x7bcf, 
	0x7bcf, 0x4b90, 0x4b70, 0x4b90, 0x4b70, 0x4b90, 0x4b70, 0x4b90, 0x4b70, 0x4b90, 0x4b70, 0x4b90, 0x4b70, 0x4b90, 0x4b70, 0x4b90, 
	0x4b70, 0x4b90, 0x4b70, 0x4b90, 0x4b70, 0x4b90, 0x4b70, 0x4b90, 0x4b70, 0x4b90, 0x4b90, 0x4b90, 0x4b90, 0x4b90, 0x4b90, 0x4b90, 
	0x4b90, 0x4b90, 0x4b90, 0x4b90, 0x4b90, 0x4b90, 0x4b90, 0x4b90, 0x4b90, 0x4b90, 0x4b90, 0x4b90, 0x4b90, 0x4b90, 0x4b90, 0x4b90, 
	0x4b90, 0x4b90, 0x4b90, 0x4b90, 0x4b90, 0x4b70, 0x4b90, 0x4b6f, 0x21c8, 0x1925, 0x0a6e, 0x02f2, 0x02d7, 0x02ba, 0x025a, 0x023a, 
	0x023a, 0x01d6, 0x00a7, 0x0882, 0x326b, 0x4b90, 0x4b90, 0x4b70, 0x4b70, 0x4b70, 0x4b70, 0x4b70, 0x4b70, 0x4b70, 0x4b70, 0x3aac, 
	0x10e4, 0x18c3, 0x5acb, 0x7bef, 0x8410, 0x8410, 0x8410, 0x8410, 0x8410, 0x8410, 0x8410, 0x8410, 0x8410, 0x8410, 0x7bef, 0x73ae, 
	0x738e, 0x632c, 0x630c, 0x630c, 0x4a49, 0x0020, 0x10c3, 0x4b4f, 0x4b70, 0x4b6f, 0x4b6f, 0x4b6f, 0x4b6f, 0x4b6f, 0x4b6f, 0x4b6f, 
	0x4b6f, 0x4b6f, 0x4b6f, 0x4b6f, 0x4b6f, 0x4b6f, 0x4b6f, 0x4b6f, 0x4b6f, 0x4b6f, 0x4b6f, 0x4b6f, 0x4b6f, 0x4b6f, 0x4b6f, 0x4b6f, 
	0x4b6f, 0x4b6f, 0x4b6f, 0x4b6f, 0x4b6f, 0x4b6f, 0x4b6f, 0x4b6f, 0x4b6f, 0x4b6f, 0x4b6f, 0x4b6f, 0x4b6f, 0x4b6f, 0x4b6f, 0x4b70, 
	0x4b70, 0x4b70, 0x4b70, 0x4b70, 0x4b70, 0x4b70, 0x4b70, 0x4b70, 0x4b70, 0x4b70, 0x4b70, 0x4b70, 0x4b70, 0x4b90, 0x4b70, 0x7bcf, 
	0x7bcf, 0x4b90, 0x4b70, 0x4b70, 0x4b70, 0x4b70, 0x4b70, 0x4b70, 0x4b70, 0x4b70, 0x4b70, 0x4b70, 0x4b70, 0x4b90, 0x4b70, 0x4b90, 
	0x4b70, 0x4b70, 0x4b70, 0x4b70, 0x4b70, 0x4b70, 0x4b70, 0x4b90, 0x4b70, 0x4b90, 0x4b90, 0x4b70, 0x4b90, 0x4b70, 0x4b90, 0x4b70, 
	0x4b90, 0x4b70, 0x4b90, 0x4b70, 0x4b90, 0x4b70, 0x4b90, 0x4b70, 0x4b90, 0x4b70, 0x4b90, 0x4b70, 0x4b90, 0x4b70, 0x4b90, 0x4b70, 
	0x4b90, 0x4b70, 0x4b90, 0x4b70, 0x4b90, 0x4b70, 0x4b90, 0x42ed, 0x10c4, 0x00a4, 0x0333, 0x03da, 0x02ba, 0x023a, 0x023a, 0x023a, 
	0x023a, 0x01f7, 0x00ca, 0x0883, 0x2a2a, 0x4b4f, 0x4b70, 0x4b70, 0x4b70, 0x4b70, 0x4b70, 0x4b70, 0x4b70, 0x4b70, 0x4b70, 0x3aac, 
	0x10e4, 0x18c3, 0x5acb, 0x7bef, 0x8410, 0x8410, 0x8410, 0x8410, 0x8410, 0x8410, 0x8410, 0x8410, 0x8410, 0x8410, 0x7bef, 0x73ae, 
	0x738e, 0x630c, 0x630c, 0x630c, 0x4a49, 0x0020, 0x10c3, 0x4b4f, 0x4b70, 0x4b6f, 0x4b6f, 0x4b6f, 0x4b6f, 0x4b6f, 0x4b6f, 0x4b6f, 
	0x4b6f, 0x4b6f, 0x4b6f, 0x4b6f, 0x4b6f, 0x4b6f, 0x4b6f, 0x4b6f, 0x4b6f, 0x4b6f, 0x4b6f, 0x4b6f, 0x4b6f, 0x4b6f, 0x4b6f, 0x4b6f, 
	0x4b6f, 0x4b6f, 0x4b6f, 0x4b6f, 0x4b6f, 0x4b6f, 0x4b6f, 0x4b6f, 0x4b6f, 0x4b6f, 0x4b6f, 0x4b6f, 0x4b6f, 0x4b6f, 0x4b6f, 0x4b6f, 
	0x4b6f, 0x4b70, 0x4b6f, 0x4b70, 0x4b70, 0x4b70, 0x4b70, 0x4b70, 0x4b70, 0x4b70, 0x4b70, 0x4b70, 0x4b70, 0x4b90, 0x4b70, 0x7bcf, 
	0x7bcf, 0x4b8f, 0x4b70, 0x4b70, 0x4b70, 0x4b70, 0x4b70, 0x4b70, 0x4b70, 0x4b70, 0x4b70, 0x4b70, 0x4b70, 0x4b70, 0x4b70, 0x4b70, 
	0x4b70, 0x4b70, 0x4b70, 0x4b70, 0x4b70, 0x4b70, 0x4b70, 0x4b70, 0x4b70, 0x4b70, 0x4b70, 0x4b70, 0x4b70, 0x4b70, 0x4b70, 0x4b70, 
	0x4b90, 0x4b70, 0x4b90, 0x4b70, 0x4b90, 0x4b70, 0x4b90, 0x4b70, 0x4b90, 0x4b70, 0x4b90, 0x4b70, 0x4b90, 0x4b70, 0x4b90, 0x4b70, 
	0x4b90, 0x4b70, 0x4b90, 0x4b70, 0x4b90, 0x4b70, 0x4b70, 0x21a7, 0x0062, 0x022d, 0x03b7, 0x033a, 0x025a, 0x023a, 0x023a, 0x023a, 
	0x023a, 0x0219, 0x0172, 0x0086, 0x1925, 0x3acc, 0x4b70, 0x4b70, 0x4b70, 0x4b70, 0x4b70, 0x4b70, 0x4b70, 0x4b70, 0x4b70, 0x3aac, 
	0x10e4, 0x18c3, 0x5acb, 0x7bef, 0x7bef, 0x8410, 0x8410, 0x8410, 0x8410, 0x8410, 0x8410, 0x8410, 0x8410, 0x8410, 0x7bef, 0x73ae, 
	0x738e, 0x630c, 0x630c, 0x630c, 0x4a49, 0x0020, 0x10c3, 0x4b4f, 0x4b70, 0x4b6f, 0x4b6f, 0x4b6f, 0x4b6f, 0x4b6f, 0x4b6f, 0x4b6f, 
	0x4b6f, 0x4b6f, 0x4b6f, 0x4b6f, 0x4b6f, 0x4b6f, 0x4b6f, 0x4b6f, 0x4b6f, 0x4b6f, 0x4b6f, 0x4b6f, 0x4b6f, 0x4b6f, 0x4b6f, 0x4b6f, 
	0x4b6f, 0x4b6f, 0x4b6f, 0x4b6f, 0x4b6f, 0x4b6f, 0x4b6f, 0x4b6f, 0x4b6f, 0x4b6f, 0x4b6f, 0x4b6f, 0x4b6f, 0x4b6f, 0x4b6f, 0x4b6f, 
	0x4b6f, 0x4b6f, 0x4b6f, 0x4b70, 0x4b6f, 0x4b70, 0x4b6f, 0x4b70, 0x4b6f, 0x4b70, 0x4b70, 0x4b70, 0x4b70, 0x4b90, 0x4b6f, 0x7bcf, 
	0x7bcf, 0x4b90, 0x4b70, 0x4b70, 0x4b70, 0x4b70, 0x4b70, 0x4b70, 0x4b70, 0x4b70, 0x4b70, 0x4b70, 0x4b70, 0x4b70, 0x4b70, 0x4b70, 
	0x4b70, 0x4b70, 0x4b70, 0x4b70, 0x4b70, 0x4b70, 0x4b70, 0x4b70, 0x4b70, 0x4b70, 0x4b70, 0x4b70, 0x4b70, 0x4b70, 0x4b70, 0x4b70, 
	0x4b70, 0x4b70, 0x4b70, 0x4b70, 0x4b70, 0x4b70, 0x4b70, 0x4b70, 0x4b70, 0x4b70, 0x4b90, 0x4b70, 0x4b90, 0x4b70, 0x4b90, 0x4b70, 
	0x4b90, 0x4b70, 0x4b70, 0x4b70, 0x4b70, 0x4b70, 0x4b6f, 0x10e4, 0x0021, 0x02f2, 0x041a, 0x02ba, 0x023a, 0x023a, 0x023a, 0x023a, 
	0x023a, 0x023a, 0x01d6, 0x00a7, 0x0882, 0x326b, 0x4b70, 0x4b70, 0x4b70, 0x4b70, 0x4b70, 0x4b70, 0x4b70, 0x4b70, 0x4b70, 0x3aac, 
	0x10e4, 0x18c3, 0x5acb, 0x73ae, 0x7bcf, 0x7bef, 0x8410, 0x8410, 0x8410, 0x8410, 0x8410, 0x8410, 0x7bef, 0x7bcf, 0x73ae, 0x73ae, 
	0x738e, 0x630c, 0x630c, 0x630c, 0x4a49, 0x0020, 0x10c3, 0x4b4f, 0x4b70, 0x4b6f, 0x4b6f, 0x4b6f, 0x4b6f, 0x4b6f, 0x4b6f, 0x4b6f, 
	0x4b6f, 0x4b6f, 0x4b6f, 0x4b6f, 0x4b6f, 0x4b6f, 0x4b6f, 0x4b6f, 0x4b6f, 0x4b6f, 0x4b6f, 0x4b6f, 0x4b6f, 0x4b6f, 0x4b6f, 0x4b6f, 
	0x4b6f, 0x4b6f, 0x4b6f, 0x4b6f, 0x4b6f, 0x4b6f, 0x4b6f, 0x4b6f, 0x4b6f, 0x4b6f, 0x4b6f, 0x4b6f, 0x4b6f, 0x4b6f, 0x4b6f, 0x4b6f, 
	0x4b6f, 0x4b6f, 0x4b6f, 0x4b6f, 0x4b6f, 0x4b6f, 0x4b6f, 0x4b6f, 0x4b6f, 0x4b70, 0x4b6f, 0x4b70, 0x4b6f, 0x4b70, 0x4b70, 0x7bcf, 
	0x7bcf, 0x4b8f, 0x4b70, 0x4b70, 0x4b70, 0x4b70, 0x4b70, 0x4b70, 0x4b70, 0x4b70, 0x4b70, 0x4b70, 0x4b70, 0x4b70, 0x4b70, 0x4b70, 
	0x4b70, 0x4b70, 0x4b70, 0x4b70, 0x4b70, 0x4b70, 0x4b70, 0x4b70, 0x4b70, 0x4b70, 0x4b70, 0x4b70, 0x4b70, 0x4b70, 0x4b70, 0x4b70, 
	0x4b70, 0x4b70, 0x4b70, 0x4b70, 0x4b70, 0x4b70, 0x4b70, 0x4b70, 0x4b70, 0x4b70, 0x4b70, 0x4b70, 0x4b70, 0x4b70, 0x4b70, 0x4b70, 
	0x4b70, 0x4b70, 0x4b70, 0x4b70, 0x4b70, 0x4b70, 0x4b6f, 0x10e4, 0x0021, 0x02f2, 0x041a, 0x02ba, 0x023a, 0x023a, 0x023a, 0x023a, 
	0x023a, 0x023a, 0x01d6, 0x00a8, 0x0882, 0x326b, 0x4b70, 0x4b70, 0x4b70, 0x4b70, 0x4b70, 0x4b70, 0x4b70, 0x4b70, 0x4b70, 0x3aac, 
	0x10e4, 0x18c3, 0x52aa, 0x73ae, 0x7bcf, 0x7bef, 0x8410, 0x8410, 0x8410, 0x8410, 0x8410, 0x7bef, 0x7bcf, 0x73ae, 0x73ae, 0x73ae, 
	0x738e, 0x630c, 0x630c, 0x630c, 0x4a49, 0x0020, 0x10c3, 0x4b4f, 0x4b6f, 0x4b6f, 0x4b6f, 0x4b6f, 0x4b6f, 0x4b6f, 0x4b6f, 0x4b6f, 
	0x4b6f, 0x4b6f, 0x4b6f, 0x4b6f, 0x4b6f, 0x4b6f, 0x4b6f, 0x4b6f, 0x4b6f, 0x4b6f, 0x4b6f, 0x4b6f, 0x4b6f, 0x4b6f, 0x4b6f, 0x4b6f, 
	0x4b6f, 0x4b6f, 0x4b6f, 0x4b6f, 0x4b6f, 0x4b6f, 0x4b6f, 0x4b6f, 0x4b6f, 0x4b6f, 0x4b6f, 0x4b6f, 0x4b6f, 0x4b6f, 0x4b6f, 0x4b6f, 
	0x4b6f, 0x4b6f, 0x4b6f, 0x4b6f, 0x4b6f, 0x4b6f, 0x4b6f, 0x4b6f, 0x4b6f, 0x4b6f, 0x4b6f, 0x4b70, 0x4b6f, 0x4b70, 0x4b6f, 0x7bcf, 
	0x7bcf, 0x4b6f, 0x4b6f, 0x4b70, 0x4b6f, 0x4b70, 0x4b70, 0x4b70, 0x4b70, 0x4b70, 0x4b70, 0x4b70, 0x4b70, 0x4b70, 0x4b70, 0x4b70, 
	0x4b70, 0x4b70, 0x4b70, 0x4b70, 0x4b70, 0x4b70, 0x4b70, 0x4b70, 0x4b70, 0x4b70, 0x4b70, 0x4b70, 0x4b70, 0x4b70, 0x4b70, 0x4b70, 
	0x4b70, 0x4b70, 0x4b70, 0x4b70, 0x4b70, 0x4b70, 0x4b70, 0x4b70, 0x4b70, 0x4b70, 0x4b70, 0x4b70, 0x4b70, 0x4b70, 0x4b70, 0x4b70, 
	0x4b70, 0x4b70, 0x4b70, 0x4b70, 0x4b70, 0x4b70, 0x4b6f, 0x10e4, 0x0021, 0x02f2, 0x041a, 0x031a, 0x029a, 0x025a, 0x023a, 0x023a, 
	0x023a, 0x023a, 0x01d6, 0x00a7, 0x0882, 0x326b, 0x4b70, 0x4b70, 0x4b70, 0x4b70, 0x4b70, 0x4b6f, 0x4b6f, 0x4b6f, 0x4b70, 0x3aac, 
	0x10e4, 0x18c3, 0x52aa, 0x73ae, 0x73ae, 0x7bef, 0x8410, 0x8410, 0x8410, 0x8410, 0x7bef, 0x7bcf, 0x73ae, 0x73ae, 0x73ae, 0x73ae, 
	0x6b6d, 0x630c, 0x630c, 0x630c, 0x4a49, 0x0020, 0x10c3, 0x4b4f, 0x4b6f, 0x4b6f, 0x4b6f, 0x4b6f, 0x4b6f, 0x4b6f, 0x4b6f, 0x4b6f, 
	0x4b6f, 0x4b6f, 0x4b6f, 0x4b6f, 0x4b6f, 0x4b6f, 0x4b6f, 0x4b6f, 0x4b6f, 0x4b6f, 0x4b6f, 0x4b6f, 0x4b6f, 0x4b6f, 0x4b6f, 0x4b6f, 
	0x4b6f, 0x4b6f, 0x4b6f, 0x4b6f, 0x4b6f, 0x4b6f, 0x4b6f, 0x4b6f, 0x4b6f, 0x4b6f, 0x4b6f, 0x4b6f, 0x4b6f, 0x4b6f, 0x4b6f, 0x4b6f, 
	0x4b6f, 0x4b6f, 0x4b6f, 0x4b6f, 0x4b6f, 0x4b6f, 0x4b6f, 0x4b6f, 0x4b6f, 0x4b6f, 0x4b6f, 0x4b6f, 0x4b6f, 0x4b70, 0x4b6f, 0x7bcf, 
	0x7bcf, 0x4b6f, 0x4b6f, 0x4b6f, 0x4b6f, 0x4b6f, 0x4b6f, 0x4b6f, 0x4b6f, 0x4b70, 0x4b70, 0x4b70, 0x4b70, 0x4b70, 0x4b70, 0x4b70, 
	0x4b70, 0x4b70, 0x4b70, 0x4b70, 0x4b70, 0x4b70, 0x4b70, 0x4b70, 0x4b70, 0x4b70, 0x4b70, 0x4b70, 0x4b70, 0x4b70, 0x4b70, 0x4b70, 
	0x4b70, 0x4b70, 0x4b70, 0x4b70, 0x4b70, 0x4b70, 0x4b70, 0x4b70, 0x4b70, 0x4b70, 0x4b70, 0x4b70, 0x4b70, 0x4b70, 0x4b70, 0x4b70, 
	0x4b70, 0x4b70, 0x4b70, 0x4b70, 0x4b70, 0x4b70, 0x4b6f, 0x10e4, 0x0021, 0x02f2, 0x043a, 0x03da, 0x037a, 0x029a, 0x023a, 0x023a, 
	0x023a, 0x0219, 0x0193, 0x00a6, 0x1104, 0x3aac, 0x4b70, 0x4b70, 0x4b6f, 0x4b6f, 0x4b6f, 0x4b6f, 0x4b6f, 0x4b6f, 0x4b6f, 0x3aac, 
	0x10e4, 0x18c3, 0x52aa, 0x73ae, 0x73ae, 0x7bcf, 0x7bef, 0x8410, 0x8410, 0x8410, 0x7bef, 0x73ae, 0x73ae, 0x73ae, 0x73ae, 0x73ae, 
	0x6b6d, 0x630c, 0x630c, 0x630c, 0x4a49, 0x0020, 0x10c3, 0x4b4f, 0x4b6f, 0x4b6f, 0x4b6f, 0x4b6f, 0x4b6f, 0x4b6f, 0x4b6f, 0x4b6f, 
	0x4b6f, 0x4b6f, 0x4b6f, 0x4b6f, 0x4b6f, 0x4b6f, 0x4b6f, 0x4b6f, 0x4b6f, 0x4b6f, 0x4b6f, 0x4b6f, 0x4b6f, 0x4b6f, 0x4b6f, 0x4b6f, 
	0x4b6f, 0x4b6f, 0x4b6f, 0x4b6f, 0x4b6f, 0x4b6f, 0x4b6f, 0x4b6f, 0x4b6f, 0x4b6f, 0x4b6f, 0x4b6f, 0x4b6f, 0x4b6f, 0x4b6f, 0x4b6f, 
	0x4b6f, 0x4b6f, 0x4b6f, 0x4b6f, 0x4b6f, 0x4b6f, 0x4b6f, 0x4b6f, 0x4b6f, 0x4b6f, 0x4b6f, 0x4b6f, 0x4b6f, 0x4b6f, 0x4b6f, 0x73cf, 
	0x7bcf, 0x4b6f, 0x4b6f, 0x4b6f, 0x4b6f, 0x4b6f, 0x4b6f, 0x4b6f, 0x4b6f, 0x4b6f, 0x4b6f, 0x4b6f, 0x4b6f, 0x4b70, 0x4b70, 0x4b70, 
	0x4b70, 0x4b70, 0x4b70, 0x4b70, 0x4b70, 0x4b70, 0x4b70, 0x4b70, 0x4b70, 0x4b70, 0x4b70, 0x4b70, 0x4b70, 0x4b70, 0x4b70, 0x4b70, 
	0x4b70, 0x4b70, 0x4b70, 0x4b70, 0x4b70, 0x4b70, 0x4b70, 0x4b70, 0x4b70, 0x4b70, 0x4b70, 0x4b70, 0x4b70, 0x4b70, 0x4b70, 0x4b70, 
	0x4b70, 0x4b70, 0x4b70, 0x4b70, 0x4b70, 0x4b70, 0x4b6f, 0x2187, 0x0041, 0x024e, 0x03f8, 0x043a, 0x041a, 0x031a, 0x025a, 0x023a, 
	0x023a, 0x01f7, 0x00eb, 0x0884, 0x29e9, 0x432e, 0x4b70, 0x4b6f, 0x4b6f, 0x4b6f, 0x4b6f, 0x4b6f, 0x4b6f, 0x4b6f, 0x4b6f, 0x3aac, 
	0x10e4, 0x18c3, 0x52aa, 0x73ae, 0x73ae, 0x73ae, 0x7bcf, 0x7bef, 0x8410, 0x8410, 0x7bef, 0x73ae, 0x73ae, 0x73ae, 0x73ae, 0x738e, 
	0x6b6d, 0x630c, 0x630c, 0x630c, 0x4a49, 0x0020, 0x10c3, 0x4b4f, 0x4b6f, 0x4b6f, 0x4b6f, 0x4b6f, 0x4b6f, 0x4b6f, 0x4b6f, 0x4b6f, 
	0x4b6f, 0x4b6f, 0x4b6f, 0x4b6f, 0x4b6f, 0x4b6f, 0x4b6f, 0x4b6f, 0x4b6f, 0x4b6f, 0x4b6f, 0x4b6f, 0x4b6f, 0x4b6f, 0x4b6f, 0x4b6f, 
	0x4b6f, 0x4b6f, 0x4b6f, 0x4b6f, 0x4b6f, 0x4b6f, 0x4b6f, 0x4b6f, 0x4b6f, 0x4b6f, 0x4b6f, 0x4b6f, 0x4b6f, 0x4b6f, 0x4b6f, 0x4b6f, 
	0x4b6f, 0x4b6f, 0x4b6f, 0x4b6f, 0x4b6f, 0x4b6f, 0x4b6f, 0x4b6f, 0x4b6f, 0x4b6f, 0x4b6f, 0x4b6f, 0x4b6f, 0x4b6f, 0x4b6f, 0x73cf, 
	0x7bcf, 0x4b6f, 0x4b6f, 0x4b6f, 0x4b6f, 0x4b6f, 0x4b6f, 0x4b6f, 0x4b6f, 0x4b6f, 0x4b6f, 0x4b6f, 0x4b6f, 0x4b6f, 0x4b6f, 0x4b6f, 
	0x4b6f, 0x4b6f, 0x4b70, 0x4b70, 0x4b70, 0x4b70, 0x4b70, 0x4b70, 0x4b70, 0x4b70, 0x4b70, 0x4b70, 0x4b70, 0x4b70, 0x4b70, 0x4b70, 
	0x4b70, 0x4b70, 0x4b70, 0x4b70, 0x4b70, 0x4b70, 0x4b70, 0x4b70, 0x4b70, 0x4b70, 0x4b70, 0x4b70, 0x4b70, 0x4b70, 0x4b70, 0x4b70, 
	0x4b70, 0x4b70, 0x4b70, 0x4b70, 0x4b70, 0x4b70, 0x4b70, 0x3acc, 0x10c3, 0x00e5, 0x0354, 0x043a, 0x043a, 0x0399, 0x0235, 0x0193, 
	0x0193, 0x0171, 0x0908, 0x1945, 0x3aac, 0x4b70, 0x4b6f, 0x4b6f, 0x4b6f, 0x4b6f, 0x4b6f, 0x4b6f, 0x4b6f, 0x4b6f, 0x4b6f, 0x3aac, 
	0x10e4, 0x18c3, 0x52aa, 0x73ae, 0x73ae, 0x73ae, 0x73ae, 0x7bef, 0x8410, 0x8410, 0x7bef, 0x73ae, 0x73ae, 0x73ae, 0x73ae, 0x738e, 
	0x632c, 0x630c, 0x630c, 0x630c, 0x4a49, 0x0020, 0x10c3, 0x4b4f, 0x4b6f, 0x4b6f, 0x4b6f, 0x4b6f, 0x4b6f, 0x4b6f, 0x4b6f, 0x4b6f, 
	0x4b6f, 0x4b6f, 0x4b6f, 0x4b6f, 0x4b6f, 0x4b6f, 0x4b6f, 0x4b6f, 0x4b6f, 0x4b6f, 0x4b6f, 0x4b6f, 0x4b6f, 0x4b6f, 0x4b6f, 0x4b6f, 
	0x4b6f, 0x4b6f, 0x4b6f, 0x4b6f, 0x4b6f, 0x4b6f, 0x4b6f, 0x4b6f, 0x4b6f, 0x4b6f, 0x4b6f, 0x4b6f, 0x4b6f, 0x4b6f, 0x4b6f, 0x4b6f, 
	0x4b6f, 0x4b6f, 0x4b6f, 0x4b6f, 0x4b6f, 0x4b6f, 0x4b6f, 0x4b6f, 0x4b6f, 0x4b6f, 0x4b6f, 0x4b6f, 0x4b6f, 0x4b6f, 0x4b6f, 0x73cf, 
	0x7bcf, 0x4b6f, 0x4b6f, 0x4b6f, 0x4b6f, 0x4b6f, 0x4b6f, 0x4b6f, 0x4b6f, 0x4b6f, 0x4b6f, 0x4b6f, 0x4b6f, 0x4b6f, 0x4b6f, 0x4b6f, 
	0x4b6f, 0x4b6f, 0x4b6f, 0x4b6f, 0x4b6f, 0x4b6f, 0x4b6f, 0x4b70, 0x4b70, 0x4b70, 0x4b70, 0x4b70, 0x4b70, 0x4b70, 0x4b70, 0x4b70, 
	0x4b70, 0x4b70, 0x4b70, 0x4b70, 0x4b70, 0x4b70, 0x4b70, 0x4b70, 0x4b70, 0x4b70, 0x4b70, 0x4b70, 0x4b70, 0x4b70, 0x4b70, 0x4b70, 
	0x4b70, 0x4b70, 0x4b70, 0x4b70, 0x4b70, 0x4b70, 0x4b6f, 0x4b6f, 0x2187, 0x1105, 0x0a6e, 0x0313, 0x0313, 0x02d1, 0x014a, 0x0086, 
	0x0086, 0x08c7, 0x2a0a, 0x3acc, 0x432e, 0x4b6f, 0x4b6f, 0x4b6f, 0x4b6f, 0x4b6f, 0x4b6f, 0x4b6f, 0x4b6f, 0x4b6f, 0x4b6f, 0x3aac, 
	0x10e4, 0x18c3, 0x52aa, 0x73ae, 0x73ae, 0x73ae, 0x73ae, 0x7bcf, 0x7bef, 0x7bef, 0x7bcf, 0x73ae, 0x73ae, 0x73ae, 0x73ae, 0x6b6d, 
	0x630c, 0x630c, 0x630c, 0x630c, 0x4a49, 0x0020, 0x10c3, 0x4b4f, 0x4b6f, 0x4b6f, 0x4b6f, 0x4b6f, 0x4b6f, 0x4b6f, 0x4b6f, 0x4b6f, 
	0x4b6f, 0x4b6f, 0x4b6f, 0x4b6f, 0x4b6f, 0x4b6f, 0x4b6f, 0x4b6f, 0x4b6f, 0x4b6f, 0x4b6f, 0x4b6f, 0x4b6f, 0x4b6f, 0x4b6f, 0x4b6f, 
	0x4b6f, 0x4b6f, 0x4b6f, 0x4b6f, 0x4b6f, 0x4b6f, 0x4b6f, 0x4b6f, 0x4b6f, 0x4b6f, 0x4b6f, 0x4b6f, 0x4b6f, 0x4b6f, 0x4b6f, 0x4b6f, 
	0x4b6f, 0x4b6f, 0x4b6f, 0x4b6f, 0x4b6f, 0x4b6f, 0x4b6f, 0x4b6f, 0x4b6f, 0x4b6f, 0x4b6f, 0x4b6f, 0x4b6f, 0x4b6f, 0x4b6f, 0x73cf, 
	0x7bcf, 0x4b6f, 0x4b6f, 0x4b6f, 0x4b6f, 0x4b6f, 0x4b6f, 0x4b6f, 0x4b6f, 0x4b6f, 0x4b6f, 0x4b6f, 0x4b6f, 0x4b6f, 0x4b6f, 0x4b6f, 
	0x4b6f, 0x4b6f, 0x4b6f, 0x4b6f, 0x4b6f, 0x4b6f, 0x4b6f, 0x4b6f, 0x4b6f, 0x4b6f, 0x4b70, 0x4b70, 0x4b70, 0x4b70, 0x4b70, 0x4b70, 
	0x4b70, 0x4b70, 0x4b70, 0x4b70, 0x4b70, 0x4b70, 0x4b70, 0x4b70, 0x4b70, 0x4b70, 0x4b70, 0x4b70, 0x4b70, 0x4b70, 0x4b70, 0x4b70, 
	0x4b70, 0x4b70, 0x4b70, 0x4b6f, 0x4b70, 0x4b6f, 0x4b70, 0x4b6f, 0x3aed, 0x3a8c, 0x1167, 0x00e5, 0x00e5, 0x00e5, 0x10e4, 0x10e4, 
	0x10e4, 0x1945, 0x3aac, 0x4b6f, 0x4b6f, 0x4b6f, 0x4b6f, 0x4b6f, 0x4b6f, 0x4b6f, 0x4b6f, 0x4b6f, 0x4b6f, 0x4b6f, 0x4b6f, 0x3aac, 
	0x10e4, 0x18c3, 0x52aa, 0x73ae, 0x73ae, 0x73ae, 0x73ae, 0x73ae, 0x73ae, 0x73ae, 0x73ae, 0x73ae, 0x73ae, 0x73ae, 0x73ae, 0x6b6d, 
	0x630c, 0x630c, 0x630c, 0x630c, 0x4a49, 0x0020, 0x10c3, 0x4b4f, 0x4b6f, 0x4b6f, 0x4b6f, 0x4b6f, 0x4b6f, 0x4b6f, 0x4b6f, 0x4b6f, 
	0x4b6f, 0x4b6f, 0x4b6f, 0x4b6f, 0x4b6f, 0x4b6f, 0x4b6f, 0x4b6f, 0x4b6f, 0x4b6f, 0x4b6f, 0x4b6f, 0x4b6f, 0x4b6f, 0x4b6f, 0x4b6f, 
	0x4b6f, 0x4b6f, 0x4b6f, 0x4b6f, 0x4b6f, 0x4b6f, 0x4b6f, 0x4b6f, 0x4b6f, 0x4b6f, 0x4b6f, 0x4b6f, 0x4b6f, 0x4b6f, 0x4b6f, 0x4b6f, 
	0x4b6f, 0x4b6f, 0x4b6f, 0x4b6f, 0x4b6f, 0x4b6f, 0x4b6f, 0x4b6f, 0x4b6f, 0x4b6f, 0x4b6f, 0x4b6f, 0x4b6f, 0x4b6f, 0x4b6f, 0x73cf, 
	0x7bcf, 0x4b6f, 0x4b6f, 0x4b6f, 0x4b6f, 0x4b6f, 0x4b6f, 0x4b6f, 0x4b6f, 0x4b6f, 0x4b6f, 0x4b6f, 0x4b6f, 0x4b6f, 0x4b6f, 0x4b6f, 
	0x4b6f, 0x4b6f, 0x4b6f, 0x4b6f, 0x4b6f, 0x4b6f, 0x4b6f, 0x4b6f, 0x4b6f, 0x4b6f, 0x4b6f, 0x4b6f, 0x4b6f, 0x4b6f, 0x4b6f, 0x4b6f, 
	0x4b70, 0x4b70, 0x4b70, 0x4b70, 0x4b70, 0x4b70, 0x4b70, 0x4b70, 0x4b70, 0x4b70, 0x4b70, 0x4b70, 0x4b70, 0x4b70, 0x4b6f, 0x4b70, 
	0x4b6f, 0x4b6f, 0x4b6f, 0x4b6f, 0x4b6f, 0x4b6f, 0x4b6f, 0x4b6f, 0x4b6f, 0x434f, 0x21a7, 0x10e4, 0x10e4, 0x1925, 0x322a, 0x3aac, 
	0x3aac, 0x3acd, 0x432e, 0x4b6f, 0x4b6f, 0x4b6f, 0x4b6f, 0x4b6f, 0x4b6f, 0x4b6f, 0x4b6f, 0x4b6f, 0x4b6f, 0x4b6f, 0x4b6f, 0x3aac, 
	0x10e4, 0x18c3, 0x52aa, 0x73ae, 0x73ae, 0x73ae, 0x73ae, 0x73ae, 0x73ae, 0x73ae, 0x73ae, 0x73ae, 0x73ae, 0x73ae, 0x73ae, 0x6b6d, 
	0x630c, 0x630c, 0x630c, 0x630c, 0x4a49, 0x0020, 0x10c3, 0x4b4f, 0x4b6f, 0x4b6f, 0x4b6f, 0x4b6f, 0x4b6f, 0x4b6f, 0x4b6f, 0x4b6f, 
	0x4b6f, 0x4b6f, 0x4b6f, 0x4b6f, 0x4b6f, 0x4b6f, 0x4b6f, 0x4b6f, 0x4b6f, 0x4b6f, 0x4b6f, 0x4b6f, 0x4b6f, 0x4b6f, 0x4b6f, 0x4b6f, 
	0x4b6f, 0x4b6f, 0x4b6f, 0x4b6f, 0x4b6f, 0x4b6f, 0x4b6f, 0x4b6f, 0x4b6f, 0x4b6f, 0x4b6f, 0x4b6f, 0x4b6f, 0x4b6f, 0x4b6f, 0x4b6f, 
	0x4b6f, 0x4b6f, 0x4b6f, 0x4b6f, 0x4b6f, 0x4b6f, 0x4b6f, 0x4b6f, 0x4b6f, 0x4b6f, 0x4b6f, 0x4b6f, 0x4b6f, 0x4b6f, 0x4b6f, 0x73cf, 
	0x7bcf, 0x4b6f, 0x4b6f, 0x4b6f, 0x4b6f, 0x4b6f, 0x4b6f, 0x4b6f, 0x4b6f, 0x4b6f, 0x4b6f, 0x4b6f, 0x4b6f, 0x4b6f, 0x4b6f, 0x4b6f, 
	0x4b6f, 0x4b6f, 0x4b6f, 0x4b6f, 0x4b6f, 0x4b6f, 0x4b6f, 0x4b6f, 0x4b6f, 0x4b6f, 0x4b6f, 0x4b6f, 0x4b6f, 0x4b6f, 0x4b6f, 0x4b6f, 
	0x4b6f, 0x4b6f, 0x4b70, 0x4b70, 0x4b70, 0x4b70, 0x4b70, 0x4b70, 0x4b70, 0x4b70, 0x4b70, 0x4b6f, 0x4b70, 0x4b6f, 0x4b6f, 0x4b6f, 
	0x4b6f, 0x4b6f, 0x4b6f, 0x4b6f, 0x4b6f, 0x4b6f, 0x4b6f, 0x4b6f, 0x4b6f, 0x4b6f, 0x42ed, 0x3acc, 0x3acc, 0x3acd, 0x434e, 0x4b6f, 
	0x4b6f, 0x4b6f, 0x4b6f, 0x4b6f, 0x4b6f, 0x4b6f, 0x4b6f, 0x4b6f, 0x4b6f, 0x4b6f, 0x4b6f, 0x4b6f, 0x4b6f, 0x4b6f, 0x4b6f, 0x3aac, 
	0x10e4, 0x18c3, 0x52aa, 0x738e, 0x738e, 0x738e, 0x738e, 0x738e, 0x738e, 0x738e, 0x738e, 0x738e, 0x738e, 0x738e, 0x738e, 0x6b6d, 
	0x630c, 0x630c, 0x630c, 0x630c, 0x4a49, 0x0020, 0x10c3, 0x4b4f, 0x4b6f, 0x4b6f, 0x4b6f, 0x4b6f, 0x4b6f, 0x4b6f, 0x4b6f, 0x4b6f, 
	0x4b6f, 0x4b6f, 0x4b6f, 0x4b6f, 0x4b6f, 0x4b6f, 0x4b6f, 0x4b6f, 0x4b6f, 0x4b6f, 0x4b6f, 0x4b6f, 0x4b6f, 0x4b6f, 0x4b6f, 0x4b6f, 
	0x4b6f, 0x4b6f, 0x4b6f, 0x4b6f, 0x4b6f, 0x4b6f, 0x4b6f, 0x4b6f, 0x4b6f, 0x4b6f, 0x4b6f, 0x4b6f, 0x4b6f, 0x4b6f, 0x4b6f, 0x4b6f, 
	0x4b6f, 0x4b6f, 0x4b6f, 0x4b6f, 0x4b6f, 0x4b6f, 0x4b6f, 0x4b6f, 0x4b6f, 0x4b6f, 0x4b6f, 0x4b6f, 0x4b6f, 0x4b6f, 0x4b6f, 0x73cf, 
	0x7bcf, 0x4b6f, 0x4b6f, 0x4b6f, 0x4b6f, 0x4b6f, 0x4b6f, 0x4b6f, 0x4b6f, 0x4b6f, 0x4b6f, 0x4b6f, 0x4b6f, 0x4b6f, 0x4b6f, 0x4b6f, 
	0x4b6f, 0x4b6f, 0x4b6f, 0x4b6f, 0x4b6f, 0x4b6f, 0x4b6f, 0x4b6f, 0x4b6f, 0x4b6f, 0x4b6f, 0x4b6f, 0x4b6f, 0x4b6f, 0x4b6f, 0x4b6f, 
	0x4b6f, 0x4b6f, 0x4b6f, 0x4b6f, 0x4b6f, 0x4b6f, 0x4b6f, 0x4b6f, 0x4b6f, 0x4b6f, 0x4b6f, 0x4b6f, 0x4b6f, 0x4b6f, 0x4b6f, 0x4b6f, 
	0x4b6f, 0x4b6f, 0x4b6f, 0x4b6f, 0x4b6f, 0x4b6f, 0x4b6f, 0x4b6f, 0x4b6f, 0x4b6f, 0x4b6f, 0x4b6f, 0x4b6f, 0x4b6f, 0x4b6f, 0x4b6f, 
	0x4b6f, 0x4b6f, 0x4b6f, 0x4b6f, 0x4b6f, 0x4b6f, 0x4b6f, 0x4b6f, 0x4b6f, 0x4b6f, 0x4b6f, 0x4b6f, 0x4b6f, 0x4b6f, 0x4b6f, 0x3aac, 
	0x10e4, 0x18c3, 0x52aa, 0x738e, 0x738e, 0x738e, 0x738e, 0x738e, 0x738e, 0x738e, 0x738e, 0x738e, 0x738e, 0x738e, 0x738e, 0x6b6d, 
	0x630c, 0x630c, 0x630c, 0x630c, 0x4a49, 0x0020, 0x10c3, 0x4b2f, 0x4b6f, 0x4b6f, 0x4b6f, 0x4b6f, 0x4b6f, 0x4b6f, 0x4b6f, 0x4b6f, 
	0x4b6f, 0x4b6f, 0x4b6f, 0x4b6f, 0x4b6f, 0x4b6f, 0x4b6f, 0x4b6f, 0x4b6f, 0x4b6f, 0x4b6f, 0x4b6f, 0x4b6f, 0x4b6f, 0x4b6f, 0x4b6f, 
	0x4b6f, 0x4b6f, 0x4b6f, 0x4b6f, 0x4b6f, 0x4b6f, 0x4b6f, 0x4b6f, 0x4b6f, 0x4b6f, 0x4b6f, 0x4b6f, 0x4b6f, 0x4b6f, 0x4b6f, 0x4b6f, 
	0x4b6f, 0x4b6f, 0x4b6f, 0x4b6f, 0x4b6f, 0x4b6f, 0x4b6f, 0x4b6f, 0x4b6f, 0x4b6f, 0x4b6f, 0x4b6f, 0x4b6f, 0x4b6f, 0x4b6f, 0x73cf, 
	0x7bcf, 0x4b6f, 0x4b6f, 0x4b6f, 0x4b6f, 0x4b6f, 0x4b6f, 0x4b6f, 0x4b6f, 0x4b6f, 0x4b6f, 0x4b6f, 0x4b6f, 0x4b6f, 0x4b6f, 0x4b6f, 
	0x4b6f, 0x4b6f, 0x4b6f, 0x4b6f, 0x4b6f, 0x4b6f, 0x4b6f, 0x4b6f, 0x4b6f, 0x4b6f, 0x4b6f, 0x4b6f, 0x4b6f, 0x4b6f, 0x4b6f, 0x4b6f, 
	0x4b6f, 0x4b6f, 0x4b6f, 0x4b6f, 0x4b6f, 0x4b6f, 0x4b6f, 0x4b6f, 0x4b6f, 0x4b6f, 0x4b6f, 0x4b6f, 0x4b6f, 0x4b6f, 0x4b6f, 0x4b6f, 
	0x4b6f, 0x4b6f, 0x4b6f, 0x4b6f, 0x4b6f, 0x4b6f, 0x4b6f, 0x4b6f, 0x4b6f, 0x4b6f, 0x4b6f, 0x4b6f, 0x4b6f, 0x4b6f, 0x4b6f, 0x4b6f, 
	0x4b6f, 0x4b6f, 0x4b6f, 0x4b6f, 0x4b6f, 0x4b6f, 0x4b6f, 0x4b6f, 0x4b6f, 0x4b6f, 0x4b6f, 0x4b6f, 0x4b6f, 0x4b6f, 0x4b6f, 0x3aac, 
	0x10e4, 0x18c3, 0x52aa, 0x738e, 0x738e, 0x738e, 0x738e, 0x738e, 0x738e, 0x738e, 0x738e, 0x738e, 0x738e, 0x738e, 0x738e, 0x6b6d, 
	0x630c, 0x630c, 0x630c, 0x630c, 0x4a49, 0x0020, 0x10c3, 0x4b4f, 0x4b6f, 0x4b6f, 0x4b6f, 0x4b6f, 0x4b6f, 0x4b6f, 0x4b6f, 0x4b6f, 
	0x4b6f, 0x4b6f, 0x4b6f, 0x4b6f, 0x4b6f, 0x4b6f, 0x4b6f, 0x4b6f, 0x4b6f, 0x4b6f, 0x4b6f, 0x4b6f, 0x4b6f, 0x4b6f, 0x4b6f, 0x4b6f, 
	0x4b6f, 0x4b6f, 0x4b6f, 0x4b6f, 0x4b6f, 0x4b6f, 0x4b6f, 0x4b6f, 0x4b6f, 0x4b6f, 0x4b6f, 0x4b6f, 0x4b6f, 0x4b6f, 0x4b6f, 0x4b6f, 
	0x4b6f, 0x4b6f, 0x4b6f, 0x4b6f, 0x4b6f, 0x4b6f, 0x4b6f, 0x4b6f, 0x4b6f, 0x4b6f, 0x4b6f, 0x4b6f, 0x4b6f, 0x4b6f, 0x4b6f, 0x73cf, 
	0x7bcf, 0x4b6f, 0x4b6f, 0x4b6f, 0x4b6f, 0x4b6f, 0x4b6f, 0x4b6f, 0x4b6f, 0x4b6f, 0x4b6f, 0x4b6f, 0x4b6f, 0x4b6f, 0x4b6f, 0x4b6f, 
	0x4b6f, 0x4b6f, 0x4b6f, 0x4b6f, 0x4b6f, 0x4b6f, 0x4b6f, 0x4b6f, 0x4b6f, 0x4b6f, 0x4b6f, 0x4b6f, 0x4b6f, 0x4b6f, 0x4b6f, 0x4b6f, 
	0x4b6f, 0x4b6f, 0x4b6f, 0x4b6f, 0x4b6f, 0x4b6f, 0x4b6f, 0x4b6f, 0x4b6f, 0x4b6f, 0x4b6f, 0x4b6f, 0x4b6f, 0x4b6f, 0x4b6f, 0x4b6f, 
	0x4b6f, 0x4b6f, 0x4b6f, 0x4b6f, 0x4b6f, 0x4b6f, 0x4b6f, 0x4b6f, 0x4b6f, 0x4b6f, 0x4b6f, 0x4b6f, 0x4b6f, 0x4b6f, 0x4b6f, 0x4b6f, 
	0x4b6f, 0x4b6f, 0x4b6f, 0x4b6f, 0x4b6f, 0x4b6f, 0x4b6f, 0x4b6f, 0x4b6f, 0x4b6f, 0x4b6f, 0x4b6f, 0x4b6f, 0x4b6f, 0x4b6f, 0x3aac, 
	0x10e4, 0x18c3, 0x52aa, 0x738e, 0x738e, 0x738e, 0x738e, 0x738e, 0x738e, 0x738e, 0x738e, 0x738e, 0x738e, 0x738e, 0x6b6d, 0x6b4d, 
	0x630c, 0x630c, 0x630c, 0x630c, 0x4a49, 0x0020, 0x10c3, 0x4b2f, 0x4b6f, 0x4b6f, 0x4b6f, 0x4b6f, 0x4b6f, 0x4b6f, 0x4b6f, 0x4b6f, 
	0x4b6f, 0x4b6f, 0x4b6f, 0x4b6f, 0x4b6f, 0x4b6f, 0x4b6f, 0x4b6f, 0x4b6f, 0x4b6f, 0x4b6f, 0x4b6f, 0x4b6f, 0x4b6f, 0x4b6f, 0x4b6f, 
	0x4b6f, 0x4b6f, 0x4b6f, 0x4b6f, 0x4b6f, 0x4b6f, 0x4b6f, 0x4b6f, 0x4b6f, 0x4b6f, 0x4b6f, 0x4b6f, 0x4b6f, 0x4b6f, 0x4b6f, 0x4b6f, 
	0x4b6f, 0x4b6f, 0x4b6f, 0x4b6f, 0x4b6f, 0x4b6f, 0x4b6f, 0x4b6f, 0x4b6f, 0x4b6f, 0x4b6f, 0x4b6f, 0x4b6f, 0x4b6f, 0x4b6f, 0x73cf, 
	0x7bcf, 0x4b6f, 0x4b6f, 0x4b6f, 0x4b6f, 0x4b6f, 0x4b6f, 0x4b6f, 0x4b6f, 0x4b6f, 0x4b6f, 0x4b6f, 0x4b6f, 0x4b6f, 0x4b6f, 0x4b6f, 
	0x4b6f, 0x4b6f, 0x4b6f, 0x4b6f, 0x4b6f, 0x4b6f, 0x4b6f, 0x4b6f, 0x4b6f, 0x4b6f, 0x4b6f, 0x4b6f, 0x4b6f, 0x4b6f, 0x4b6f, 0x4b6f, 
	0x4b6f, 0x4b6f, 0x4b6f, 0x4b6f, 0x4b6f, 0x4b6f, 0x4b6f, 0x4b6f, 0x4b6f, 0x4b6f, 0x4b6f, 0x4b6f, 0x4b6f, 0x4b6f, 0x4b6f, 0x4b6f, 
	0x4b6f, 0x4b6f, 0x4b6f, 0x4b6f, 0x4b6f, 0x4b6f, 0x4b6f, 0x4b6f, 0x4b6f, 0x4b6f, 0x4b6f, 0x4b6f, 0x4b6f, 0x4b6f, 0x4b6f, 0x4b6f, 
	0x4b6f, 0x4b6f, 0x4b6f, 0x4b6f, 0x4b6f, 0x4b6f, 0x4b6f, 0x4b6f, 0x4b6f, 0x4b6f, 0x4b6f, 0x4b6f, 0x4b6f, 0x4b6f, 0x4b6f, 0x3aac, 
	0x10e4, 0x18c3, 0x52aa, 0x738e, 0x738e, 0x738e, 0x738e, 0x738e, 0x738e, 0x738e, 0x738e, 0x738e, 0x738e, 0x6b6d, 0x632c, 0x630c, 
	0x630c, 0x630c, 0x630c, 0x630c, 0x4a49, 0x0020, 0x10c3, 0x4b4f, 0x4b6f, 0x4b6f, 0x4b6f, 0x4b6f, 0x4b6f, 0x4b6f, 0x4b6f, 0x4b6f, 
	0x4b6f, 0x4b6f, 0x4b6f, 0x4b6f, 0x4b6f, 0x4b6f, 0x4b6f, 0x4b6f, 0x4b6f, 0x4b6f, 0x4b6f, 0x4b6f, 0x4b6f, 0x4b6f, 0x4b6f, 0x4b6f, 
	0x4b6f, 0x4b6f, 0x4b6f, 0x4b6f, 0x4b6f, 0x4b6f, 0x4b6f, 0x4b6f, 0x4b6f, 0x4b6f, 0x4b6f, 0x4b6f, 0x4b6f, 0x4b6f, 0x4b6f, 0x4b6f, 
	0x4b6f, 0x4b6f, 0x4b6f, 0x4b6f, 0x4b6f, 0x4b6f, 0x4b6f, 0x4b6f, 0x4b6f, 0x4b6f, 0x4b6f, 0x4b6f, 0x4b6f, 0x4b6f, 0x4b6f, 0x73cf, 
	0x7bcf, 0x4b6f, 0x4b6f, 0x4b6f, 0x4b6f, 0x4b6f, 0x4b6f, 0x4b6f, 0x4b6f, 0x4b6f, 0x4b6f, 0x4b6f, 0x4b6f, 0x4b6f, 0x4b6f, 0x4b6f, 
	0x4b6f, 0x4b6f, 0x4b6f, 0x4b6f, 0x4b6f, 0x4b6f, 0x4b6f, 0x4b6f, 0x4b6f, 0x4b6f, 0x4b6f, 0x4b6f, 0x4b6f, 0x4b6f, 0x4b6f, 0x4b6f, 
	0x4b6f, 0x4b6f, 0x4b6f, 0x4b6f, 0x4b6f, 0x4b6f, 0x4b6f, 0x4b6f, 0x4b6f, 0x4b6f, 0x4b6f, 0x4b6f, 0x4b6f, 0x4b6f, 0x4b6f, 0x4b6f, 
	0x4b6f, 0x4b6f, 0x4b6f, 0x4b6f, 0x4b6f, 0x4b6f, 0x4b6f, 0x4b6f, 0x4b6f, 0x4b6f, 0x4b6f, 0x4b6f, 0x4b6f, 0x4b6f, 0x4b6f, 0x4b6f, 
	0x4b6f, 0x4b6f, 0x4b6f, 0x4b6f, 0x4b6f, 0x4b6f, 0x4b6f, 0x4b6f, 0x4b6f, 0x4b6f, 0x4b6f, 0x4b6f, 0x4b6f, 0x4b6f, 0x4b6f, 0x3aac, 
	0x10e4, 0x18c3, 0x52aa, 0x738e, 0x738e, 0x738e, 0x738e, 0x738e, 0x738e, 0x738e, 0x738e, 0x738e, 0x738e, 0x6b6d, 0x630c, 0x630c, 
	0x630c, 0x630c, 0x630c, 0x630c, 0x4a49, 0x0020, 0x10c3, 0x4b2f, 0x4b6f, 0x4b6f, 0x4b6f, 0x4b6f, 0x4b6f, 0x4b6f, 0x4b6f, 0x4b6f, 
	0x4b6f, 0x4b6f, 0x4b6f, 0x4b6f, 0x4b6f, 0x4b6f, 0x4b6f, 0x4b6f, 0x4b6f, 0x4b6f, 0x4b6f, 0x4b6f, 0x4b6f, 0x4b6f, 0x4b6f, 0x4b6f, 
	0x4b6f, 0x4b6f, 0x4b6f, 0x4b6f, 0x4b6f, 0x4b6f, 0x4b6f, 0x4b6f, 0x4b6f, 0x4b6f, 0x4b6f, 0x4b6f, 0x4b6f, 0x4b6f, 0x4b6f, 0x4b6f, 
	0x4b6f, 0x4b6f, 0x4b6f, 0x4b6f, 0x4b6f, 0x4b6f, 0x4b6f, 0x4b6f, 0x4b6f, 0x4b6f, 0x4b6f, 0x4b6f, 0x4b6f, 0x4b6f, 0x4b6f, 0x73cf, 
	0x7bef, 0x4b6f, 0x4b6f, 0x4b6f, 0x4b6f, 0x4b6f, 0x4b6f, 0x4b6f, 0x4b6f, 0x4b6f, 0x4b6f, 0x4b6f, 0x4b6f, 0x4b6f, 0x4b6f, 0x4b6f, 
	0x4b6f, 0x4b6f, 0x4b6f, 0x4b6f, 0x4b6f, 0x4b6f, 0x4b6f, 0x4b6f, 0x4b6f, 0x4b6f, 0x4b6f, 0x4b6f, 0x4b6f, 0x4b6f, 0x4b6f, 0x4b6f, 
	0x4b6f, 0x4b6f, 0x4b6f, 0x4b6f, 0x4b6f, 0x4b6f, 0x4b6f, 0x4b6f, 0x4b6f, 0x4b6f, 0x4b6f, 0x4b6f, 0x4b6f, 0x4b6f, 0x4b6f, 0x4b6f, 
	0x4b6f, 0x4b6f, 0x4b6f, 0x4b6f, 0x4b6f, 0x4b6f, 0x4b6f, 0x4b6f, 0x4b6f, 0x4b6f, 0x4b6f, 0x4b6f, 0x4b6f, 0x4b6f, 0x4b6f, 0x4b6f, 
	0x4b6f, 0x4b6f, 0x4b6f, 0x4b6f, 0x4b6f, 0x4b6f, 0x4b6f, 0x4b6f, 0x4b6f, 0x4b6f, 0x4b6f, 0x4b6f, 0x4b6f, 0x4b6f, 0x4b6f, 0x3aac, 
	0x10e4, 0x18c3, 0x52aa, 0x738e, 0x738e, 0x738e, 0x738e, 0x738e, 0x738e, 0x738e, 0x738e, 0x738e, 0x738e, 0x6b6d, 0x630c, 0x630c, 
	0x630c, 0x630c, 0x630c, 0x630c, 0x4a49, 0x0020, 0x10c3, 0x4b4f, 0x4b6f, 0x4b6f, 0x4b6f, 0x4b6f, 0x4b6f, 0x4b6f, 0x4b6f, 0x4b6f, 
	0x4b6f, 0x4b6f, 0x4b6f, 0x4b6f, 0x4b6f, 0x4b6f, 0x4b6f, 0x4b6f, 0x4b6f, 0x4b6f, 0x4b6f, 0x4b6f, 0x4b6f, 0x4b6f, 0x4b6f, 0x4b6f, 
	0x4b6f, 0x4b6f, 0x4b6f, 0x4b6f, 0x4b6f, 0x4b6f, 0x4b6f, 0x4b6f, 0x4b6f, 0x4b6f, 0x4b6f, 0x4b6f, 0x4b6f, 0x4b6f, 0x4b6f, 0x4b6f, 
	0x4b6f, 0x4b6f, 0x4b6f, 0x4b6f, 0x4b6f, 0x4b6f, 0x4b6f, 0x4b6f, 0x4b6f, 0x4b6f, 0x4b6f, 0x4b6f, 0x4b6f, 0x4b6f, 0x4b6f, 0x73cf, 
	0x7bcf, 0x4b6f, 0x4b6f, 0x4b6f, 0x4b6f, 0x4b6f, 0x4b6f, 0x4b6f, 0x4b6f, 0x4b6f, 0x4b6f, 0x4b6f, 0x4b6f, 0x4b6f, 0x4b6f, 0x4b6f, 
	0x4b6f, 0x4b6f, 0x4b6f, 0x4b6f, 0x4b6f, 0x4b6f, 0x4b6f, 0x4b6f, 0x4b6f, 0x4b6f, 0x4b6f, 0x4b6f, 0x4b6f, 0x4b6f, 0x4b6f, 0x4b6f, 
	0x4b6f, 0x4b6f, 0x4b6f, 0x4b6f, 0x4b6f, 0x4b6f, 0x4b6f, 0x4b6f, 0x4b6f, 0x4b6f, 0x4b6f, 0x4b6f, 0x4b6f, 0x4b6f, 0x4b6f, 0x4b6f, 
	0x4b6f, 0x4b6f, 0x4b6f, 0x4b6f, 0x4b6f, 0x4b6f, 0x4b6f, 0x4b6f, 0x4b6f, 0x4b6f, 0x4b6f, 0x4b6f, 0x4b6f, 0x4b6f, 0x4b6f, 0x4b6f, 
	0x4b6f, 0x4b6f, 0x4b6f, 0x4b6f, 0x4b6f, 0x4b6f, 0x4b6f, 0x4b6f, 0x4b6f, 0x4b6f, 0x4b6f, 0x4b6f, 0x4b6f, 0x4b6f, 0x4b6f, 0x3aac, 
	0x10e4, 0x18c3, 0x52aa, 0x738e, 0x738e, 0x738e, 0x738e, 0x738e, 0x738e, 0x738e, 0x738e, 0x738e, 0x6b6d, 0x6b4d, 0x630c, 0x5aeb, 
	0x5aeb, 0x5aeb, 0x5aeb, 0x5aeb, 0x4a49, 0x0020, 0x10c3, 0x4b2f, 0x4b6f, 0x4b6f, 0x4b6f, 0x4b6f, 0x4b6f, 0x4b6f, 0x4b6f, 0x4b6f, 
	0x4b6f, 0x4b6f, 0x4b6f, 0x4b6f, 0x4b6f, 0x4b6f, 0x4b6f, 0x4b6f, 0x4b6f, 0x4b6f, 0x4b6f, 0x4b6f, 0x4b6f, 0x4b6f, 0x4b6f, 0x4b6f, 
	0x4b6f, 0x4b6f, 0x4b6f, 0x4b6f, 0x4b6f, 0x4b6f, 0x4b6f, 0x4b6f, 0x4b6f, 0x4b6f, 0x4b6f, 0x4b6f, 0x4b6f, 0x4b6f, 0x4b6f, 0x4b6f, 
	0x4b6f, 0x4b6f, 0x4b6f, 0x4b6f, 0x4b6f, 0x4b6f, 0x4b6f, 0x4b6f, 0x4b6f, 0x4b6f, 0x4b6f, 0x4b6f, 0x4b6f, 0x4b6f, 0x4b6f, 0x73cf, 
	0x7bef, 0x4b6f, 0x4b6f, 0x4b6f, 0x4b6f, 0x4b6f, 0x4b6f, 0x4b6f, 0x4b6f, 0x4b6f, 0x4b6f, 0x4b6f, 0x4b6f, 0x4b6f, 0x4b6f, 0x4b6f, 
	0x4b6f, 0x4b6f, 0x4b6f, 0x4b6f, 0x4b6f, 0x4b6f, 0x4b6f, 0x4b6f, 0x4b6f, 0x4b6f, 0x4b6f, 0x4b6f, 0x4b6f, 0x4b6f, 0x4b6f, 0x4b6f, 
	0x4b6f, 0x4b6f, 0x4b6f, 0x4b6f, 0x4b6f, 0x4b6f, 0x4b6f, 0x4b6f, 0x4b6f, 0x4b6f, 0x4b6f, 0x4b6f, 0x4b6f, 0x4b6f, 0x4b6f, 0x4b6f, 
	0x4b6f, 0x4b6f, 0x4b6f, 0x4b6f, 0x4b6f, 0x4b6f, 0x4b6f, 0x4b6f, 0x4b6f, 0x4b6f, 0x4b6f, 0x4b6f, 0x4b6f, 0x4b6f, 0x4b6f, 0x4b6f, 
	0x4b6f, 0x4b6f, 0x4b6f, 0x4b6f, 0x4b6f, 0x4b6f, 0x4b6f, 0x4b6f, 0x4b6f, 0x4b6f, 0x4b6f, 0x4b6f, 0x4b6f, 0x4b6f, 0x4b6f, 0x3aac, 
	0x10e4, 0x18c3, 0x52aa, 0x738e, 0x738e, 0x738e, 0x738e, 0x738e, 0x738e, 0x738e, 0x738e, 0x6b6d, 0x632c, 0x630c, 0x5aeb, 0x5aeb, 
	0x5aeb, 0x5aeb, 0x5aeb, 0x5aeb, 0x4a49, 0x0020, 0x10c3, 0x4b2f, 0x4b6f, 0x4b6f, 0x4b6f, 0x4b6f, 0x4b6f, 0x4b6f, 0x4b6f, 0x4b6f, 
	0x4b6f, 0x4b6f, 0x4b6f, 0x4b6f, 0x4b6f, 0x4b6f, 0x4b6f, 0x4b6f, 0x4b6f, 0x4b6f, 0x4b6f, 0x4b6f, 0x4b6f, 0x4b6f, 0x4b6f, 0x4b6f, 
	0x4b6f, 0x4b6f, 0x4b6f, 0x4b6f, 0x4b6f, 0x4b6f, 0x4b6f, 0x4b6f, 0x4b6f, 0x4b6f, 0x4b6f, 0x4b6f, 0x4b6f, 0x4b6f, 0x4b6f, 0x4b6f, 
	0x4b6f, 0x4b6f, 0x4b6f, 0x4b6f, 0x4b6f, 0x4b6f, 0x4b6f, 0x4b6f, 0x4b6f, 0x4b6f, 0x4b6f, 0x4b6f, 0x4b6f, 0x4b6f, 0x4b6f, 0x73cf, 
	0x7bcf, 0x4b6f, 0x4b6f, 0x4b6f, 0x4b6f, 0x4b6f, 0x4b6f, 0x4b6f, 0x4b6f, 0x4b6f, 0x4b6f, 0x4b6f, 0x4b6f, 0x4b6f, 0x4b6f, 0x4b6f, 
	0x4b6f, 0x4b6f, 0x4b6f, 0x4b6f, 0x4b6f, 0x4b6f, 0x4b6f, 0x4b6f, 0x4b6f, 0x4b6f, 0x4b6f, 0x4b6f, 0x4b6f, 0x4b6f, 0x4b6f, 0x4b6f, 
	0x4b6f, 0x4b6f, 0x4b6f, 0x4b6f, 0x4b6f, 0x4b6f, 0x4b6f, 0x4b6f, 0x4b6f, 0x4b6f, 0x4b6f, 0x4b6f, 0x4b6f, 0x4b6f, 0x4b6f, 0x4b6f, 
	0x4b6f, 0x4b6f, 0x4b6f, 0x4b6f, 0x4b6f, 0x4b6f, 0x4b6f, 0x4b6f, 0x4b6f, 0x4b6f, 0x4b6f, 0x4b6f, 0x4b6f, 0x4b6f, 0x4b6f, 0x4b6f, 
	0x4b6f, 0x4b6f, 0x4b6f, 0x4b6f, 0x4b6f, 0x4b6f, 0x4b6f, 0x4b6f, 0x4b6f, 0x4b6f, 0x4b6f, 0x4b6f, 0x4b6f, 0x4b6f, 0x4b6f, 0x3aac, 
	0x10e4, 0x18c3, 0x52aa, 0x738e, 0x738e, 0x738e, 0x738e, 0x738e, 0x738e, 0x738e, 0x738e, 0x6b6d, 0x630c, 0x5aeb, 0x5aeb, 0x5aeb, 
	0x5aeb, 0x5aeb, 0x5aeb, 0x5aeb, 0x4a49, 0x0020, 0x10c3, 0x4b2f, 0x4b6f, 0x4b6f, 0x4b6f, 0x4b6f, 0x4b6f, 0x4b6f, 0x4b6f, 0x4b6f, 
	0x4b6f, 0x4b6f, 0x4b6f, 0x4b6f, 0x4b6f, 0x4b6f, 0x4b6f, 0x4b6f, 0x4b6f, 0x4b6f, 0x4b6f, 0x4b6f, 0x4b6f, 0x4b6f, 0x4b6f, 0x4b6f, 
	0x4b6f, 0x4b6f, 0x4b6f, 0x4b6f, 0x4b6f, 0x4b6f, 0x4b6f, 0x4b6f, 0x4b6f, 0x4b6f, 0x4b6f, 0x4b6f, 0x4b6f, 0x4b6f, 0x4b6f, 0x4b6f, 
	0x4b6f, 0x4b6f, 0x4b6f, 0x4b6f, 0x4b6f, 0x4b6f, 0x4b6f, 0x4b6f, 0x4b6f, 0x4b6f, 0x4b6f, 0x4b6f, 0x4b6f, 0x4b6f, 0x4b6f, 0x7bcf, 
	0x7bef, 0x4b6f, 0x4b6f, 0x4b6f, 0x4b6f, 0x4b6f, 0x4b6f, 0x4b6f, 0x4b6f, 0x4b6f, 0x4b6f, 0x4b6f, 0x4b6f, 0x4b6f, 0x4b6f, 0x4b6f, 
	0x4b6f, 0x4b6f, 0x4b6f, 0x4b6f, 0x4b6f, 0x4b6f, 0x4b6f, 0x4b6f, 0x4b6f, 0x4b6f, 0x4b6f, 0x4b6f, 0x4b6f, 0x4b6f, 0x4b6f, 0x4b6f, 
	0x4b6f, 0x4b6f, 0x4b6f, 0x4b6f, 0x4b6f, 0x4b6f, 0x4b6f, 0x4b6f, 0x4b6f, 0x4b6f, 0x4b6f, 0x4b6f, 0x4b6f, 0x4b6f, 0x4b6f, 0x4b6f, 
	0x4b6f, 0x4b6f, 0x4b6f, 0x4b6f, 0x4b6f, 0x4b6f, 0x4b6f, 0x4b6f, 0x4b6f, 0x4b6f, 0x4b6f, 0x4b6f, 0x4b6f, 0x4b6f, 0x4b6f, 0x4b6f, 
	0x4b6f, 0x4b6f, 0x4b6f, 0x4b6f, 0x4b6f, 0x4b6f, 0x4b6f, 0x4b6f, 0x4b6f, 0x4b6f, 0x4b6f, 0x4b6f, 0x4b6f, 0x4b6f, 0x4b6f, 0x3aac, 
	0x10e4, 0x18c3, 0x52aa, 0x738e, 0x738e, 0x738e, 0x738e, 0x738e, 0x738e, 0x738e, 0x738e, 0x6b6d, 0x630c, 0x5aeb, 0x5aeb, 0x5aeb, 
	0x5aeb, 0x5aeb, 0x5aeb, 0x5aeb, 0x4a49, 0x0020, 0x10c3, 0x4b2f, 0x4b6f, 0x4b6f, 0x4b6f, 0x4b6f, 0x4b6f, 0x4b6f, 0x4b6f, 0x4b6f, 
	0x4b6f, 0x4b6f, 0x4b6f, 0x4b6f, 0x4b6f, 0x4b6f, 0x4b6f, 0x4b6f, 0x4b6f, 0x4b6f, 0x4b6f, 0x4b6f, 0x4b6f, 0x4b6f, 0x4b6f, 0x4b6f, 
	0x4b6f, 0x4b6f, 0x4b6f, 0x4b6f, 0x4b6f, 0x4b6f, 0x4b6f, 0x4b6f, 0x4b6f, 0x4b6f, 0x4b6f, 0x4b6f, 0x4b6f, 0x4b6f, 0x4b6f, 0x4b6f, 
	0x4b6f, 0x4b6f, 0x4b6f, 0x4b6f, 0x4b6f, 0x4b6f, 0x4b6f, 0x4b6f, 0x4b6f, 0x4b6f, 0x4b6f, 0x4b6f, 0x4b6f, 0x4b6f, 0x4b6f, 0x73cf, 
	0x7bcf, 0x4b6f, 0x4b6f, 0x4b6f, 0x4b6f, 0x4b6f, 0x4b6f, 0x4b6f, 0x4b6f, 0x4b6f, 0x4b6f, 0x4b6f, 0x4b6f, 0x4b6f, 0x4b6f, 0x4b6f, 
	0x4b6f, 0x4b6f, 0x4b6f, 0x4b6f, 0x4b6f, 0x4b6f, 0x4b6f, 0x4b6f, 0x4b6f, 0x4b6f, 0x4b6f, 0x4b6f, 0x4b6f, 0x4b6f, 0x4b6f, 0x4b6f, 
	0x4b6f, 0x4b6f, 0x4b6f, 0x4b6f, 0x4b6f, 0x4b6f, 0x4b6f, 0x4b6f, 0x4b6f, 0x4b6f, 0x4b6f, 0x4b6f, 0x4b6f, 0x4b6f, 0x4b6f, 0x4b6f, 
	0x4b6f, 0x4b6f, 0x4b6f, 0x4b6f, 0x4b6f, 0x4b6f, 0x4b6f, 0x4b6f, 0x4b6f, 0x4b6f, 0x4b6f, 0x4b6f, 0x4b6f, 0x4b6f, 0x4b6f, 0x4b6f, 
	0x4b6f, 0x4b6f, 0x4b6f, 0x4b6f, 0x4b6f, 0x4b6f, 0x4b6f, 0x4b6f, 0x4b6f, 0x4b6f, 0x4b6f, 0x4b6f, 0x4b6f, 0x4b6f, 0x4b6f, 0x3aac, 
	0x10e4, 0x18c3, 0x52aa, 0x738e, 0x738e, 0x738e, 0x738e, 0x738e, 0x738e, 0x738e, 0x6b6d, 0x6b4d, 0x630c, 0x5aeb, 0x5aeb, 0x5aeb, 
	0x5aeb, 0x5aeb, 0x5aeb, 0x5aeb, 0x4a49, 0x0020, 0x10c3, 0x4b2f, 0x4b6f, 0x4b6f, 0x4b6f, 0x4b6f, 0x4b6f, 0x4b6f, 0x4b6f, 0x4b6f, 
	0x4b6f, 0x4b6f, 0x4b6f, 0x4b6f, 0x4b6f, 0x4b6f, 0x4b6f, 0x4b6f, 0x4b6f, 0x4b6f, 0x4b6f, 0x4b6f, 0x4b6f, 0x4b6f, 0x4b6f, 0x4b6f, 
	0x4b6f, 0x4b6f, 0x4b6f, 0x4b6f, 0x4b6f, 0x4b6f, 0x4b6f, 0x4b6f, 0x4b6f, 0x4b6f, 0x4b6f, 0x4b6f, 0x4b6f, 0x4b6f, 0x4b6f, 0x4b6f, 
	0x4b6f, 0x4b6f, 0x4b6f, 0x4b6f, 0x4b6f, 0x4b6f, 0x4b6f, 0x4b6f, 0x4b6f, 0x4b6f, 0x4b6f, 0x4b6f, 0x4b6f, 0x4b6f, 0x4b6f, 0x7bcf, 
	0x7bef, 0x4b6f, 0x4b6f, 0x4b6f, 0x4b6f, 0x4b6f, 0x4b6f, 0x4b6f, 0x4b6f, 0x4b6f, 0x4b6f, 0x4b6f, 0x4b6f, 0x4b6f, 0x4b6f, 0x4b6f, 
	0x4b6f, 0x4b6f, 0x4b6f, 0x4b6f, 0x4b6f, 0x4b6f, 0x4b6f, 0x4b6f, 0x4b6f, 0x4b6f, 0x4b6f, 0x4b6f, 0x4b6f, 0x4b6f, 0x4b6f, 0x4b6f, 
	0x4b6f, 0x4b6f, 0x4b6f, 0x4b6f, 0x4b6f, 0x4b6f, 0x4b6f, 0x4b6f, 0x4b6f, 0x4b6f, 0x4b6f, 0x4b6f, 0x4b6f, 0x4b6f, 0x4b6f, 0x4b6f, 
	0x4b6f, 0x4b6f, 0x4b6f, 0x4b6f, 0x4b6f, 0x4b6f, 0x4b6f, 0x4b6f, 0x4b6f, 0x4b6f, 0x4b6f, 0x4b6f, 0x4b6f, 0x4b6f, 0x4b6f, 0x4b6f, 
	0x4b6f, 0x4b6f, 0x4b6f, 0x4b6f, 0x4b6f, 0x4b6f, 0x4b6f, 0x4b6f, 0x4b6f, 0x4b6f, 0x4b6f, 0x4b6f, 0x4b6f, 0x4b6f, 0x4b6f, 0x3aac, 
	0x10e4, 0x18c3, 0x52aa, 0x738e, 0x738e, 0x738e, 0x738e, 0x738e, 0x738e, 0x6b6d, 0x630c, 0x5aeb, 0x5aeb, 0x5aeb, 0x5aeb, 0x5aeb, 
	0x5aeb, 0x5aeb, 0x5aeb, 0x5aeb, 0x4a49, 0x0020, 0x10c3, 0x4b2f, 0x4b6f, 0x4b6f, 0x4b6f, 0x4b6f, 0x4b6f, 0x4b6f, 0x4b6f, 0x4b6f, 
	0x4b6f, 0x4b6f, 0x4b6f, 0x4b6f, 0x4b6f, 0x4b6f, 0x4b6f, 0x4b6f, 0x4b6f, 0x4b6f, 0x4b6f, 0x4b6f, 0x4b6f, 0x4b6f, 0x4b6f, 0x4b6f, 
	0x4b6f, 0x4b6f, 0x4b6f, 0x4b6f, 0x4b6f, 0x4b6f, 0x4b6f, 0x4b6f, 0x4b6f, 0x4b6f, 0x4b6f, 0x4b6f, 0x4b6f, 0x4b6f, 0x4b6f, 0x4b6f, 
	0x4b6f, 0x4b6f, 0x4b6f, 0x4b6f, 0x4b6f, 0x4b6f, 0x4b6f, 0x4b6f, 0x4b6f, 0x4b6f, 0x4b6f, 0x4b6f, 0x4b6f, 0x4b6f, 0x4b6f, 0x73cf, 
	0x7bcf, 0x4b6f, 0x4b6f, 0x4b6f, 0x4b6f, 0x4b6f, 0x4b6f, 0x4b6f, 0x4b6f, 0x4b6f, 0x4b6f, 0x4b6f, 0x4b6f, 0x4b6f, 0x4b6f, 0x4b6f, 
	0x4b6f, 0x4b6f, 0x4b6f, 0x4b6f, 0x4b6f, 0x4b6f, 0x4b6f, 0x4b6f, 0x4b6f, 0x4b6f, 0x4b6f, 0x4b6f, 0x4b6f, 0x4b6f, 0x4b6f, 0x4b6f, 
	0x4b6f, 0x4b6f, 0x4b6f, 0x4b6f, 0x4b6f, 0x4b6f, 0x4b6f, 0x4b6f, 0x4b6f, 0x4b6f, 0x4b6f, 0x4b6f, 0x4b6f, 0x4b6f, 0x4b6f, 0x4b6f, 
	0x4b6f, 0x4b6f, 0x4b6f, 0x4b6f, 0x4b6f, 0x4b6f, 0x4b6f, 0x4b6f, 0x4b6f, 0x4b6f, 0x4b6f, 0x4b6f, 0x4b6f, 0x4b6f, 0x4b6f, 0x4b6f, 
	0x4b6f, 0x4b6f, 0x4b6f, 0x4b6f, 0x4b6f, 0x4b6f, 0x4b6f, 0x4b6f, 0x4b6f, 0x4b6f, 0x4b6f, 0x4b6f, 0x4b6f, 0x4b6f, 0x4b6f, 0x3aac, 
	0x10e4, 0x18e3, 0x52aa, 0x738e, 0x738e, 0x738e, 0x738e, 0x738e, 0x6b6d, 0x6b4d, 0x630c, 0x5aeb, 0x5aeb, 0x5aeb, 0x5aeb, 0x5aeb, 
	0x5aeb, 0x5aeb, 0x5aeb, 0x5aeb, 0x4a49, 0x0841, 0x10c3, 0x432f, 0x4b6f, 0x4b6f, 0x4b6f, 0x4b6f, 0x4b6f, 0x4b6f, 0x4b6f, 0x4b6f, 
	0x4b6f, 0x4b6f, 0x4b6f, 0x4b6f, 0x4b6f, 0x4b6f, 0x4b6f, 0x4b6f, 0x4b6f, 0x4b6f, 0x4b6f, 0x4b6f, 0x4b6f, 0x4b6f, 0x4b6f, 0x4b6f, 
	0x4b6f, 0x4b6f, 0x4b6f, 0x4b6f, 0x4b6f, 0x4b6f, 0x4b6f, 0x4b6f, 0x4b6f, 0x4b6f, 0x4b6f, 0x4b6f, 0x4b6f, 0x4b6f, 0x4b6f, 0x4b6f, 
	0x4b6f, 0x4b6f, 0x4b6f, 0x4b6f, 0x4b6f, 0x4b6f, 0x4b6f, 0x4b6f, 0x4b6f, 0x4b6f, 0x4b6f, 0x4b6f, 0x4b6f, 0x4b6f, 0x4b6f, 0x7bcf, 
	0x7bef, 0x4b6f, 0x4b6f, 0x4b6f, 0x4b6f, 0x4b6f, 0x4b6f, 0x4b6f, 0x4b6f, 0x4b6f, 0x4b6f, 0x4b6f, 0x4b6f, 0x4b6f, 0x4b6f, 0x4b6f, 
	0x4b6f, 0x4b6f, 0x4b6f, 0x4b6f, 0x4b6f, 0x4b6f, 0x4b6f, 0x4b6f, 0x4b6f, 0x4b6f, 0x4b6f, 0x4b6f, 0x4b6f, 0x4b6f, 0x4b6f, 0x4b6f, 
	0x4b6f, 0x4b6f, 0x4b6f, 0x4b6f, 0x4b6f, 0x4b6f, 0x4b6f, 0x4b6f, 0x4b6f, 0x4b6f, 0x4b6f, 0x4b6f, 0x4b6f, 0x4b6f, 0x4b6f, 0x4b6f, 
	0x4b6f, 0x4b6f, 0x4b6f, 0x4b6f, 0x4b6f, 0x4b6f, 0x4b6f, 0x4b6f, 0x4b6f, 0x4b6f, 0x4b6f, 0x4b6f, 0x4b6f, 0x4b6f, 0x4b6f, 0x4b6f, 
	0x4b6f, 0x4b6f, 0x4b6f, 0x4b6f, 0x4b6f, 0x4b6f, 0x4b6f, 0x4b6f, 0x4b6f, 0x4b6f, 0x4b6f, 0x4b6f, 0x4b6f, 0x4b6f, 0x4b6f, 0x42ed, 
	0x29c8, 0x2166, 0x3a08, 0x52aa, 0x6b4d, 0x738e, 0x738e, 0x6b6d, 0x630c, 0x5aeb, 0x5aeb, 0x5aeb, 0x5aeb, 0x5aeb, 0x5aeb, 0x5aeb, 
	0x5aeb, 0x5aeb, 0x52aa, 0x4208, 0x31c7, 0x1945, 0x21a8, 0x4b4f, 0x4b6f, 0x4b6f, 0x4b6f, 0x4b6f, 0x4b6f, 0x4b6f, 0x4b6f, 0x4b6f, 
	0x4b6f, 0x4b6f, 0x4b6f, 0x4b6f, 0x4b6f, 0x4b6f, 0x4b6f, 0x4b6f, 0x4b6f, 0x4b6f, 0x4b6f, 0x4b6f, 0x4b6f, 0x4b6f, 0x4b6f, 0x4b6f, 
	0x4b6f, 0x4b6f, 0x4b6f, 0x4b6f, 0x4b6f, 0x4b6f, 0x4b6f, 0x4b6f, 0x4b6f, 0x4b6f, 0x4b6f, 0x4b6f, 0x4b6f, 0x4b6f, 0x4b6f, 0x4b6f, 
	0x4b6f, 0x4b6f, 0x4b6f, 0x4b6f, 0x4b6f, 0x4b6f, 0x4b6f, 0x4b6f, 0x4b6f, 0x4b6f, 0x4b6f, 0x4b6f, 0x4b6f, 0x4b6f, 0x4b6f, 0x73cf, 
	0x7bcf, 0x4b6f, 0x4b6f, 0x4b6f, 0x4b6f, 0x4b6f, 0x4b6f, 0x4b6f, 0x4b6f, 0x4b6f, 0x4b6f, 0x4b6f, 0x4b6f, 0x4b6f, 0x4b6f, 0x4b6f, 
	0x4b6f, 0x4b6f, 0x4b6f, 0x4b6f, 0x4b6f, 0x4b6f, 0x4b6f, 0x4b6f, 0x4b6f, 0x4b6f, 0x4b6f, 0x4b6f, 0x4b6f, 0x4b6f, 0x4b6f, 0x4b6f, 
	0x4b6f, 0x4b6f, 0x4b6f, 0x4b6f, 0x4b6f, 0x4b6f, 0x4b6f, 0x4b6f, 0x4b6f, 0x4b6f, 0x4b6f, 0x4b6f, 0x4b6f, 0x4b6f, 0x4b6f, 0x4b6f, 
	0x4b6f, 0x4b6f, 0x4b6f, 0x4b6f, 0x4b6f, 0x4b6f, 0x4b6f, 0x4b6f, 0x4b6f, 0x4b6f, 0x4b6f, 0x4b6f, 0x4b6f, 0x4b6f, 0x4b6f, 0x4b6f, 
	0x4b6f, 0x4b6f, 0x4b6f, 0x4b6f, 0x4b6f, 0x4b6f, 0x4b6f, 0x4b6f, 0x4b6f, 0x4b6f, 0x4b6f, 0x4b6f, 0x4b6f, 0x4b6f, 0x4b6f, 0x4b6f, 
	0x4b6f, 0x3a8c, 0x10c3, 0x18c3, 0x528a, 0x6b4d, 0x6b4d, 0x6b4d, 0x630c, 0x5aeb, 0x5aeb, 0x5aeb, 0x5aeb, 0x5aeb, 0x5aeb, 0x5aeb, 
	0x5aeb, 0x5aeb, 0x4a49, 0x0841, 0x10c3, 0x432e, 0x4b6f, 0x4b6f, 0x4b6f, 0x4b6f, 0x4b6f, 0x4b6f, 0x4b6f, 0x4b6f, 0x4b6f, 0x4b6f, 
	0x4b6f, 0x4b6f, 0x4b6f, 0x4b6f, 0x4b6f, 0x4b6f, 0x4b6f, 0x4b6f, 0x4b6f, 0x4b6f, 0x4b6f, 0x4b6f, 0x4b6f, 0x4b6f, 0x4b6f, 0x4b6f, 
	0x4b6f, 0x4b6f, 0x4b6f, 0x4b6f, 0x4b6f, 0x4b6f, 0x4b6f, 0x4b6f, 0x4b6f, 0x4b6f, 0x4b6f, 0x4b6f, 0x4b6f, 0x4b6f, 0x4b6f, 0x4b6f, 
	0x4b6f, 0x4b6f, 0x4b6f, 0x4b6f, 0x4b6f, 0x4b6f, 0x4b6f, 0x4b6f, 0x4b6f, 0x4b6f, 0x4b6f, 0x4b6f, 0x4b6f, 0x4b6f, 0x4b6f, 0x73cf, 
	0x7bef, 0x4b6f, 0x4b6f, 0x4b6f, 0x4b6f, 0x4b6f, 0x4b6f, 0x4b6f, 0x4b6f, 0x4b6f, 0x4b6f, 0x4b6f, 0x4b6f, 0x4b6f, 0x4b6f, 0x4b6f, 
	0x4b6f, 0x4b6f, 0x4b6f, 0x4b6f, 0x4b6f, 0x4b6f, 0x4b6f, 0x4b6f, 0x4b6f, 0x4b6f, 0x4b6f, 0x4b6f, 0x4b6f, 0x4b6f, 0x4b6f, 0x4b6f, 
	0x4b6f, 0x4b6f, 0x4b6f, 0x4b6f, 0x4b6f, 0x4b6f, 0x4b6f, 0x4b6f, 0x4b6f, 0x4b6f, 0x4b6f, 0x4b6f, 0x4b6f, 0x4b6f, 0x4b6f, 0x4b6f, 
	0x4b6f, 0x4b6f, 0x4b6f, 0x4b6f, 0x4b6f, 0x4b6f, 0x4b6f, 0x4b6f, 0x4b6f, 0x4b6f, 0x4b6f, 0x4b6f, 0x4b6f, 0x4b6f, 0x4b6f, 0x4b6f, 
	0x4b6f, 0x4b6f, 0x4b6f, 0x4b6f, 0x4b6f, 0x4b6f, 0x4b6f, 0x4b6f, 0x4b6f, 0x4b6f, 0x4b6f, 0x4b6f, 0x4b6f, 0x4b6f, 0x4b6f, 0x4b6f, 
	0x4b6f, 0x3aac, 0x10e4, 0x10a2, 0x4a49, 0x5aeb, 0x5aeb, 0x5aeb, 0x5aeb, 0x5aeb, 0x5aeb, 0x5aeb, 0x5aeb, 0x5aeb, 0x5aeb, 0x5aeb, 
	0x5aeb, 0x5aeb, 0x4a49, 0x0841, 0x10c3, 0x432e, 0x4b6f, 0x4b6f, 0x4b6f, 0x4b6f, 0x4b6f, 0x4b6f, 0x4b6f, 0x4b6f, 0x4b6f, 0x4b6f, 
	0x4b6f, 0x4b6f, 0x4b6f, 0x4b6f, 0x4b6f, 0x4b6f, 0x4b6f, 0x4b6f, 0x4b6f, 0x4b6f, 0x4b6f, 0x4b6f, 0x4b6f, 0x4b6f, 0x4b6f, 0x4b6f, 
	0x4b6f, 0x4b6f, 0x4b6f, 0x4b6f, 0x4b6f, 0x4b6f, 0x4b6f, 0x4b6f, 0x4b6f, 0x4b6f, 0x4b6f, 0x4b6f, 0x4b6f, 0x4b6f, 0x4b6f, 0x4b6f, 
	0x4b6f, 0x4b6f, 0x4b6f, 0x4b6f, 0x4b6f, 0x4b6f, 0x4b6f, 0x4b6f, 0x4b6f, 0x4b6f, 0x4b6f, 0x4b6f, 0x4b6f, 0x4b6f, 0x4b6f, 0x73cf, 
	0x7bcf, 0x4b6f, 0x4b6f, 0x4b6f, 0x4b6f, 0x4b6f, 0x4b6f, 0x4b6f, 0x4b6f, 0x4b6f, 0x4b6f, 0x4b6f, 0x4b6f, 0x4b6f, 0x4b6f, 0x4b6f, 
	0x4b6f, 0x4b6f, 0x4b6f, 0x4b6f, 0x4b6f, 0x4b6f, 0x4b6f, 0x4b6f, 0x4b6f, 0x4b6f, 0x4b6f, 0x4b6f, 0x4b6f, 0x4b6f, 0x4b6f, 0x4b6f, 
	0x4b6f, 0x4b6f, 0x4b6f, 0x4b6f, 0x4b6f, 0x4b6f, 0x4b6f, 0x4b6f, 0x4b6f, 0x4b6f, 0x4b6f, 0x4b6f, 0x4b6f, 0x4b6f, 0x4b6f, 0x4b6f, 
	0x4b6f, 0x4b6f, 0x4b6f, 0x4b6f, 0x4b6f, 0x4b6f, 0x4b6f, 0x4b6f, 0x4b6f, 0x4b6f, 0x4b6f, 0x4b6f, 0x4b6f, 0x4b6f, 0x4b6f, 0x4b6f, 
	0x4b6f, 0x4b6f, 0x4b6f, 0x4b6f, 0x4b6f, 0x4b6f, 0x4b6f, 0x4b6f, 0x4b6f, 0x4b6f, 0x4b6f, 0x4b6f, 0x4b6f, 0x4b6f, 0x4b6f, 0x4b6f, 
	0x4b6f, 0x3aac, 0x10e4, 0x18c3, 0x4228, 0x5acb, 0x5acb, 0x5acb, 0x5acb, 0x5acb, 0x5acb, 0x5acb, 0x5acb, 0x5acb, 0x5acb, 0x5acb, 
	0x5acb, 0x5acb, 0x4228, 0x0861, 0x10e4, 0x432e, 0x4b6f, 0x4b6f, 0x4b6f, 0x4b6f, 0x4b6f, 0x4b6f, 0x4b6f, 0x4b6f, 0x4b6f, 0x4b6f, 
	0x4b6f, 0x4b6f, 0x4b6f, 0x4b6f, 0x4b6f, 0x4b6f, 0x4b6f, 0x4b6f, 0x4b6f, 0x4b6f, 0x4b6f, 0x4b6f, 0x4b6f, 0x4b6f, 0x4b6f, 0x4b6f, 
	0x4b6f, 0x4b6f, 0x4b6f, 0x4b6f, 0x4b6f, 0x4b6f, 0x4b6f, 0x4b6f, 0x4b6f, 0x4b6f, 0x4b6f, 0x4b6f, 0x4b6f, 0x4b6f, 0x4b6f, 0x4b6f, 
	0x4b6f, 0x4b6f, 0x4b6f, 0x4b6f, 0x4b6f, 0x4b6f, 0x4b6f, 0x4b6f, 0x4b6f, 0x4b6f, 0x4b6f, 0x4b6f, 0x4b6f, 0x4b6f, 0x4b6f, 0x73cf, 
	0x7bef, 0x4b6f, 0x4b6f, 0x4b6f, 0x4b6f, 0x4b6f, 0x4b6f, 0x4b6f, 0x4b6f, 0x4b6f, 0x4b6f, 0x4b6f, 0x4b6f, 0x4b6f, 0x4b6f, 0x4b6f, 
	0x4b6f, 0x4b6f, 0x4b6f, 0x4b6f, 0x4b6f, 0x4b6f, 0x4b6f, 0x4b6f, 0x4b6f, 0x4b6f, 0x4b6f, 0x4b6f, 0x4b6f, 0x4b6f, 0x4b6f, 0x4b6f, 
	0x4b6f, 0x4b6f, 0x4b6f, 0x4b6f, 0x4b6f, 0x4b6f, 0x4b6f, 0x4b6f, 0x4b6f, 0x4b6f, 0x4b6f, 0x4b6f, 0x4b6f, 0x4b6f, 0x4b6f, 0x4b6f, 
	0x4b6f, 0x4b6f, 0x4b6f, 0x4b6f, 0x4b6f, 0x4b6f, 0x4b6f, 0x4b6f, 0x4b6f, 0x4b6f, 0x4b6f, 0x4b6f, 0x4b6f, 0x4b6f, 0x4b6f, 0x4b6f, 
	0x4b6f, 0x4b6f, 0x4b6f, 0x4b6f, 0x4b6f, 0x4b6f, 0x4b6f, 0x4b6f, 0x4b6f, 0x4b6f, 0x4b6f, 0x4b6f, 0x4b6f, 0x4b6f, 0x4b6f, 0x4b6f, 
	0x4b6f, 0x42ed, 0x29e9, 0x2186, 0x31a6, 0x31a6, 0x31a6, 0x31a6, 0x31a6, 0x31a6, 0x31a6, 0x31a6, 0x31a6, 0x31a6, 0x31a6, 0x31a6, 
	0x31a6, 0x31a6, 0x31a6, 0x2186, 0x29e8, 0x434f, 0x4b6f, 0x4b6f, 0x4b6f, 0x4b6f, 0x4b6f, 0x4b6f, 0x4b6f, 0x4b6f, 0x4b6f, 0x4b6f, 
	0x4b6f, 0x4b6f, 0x4b6f, 0x4b6f, 0x4b6f, 0x4b6f, 0x4b6f, 0x4b6f, 0x4b6f, 0x4b6f, 0x4b6f, 0x4b6f, 0x4b6f, 0x4b6f, 0x4b6f, 0x4b6f, 
	0x4b6f, 0x4b6f, 0x4b6f, 0x4b6f, 0x4b6f, 0x4b6f, 0x4b6f, 0x4b6f, 0x4b6f, 0x4b6f, 0x4b6f, 0x4b6f, 0x4b6f, 0x4b6f, 0x4b6f, 0x4b6f, 
	0x4b6f, 0x4b6f, 0x4b6f, 0x4b6f, 0x4b6f, 0x4b6f, 0x4b6f, 0x4b6f, 0x4b6f, 0x4b6f, 0x4b6f, 0x4b6f, 0x4b6f, 0x4b6f, 0x4b6f, 0x73cf, 
	0x7bcf, 0x4b6f, 0x4b6f, 0x4b6f, 0x4b6f, 0x4b6f, 0x4b6f, 0x4b6f, 0x4b6f, 0x4b6f, 0x4b6f, 0x4b6f, 0x4b6f, 0x4b6f, 0x4b6f, 0x4b6f, 
	0x4b6f, 0x4b6f, 0x4b6f, 0x4b6f, 0x4b6f, 0x4b6f, 0x4b6f, 0x4b6f, 0x4b6f, 0x4b6f, 0x4b6f, 0x4b6f, 0x4b6f, 0x4b6f, 0x4b6f, 0x4b6f, 
	0x4b6f, 0x4b6f, 0x4b6f, 0x4b6f, 0x4b6f, 0x4b6f, 0x4b6f, 0x4b6f, 0x4b6f, 0x4b6f, 0x4b6f, 0x4b6f, 0x4b6f, 0x4b6f, 0x4b6f, 0x4b6f, 
	0x4b6f, 0x4b6f, 0x4b6f, 0x4b6f, 0x4b6f, 0x4b6f, 0x4b6f, 0x4b6f, 0x4b6f, 0x4b6f, 0x4b6f, 0x4b6f, 0x4b6f, 0x4b6f, 0x4b6f, 0x4b6f, 
	0x4b6f, 0x4b6f, 0x4b6f, 0x4b6f, 0x4b6f, 0x4b6f, 0x4b6f, 0x4b6f, 0x4b6f, 0x4b6f, 0x4b6f, 0x4b6f, 0x4b6f, 0x4b6f, 0x4b6f, 0x4b6f, 
	0x4b6f, 0x4b6f, 0x4b6f, 0x3aac, 0x10e4, 0x0021, 0x0021, 0x0021, 0x0021, 0x0021, 0x0021, 0x0021, 0x0021, 0x0021, 0x0021, 0x0021, 
	0x0021, 0x0021, 0x10e4, 0x432e, 0x4b6f, 0x4b6f, 0x4b6f, 0x4b6f, 0x4b6f, 0x4b6f, 0x4b6f, 0x4b6f, 0x4b6f, 0x4b6f, 0x4b6f, 0x4b6f, 
	0x4b6f, 0x4b6f, 0x4b6f, 0x4b6f, 0x4b6f, 0x4b6f, 0x4b6f, 0x4b6f, 0x4b6f, 0x4b6f, 0x4b6f, 0x4b6f, 0x4b6f, 0x4b6f, 0x4b6f, 0x4b6f, 
	0x4b6f, 0x4b6f, 0x4b6f, 0x4b6f, 0x4b6f, 0x4b6f, 0x4b6f, 0x4b6f, 0x4b6f, 0x4b6f, 0x4b6f, 0x4b6f, 0x4b6f, 0x4b6f, 0x4b6f, 0x4b6f, 
	0x4b6f, 0x4b6f, 0x4b6f, 0x4b6f, 0x4b6f, 0x4b6f, 0x4b6f, 0x4b6f, 0x4b6f, 0x4b6f, 0x4b6f, 0x4b6f, 0x4b6f, 0x4b6f, 0x4b6f, 0x73cf, 
	0x7bef, 0x4b6f, 0x4b6f, 0x4b6f, 0x4b6f, 0x4b6f, 0x4b6f, 0x4b6f, 0x4b6f, 0x4b6f, 0x4b6f, 0x4b6f, 0x4b6f, 0x4b6f, 0x4b6f, 0x4b6f, 
	0x4b6f, 0x4b6f, 0x4b6f, 0x4b6f, 0x4b6f, 0x4b6f, 0x4b6f, 0x4b6f, 0x4b6f, 0x4b6f, 0x4b6f, 0x4b6f, 0x4b6f, 0x4b6f, 0x4b6f, 0x4b6f, 
	0x4b6f, 0x4b6f, 0x4b6f, 0x4b6f, 0x4b6f, 0x4b6f, 0x4b6f, 0x4b6f, 0x4b6f, 0x4b6f, 0x4b6f, 0x4b6f, 0x4b6f, 0x4b6f, 0x4b6f, 0x4b6f, 
	0x4b6f, 0x4b6f, 0x4b6f, 0x4b6f, 0x4b6f, 0x4b6f, 0x4b6f, 0x4b6f, 0x4b6f, 0x4b6f, 0x4b6f, 0x4b6f, 0x4b6f, 0x4b6f, 0x4b6f, 0x4b6f, 
	0x4b6f, 0x4b6f, 0x4b6f, 0x4b6f, 0x4b6f, 0x4b6f, 0x4b6f, 0x4b6f, 0x4b6f, 0x4b6f, 0x4b6f, 0x4b6f, 0x4b6f, 0x4b6f, 0x4b6f, 0x4b6f, 
	0x4b6f, 0x4b6f, 0x4b6f, 0x42ed, 0x2a09, 0x2187, 0x2187, 0x2187, 0x2187, 0x2187, 0x2187, 0x2187, 0x2187, 0x2187, 0x2187, 0x2187, 
	0x2187, 0x2187, 0x2a09, 0x432f, 0x4b6f, 0x4b6f, 0x4b6f, 0x4b6f, 0x4b6f, 0x4b6f, 0x4b6f, 0x4b6f, 0x4b6f, 0x4b6f, 0x4b6f, 0x4b6f, 
	0x4b6f, 0x4b6f, 0x4b6f, 0x4b6f, 0x4b6f, 0x4b6f, 0x4b6f, 0x4b6f, 0x4b6f, 0x4b6f, 0x4b6f, 0x4b6f, 0x4b6f, 0x4b6f, 0x4b6f, 0x4b6f, 
	0x4b6f, 0x4b6f, 0x4b6f, 0x4b6f, 0x4b6f, 0x4b6f, 0x4b6f, 0x4b6f, 0x4b6f, 0x4b6f, 0x4b6f, 0x4b6f, 0x4b6f, 0x4b6f, 0x4b6f, 0x4b6f, 
	0x4b6f, 0x4b6f, 0x4b6f, 0x4b6f, 0x4b6f, 0x4b6f, 0x4b6f, 0x4b6f, 0x4b6f, 0x4b6f, 0x4b6f, 0x4b6f, 0x4b6f, 0x4b6f, 0x4b6f, 0x73cf, 
	0x7bcf, 0x4b6f, 0x4b6f, 0x4b6f, 0x4b6f, 0x4b6f, 0x4b6f, 0x4b6f, 0x4b6f, 0x4b6f, 0x4b6f, 0x4b6f, 0x4b6f, 0x4b6f, 0x4b6f, 0x4b6f, 
	0x4b6f, 0x4b6f, 0x4b6f, 0x4b6f, 0x4b6f, 0x4b6f, 0x4b6f, 0x4b6f, 0x4b6f, 0x4b6f, 0x4b6f, 0x4b6f, 0x4b6f, 0x4b6f, 0x4b6f, 0x4b6f, 
	0x4b6f, 0x4b6f, 0x4b6f, 0x4b6f, 0x4b6f, 0x4b6f, 0x4b6f, 0x4b6f, 0x4b6f, 0x4b6f, 0x4b6f, 0x4b6f, 0x4b6f, 0x4b6f, 0x4b6f, 0x4b6f, 
	0x4b6f, 0x4b6f, 0x4b6f, 0x4b6f, 0x4b6f, 0x4b6f, 0x4b6f, 0x4b6f, 0x4b6f, 0x4b6f, 0x4b6f, 0x4b6f, 0x4b6f, 0x4b6f, 0x4b6f, 0x4b6f, 
	0x4b6f, 0x4b6f, 0x4b6f, 0x4b6f, 0x4b6f, 0x4b6f, 0x4b6f, 0x4b6f, 0x4b6f, 0x4b6f, 0x4b6f, 0x4b6f, 0x4b6f, 0x4b6f, 0x4b6f, 0x4b6f, 
	0x4b6f, 0x4b6f, 0x4b6f, 0x4b6f, 0x4b6f, 0x4b6f, 0x4b6f, 0x4b6f, 0x4b6f, 0x4b6f, 0x4b6f, 0x4b6f, 0x4b6f, 0x4b6f, 0x4b6f, 0x4b6f, 
	0x4b6f, 0x4b6f, 0x4b6f, 0x4b6f, 0x4b6f, 0x4b6f, 0x4b6f, 0x4b6f, 0x4b6f, 0x4b6f, 0x4b6f, 0x4b6f, 0x4b6f, 0x4b6f, 0x4b6f, 0x4b6f, 
	0x4b6f, 0x4b6f, 0x4b6f, 0x4b6f, 0x4b6f, 0x4b6f, 0x4b6f, 0x4b6f, 0x4b6f, 0x4b6f, 0x4b6f, 0x4b6f, 0x4b6f, 0x4b6f, 0x4b6f, 0x4b6f, 
	0x4b6f, 0x4b6f, 0x4b6f, 0x4b6f, 0x4b6f, 0x4b6f, 0x4b6f, 0x4b6f, 0x4b6f, 0x4b6f, 0x4b6f, 0x4b6f, 0x4b6f, 0x4b6f, 0x4b6f, 0x4b6f, 
	0x4b6f, 0x4b6f, 0x4b6f, 0x4b6f, 0x4b6f, 0x4b6f, 0x4b6f, 0x4b6f, 0x4b6f, 0x4b6f, 0x4b6f, 0x4b6f, 0x4b6f, 0x4b6f, 0x4b6f, 0x73cf, 
	0x7bef, 0x4b6f, 0x4b6f, 0x4b6f, 0x4b6f, 0x4b6f, 0x4b6f, 0x4b6f, 0x4b6f, 0x4b6f, 0x4b6f, 0x4b6f, 0x4b6f, 0x4b6f, 0x4b6f, 0x4b6f, 
	0x4b6f, 0x4b6f, 0x4b6f, 0x4b6f, 0x4b6f, 0x4b6f, 0x4b6f, 0x4b6f, 0x4b6f, 0x4b6f, 0x4b6f, 0x4b6f, 0x4b6f, 0x4b6f, 0x4b6f, 0x4b6f, 
	0x4b6f, 0x4b6f, 0x4b6f, 0x4b6f, 0x4b6f, 0x4b6f, 0x4b6f, 0x4b6f, 0x4b6f, 0x4b6f, 0x4b6f, 0x4b6f, 0x4b6f, 0x4b6f, 0x4b6f, 0x4b6f, 
	0x4b6f, 0x4b6f, 0x4b6f, 0x4b6f, 0x4b6f, 0x4b6f, 0x4b6f, 0x4b6f, 0x4b6f, 0x4b6f, 0x4b6f, 0x4b6f, 0x4b6f, 0x4b6f, 0x4b6f, 0x4b6f, 
	0x4b6f, 0x4b6f, 0x4b6f, 0x4b6f, 0x4b6f, 0x4b6f, 0x4b6f, 0x4b6f, 0x4b6f, 0x4b6f, 0x4b6f, 0x4b6f, 0x4b6f, 0x4b6f, 0x4b6f, 0x4b6f, 
	0x4b6f, 0x4b6f, 0x4b6f, 0x4b6f, 0x4b6f, 0x4b6f, 0x4b6f, 0x4b6f, 0x4b6f, 0x4b6f, 0x4b6f, 0x4b6f, 0x4b6f, 0x4b6f, 0x4b6f, 0x4b6f, 
	0x4b6f, 0x4b6f, 0x4b6f, 0x4b6f, 0x4b6f, 0x4b6f, 0x4b6f, 0x4b6f, 0x4b6f, 0x4b6f, 0x4b6f, 0x4b6f, 0x4b6f, 0x4b6f, 0x4b6f, 0x4b6f, 
	0x4b6f, 0x4b6f, 0x4b6f, 0x4b6f, 0x4b6f, 0x4b6f, 0x4b6f, 0x4b6f, 0x4b6f, 0x4b6f, 0x4b6f, 0x4b6f, 0x4b6f, 0x4b6f, 0x4b6f, 0x4b6f, 
	0x4b6f, 0x4b6f, 0x4b6f, 0x4b6f, 0x4b6f, 0x4b6f, 0x4b6f, 0x4b6f, 0x4b6f, 0x4b6f, 0x4b6f, 0x4b6f, 0x4b6f, 0x4b6f, 0x4b6f, 0x4b6f, 
	0x4b6f, 0x4b6f, 0x4b6f, 0x4b6f, 0x4b6f, 0x4b6f, 0x4b6f, 0x4b6f, 0x4b6f, 0x4b6f, 0x4b6f, 0x4b6f, 0x4b6f, 0x4b6f, 0x4b6f, 0x73cf, 
	0x7bcf, 0x4b6f, 0x4b6f, 0x4b6f, 0x4b6f, 0x4b6f, 0x4b6f, 0x4b6f, 0x4b6f, 0x4b6f, 0x4b6f, 0x4b6f, 0x4b6f, 0x4b6f, 0x4b6f, 0x4b6f, 
	0x4b6f, 0x4b6f, 0x4b6f, 0x4b6f, 0x4b6f, 0x4b6f, 0x4b6f, 0x4b6f, 0x4b6f, 0x4b6f, 0x4b6f, 0x4b6f, 0x4b6f, 0x4b6f, 0x4b6f, 0x4b6f, 
	0x4b6f, 0x4b6f, 0x4b70, 0x4b70, 0x4b70, 0x4b70, 0x4b70, 0x4b70, 0x4b70, 0x4b70, 0x4b70, 0x4b6f, 0x4b70, 0x4b6f, 0x4b6f, 0x4b6f, 
	0x4b6f, 0x4b6f, 0x4b6f, 0x4b6f, 0x4b6f, 0x4b6f, 0x4b6f, 0x4b6f, 0x4b6f, 0x4b6f, 0x4b6f, 0x4b6f, 0x4b6f, 0x4b6f, 0x4b6f, 0x4b6f, 
	0x4b6f, 0x4b6f, 0x4b6f, 0x4b6f, 0x4b6f, 0x4b6f, 0x4b6f, 0x4b6f, 0x4b6f, 0x4b6f, 0x4b6f, 0x4b6f, 0x4b6f, 0x4b6f, 0x4b6f, 0x4b6f, 
	0x4b6f, 0x4b6f, 0x4b6f, 0x4b6f, 0x4b6f, 0x4b6f, 0x4b6f, 0x4b6f, 0x4b6f, 0x4b6f, 0x4b6f, 0x4b6f, 0x4b6f, 0x4b6f, 0x4b6f, 0x4b6f, 
	0x4b6f, 0x4b6f, 0x4b6f, 0x4b6f, 0x4b6f, 0x4b6f, 0x4b6f, 0x4b6f, 0x4b6f, 0x4b6f, 0x4b6f, 0x4b6f, 0x4b6f, 0x4b6f, 0x4b6f, 0x4b6f, 
	0x4b6f, 0x4b6f, 0x4b6f, 0x4b6f, 0x4b6f, 0x4b6f, 0x4b6f, 0x4b6f, 0x4b6f, 0x4b6f, 0x4b6f, 0x4b6f, 0x4b6f, 0x4b6f, 0x4b6f, 0x4b6f, 
	0x4b6f, 0x4b6f, 0x4b6f, 0x4b6f, 0x4b6f, 0x4b6f, 0x4b6f, 0x4b6f, 0x4b6f, 0x4b6f, 0x4b6f, 0x4b6f, 0x4b6f, 0x4b6f, 0x4b6f, 0x4b6f, 
	0x4b6f, 0x4b6f, 0x4b6f, 0x4b6f, 0x4b6f, 0x4b6f, 0x4b6f, 0x4b6f, 0x4b6f, 0x4b6f, 0x4b6f, 0x4b6f, 0x4b6f, 0x4b6f, 0x4b6f, 0x73cf, 
	0x7bcf, 0x4b6f, 0x4b6f, 0x4b6f, 0x4b6f, 0x4b6f, 0x4b6f, 0x4b6f, 0x4b6f, 0x4b6f, 0x4b6f, 0x4b6f, 0x4b6f, 0x4b6f, 0x4b6f, 0x4b6f, 
	0x4b6f, 0x4b6f, 0x4b6f, 0x4b6f, 0x4b6f, 0x4b6f, 0x4b6f, 0x4b6f, 0x4b6f, 0x4b6f, 0x4b6f, 0x4b6f, 0x4b6f, 0x4b6f, 0x4b6f, 0x4b6f, 
	0x4b6f, 0x4b6f, 0x4b70, 0x4b70, 0x4b70, 0x4b70, 0x4b70, 0x4b70, 0x4b70, 0x4b70, 0x4b70, 0x4b70, 0x4b70, 0x4b6f, 0x4b6f, 0x4b6f, 
	0x4b6f, 0x4b6f, 0x4b6f, 0x4b6f, 0x4b6f, 0x4b6f, 0x4b6f, 0x4b6f, 0x4b6f, 0x4b6f, 0x4b6f, 0x4b6f, 0x4b6f, 0x4b6f, 0x4b6f, 0x4b6f, 
	0x4b6f, 0x4b6f, 0x4b6f, 0x4b6f, 0x4b6f, 0x4b6f, 0x4b6f, 0x4b6f, 0x4b6f, 0x4b6f, 0x4b6f, 0x4b6f, 0x4b6f, 0x4b6f, 0x4b6f, 0x4b6f, 
	0x4b6f, 0x4b6f, 0x4b6f, 0x4b6f, 0x4b6f, 0x4b6f, 0x4b6f, 0x4b6f, 0x4b6f, 0x4b6f, 0x4b6f, 0x4b6f, 0x4b6f, 0x4b6f, 0x4b6f, 0x4b6f, 
	0x4b6f, 0x4b6f, 0x4b6f, 0x4b6f, 0x4b6f, 0x4b6f, 0x4b6f, 0x4b6f, 0x4b6f, 0x4b6f, 0x4b6f, 0x4b6f, 0x4b6f, 0x4b6f, 0x4b6f, 0x4b6f, 
	0x4b6f, 0x4b6f, 0x4b6f, 0x4b6f, 0x4b6f, 0x4b6f, 0x4b6f, 0x4b6f, 0x4b6f, 0x4b6f, 0x4b6f, 0x4b6f, 0x4b6f, 0x4b6f, 0x4b6f, 0x4b6f, 
	0x4b6f, 0x4b6f, 0x4b6f, 0x4b6f, 0x4b6f, 0x4b6f, 0x4b6f, 0x4b6f, 0x4b6f, 0x4b6f, 0x4b6f, 0x4b6f, 0x4b6f, 0x4b6f, 0x4b6f, 0x4b6f, 
	0x4b6f, 0x4b6f, 0x4b6f, 0x4b6f, 0x4b6f, 0x4b6f, 0x4b6f, 0x4b6f, 0x4b6f, 0x4b6f, 0x4b6f, 0x4b6f, 0x4b6f, 0x4b6f, 0x4b6f, 0x73cf, 
	0x7bcf, 0x4b6f, 0x4b6f, 0x4b6f, 0x4b6f, 0x4b6f, 0x4b6f, 0x4b6f, 0x4b6f, 0x4b6f, 0x4b6f, 0x4b6f, 0x4b6f, 0x4b6f, 0x4b6f, 0x4b6f, 
	0x4b6f, 0x4b6f, 0x4b6f, 0x4b6f, 0x4b6f, 0x4b6f, 0x4b6f, 0x4b6f, 0x4b6f, 0x4b6f, 0x4b6f, 0x4b6f, 0x4b70, 0x4b70, 0x4b70, 0x4b70, 
	0x4b70, 0x4b70, 0x4b70, 0x4b70, 0x4b70, 0x4b70, 0x4b70, 0x4b70, 0x4b70, 0x4b70, 0x4b70, 0x4b70, 0x4b70, 0x4b70, 0x4b70, 0x4b70, 
	0x4b70, 0x4b70, 0x4b70, 0x4b70, 0x4b70, 0x4b70, 0x4b70, 0x4b6f, 0x4b6f, 0x4b6f, 0x4b6f, 0x4b6f, 0x4b6f, 0x4b6f, 0x4b6f, 0x4b6f, 
	0x4b6f, 0x4b6f, 0x4b6f, 0x4b6f, 0x4b6f, 0x4b6f, 0x4b6f, 0x4b6f, 0x4b6f, 0x4b6f, 0x4b6f, 0x4b6f, 0x4b6f, 0x4b6f, 0x4b6f, 0x4b6f, 
	0x4b6f, 0x4b6f, 0x4b6f, 0x4b6f, 0x4b6f, 0x4b6f, 0x4b6f, 0x4b6f, 0x4b6f, 0x4b6f, 0x4b6f, 0x4b6f, 0x4b6f, 0x4b6f, 0x4b6f, 0x4b6f, 
	0x4b6f, 0x4b6f, 0x4b6f, 0x4b6f, 0x4b6f, 0x4b6f, 0x4b6f, 0x4b6f, 0x4b6f, 0x4b6f, 0x4b6f, 0x4b6f, 0x4b6f, 0x4b6f, 0x4b6f, 0x4b6f, 
	0x4b6f, 0x4b6f, 0x4b6f, 0x4b6f, 0x4b6f, 0x4b6f, 0x4b6f, 0x4b6f, 0x4b6f, 0x4b6f, 0x4b6f, 0x4b6f, 0x4b6f, 0x4b6f, 0x4b6f, 0x4b6f, 
	0x4b6f, 0x4b6f, 0x4b6f, 0x4b6f, 0x4b6f, 0x4b6f, 0x4b6f, 0x4b6f, 0x4b6f, 0x4b6f, 0x4b6f, 0x4b6f, 0x4b6f, 0x4b6f, 0x4b6f, 0x4b6f, 
	0x4b6f, 0x4b6f, 0x4b6f, 0x4b6f, 0x4b6f, 0x4b6f, 0x4b6f, 0x4b6f, 0x4b6f, 0x4b6f, 0x4b6f, 0x4b6f, 0x4b6f, 0x4b6f, 0x4b6f, 0x73cf, 
	0x7bcf, 0x4b6f, 0x4b6f, 0x4b6f, 0x4b6f, 0x4b6f, 0x4b6f, 0x4b6f, 0x4b6f, 0x4b6f, 0x4b6f, 0x4b6f, 0x4b6f, 0x4b6f, 0x4b6f, 0x4b6f, 
	0x4b6f, 0x4b6f, 0x4b6f, 0x4b6f, 0x4b6f, 0x4b6f, 0x4b6f, 0x4b6f, 0x4b6f, 0x4b6f, 0x4b6f, 0x4b70, 0x4b70, 0x4b70, 0x4b70, 0x4b70, 
	0x4b70, 0x4b70, 0x4b70, 0x4b70, 0x4b70, 0x4b70, 0x4b70, 0x4b70, 0x4b70, 0x4b70, 0x4b70, 0x4b70, 0x4b70, 0x4b70, 0x4b70, 0x4b70, 
	0x4b70, 0x4b70, 0x4b70, 0x4b70, 0x4b70, 0x4b6f, 0x4b6f, 0x4b6f, 0x4b6f, 0x4b6f, 0x4b6f, 0x4b6f, 0x4b6f, 0x4b6f, 0x4b6f, 0x4b6f, 
	0x4b6f, 0x4b6f, 0x4b6f, 0x4b6f, 0x4b6f, 0x4b6f, 0x4b6f, 0x4b6f, 0x4b6f, 0x4b6f, 0x4b6f, 0x4b6f, 0x4b6f, 0x4b6f, 0x4b6f, 0x4b6f, 
	0x4b6f, 0x4b6f, 0x4b6f, 0x4b6f, 0x4b6f, 0x4b6f, 0x4b6f, 0x4b6f, 0x4b6f, 0x4b6f, 0x4b6f, 0x4b6f, 0x4b6f, 0x4b6f, 0x4b6f, 0x4b6f, 
	0x4b6f, 0x4b6f, 0x4b6f, 0x4b6f, 0x4b6f, 0x4b6f, 0x4b6f, 0x4b6f, 0x4b6f, 0x4b6f, 0x4b6f, 0x4b6f, 0x4b6f, 0x4b6f, 0x4b6f, 0x4b6f, 
	0x4b6f, 0x4b6f, 0x4b6f, 0x4b6f, 0x4b6f, 0x4b6f, 0x4b6f, 0x4b6f, 0x4b6f, 0x4b6f, 0x4b6f, 0x4b6f, 0x4b6f, 0x4b6f, 0x4b6f, 0x4b6f, 
	0x4b6f, 0x4b6f, 0x4b6f, 0x4b6f, 0x4b6f, 0x4b6f, 0x4b6f, 0x4b6f, 0x4b6f, 0x4b6f, 0x4b6f, 0x4b6f, 0x4b6f, 0x4b6f, 0x4b6f, 0x4b6f, 
	0x4b6f, 0x4b6f, 0x4b6f, 0x4b6f, 0x4b6f, 0x4b6f, 0x4b6f, 0x4b6f, 0x4b6f, 0x4b6f, 0x4b6f, 0x4b6f, 0x4b6f, 0x4b6f, 0x4b6f, 0x73cf, 
	0x7bcf, 0x4b6f, 0x4b6f, 0x4b6f, 0x4b6f, 0x4b6f, 0x4b6f, 0x4b6f, 0x4b6f, 0x4b6f, 0x4b6f, 0x4b6f, 0x4b6f, 0x4b6f, 0x4b6f, 0x4b6f, 
	0x4b6f, 0x4b70, 0x4b70, 0x4b70, 0x4b70, 0x4b70, 0x4b70, 0x4b70, 0x4b70, 0x4b70, 0x4b70, 0x4b70, 0x4b70, 0x4b70, 0x4b70, 0x4b70, 
	0x4b70, 0x4b70, 0x4b70, 0x4b70, 0x4b70, 0x4b70, 0x4b70, 0x4b70, 0x4b70, 0x4b70, 0x4b70, 0x4b70, 0x4b70, 0x4b70, 0x4b70, 0x4b70, 
	0x4b70, 0x4b70, 0x4b70, 0x4b70, 0x4b70, 0x4b70, 0x4b70, 0x4b70, 0x4b70, 0x4b70, 0x4b70, 0x4b70, 0x4b70, 0x4b70, 0x4b70, 0x4b6f, 
	0x4b6f, 0x4b6f, 0x4b6f, 0x4b6f, 0x4b6f, 0x4b6f, 0x4b6f, 0x4b6f, 0x4b6f, 0x4b6f, 0x4b6f, 0x4b6f, 0x4b6f, 0x4b6f, 0x4b6f, 0x4b6f, 
	0x4b6f, 0x4b6f, 0x4b6f, 0x4b6f, 0x4b6f, 0x4b6f, 0x4b6f, 0x4b6f, 0x4b6f, 0x4b6f, 0x4b6f, 0x4b6f, 0x4b6f, 0x4b6f, 0x4b6f, 0x4b6f, 
	0x4b6f, 0x4b6f, 0x4b6f, 0x4b6f, 0x4b6f, 0x4b6f, 0x4b6f, 0x4b6f, 0x4b6f, 0x4b6f, 0x4b6f, 0x4b6f, 0x4b6f, 0x4b6f, 0x4b6f, 0x4b6f, 
	0x4b6f, 0x4b6f, 0x4b6f, 0x4b6f, 0x4b6f, 0x4b6f, 0x4b6f, 0x4b6f, 0x4b6f, 0x4b6f, 0x4b6f, 0x4b6f, 0x4b6f, 0x4b6f, 0x4b6f, 0x4b6f, 
	0x4b6f, 0x4b6f, 0x4b6f, 0x4b6f, 0x4b6f, 0x4b6f, 0x4b6f, 0x4b6f, 0x4b6f, 0x4b6f, 0x4b6f, 0x4b6f, 0x4b6f, 0x4b6f, 0x4b6f, 0x4b6f, 
	0x4b6f, 0x4b6f, 0x4b6f, 0x4b6f, 0x4b6f, 0x4b6f, 0x4b6f, 0x4b6f, 0x4b6f, 0x4b6f, 0x4b6f, 0x4b6f, 0x4b6f, 0x4b6f, 0x4b6f, 0x73cf, 
	0x7bcf, 0x4b6f, 0x4b6f, 0x4b6f, 0x4b6f, 0x4b6f, 0x4b6f, 0x4b6f, 0x4b6f, 0x4b6f, 0x4b6f, 0x4b6f, 0x4b6f, 0x4b70, 0x4b70, 0x4b70, 
	0x4b70, 0x4b70, 0x4b70, 0x4b70, 0x4b70, 0x4b70, 0x4b70, 0x4b70, 0x4b70, 0x4b70, 0x4b70, 0x4b70, 0x4b70, 0x4b70, 0x4b70, 0x4b70, 
	0x4b70, 0x4b70, 0x4b70, 0x4b70, 0x4b70, 0x4b70, 0x4b70, 0x4b70, 0x4b70, 0x4b70, 0x4b70, 0x4b70, 0x4b70, 0x4b70, 0x4b70, 0x4b70, 
	0x4b70, 0x4b70, 0x4b70, 0x4b70, 0x4b70, 0x4b70, 0x4b70, 0x4b70, 0x4b70, 0x4b70, 0x4b70, 0x4b70, 0x4b70, 0x4b70, 0x4b70, 0x4b70, 
	0x4b70, 0x4b70, 0x4b70, 0x4b70, 0x4b70, 0x4b70, 0x4b70, 0x4b6f, 0x4b6f, 0x4b6f, 0x4b6f, 0x4b6f, 0x4b6f, 0x4b6f, 0x4b6f, 0x4b6f, 
	0x4b6f, 0x4b6f, 0x4b6f, 0x4b6f, 0x4b6f, 0x4b6f, 0x4b6f, 0x4b6f, 0x4b6f, 0x4b6f, 0x4b6f, 0x4b6f, 0x4b6f, 0x4b6f, 0x4b6f, 0x4b6f, 
	0x4b6f, 0x4b6f, 0x4b6f, 0x4b6f, 0x4b6f, 0x4b6f, 0x4b6f, 0x4b6f, 0x4b6f, 0x4b6f, 0x4b6f, 0x4b6f, 0x4b6f, 0x4b6f, 0x4b6f, 0x4b6f, 
	0x4b6f, 0x4b6f, 0x4b6f, 0x4b6f, 0x4b6f, 0x4b6f, 0x4b6f, 0x4b6f, 0x4b6f, 0x4b6f, 0x4b6f, 0x4b6f, 0x4b6f, 0x4b6f, 0x4b6f, 0x4b6f, 
	0x4b6f, 0x4b6f, 0x4b6f, 0x4b6f, 0x4b6f, 0x4b6f, 0x4b6f, 0x4b6f, 0x4b6f, 0x4b6f, 0x4b6f, 0x4b6f, 0x4b6f, 0x4b6f, 0x4b6f, 0x4b6f, 
	0x4b6f, 0x4b6f, 0x4b6f, 0x4b6f, 0x4b6f, 0x4b6f, 0x4b6f, 0x4b6f, 0x4b6f, 0x4b6f, 0x4b6f, 0x4b6f, 0x4b6f, 0x4b6f, 0x4b6f, 0x73cf, 
	0x7bcf, 0x4b6f, 0x4b6f, 0x4b6f, 0x4b6f, 0x4b6f, 0x4b6f, 0x4b6f, 0x4b6f, 0x4b6f, 0x4b70, 0x4b6f, 0x4b70, 0x4b70, 0x4b70, 0x4b70, 
	0x4b70, 0x4b70, 0x4b70, 0x4b70, 0x4b70, 0x4b70, 0x4b70, 0x4b70, 0x4b70, 0x4b70, 0x4b70, 0x4b70, 0x4b70, 0x4b70, 0x4b70, 0x4b70, 
	0x4b70, 0x4b70, 0x4b70, 0x4b70, 0x4b70, 0x4b70, 0x4b70, 0x4b70, 0x4b70, 0x4b70, 0x4b70, 0x4b70, 0x4b70, 0x4b70, 0x4b70, 0x4b70, 
	0x4b70, 0x4b70, 0x4b70, 0x4b70, 0x4b70, 0x4b70, 0x4b70, 0x4b70, 0x4b70, 0x4b70, 0x4b70, 0x4b70, 0x4b70, 0x4b70, 0x4b70, 0x4b70, 
	0x4b70, 0x4b70, 0x4b70, 0x4b70, 0x4b70, 0x4b6f, 0x4b6f, 0x4b6f, 0x4b6f, 0x4b6f, 0x4b6f, 0x4b6f, 0x4b6f, 0x4b6f, 0x4b6f, 0x4b6f, 
	0x4b6f, 0x4b6f, 0x4b6f, 0x4b6f, 0x4b6f, 0x4b6f, 0x4b6f, 0x4b6f, 0x4b6f, 0x4b6f, 0x4b6f, 0x4b6f, 0x4b6f, 0x4b6f, 0x4b6f, 0x4b6f, 
	0x4b6f, 0x4b6f, 0x4b6f, 0x4b6f, 0x4b6f, 0x4b6f, 0x4b6f, 0x4b6f, 0x4b6f, 0x4b6f, 0x4b6f, 0x4b6f, 0x4b6f, 0x4b6f, 0x4b6f, 0x4b6f, 
	0x4b6f, 0x4b6f, 0x4b6f, 0x4b6f, 0x4b6f, 0x4b6f, 0x4b6f, 0x4b6f, 0x4b6f, 0x4b6f, 0x4b6f, 0x4b6f, 0x4b6f, 0x4b6f, 0x4b6f, 0x4b6f, 
	0x4b6f, 0x4b6f, 0x4b6f, 0x4b6f, 0x4b6f, 0x4b6f, 0x4b6f, 0x4b6f, 0x4b6f, 0x4b6f, 0x4b6f, 0x4b6f, 0x4b6f, 0x4b6f, 0x4b6f, 0x4b6f, 
	0x4b6f, 0x4b6f, 0x4b6f, 0x4b6f, 0x4b6f, 0x4b6f, 0x4b6f, 0x4b6f, 0x4b6f, 0x4b6f, 0x4b6f, 0x4b6f, 0x4b6f, 0x4b6f, 0x4b6f, 0x73cf, 
	0x7bcf, 0x4b70, 0x4b6f, 0x4b70, 0x4b6f, 0x4b70, 0x4b70, 0x4b70, 0x4b70, 0x4b70, 0x4b70, 0x4b70, 0x4b70, 0x4b70, 0x4b70, 0x4b70, 
	0x4b70, 0x4b70, 0x4b70, 0x4b70, 0x4b70, 0x4b70, 0x4b70, 0x4b70, 0x4b70, 0x4b70, 0x4b70, 0x4b70, 0x4b70, 0x4b70, 0x4b70, 0x4b70, 
	0x4b70, 0x4b70, 0x4b70, 0x4b70, 0x4b70, 0x4b70, 0x4b70, 0x4b70, 0x4b70, 0x4b70, 0x4b70, 0x4b70, 0x4b70, 0x4b70, 0x4b70, 0x4b70, 
	0x4b70, 0x4b70, 0x4b70, 0x4b70, 0x4b70, 0x4b70, 0x4b70, 0x4b70, 0x4b70, 0x4b70, 0x4b70, 0x4b70, 0x4b70, 0x4b70, 0x4b70, 0x4b70, 
	0x4b70, 0x4b70, 0x4b70, 0x4b70, 0x4b70, 0x4b70, 0x4b70, 0x4b70, 0x4b70, 0x4b70, 0x4b70, 0x4b70, 0x4b70, 0x4b70, 0x4b70, 0x4b6f, 
	0x4b6f, 0x4b6f, 0x4b6f, 0x4b6f, 0x4b6f, 0x4b6f, 0x4b6f, 0x4b6f, 0x4b6f, 0x4b6f, 0x4b6f, 0x4b6f, 0x4b6f, 0x4b6f, 0x4b6f, 0x4b6f, 
	0x4b6f, 0x4b6f, 0x4b6f, 0x4b6f, 0x4b6f, 0x4b6f, 0x4b6f, 0x4b6f, 0x4b6f, 0x4b6f, 0x4b6f, 0x4b6f, 0x4b6f, 0x4b6f, 0x4b6f, 0x4b6f, 
	0x4b6f, 0x4b6f, 0x4b6f, 0x4b6f, 0x4b6f, 0x4b6f, 0x4b6f, 0x4b6f, 0x4b6f, 0x4b6f, 0x4b6f, 0x4b6f, 0x4b6f, 0x4b6f, 0x4b6f, 0x4b6f, 
	0x4b6f, 0x4b6f, 0x4b6f, 0x4b6f, 0x4b6f, 0x4b6f, 0x4b6f, 0x4b6f, 0x4b6f, 0x4b6f, 0x4b6f, 0x4b6f, 0x4b6f, 0x4b6f, 0x4b6f, 0x4b6f, 
	0x4b6f, 0x4b6f, 0x4b6f, 0x4b6f, 0x4b6f, 0x4b6f, 0x4b6f, 0x4b6f, 0x4b6f, 0x4b70, 0x4b6f, 0x4b70, 0x4b6f, 0x4b70, 0x4b6f, 0x73cf, 
	0x7bef, 0x4b8f, 0x4b70, 0x4b6f, 0x4b70, 0x4b70, 0x4b70, 0x4b70, 0x4b70, 0x4b70, 0x4b70, 0x4b70, 0x4b70, 0x4b70, 0x4b70, 0x4b70, 
	0x4b70, 0x4b70, 0x4b70, 0x4b70, 0x4b70, 0x4b70, 0x4b70, 0x4b70, 0x4b70, 0x4b70, 0x4b70, 0x4b70, 0x4b70, 0x4b70, 0x4b70, 0x4b70, 
	0x4b70, 0x4b70, 0x4b70, 0x4b70, 0x4b70, 0x4b70, 0x4b70, 0x4b70, 0x4b70, 0x4b70, 0x4b70, 0x4b70, 0x4b70, 0x4b70, 0x4b70, 0x4b70, 
	0x4b70, 0x4b70, 0x4b70, 0x4b70, 0x4b70, 0x4b70, 0x4b70, 0x4b70, 0x4b70, 0x4b70, 0x4b70, 0x4b70, 0x4b70, 0x4b70, 0x4b70, 0x4b70, 
	0x4b70, 0x4b70, 0x4b70, 0x4b70, 0x4b70, 0x4b70, 0x4b70, 0x4b70, 0x4b70, 0x4b70, 0x4b70, 0x4b70, 0x4b70, 0x4b70, 0x4b70, 0x4b6f, 
	0x4b6f, 0x4b6f, 0x4b6f, 0x4b6f, 0x4b6f, 0x4b6f, 0x4b6f, 0x4b6f, 0x4b6f, 0x4b6f, 0x4b6f, 0x4b6f, 0x4b6f, 0x4b6f, 0x4b6f, 0x4b6f, 
	0x4b6f, 0x4b6f, 0x4b6f, 0x4b6f, 0x4b6f, 0x4b6f, 0x4b6f, 0x4b6f, 0x4b6f, 0x4b6f, 0x4b6f, 0x4b6f, 0x4b6f, 0x4b6f, 0x4b6f, 0x4b6f, 
	0x4b6f, 0x4b6f, 0x4b6f, 0x4b6f, 0x4b6f, 0x4b6f, 0x4b6f, 0x4b6f, 0x4b6f, 0x4b6f, 0x4b6f, 0x4b6f, 0x4b6f, 0x4b6f, 0x4b6f, 0x4b6f, 
	0x4b6f, 0x4b6f, 0x4b6f, 0x4b6f, 0x4b6f, 0x4b6f, 0x4b6f, 0x4b6f, 0x4b6f, 0x4b6f, 0x4b6f, 0x4b6f, 0x4b6f, 0x4b6f, 0x4b6f, 0x4b6f, 
	0x4b6f, 0x4b6f, 0x4b6f, 0x4b6f, 0x4b6f, 0x4b6f, 0x4b6f, 0x4b6f, 0x4b6f, 0x4b6f, 0x4b6f, 0x4b6f, 0x4b6f, 0x4b70, 0x4b6f, 0x73cf, 
	0x7bcf, 0x4b90, 0x4b70, 0x4b70, 0x4b70, 0x4b70, 0x4b70, 0x4b70, 0x4b70, 0x4b70, 0x4b70, 0x4b70, 0x4b70, 0x4b70, 0x4b70, 0x4b70, 
	0x4b70, 0x4b70, 0x4b70, 0x4b70, 0x4b70, 0x4b70, 0x4b70, 0x4b70, 0x4b70, 0x4b70, 0x4b70, 0x4b70, 0x4b70, 0x4b70, 0x4b70, 0x4b70, 
	0x4b70, 0x4b70, 0x4b70, 0x4b70, 0x4b70, 0x4b70, 0x4b70, 0x4b70, 0x4b70, 0x4b70, 0x4b90, 0x4b70, 0x4b90, 0x4b70, 0x4b90, 0x4b70, 
	0x4b90, 0x4b70, 0x4b70, 0x4b70, 0x4b70, 0x4b70, 0x4b70, 0x4b70, 0x4b70, 0x4b70, 0x4b70, 0x4b70, 0x4b70, 0x4b70, 0x4b70, 0x4b70, 
	0x4b70, 0x4b70, 0x4b70, 0x4b70, 0x4b70, 0x4b70, 0x4b70, 0x4b70, 0x4b70, 0x4b70, 0x4b70, 0x4b70, 0x4b70, 0x4b70, 0x4b70, 0x4b70, 
	0x4b70, 0x4b70, 0x4b70, 0x4b70, 0x4b70, 0x4b70, 0x4b70, 0x4b6f, 0x4b6f, 0x4b6f, 0x4b6f, 0x4b6f, 0x4b6f, 0x4b6f, 0x4b6f, 0x4b6f, 
	0x4b70, 0x4b6f, 0x4b6f, 0x4b6f, 0x4b6f, 0x4b6f, 0x4b6f, 0x4b6f, 0x4b6f, 0x4b6f, 0x4b6f, 0x4b6f, 0x4b6f, 0x4b6f, 0x4b6f, 0x4b6f, 
	0x4b6f, 0x4b6f, 0x4b6f, 0x4b6f, 0x4b6f, 0x4b6f, 0x4b6f, 0x4b6f, 0x4b6f, 0x4b6f, 0x4b6f, 0x4b6f, 0x4b6f, 0x4b6f, 0x4b6f, 0x4b6f, 
	0x4b6f, 0x4b6f, 0x4b6f, 0x4b6f, 0x4b6f, 0x4b6f, 0x4b6f, 0x4b6f, 0x4b6f, 0x4b6f, 0x4b6f, 0x4b6f, 0x4b6f, 0x4b6f, 0x4b6f, 0x4b6f, 
	0x4b6f, 0x4b6f, 0x4b6f, 0x4b6f, 0x4b6f, 0x4b70, 0x4b6f, 0x4b70, 0x4b6f, 0x4b70, 0x4b6f, 0x4b70, 0x4b6f, 0x4b70, 0x4b70, 0x73cf, 
	0x7bef, 0x4b8f, 0x4b70, 0x4b70, 0x4b70, 0x4b70, 0x4b70, 0x4b70, 0x4b70, 0x4b70, 0x4b70, 0x4b70, 0x4b70, 0x4b70, 0x4b70, 0x4b70, 
	0x4b70, 0x4b70, 0x4b70, 0x4b70, 0x4b70, 0x4b70, 0x4b70, 0x4b70, 0x4b70, 0x4b70, 0x4b70, 0x4b70, 0x4b70, 0x4b70, 0x4b70, 0x4b70, 
	0x4b90, 0x4b70, 0x4b90, 0x4b70, 0x4b90, 0x4b70, 0x4b90, 0x4b70, 0x4b90, 0x4b70, 0x4b90, 0x4b70, 0x4b90, 0x4b70, 0x4b90, 0x4b70, 
	0x4b90, 0x4b70, 0x4b90, 0x4b70, 0x4b90, 0x4b70, 0x4b90, 0x4b70, 0x4b90, 0x4b70, 0x4b90, 0x4b70, 0x4b70, 0x4b70, 0x4b70, 0x4b70, 
	0x4b70, 0x4b70, 0x4b70, 0x4b70, 0x4b70, 0x4b70, 0x4b70, 0x4b70, 0x4b70, 0x4b70, 0x4b70, 0x4b70, 0x4b70, 0x4b70, 0x4b70, 0x4b70, 
	0x4b70, 0x4b70, 0x4b70, 0x4b70, 0x4b70, 0x4b70, 0x4b70, 0x4b6f, 0x4b6f, 0x4b6f, 0x4b6f, 0x4b6f, 0x4b6f, 0x4b6f, 0x4b6f, 0x4b6f, 
	0x4b6f, 0x4b6f, 0x4b6f, 0x4b6f, 0x4b6f, 0x4b6f, 0x4b6f, 0x4b6f, 0x4b6f, 0x4b6f, 0x4b6f, 0x4b6f, 0x4b6f, 0x4b6f, 0x4b6f, 0x4b6f, 
	0x4b6f, 0x4b6f, 0x4b6f, 0x4b6f, 0x4b6f, 0x4b6f, 0x4b6f, 0x4b6f, 0x4b6f, 0x4b6f, 0x4b6f, 0x4b6f, 0x4b6f, 0x4b6f, 0x4b6f, 0x4b6f, 
	0x4b6f, 0x4b6f, 0x4b6f, 0x4b6f, 0x4b6f, 0x4b6f, 0x4b6f, 0x4b6f, 0x4b6f, 0x4b6f, 0x4b6f, 0x4b6f, 0x4b6f, 0x4b6f, 0x4b6f, 0x4b6f, 
	0x4b6f, 0x4b6f, 0x4b6f, 0x4b6f, 0x4b6f, 0x4b6f, 0x4b6f, 0x4b6f, 0x4b6f, 0x4b6f, 0x4b70, 0x4b6f, 0x4b70, 0x4b90, 0x4b6f, 0x73cf, 
	0x7bcf, 0x4b90, 0x4b70, 0x4b70, 0x4b70, 0x4b70, 0x4b70, 0x4b70, 0x4b70, 0x4b70, 0x4b70, 0x4b70, 0x4b70, 0x4b90, 0x4b70, 0x4b90, 
	0x4b70, 0x4b70, 0x4b70, 0x4b70, 0x4b70, 0x4b70, 0x4b70, 0x4b90, 0x4b70, 0x4b90, 0x4b90, 0x4b70, 0x4b90, 0x4b70, 0x4b90, 0x4b70, 
	0x4b90, 0x4b70, 0x4b90, 0x4b70, 0x4b90, 0x4b70, 0x4b90, 0x4b70, 0x4b90, 0x4b70, 0x4b90, 0x4b70, 0x4b90, 0x4b70, 0x4b90, 0x4b70, 
	0x4b90, 0x4b70, 0x4b90, 0x4b70, 0x4b90, 0x4b70, 0x4b90, 0x4b70, 0x4b90, 0x4b70, 0x4b90, 0x4b70, 0x4b90, 0x4b70, 0x4b90, 0x4b70, 
	0x4b90, 0x4b70, 0x4b90, 0x4b70, 0x4b70, 0x4b70, 0x4b70, 0x4b70, 0x4b70, 0x4b70, 0x4b70, 0x4b70, 0x4b70, 0x4b70, 0x4b70, 0x4b70, 
	0x4b70, 0x4b70, 0x4b70, 0x4b70, 0x4b70, 0x4b70, 0x4b70, 0x4b70, 0x4b70, 0x4b70, 0x4b70, 0x4b70, 0x4b70, 0x4b70, 0x4b70, 0x4b6f, 
	0x4b70, 0x4b6f, 0x4b70, 0x4b6f, 0x4b70, 0x4b6f, 0x4b70, 0x4b6f, 0x4b70, 0x4b6f, 0x4b70, 0x4b6f, 0x4b6f, 0x4b6f, 0x4b6f, 0x4b6f, 
	0x4b6f, 0x4b6f, 0x4b6f, 0x4b6f, 0x4b6f, 0x4b6f, 0x4b6f, 0x4b6f, 0x4b6f, 0x4b6f, 0x4b6f, 0x4b6f, 0x4b6f, 0x4b6f, 0x4b6f, 0x4b6f, 
	0x4b6f, 0x4b6f, 0x4b6f, 0x4b6f, 0x4b6f, 0x4b6f, 0x4b6f, 0x4b6f, 0x4b6f, 0x4b6f, 0x4b6f, 0x4b6f, 0x4b6f, 0x4b6f, 0x4b6f, 0x4b6f, 
	0x4b6f, 0x4b70, 0x4b6f, 0x4b70, 0x4b70, 0x4b70, 0x4b70, 0x4b70, 0x4b70, 0x4b70, 0x4b70, 0x4b70, 0x4b70, 0x4b90, 0x4b70, 0x73cf, 
	0x7bef, 0x4b8f, 0x4b70, 0x4b90, 0x4b70, 0x4b90, 0x4b70, 0x4b90, 0x4b70, 0x4b90, 0x4b70, 0x4b90, 0x4b70, 0x4b90, 0x4b70, 0x4b90, 
	0x4b70, 0x4b90, 0x4b70, 0x4b90, 0x4b70, 0x4b90, 0x4b70, 0x4b90, 0x4b70, 0x4b90, 0x4b90, 0x4b90, 0x4b90, 0x4b90, 0x4b90, 0x4b90, 
	0x4b90, 0x4b90, 0x4b90, 0x4b90, 0x4b90, 0x4b90, 0x4b90, 0x4b90, 0x4b90, 0x4b90, 0x4b90, 0x4b90, 0x4b90, 0x4b90, 0x4b90, 0x4b90, 
	0x4b90, 0x4b90, 0x4b90, 0x4b90, 0x4b90, 0x4b70, 0x4b90, 0x4b70, 0x4b90, 0x4b70, 0x4b90, 0x4b70, 0x4b90, 0x4b70, 0x4b90, 0x4b70, 
	0x4b90, 0x4b70, 0x4b90, 0x4b70, 0x4b90, 0x4b70, 0x4b90, 0x4b70, 0x4b70, 0x4b70, 0x4b70, 0x4b70, 0x4b70, 0x4b70, 0x4b70, 0x4b70, 
	0x4b70, 0x4b70, 0x4b70, 0x4b70, 0x4b70, 0x4b70, 0x4b70, 0x4b70, 0x4b70, 0x4b70, 0x4b6f, 0x4b70, 0x4b6f, 0x4b70, 0x4b6f, 0x4b70, 
	0x4b6f, 0x4b6f, 0x4b6f, 0x4b6f, 0x4b6f, 0x4b6f, 0x4b6f, 0x4b6f, 0x4b6f, 0x4b6f, 0x4b6f, 0x4b6f, 0x4b6f, 0x4b6f, 0x4b6f, 0x4b6f, 
	0x4b6f, 0x4b6f, 0x4b6f, 0x4b6f, 0x4b6f, 0x4b6f, 0x4b6f, 0x4b6f, 0x4b6f, 0x4b6f, 0x4b6f, 0x4b6f, 0x4b6f, 0x4b6f, 0x4b6f, 0x4b6f, 
	0x4b6f, 0x4b6f, 0x4b6f, 0x4b6f, 0x4b6f, 0x4b6f, 0x4b6f, 0x4b6f, 0x4b6f, 0x4b6f, 0x4b6f, 0x4b6f, 0x4b6f, 0x4b6f, 0x4b6f, 0x4b6f, 
	0x4b70, 0x4b6f, 0x4b70, 0x4b6f, 0x4b70, 0x4b6f, 0x4b70, 0x4b70, 0x4b70, 0x4b70, 0x4b70, 0x4b70, 0x4b70, 0x4b90, 0x4b70, 0x73cf, 
	0x7bcf, 0x4b90, 0x4b70, 0x4b90, 0x4b70, 0x4b90, 0x4b70, 0x4b90, 0x4b70, 0x4b90, 0x4b70, 0x4b90, 0x4b70, 0x4b90, 0x4b90, 0x4b90, 
	0x4b90, 0x4b90, 0x4b90, 0x4b90, 0x4b90, 0x4b90, 0x4b90, 0x4b90, 0x4b90, 0x4b90, 0x4b90, 0x4b90, 0x4b90, 0x4b90, 0x4b90, 0x4b90, 
	0x4b90, 0x4b90, 0x4b90, 0x4b90, 0x4b90, 0x4b90, 0x4b90, 0x4b90, 0x4b90, 0x4b90, 0x4b90, 0x4b90, 0x4b90, 0x4b90, 0x4b90, 0x4b90, 
	0x4b90, 0x4b90, 0x4b90, 0x4b90, 0x4b90, 0x4b90, 0x4b90, 0x4b90, 0x4b90, 0x4b90, 0x4b90, 0x4b90, 0x4b90, 0x4b90, 0x4b90, 0x4b90, 
	0x4b90, 0x4b90, 0x4b90, 0x4b90, 0x4b90, 0x4b70, 0x4b90, 0x4b70, 0x4b90, 0x4b70, 0x4b90, 0x4b70, 0x4b90, 0x4b70, 0x4b70, 0x4b70, 
	0x4b70, 0x4b70, 0x4b70, 0x4b70, 0x4b70, 0x4b70, 0x4b70, 0x4b70, 0x4b70, 0x4b70, 0x4b70, 0x4b70, 0x4b70, 0x4b70, 0x4b70, 0x4b70, 
	0x4b70, 0x4b70, 0x4b70, 0x4b70, 0x4b70, 0x4b70, 0x4b70, 0x4b6f, 0x4b70, 0x4b6f, 0x4b70, 0x4b6f, 0x4b70, 0x4b6f, 0x4b70, 0x4b6f, 
	0x4b70, 0x4b6f, 0x4b70, 0x4b6f, 0x4b6f, 0x4b6f, 0x4b6f, 0x4b6f, 0x4b6f, 0x4b6f, 0x4b6f, 0x4b6f, 0x4b6f, 0x4b6f, 0x4b6f, 0x4b6f, 
	0x4b6f, 0x4b6f, 0x4b6f, 0x4b6f, 0x4b6f, 0x4b6f, 0x4b6f, 0x4b6f, 0x4b6f, 0x4b6f, 0x4b6f, 0x4b6f, 0x4b70, 0x4b70, 0x4b70, 0x4b70, 
	0x4b70, 0x4b70, 0x4b70, 0x4b70, 0x4b70, 0x4b70, 0x4b70, 0x4b70, 0x4b70, 0x4b90, 0x4b70, 0x4b90, 0x4b70, 0x4b90, 0x4b90, 0x73cf, 
	0x7bef, 0x4b8f, 0x4b90, 0x4b90, 0x4b90, 0x4b90, 0x4b90, 0x4b90, 0x4b90, 0x4b90, 0x4b90, 0x4b90, 0x4b90, 0x4b90, 0x4b90, 0x4b90, 
	0x4b90, 0x4b90, 0x4b90, 0x4b90, 0x4b90, 0x4b90, 0x4b90, 0x4b90, 0x4b90, 0x4b90, 0x4b90, 0x4b90, 0x4b90, 0x4b90, 0x4b90, 0x4b90, 
	0x4b90, 0x4b90, 0x4b90, 0x4b90, 0x4b90, 0x4b90, 0x4b90, 0x4b90, 0x4b90, 0x4b90, 0x4b90, 0x4b90, 0x4b90, 0x4b90, 0x4b90, 0x4b90, 
	0x4b90, 0x4b90, 0x4b90, 0x4b90, 0x4b90, 0x4b90, 0x4b90, 0x4b90, 0x4b90, 0x4b90, 0x4b90, 0x4b90, 0x4b90, 0x4b90, 0x4b90, 0x4b90, 
	0x4b90, 0x4b90, 0x4b90, 0x4b90, 0x4b90, 0x4b90, 0x4b90, 0x4b90, 0x4b90, 0x4b90, 0x4b90, 0x4b90, 0x4b90, 0x4b90, 0x4b90, 0x4b90, 
	0x4b90, 0x4b90, 0x4b70, 0x4b90, 0x4b70, 0x4b90, 0x4b70, 0x4b90, 0x4b70, 0x4b90, 0x4b70, 0x4b90, 0x4b70, 0x4b90, 0x4b70, 0x4b90, 
	0x4b6f, 0x4b70, 0x4b6f, 0x4b70, 0x4b6f, 0x4b70, 0x4b6f, 0x4b70, 0x4b6f, 0x4b6f, 0x4b6f, 0x4b6f, 0x4b6f, 0x4b6f, 0x4b6f, 0x4b6f, 
	0x4b6f, 0x4b6f, 0x4b6f, 0x4b6f, 0x4b6f, 0x4b6f, 0x4b6f, 0x4b6f, 0x4b6f, 0x4b6f, 0x4b6f, 0x4b6f, 0x4b6f, 0x4b6f, 0x4b6f, 0x4b6f, 
	0x4b6f, 0x4b6f, 0x4b6f, 0x4b6f, 0x4b6f, 0x4b6f, 0x4b70, 0x4b6f, 0x4b70, 0x4b6f, 0x4b70, 0x4b6f, 0x4b70, 0x4b6f, 0x4b70, 0x4b90, 
	0x4b70, 0x4b90, 0x4b70, 0x4b90, 0x4b70, 0x4b90, 0x4b70, 0x4b90, 0x4b70, 0x4b90, 0x4b70, 0x4b90, 0x4b70, 0x4b90, 0x4b90, 0x73cf, 
	0x7bcf, 0x5390, 0x4b90, 0x4b90, 0x4b90, 0x4b90, 0x4b90, 0x4b90, 0x4b90, 0x4b90, 0x4b90, 0x4b90, 0x4b90, 0x4b90, 0x4b90, 0x4b90, 
	0x4b90, 0x4b90, 0x4b90, 0x4b90, 0x4b90, 0x4b90, 0x4b90, 0x4b90, 0x4b90, 0x4b90, 0x4b90, 0x4b90, 0x4b90, 0x4b90, 0x4b90, 0x4b90, 
	0x4b90, 0x4b90, 0x4b90, 0x4b90, 0x4b90, 0x4b90, 0x4b90, 0x4b90, 0x4b90, 0x4b90, 0x4b90, 0x4b90, 0x4b90, 0x4b90, 0x4b90, 0x4b90, 
	0x4b90, 0x4b90, 0x4b90, 0x4b90, 0x4b90, 0x4b90, 0x4b90, 0x4b90, 0x4b90, 0x4b90, 0x4b90, 0x4b90, 0x4b90, 0x4b90, 0x4b90, 0x4b90, 
	0x4b90, 0x4b90, 0x4b90, 0x4b90, 0x4b90, 0x4b90, 0x4b90, 0x4b90, 0x4b90, 0x4b90, 0x4b90, 0x4b90, 0x4b90, 0x4b90, 0x4b90, 0x4b90, 
	0x4b90, 0x4b90, 0x4b90, 0x4b90, 0x4b90, 0x4b90, 0x4b90, 0x4b90, 0x4b90, 0x4b90, 0x4b90, 0x4b90, 0x4b90, 0x4b90, 0x4b90, 0x4b90, 
	0x4b90, 0x4b90, 0x4b70, 0x4b90, 0x4b70, 0x4b90, 0x4b70, 0x4b90, 0x4b70, 0x4b90, 0x4b70, 0x4b70, 0x4b70, 0x4b70, 0x4b70, 0x4b6f, 
	0x4b70, 0x4b6f, 0x4b70, 0x4b6f, 0x4b70, 0x4b6f, 0x4b70, 0x4b6f, 0x4b70, 0x4b6f, 0x4b70, 0x4b6f, 0x4b70, 0x4b6f, 0x4b70, 0x4b6f, 
	0x4b6f, 0x4b6f, 0x4b70, 0x4b70, 0x4b70, 0x4b70, 0x4b70, 0x4b70, 0x4b70, 0x4b70, 0x4b70, 0x4b90, 0x4b70, 0x4b90, 0x4b90, 0x4b90, 
	0x4b90, 0x4b90, 0x4b90, 0x4b90, 0x4b90, 0x4b90, 0x4b90, 0x4b90, 0x4b90, 0x4b90, 0x4b90, 0x4b90, 0x4b90, 0x4b90, 0x4b90, 0x73cf, 
	0x7bef, 0x4b90, 0x4b90, 0x4b90, 0x4b90, 0x4b90, 0x4b90, 0x4b90, 0x4b90, 0x4b90, 0x4b90, 0x4b90, 0x4b90, 0x4b90, 0x4b90, 0x4b90, 
	0x4b90, 0x4b90, 0x4b90, 0x4b90, 0x4b90, 0x4b90, 0x4b90, 0x4b90, 0x4b90, 0x4b90, 0x4b90, 0x4b90, 0x4b90, 0x4b90, 0x4b90, 0x4b90, 
	0x4b90, 0x4b90, 0x4b90, 0x4b90, 0x4b90, 0x4b90, 0x4b90, 0x4b90, 0x4b90, 0x4b90, 0x4b90, 0x4b90, 0x4b90, 0x4b90, 0x4b90, 0x4b90, 
	0x4b90, 0x4b90, 0x4b90, 0x4b90, 0x4b90, 0x4b90, 0x4b90, 0x4b90, 0x4b90, 0x4b90, 0x4b90, 0x4b90, 0x4b90, 0x4b90, 0x4b90, 0x4b90, 
	0x4b90, 0x4b90, 0x4b90, 0x4b90, 0x4b90, 0x4b90, 0x4b90, 0x4b90, 0x4b90, 0x4b90, 0x4b90, 0x4b90, 0x4b90, 0x4b90, 0x4b90, 0x4b90, 
	0x4b90, 0x4b90, 0x4b90, 0x4b90, 0x4b90, 0x4b90, 0x4b90, 0x4b90, 0x4b90, 0x4b90, 0x4b90, 0x4b90, 0x4b90, 0x4b90, 0x4b90, 0x4b90, 
	0x4b90, 0x4b90, 0x4b90, 0x4b90, 0x4b90, 0x4b90, 0x4b90, 0x4b90, 0x4b8f, 0x4b90, 0x4b8f, 0x4b90, 0x4b8f, 0x4b90, 0x4b8f, 0x4b90, 
	0x4b8f, 0x4b90, 0x4b6f, 0x4b8f, 0x4b6f, 0x4b6f, 0x4b6f, 0x4b6f, 0x4b6f, 0x4b6f, 0x4b6f, 0x4b6f, 0x4b8f, 0x4b6f, 0x4b8f, 0x4b90, 
	0x4b8f, 0x4b90, 0x4b90, 0x4b90, 0x4b90, 0x4b90, 0x4b90, 0x4b90, 0x4b90, 0x4b90, 0x4b90, 0x4b90, 0x4b90, 0x4b90, 0x4b90, 0x4b90, 
	0x4b90, 0x4b90, 0x4b90, 0x4b90, 0x4b90, 0x4b90, 0x4b90, 0x4b90, 0x4b90, 0x4b90, 0x4b90, 0x4b90, 0x4b90, 0x4b90, 0x4b90, 0x73cf, 
	0x7bcf, 0x5390, 0x4b90, 0x4b90, 0x4b90, 0x4b90, 0x4b90, 0x4b90, 0x4b90, 0x4b90, 0x4b90, 0x4b90, 0x4b90, 0x4b90, 0x4b90, 0x4b90, 
	0x4b90, 0x4b90, 0x4b90, 0x4b90, 0x4b90, 0x4b90, 0x4b90, 0x4b90, 0x4b90, 0x4b90, 0x4b90, 0x4b90, 0x4b90, 0x4b90, 0x4b90, 0x4b90, 
	0x4b90, 0x4b90, 0x4b90, 0x4b90, 0x4b90, 0x4b90, 0x4b90, 0x4b90, 0x4b90, 0x4b90, 0x4b90, 0x4b90, 0x4b90, 0x4b90, 0x4b90, 0x4b90, 
	0x4b90, 0x4b90, 0x4b90, 0x4b90, 0x4b90, 0x4b90, 0x4b90, 0x4b90, 0x4b90, 0x4b90, 0x4b90, 0x4b90, 0x4b90, 0x4b90, 0x4b90, 0x4b90, 
	0x4b90, 0x4b90, 0x4b90, 0x4b90, 0x4b90, 0x4b90, 0x4b90, 0x4b90, 0x4b90, 0x4b90, 0x4b90, 0x4b90, 0x4b90, 0x4b90, 0x4b90, 0x4b90, 
	0x4b90, 0x4b90, 0x4b90, 0x4b90, 0x4b90, 0x4b90, 0x4b90, 0x4b90, 0x4b90, 0x4b90, 0x4b90, 0x4b90, 0x4b90, 0x4b90, 0x4b90, 0x4b90, 
	0x4b90, 0x4b90, 0x4b90, 0x4b90, 0x4b90, 0x4b90, 0x4b90, 0x4b90, 0x4b90, 0x4b90, 0x4b90, 0x4b90, 0x4b90, 0x4b90, 0x4b90, 0x4b90, 
	0x4b90, 0x4b90, 0x4b90, 0x4b90, 0x4b90, 0x4b90, 0x4b90, 0x4b90, 0x4b90, 0x4b90, 0x4b90, 0x4b90, 0x4b90, 0x4b90, 0x4b90, 0x4b90, 
	0x4b90, 0x4b90, 0x4b90, 0x4b90, 0x4b90, 0x4b90, 0x4b90, 0x4b90, 0x4b90, 0x4b90, 0x4b90, 0x4b90, 0x4b90, 0x4b90, 0x4b90, 0x4b90, 
	0x4b90, 0x4b90, 0x4b90, 0x4b90, 0x4b90, 0x4b90, 0x4b90, 0x4b90, 0x4b90, 0x4b90, 0x4b90, 0x4b90, 0x4b90, 0x4b90, 0x4b90, 0x7bcf, 
	0x7bef, 0x5390, 0x4b90, 0x4b90, 0x4b90, 0x4b90, 0x4b90, 0x4b90, 0x4b90, 0x4b90, 0x4b90, 0x4b90, 0x4b90, 0x4b90, 0x4b90, 0x4b90, 
	0x4b90, 0x4b90, 0x4b90, 0x4b90, 0x4b90, 0x4b90, 0x4b90, 0x4b90, 0x4b90, 0x4b90, 0x4b90, 0x4b90, 0x4b90, 0x4b90, 0x4b90, 0x4b90, 
	0x4b90, 0x4b90, 0x4b90, 0x4b90, 0x4b90, 0x4b90, 0x4b90, 0x4b90, 0x4b90, 0x4b90, 0x4b90, 0x4b90, 0x4b90, 0x4b90, 0x4b90, 0x4b90, 
	0x4b90, 0x4b90, 0x4b90, 0x4b90, 0x4b90, 0x4b90, 0x4b90, 0x4b90, 0x4b90, 0x4b90, 0x4b90, 0x4b90, 0x4b90, 0x4b90, 0x4b90, 0x4b90, 
	0x4b90, 0x4b90, 0x4b90, 0x4b90, 0x4b90, 0x4b90, 0x4b90, 0x4b90, 0x4b90, 0x4b90, 0x4b90, 0x4b90, 0x4b90, 0x4b90, 0x4b90, 0x4b90, 
	0x4b90, 0x4b90, 0x4b90, 0x4b90, 0x4b90, 0x4b90, 0x4b90, 0x4b90, 0x4b90, 0x4b90, 0x4b90, 0x4b90, 0x4b90, 0x4b90, 0x4b90, 0x4b90, 
	0x4b90, 0x4b90, 0x4b90, 0x4b90, 0x4b90, 0x4b90, 0x4b90, 0x4b90, 0x4b90, 0x4b90, 0x4b90, 0x4b90, 0x4b90, 0x4b90, 0x4b90, 0x4b90, 
	0x4b8f, 0x4b90, 0x4b8f, 0x4b90, 0x4b8f, 0x4b90, 0x4b8f, 0x4b90, 0x4b8f, 0x4b90, 0x4b8f, 0x4b90, 0x4b8f, 0x4b90, 0x4b8f, 0x4b90, 
	0x4b8f, 0x4b90, 0x4b90, 0x4b90, 0x4b90, 0x4b90, 0x4b90, 0x4b90, 0x4b90, 0x4b90, 0x4b90, 0x4b90, 0x4b90, 0x4b90, 0x4b90, 0x4b90, 
	0x4b90, 0x4b90, 0x4b90, 0x4b90, 0x4b90, 0x4b90, 0x4b90, 0x4b90, 0x4b90, 0x4b90, 0x4b90, 0x4b90, 0x4b90, 0x4b90, 0x4b90, 0x73cf, 
	0x7bef, 0x538f, 0x5390, 0x5390, 0x5390, 0x5390, 0x5390, 0x5390, 0x5390, 0x5390, 0x5390, 0x5390, 0x5390, 0x5390, 0x5390, 0x5390, 
	0x5390, 0x5390, 0x5390, 0x5390, 0x5390, 0x5390, 0x5390, 0x5390, 0x5390, 0x5390, 0x5390, 0x5390, 0x5390, 0x5390, 0x5390, 0x5390, 
	0x5390, 0x5390, 0x5390, 0x5390, 0x5390, 0x5390, 0x5390, 0x5390, 0x5390, 0x5390, 0x5390, 0x5390, 0x5390, 0x5390, 0x5390, 0x5390, 
	0x5390, 0x5390, 0x5390, 0x5390, 0x5390, 0x5390, 0x5390, 0x5390, 0x5390, 0x5390, 0x5390, 0x5390, 0x5390, 0x5390, 0x5390, 0x5390, 
	0x5390, 0x5390, 0x5390, 0x5390, 0x5390, 0x5390, 0x5390, 0x5390, 0x5390, 0x5390, 0x5390, 0x5390, 0x5390, 0x5390, 0x5390, 0x5390, 
	0x5390, 0x5390, 0x5390, 0x5390, 0x538f, 0x5390, 0x538f, 0x5390, 0x538f, 0x538f, 0x538f, 0x538f, 0x538f, 0x538f, 0x538f, 0x538f, 
	0x538f, 0x538f, 0x538f, 0x538f, 0x538f, 0x538f, 0x538f, 0x538f, 0x538f, 0x538f, 0x538f, 0x538f, 0x538f, 0x538f, 0x538f, 0x538f, 
	0x538f, 0x538f, 0x538f, 0x538f, 0x538f, 0x538f, 0x538f, 0x538f, 0x538f, 0x538f, 0x538f, 0x538f, 0x538f, 0x538f, 0x538f, 0x538f, 
	0x538f, 0x538f, 0x538f, 0x538f, 0x538f, 0x538f, 0x538f, 0x538f, 0x538f, 0x538f, 0x538f, 0x538f, 0x538f, 0x538f, 0x538f, 0x538f, 
	0x538f, 0x538f, 0x538f, 0x538f, 0x538f, 0x538f, 0x538f, 0x5390, 0x538f, 0x5390, 0x538f, 0x5390, 0x538f, 0x5390, 0x538f, 0x7bcf, 
	0x8410, 0x7bef, 0x7bef, 0x7bef, 0x7bef, 0x7bef, 0x7bef, 0x7bef, 0x7bef, 0x7bef, 0x7bef, 0x7bef, 0x7bef, 0x7bef, 0x7bef, 0x7bef, 
	0x7bef, 0x7bef, 0x7bef, 0x7bef, 0x7bef, 0x7bef, 0x7bef, 0x7bef, 0x7bef, 0x7bef, 0x7bef, 0x7bef, 0x7bef, 0x7bef, 0x7bef, 0x7bef, 
	0x7bef, 0x7bef, 0x7bef, 0x7bef, 0x7bef, 0x7bef, 0x7bef, 0x7bef, 0x7bef, 0x7bef, 0x7bef, 0x7bef, 0x7bef, 0x7bef, 0x7bef, 0x7bef, 
	0x7bef, 0x7bef, 0x7bef, 0x7bef, 0x7bef, 0x7bef, 0x7bef, 0x7bef, 0x7bef, 0x7bef, 0x7bef, 0x7bef, 0x7bef, 0x7bef, 0x7bef, 0x7bef, 
	0x7bef, 0x7bef, 0x7bef, 0x7bef, 0x7bef, 0x7bef, 0x7bef, 0x7bef, 0x7bef, 0x7bef, 0x7bef, 0x7bef, 0x7bef, 0x7bef, 0x7bef, 0x7bef, 
	0x7bef, 0x7bef, 0x7bef, 0x7bef, 0x7bef, 0x7bef, 0x7bef, 0x7bef, 0x7bef, 0x7bef, 0x7bef, 0x7bef, 0x7bef, 0x7bef, 0x7bef, 0x7bef, 
	0x7bef, 0x7bef, 0x7bef, 0x7bef, 0x7bef, 0x7bef, 0x7bef, 0x7bef, 0x7bef, 0x7bef, 0x7bef, 0x7bef, 0x7bef, 0x7bef, 0x7bef, 0x7bef, 
	0x7bef, 0x7bef, 0x7bef, 0x7bef, 0x7bef, 0x7bef, 0x7bef, 0x7bef, 0x7bef, 0x7bef, 0x7bef, 0x7bef, 0x7bef, 0x7bef, 0x7bef, 0x7bef, 
	0x7bef, 0x7bef, 0x7bef, 0x7bef, 0x7bef, 0x7bef, 0x7bef, 0x7bef, 0x7bef, 0x7bef, 0x7bef, 0x7bef, 0x7bef, 0x7bef, 0x7bef, 0x7bef, 
	0x7bef, 0x7bef, 0x7bef, 0x7bef, 0x7bef, 0x7bef, 0x7bef, 0x7bef, 0x7bef, 0x7bef, 0x7bef, 0x7bef, 0x7bef, 0x7bef, 0x7bef, 0x7bef
};

// Array of all bitmaps for convenience. (Total bytes used to store images in PROGMEM = 20496)
const int myBitmapallArray_LEN = 1;
const uint16_t* myBitmapallArray[1] = {
	open_water_img
};
