// 'imagem_2026-03-30_194655595', 160x128px
const uint16_t sabao_img [] PROGMEM = {
	0x7c10, 0x83ef, 0x8410, 0x8410, 0x8410, 0x8410, 0x8410, 0x8410, 0x8410, 0x8410, 0x8410, 0x8410, 0x8410, 0x8410, 0x8410, 0x8410, 
	0x8410, 0x8410, 0x8410, 0x8410, 0x8410, 0x8410, 0x8410, 0x8410, 0x8410, 0x8410, 0x8410, 0x8410, 0x8410, 0x8410, 0x8410, 0x8410, 
	0x8410, 0x8410, 0x8410, 0x8410, 0x8410, 0x8410, 0x8410, 0x8410, 0x8410, 0x8410, 0x8410, 0x8410, 0x8410, 0x8410, 0x8410, 0x8410, 
	0x8410, 0x8410, 0x8410, 0x8410, 0x8410, 0x8410, 0x8410, 0x8410, 0x8410, 0x8410, 0x8410, 0x8410, 0x8410, 0x8410, 0x8410, 0x8410, 
	0x8410, 0x8410, 0x8410, 0x8410, 0x8410, 0x8410, 0x8410, 0x8410, 0x8410, 0x8410, 0x8410, 0x8410, 0x8410, 0x8410, 0x8410, 0x8410, 
	0x8410, 0x8410, 0x8410, 0x8410, 0x8410, 0x8410, 0x8410, 0x8410, 0x8410, 0x8410, 0x8410, 0x8410, 0x8410, 0x8410, 0x8410, 0x8410, 
	0x8410, 0x8410, 0x8410, 0x8410, 0x8410, 0x8410, 0x8410, 0x8410, 0x8410, 0x8410, 0x8410, 0x8410, 0x8410, 0x8410, 0x8410, 0x8410, 
	0x8410, 0x8410, 0x8410, 0x8410, 0x8410, 0x8410, 0x8410, 0x8410, 0x8410, 0x8410, 0x8410, 0x8410, 0x8410, 0x8410, 0x8410, 0x8410, 
	0x8410, 0x8410, 0x8410, 0x8410, 0x8410, 0x8410, 0x8410, 0x8410, 0x8410, 0x8410, 0x8410, 0x8410, 0x8410, 0x8410, 0x8410, 0x8410, 
	0x8410, 0x8410, 0x8410, 0x8410, 0x8410, 0x8410, 0x8410, 0x8410, 0x8410, 0x8410, 0x8410, 0x8410, 0x8410, 0x7bef, 0x7c10, 0x8410, 
	0x7bf0, 0x6baf, 0x5b8f, 0x5b8f, 0x5b8f, 0x5b8f, 0x5b8f, 0x5b8f, 0x5b8f, 0x5b8f, 0x5b8f, 0x5b8f, 0x5b8f, 0x5b8f, 0x5b8f, 0x5b8f, 
	0x5b8f, 0x5b8f, 0x5b8f, 0x5b8f, 0x5b8f, 0x5b8f, 0x5b8f, 0x5b8f, 0x5b8f, 0x5b8f, 0x5b8f, 0x5b8f, 0x5b8f, 0x5b8f, 0x5b8f, 0x5b8f, 
	0x5b8f, 0x5b8f, 0x5b8f, 0x5b8f, 0x5b8f, 0x5b8f, 0x5b8f, 0x5b8f, 0x5b8f, 0x5b8f, 0x5b8f, 0x5b8f, 0x5b8f, 0x5b8f, 0x5b8f, 0x5b8f, 
	0x5b8f, 0x5b8f, 0x5b8f, 0x5b8f, 0x5b8f, 0x5b8f, 0x5b6f, 0x5b6f, 0x5b6f, 0x5b6f, 0x5b6f, 0x5b6f, 0x5b6f, 0x5b6f, 0x5b6f, 0x5b6f, 
	0x5b6f, 0x5b6f, 0x5b6f, 0x5b6f, 0x5b6f, 0x5b6f, 0x5b6f, 0x5b6f, 0x5b6f, 0x5b6f, 0x5b6f, 0x5b6f, 0x5b6f, 0x5b6f, 0x5b6f, 0x5b6f, 
	0x5b6f, 0x5b6f, 0x5b6f, 0x5b6f, 0x5b6f, 0x5b6f, 0x5b6f, 0x5b6f, 0x5b6f, 0x5b6f, 0x5b6f, 0x5b6f, 0x5b6f, 0x5b6f, 0x5b6f, 0x5b6f, 
	0x5b6f, 0x5b6f, 0x5b6f, 0x5b6f, 0x5b6f, 0x5b6f, 0x5b6f, 0x5b6f, 0x5b6f, 0x5b8f, 0x5b8f, 0x5b8f, 0x5b8f, 0x5b8f, 0x5b8f, 0x5b8f, 
	0x5b8f, 0x5b8f, 0x5b8f, 0x5b8f, 0x5b8f, 0x5b8f, 0x5b8f, 0x5b8f, 0x5b8f, 0x5b8f, 0x5b8f, 0x5b8f, 0x5b8f, 0x5b8f, 0x5b8f, 0x5b8f, 
	0x5b8f, 0x5b8f, 0x5b8f, 0x5b8f, 0x5b8f, 0x5b8f, 0x5b8f, 0x5b8f, 0x5b8f, 0x5b8f, 0x5b8f, 0x5b8f, 0x5b8f, 0x5b8f, 0x5b8f, 0x5b8f, 
	0x5b8f, 0x5b8f, 0x5b8f, 0x5b8f, 0x5b8f, 0x5b8f, 0x5b8f, 0x5b8f, 0x5b8f, 0x5b8f, 0x5b8f, 0x5b8f, 0x5b8f, 0x63af, 0x7bf0, 0x8410, 
	0x8410, 0x5baf, 0x4b90, 0x4b90, 0x4b90, 0x4b70, 0x4b70, 0x4b70, 0x4b70, 0x4b70, 0x4b70, 0x4b70, 0x4b70, 0x4b70, 0x4b70, 0x4b70, 
	0x4b70, 0x4b70, 0x4b70, 0x4b70, 0x4b70, 0x4b70, 0x4b70, 0x4b6f, 0x4b6f, 0x4b6f, 0x4b6f, 0x4b6f, 0x4b6f, 0x4b6f, 0x4b6f, 0x4b6f, 
	0x4b6f, 0x4b6f, 0x4b6f, 0x4b6f, 0x4b6f, 0x4b6f, 0x4b6f, 0x4b6f, 0x4b6f, 0x4b6f, 0x4b6f, 0x4b6f, 0x4b6f, 0x4b4f, 0x4b4f, 0x4b4f, 
	0x4b4f, 0x4b4f, 0x4b4f, 0x4b4f, 0x4b4f, 0x4b4f, 0x4b4f, 0x4b4f, 0x4b4f, 0x4b4f, 0x4b4f, 0x4b4f, 0x4b4f, 0x4b4f, 0x4b4f, 0x4b4f, 
	0x4b4f, 0x4b4f, 0x4b4f, 0x4b4f, 0x4b4f, 0x4b4f, 0x4b4f, 0x4b4f, 0x4b4f, 0x4b4f, 0x4b4f, 0x4b4f, 0x4b4f, 0x4b4f, 0x4b4f, 0x4b4f, 
	0x4b4f, 0x4b4f, 0x4b4f, 0x4b4f, 0x4b4f, 0x4b4f, 0x4b4f, 0x4b4f, 0x4b4f, 0x4b4f, 0x4b4f, 0x4b4f, 0x4b4f, 0x4b4f, 0x4b4f, 0x4b4f, 
	0x4b4f, 0x4b4f, 0x4b4f, 0x4b4f, 0x4b4f, 0x4b4f, 0x4b4f, 0x4b4f, 0x4b4f, 0x4b4f, 0x4b4f, 0x4b4f, 0x4b4f, 0x4b4f, 0x4b4f, 0x4b4f, 
	0x4b4f, 0x4b4f, 0x4b4f, 0x4b6f, 0x4b6f, 0x4b6f, 0x4b6f, 0x4b6f, 0x4b6f, 0x4b6f, 0x4b6f, 0x4b6f, 0x4b6f, 0x4b6f, 0x4b6f, 0x4b6f, 
	0x4b6f, 0x4b6f, 0x4b6f, 0x4b6f, 0x4b6f, 0x4b6f, 0x4b6f, 0x4b6f, 0x4b70, 0x4b70, 0x4b70, 0x4b70, 0x4b70, 0x4b70, 0x4b70, 0x4b70, 
	0x4b70, 0x4b70, 0x4b70, 0x4b70, 0x4b70, 0x4b70, 0x4b70, 0x4b70, 0x4b70, 0x4b70, 0x4b70, 0x4b90, 0x4b90, 0x5390, 0x7c10, 0x8410, 
	0x8410, 0x5baf, 0x4b90, 0x4b90, 0x4b90, 0x4b70, 0x4b70, 0x4b70, 0x4b70, 0x4b70, 0x4b70, 0x4b70, 0x4b70, 0x4b70, 0x4b70, 0x4b70, 
	0x4b70, 0x4b70, 0x4b70, 0x4b70, 0x4b70, 0x4b70, 0x4b70, 0x4b70, 0x4b70, 0x4b70, 0x4b6f, 0x4b70, 0x4b6f, 0x4b70, 0x4b6f, 0x4b6f, 
	0x4b6f, 0x4b6f, 0x4b6f, 0x4b6f, 0x4b6f, 0x4b6f, 0x4b6f, 0x4b6f, 0x4b6f, 0x4b6f, 0x4b6f, 0x4b6f, 0x4b6f, 0x4b4f, 0x4b4f, 0x4b4f, 
	0x4b4f, 0x4b4f, 0x4b4f, 0x4b4f, 0x4b4f, 0x4b4f, 0x4b4f, 0x4b4f, 0x4b4f, 0x4b4f, 0x4b4f, 0x4b4f, 0x4b4f, 0x4b4f, 0x4b4f, 0x4b4f, 
	0x4b4f, 0x4b4f, 0x4b4f, 0x4b4f, 0x4b4f, 0x4b4f, 0x4b4f, 0x4b4f, 0x4b4f, 0x4b4f, 0x4b4f, 0x4b4f, 0x4b4f, 0x4b4f, 0x4b4f, 0x4b4f, 
	0x4b4f, 0x4b4f, 0x4b4f, 0x4b4f, 0x4b4f, 0x4b4f, 0x4b4f, 0x4b4f, 0x4b4f, 0x4b4f, 0x4b4f, 0x4b4f, 0x4b4f, 0x4b4f, 0x4b4f, 0x4b4f, 
	0x4b4f, 0x4b4f, 0x4b4f, 0x4b4f, 0x4b4f, 0x4b4f, 0x4b4f, 0x4b4f, 0x4b4f, 0x4b4f, 0x4b4f, 0x4b4f, 0x4b4f, 0x4b4f, 0x4b4f, 0x4b4f, 
	0x4b4f, 0x4b4f, 0x4b4f, 0x4b6f, 0x4b6f, 0x4b6f, 0x4b6f, 0x4b6f, 0x4b6f, 0x4b6f, 0x4b6f, 0x4b6f, 0x4b6f, 0x4b6f, 0x4b6f, 0x4b6f, 
	0x4b6f, 0x4b6f, 0x4b6f, 0x4b70, 0x4b70, 0x4b70, 0x4b70, 0x4b70, 0x4b70, 0x4b70, 0x4b70, 0x4b70, 0x4b70, 0x4b70, 0x4b70, 0x4b70, 
	0x4b70, 0x4b70, 0x4b70, 0x4b70, 0x4b70, 0x4b70, 0x4b70, 0x4b70, 0x4b70, 0x4b70, 0x4b70, 0x4b90, 0x4b90, 0x5390, 0x7c10, 0x8410, 
	0x8410, 0x5baf, 0x4b90, 0x4b90, 0x4b90, 0x4b70, 0x4b90, 0x4b70, 0x4b70, 0x4b70, 0x4b70, 0x4b70, 0x4b70, 0x4b70, 0x4b70, 0x4b70, 
	0x4b70, 0x4b70, 0x4b70, 0x4b70, 0x4b70, 0x4b70, 0x4b70, 0x4b6f, 0x4b6f, 0x4b6f, 0x4b6f, 0x4b6f, 0x4b6f, 0x4b6f, 0x4b6f, 0x4b6f, 
	0x4b6f, 0x4b6f, 0x4b6f, 0x4b6f, 0x4b6f, 0x4b6f, 0x4b6f, 0x4b6f, 0x4b6f, 0x4b6f, 0x4b6f, 0x4b6f, 0x4b6f, 0x4b6f, 0x4b4f, 0x4b4f, 
	0x4b4f, 0x4b4f, 0x4b4f, 0x4b4f, 0x4b4f, 0x4b4f, 0x4b4f, 0x4b4f, 0x4b4f, 0x4b4f, 0x4b4f, 0x4b4f, 0x4b4f, 0x4b4f, 0x4b4f, 0x4b4f, 
	0x4b4f, 0x4b4f, 0x4b4f, 0x4b4f, 0x4b4f, 0x4b4f, 0x4b4f, 0x4b4f, 0x4b4f, 0x4b4f, 0x4b4f, 0x4b4f, 0x4b4f, 0x4b4f, 0x4b4f, 0x4b4f, 
	0x4b4f, 0x4b4f, 0x4b4f, 0x4b4f, 0x4b4f, 0x4b4f, 0x4b4f, 0x4b4f, 0x4b4f, 0x4b4f, 0x4b4f, 0x4b4f, 0x4b4f, 0x4b4f, 0x4b4f, 0x4b4f, 
	0x4b4f, 0x4b4f, 0x4b4f, 0x4b4f, 0x4b4f, 0x4b4f, 0x4b4f, 0x4b4f, 0x4b4f, 0x4b4f, 0x4b4f, 0x4b4f, 0x4b4f, 0x4b4f, 0x4b4f, 0x4b4f, 
	0x4b4f, 0x4b4f, 0x4b6f, 0x4b6f, 0x4b6f, 0x4b6f, 0x4b6f, 0x4b6f, 0x4b6f, 0x4b6f, 0x4b6f, 0x4b6f, 0x4b6f, 0x4b6f, 0x4b6f, 0x4b6f, 
	0x4b6f, 0x4b6f, 0x4b6f, 0x4b6f, 0x4b6f, 0x4b6f, 0x4b6f, 0x4b6f, 0x4b70, 0x4b70, 0x4b70, 0x4b70, 0x4b70, 0x4b70, 0x4b70, 0x4b70, 
	0x4b70, 0x4b70, 0x4b70, 0x4b70, 0x4b70, 0x4b70, 0x4b70, 0x4b70, 0x4b70, 0x4b90, 0x4b70, 0x4b90, 0x4b90, 0x5390, 0x7c10, 0x8410, 
	0x8410, 0x5baf, 0x4b90, 0x4b90, 0x4b90, 0x4b70, 0x4b70, 0x4b70, 0x4b70, 0x4b70, 0x4b70, 0x4b70, 0x4b70, 0x4b70, 0x4b70, 0x4b70, 
	0x4b70, 0x4b70, 0x4b70, 0x4b70, 0x4b70, 0x4b70, 0x4b70, 0x4b70, 0x4b70, 0x4b70, 0x4b6f, 0x4b70, 0x4b6f, 0x4b70, 0x4b6f, 0x4b6f, 
	0x4b6f, 0x4b6f, 0x4b6f, 0x4b6f, 0x4b6f, 0x4b6f, 0x4b6f, 0x4b6f, 0x4b6f, 0x4b6f, 0x4b6f, 0x4b6f, 0x4b6f, 0x4b4f, 0x4b4f, 0x4b4f, 
	0x4b4f, 0x4b4f, 0x4b4f, 0x4b4f, 0x4b4f, 0x4b4f, 0x4b4f, 0x4b4f, 0x4b4f, 0x4b4f, 0x4b4f, 0x4b4f, 0x4b4f, 0x4b4f, 0x4b4f, 0x4b4f, 
	0x4b4f, 0x4b4f, 0x4b4f, 0x4b4f, 0x4b4f, 0x4b4f, 0x4b4f, 0x4b4f, 0x4b4f, 0x4b4f, 0x4b4f, 0x4b4f, 0x4b4f, 0x4b4f, 0x4b4f, 0x4b4f, 
	0x4b4f, 0x4b4f, 0x4b4f, 0x4b4f, 0x4b4f, 0x4b4f, 0x4b4f, 0x4b4f, 0x4b4f, 0x4b4f, 0x4b4f, 0x4b4f, 0x4b4f, 0x4b4f, 0x4b4f, 0x4b4f, 
	0x4b4f, 0x4b4f, 0x4b4f, 0x4b4f, 0x4b4f, 0x4b4f, 0x4b4f, 0x4b4f, 0x4b4f, 0x4b4f, 0x4b4f, 0x4b4f, 0x4b4f, 0x4b4f, 0x4b4f, 0x4b4f, 
	0x4b4f, 0x4b4f, 0x4b4f, 0x4b6f, 0x4b6f, 0x4b6f, 0x4b6f, 0x4b6f, 0x4b6f, 0x4b6f, 0x4b6f, 0x4b6f, 0x4b6f, 0x4b6f, 0x4b6f, 0x4b6f, 
	0x4b6f, 0x4b6f, 0x4b6f, 0x4b70, 0x4b70, 0x4b70, 0x4b70, 0x4b70, 0x4b70, 0x4b70, 0x4b70, 0x4b70, 0x4b70, 0x4b70, 0x4b70, 0x4b70, 
	0x4b70, 0x4b70, 0x4b70, 0x4b70, 0x4b70, 0x4b70, 0x4b70, 0x4b70, 0x4b70, 0x4b70, 0x4b70, 0x4b90, 0x4b90, 0x5390, 0x7c10, 0x8410, 
	0x8410, 0x5baf, 0x4b90, 0x4b90, 0x4b90, 0x4b70, 0x4b90, 0x4b70, 0x4b70, 0x4b70, 0x4b70, 0x4b70, 0x4b70, 0x4b70, 0x4b70, 0x4b70, 
	0x4b70, 0x4b70, 0x4b70, 0x4b70, 0x4b70, 0x4b70, 0x4b70, 0x4b6f, 0x4b6f, 0x4b6f, 0x4b6f, 0x4b6f, 0x4b6f, 0x4b6f, 0x4b6f, 0x4b6f, 
	0x4b6f, 0x4b6f, 0x4b6f, 0x4b6f, 0x4b6f, 0x4b6f, 0x4b6f, 0x4b6f, 0x4b6f, 0x4b6f, 0x4b6f, 0x4b6f, 0x4b6f, 0x4b6f, 0x4b4f, 0x4b4f, 
	0x4b4f, 0x4b4f, 0x4b4f, 0x4b4f, 0x4b4f, 0x4b4f, 0x4b4f, 0x4b4f, 0x4b4f, 0x4b4f, 0x4b4f, 0x4b4f, 0x4b4f, 0x4b4f, 0x4b4f, 0x4b4f, 
	0x4b4f, 0x4b4f, 0x4b4f, 0x4b4f, 0x4b4f, 0x4b4f, 0x4b4f, 0x4b4f, 0x4b4f, 0x4b4f, 0x4b4f, 0x4b4f, 0x4b4f, 0x4b4f, 0x4b4f, 0x4b4f, 
	0x4b4f, 0x4b4f, 0x4b4f, 0x4b4f, 0x4b4f, 0x4b4f, 0x4b4f, 0x4b4f, 0x4b4f, 0x4b4f, 0x4b4f, 0x4b4f, 0x4b4f, 0x4b4f, 0x4b4f, 0x4b4f, 
	0x4b4f, 0x4b4f, 0x4b4f, 0x4b4f, 0x4b4f, 0x4b4f, 0x4b4f, 0x4b4f, 0x4b4f, 0x4b4f, 0x4b4f, 0x4b4f, 0x4b4f, 0x4b4f, 0x4b4f, 0x4b4f, 
	0x4b4f, 0x4b4f, 0x4b6f, 0x4b6f, 0x4b6f, 0x4b6f, 0x4b6f, 0x4b6f, 0x4b6f, 0x4b6f, 0x4b6f, 0x4b6f, 0x4b6f, 0x4b6f, 0x4b6f, 0x4b6f, 
	0x4b6f, 0x4b6f, 0x4b6f, 0x4b6f, 0x4b6f, 0x4b6f, 0x4b6f, 0x4b6f, 0x4b70, 0x4b70, 0x4b70, 0x4b70, 0x4b70, 0x4b70, 0x4b70, 0x4b70, 
	0x4b70, 0x4b70, 0x4b70, 0x4b70, 0x4b70, 0x4b70, 0x4b70, 0x4b70, 0x4b70, 0x4b90, 0x4b70, 0x4b90, 0x4b90, 0x5390, 0x7c10, 0x8410, 
	0x8410, 0x5baf, 0x4b90, 0x4b90, 0x4b90, 0x4b70, 0x4b70, 0x4b70, 0x4b70, 0x4b70, 0x4b70, 0x4b70, 0x4b70, 0x4b70, 0x4b70, 0x4b70, 
	0x4b70, 0x4b70, 0x4b70, 0x4b70, 0x4b70, 0x4b70, 0x4b70, 0x4b70, 0x4b70, 0x4b70, 0x4b6f, 0x4b70, 0x4b6f, 0x4b70, 0x4b6f, 0x4b6f, 
	0x4b6f, 0x4b6f, 0x4b6f, 0x4b6f, 0x4b6f, 0x4b6f, 0x4b6f, 0x4b6f, 0x4b6f, 0x4b6f, 0x4b6f, 0x4b6f, 0x4b6f, 0x4b4f, 0x4b4f, 0x4b4f, 
	0x4b4f, 0x4b4f, 0x4b4f, 0x4b4f, 0x4b4f, 0x4b4f, 0x4b4f, 0x4b4f, 0x4b4f, 0x4b4f, 0x4b4f, 0x4b4f, 0x4b4f, 0x4b4f, 0x4b4f, 0x4b4f, 
	0x4b4f, 0x4b4f, 0x4b4f, 0x4b4f, 0x4b4f, 0x4b4f, 0x4b4f, 0x4b4f, 0x4b4f, 0x4b4f, 0x4b4f, 0x4b4f, 0x4b4f, 0x4b4f, 0x4b4f, 0x4b4f, 
	0x4b4f, 0x4b4f, 0x4b4f, 0x4b4f, 0x4b4f, 0x4b4f, 0x4b4f, 0x4b4f, 0x4b4f, 0x4b4f, 0x4b4f, 0x4b4f, 0x4b4f, 0x4b4f, 0x4b4f, 0x4b4f, 
	0x4b4f, 0x4b4f, 0x4b4f, 0x4b4f, 0x4b4f, 0x4b4f, 0x4b4f, 0x4b4f, 0x4b4f, 0x4b4f, 0x4b4f, 0x4b4f, 0x4b4f, 0x4b4f, 0x4b4f, 0x4b4f, 
	0x4b4f, 0x4b4f, 0x4b4f, 0x4b6f, 0x4b6f, 0x4b6f, 0x4b6f, 0x4b6f, 0x4b6f, 0x4b6f, 0x4b6f, 0x4b6f, 0x4b6f, 0x4b6f, 0x4b6f, 0x4b6f, 
	0x4b6f, 0x4b6f, 0x4b6f, 0x4b70, 0x4b70, 0x4b70, 0x4b70, 0x4b70, 0x4b70, 0x4b70, 0x4b70, 0x4b70, 0x4b70, 0x4b70, 0x4b70, 0x4b70, 
	0x4b70, 0x4b70, 0x4b70, 0x4b70, 0x4b70, 0x4b70, 0x4b70, 0x4b70, 0x4b70, 0x4b70, 0x4b70, 0x4b90, 0x4b90, 0x5390, 0x7c10, 0x8410, 
	0x8410, 0x5baf, 0x4b90, 0x4b90, 0x4b90, 0x4b70, 0x4b90, 0x4b70, 0x4b70, 0x4b70, 0x4b70, 0x4b70, 0x4b70, 0x4b70, 0x4b70, 0x4b70, 
	0x4b70, 0x4b70, 0x4b70, 0x4b70, 0x4b70, 0x4b70, 0x4b70, 0x4b70, 0x4b6f, 0x4b6f, 0x4b6f, 0x4b6f, 0x4b6f, 0x4b6f, 0x4b6f, 0x4b6f, 
	0x4b6f, 0x4b6f, 0x4b6f, 0x4b6f, 0x4b6f, 0x4b6f, 0x4b6f, 0x4b6f, 0x4b6f, 0x4b6f, 0x4b6f, 0x4b6f, 0x4b6f, 0x4b6f, 0x4b4f, 0x4b4f, 
	0x4b4f, 0x4b4f, 0x4b4f, 0x4b4f, 0x4b4f, 0x4b4f, 0x4b4f, 0x4b4f, 0x4b4f, 0x4b4f, 0x4b4f, 0x4b4f, 0x4b4f, 0x4b4f, 0x4b4f, 0x4b4f, 
	0x4b4f, 0x4b4f, 0x4b4f, 0x4b4f, 0x4b4f, 0x4b4f, 0x4b4f, 0x4b4f, 0x4b4f, 0x4b4f, 0x4b4f, 0x4b4f, 0x4b4f, 0x4b4f, 0x4b4f, 0x4b4f, 
	0x4b4f, 0x4b4f, 0x4b4f, 0x4b4f, 0x4b4f, 0x4b4f, 0x4b4f, 0x4b4f, 0x4b4f, 0x4b4f, 0x4b4f, 0x4b4f, 0x4b4f, 0x4b4f, 0x4b4f, 0x4b4f, 
	0x4b4f, 0x4b4f, 0x4b4f, 0x4b4f, 0x4b4f, 0x4b4f, 0x4b4f, 0x4b4f, 0x4b4f, 0x4b4f, 0x4b4f, 0x4b4f, 0x4b4f, 0x4b4f, 0x4b4f, 0x4b4f, 
	0x4b4f, 0x4b4f, 0x4b6f, 0x4b6f, 0x4b6f, 0x4b6f, 0x4b6f, 0x4b6f, 0x4b6f, 0x4b6f, 0x4b6f, 0x4b6f, 0x4b6f, 0x4b6f, 0x4b6f, 0x4b6f, 
	0x4b6f, 0x4b6f, 0x4b6f, 0x4b6f, 0x4b6f, 0x4b6f, 0x4b6f, 0x4b6f, 0x4b70, 0x4b70, 0x4b70, 0x4b70, 0x4b70, 0x4b70, 0x4b70, 0x4b70, 
	0x4b70, 0x4b70, 0x4b70, 0x4b70, 0x4b70, 0x4b70, 0x4b70, 0x4b70, 0x4b70, 0x4b90, 0x4b70, 0x4b90, 0x4b90, 0x5390, 0x7c10, 0x8410, 
	0x8410, 0x5baf, 0x4b90, 0x4b90, 0x4b90, 0x4b70, 0x4b70, 0x4b70, 0x4b70, 0x4b70, 0x4b70, 0x4b70, 0x4b70, 0x4b70, 0x4b70, 0x4b70, 
	0x4b70, 0x4b70, 0x4b70, 0x4b70, 0x4b70, 0x4b70, 0x4b70, 0x4b70, 0x4b70, 0x4b70, 0x4b6f, 0x4b70, 0x4b6f, 0x4b70, 0x4b6f, 0x4b6f, 
	0x4b6f, 0x4b6f, 0x4b6f, 0x4b6f, 0x4b6f, 0x4b6f, 0x4b6f, 0x4b6f, 0x4b6f, 0x4b6f, 0x4b6f, 0x4b6f, 0x4b6f, 0x4b4f, 0x4b4f, 0x4b4f, 
	0x4b4f, 0x4b4f, 0x4b4f, 0x4b4f, 0x4b4f, 0x4b4f, 0x4b4f, 0x4b4f, 0x4b4f, 0x4b4f, 0x4b4f, 0x4b4f, 0x4b4f, 0x4b4f, 0x4b4f, 0x4b4f, 
	0x4b4f, 0x4b4f, 0x4b4f, 0x4b4f, 0x4b4f, 0x4b4f, 0x4b4f, 0x4b4f, 0x4b4f, 0x4b4f, 0x4b4f, 0x4b4f, 0x4b4f, 0x4b4f, 0x4b4f, 0x4b4f, 
	0x4b4f, 0x4b4f, 0x4b4f, 0x4b4f, 0x4b4f, 0x4b4f, 0x4b4f, 0x4b4f, 0x4b4f, 0x4b4f, 0x4b4f, 0x4b4f, 0x4b4f, 0x4b4f, 0x4b4f, 0x4b4f, 
	0x4b4f, 0x4b4f, 0x4b4f, 0x4b4f, 0x4b4f, 0x4b4f, 0x4b4f, 0x4b4f, 0x4b4f, 0x4b4f, 0x4b4f, 0x4b4f, 0x4b4f, 0x4b4f, 0x4b4f, 0x4b4f, 
	0x4b4f, 0x4b4f, 0x4b4f, 0x4b6f, 0x4b6f, 0x4b6f, 0x4b6f, 0x4b6f, 0x4b6f, 0x4b6f, 0x4b6f, 0x4b6f, 0x4b6f, 0x4b6f, 0x4b6f, 0x4b6f, 
	0x4b6f, 0x4b6f, 0x4b6f, 0x4b70, 0x4b70, 0x4b70, 0x4b70, 0x4b70, 0x4b70, 0x4b70, 0x4b70, 0x4b70, 0x4b70, 0x4b70, 0x4b70, 0x4b70, 
	0x4b70, 0x4b70, 0x4b70, 0x4b70, 0x4b70, 0x4b70, 0x4b70, 0x4b70, 0x4b70, 0x4b70, 0x4b70, 0x4b90, 0x4b90, 0x5390, 0x7c10, 0x8410, 
	0x8410, 0x5baf, 0x4b90, 0x4b90, 0x4b90, 0x4b70, 0x4b90, 0x4b70, 0x4b70, 0x4b70, 0x4b70, 0x4b70, 0x4b70, 0x4b70, 0x4b70, 0x4b70, 
	0x4b70, 0x4b70, 0x4b70, 0x4b70, 0x4b70, 0x4b70, 0x4b70, 0x4b70, 0x4b6f, 0x4b6f, 0x4b6f, 0x4b6f, 0x4b6f, 0x4b6f, 0x4b6f, 0x4b6f, 
	0x4b6f, 0x4b6f, 0x4b6f, 0x4b6f, 0x4b6f, 0x4b6f, 0x4b6f, 0x4b6f, 0x4b6f, 0x4b6f, 0x4b6f, 0x4b6f, 0x4b6f, 0x4b6f, 0x4b4f, 0x4b4f, 
	0x4b4f, 0x4b4f, 0x4b4f, 0x4b4f, 0x4b4f, 0x4b4f, 0x4b4f, 0x4b4f, 0x4b4f, 0x4b4f, 0x4b4f, 0x4b4f, 0x4b4f, 0x4b4f, 0x4b4f, 0x4b4f, 
	0x4b4f, 0x4b4f, 0x4b4f, 0x4b4f, 0x4b4f, 0x4b4f, 0x4b4f, 0x4b4f, 0x4b4f, 0x4b4f, 0x4b4f, 0x4b4f, 0x4b4f, 0x4b4f, 0x4b4f, 0x4b4f, 
	0x4b4f, 0x4b4f, 0x4b4f, 0x4b4f, 0x4b4f, 0x4b4f, 0x4b4f, 0x4b4f, 0x4b4f, 0x4b4f, 0x4b4f, 0x4b4f, 0x4b4f, 0x4b4f, 0x4b4f, 0x4b4f, 
	0x4b4f, 0x4b4f, 0x4b4f, 0x4b4f, 0x4b4f, 0x4b4f, 0x4b4f, 0x4b4f, 0x4b4f, 0x4b4f, 0x4b4f, 0x4b4f, 0x4b4f, 0x4b4f, 0x4b4f, 0x4b4f, 
	0x4b4f, 0x4b4f, 0x4b6f, 0x4b6f, 0x4b6f, 0x4b6f, 0x4b6f, 0x4b6f, 0x4b6f, 0x4b6f, 0x4b6f, 0x4b6f, 0x4b6f, 0x4b6f, 0x4b6f, 0x4b6f, 
	0x4b6f, 0x4b6f, 0x4b6f, 0x4b6f, 0x4b6f, 0x4b6f, 0x4b6f, 0x4b6f, 0x4b70, 0x4b70, 0x4b70, 0x4b70, 0x4b70, 0x4b70, 0x4b70, 0x4b70, 
	0x4b70, 0x4b70, 0x4b70, 0x4b70, 0x4b70, 0x4b70, 0x4b70, 0x4b70, 0x4b70, 0x4b90, 0x4b70, 0x4b90, 0x4b90, 0x5390, 0x7c10, 0x8410, 
	0x8410, 0x5baf, 0x4b90, 0x4b90, 0x4b90, 0x4b70, 0x4b70, 0x4b70, 0x4b70, 0x4b70, 0x4b70, 0x4b70, 0x4b70, 0x4b70, 0x4b70, 0x4b70, 
	0x4b70, 0x4b70, 0x4b70, 0x4b70, 0x4b70, 0x4b70, 0x4b70, 0x4b70, 0x4b70, 0x4b70, 0x4b6f, 0x4b70, 0x4b6f, 0x4b70, 0x4b6f, 0x4b6f, 
	0x4b6f, 0x4b6f, 0x4b6f, 0x4b6f, 0x4b6f, 0x4b6f, 0x4b6f, 0x4b6f, 0x4b6f, 0x4b6f, 0x4b6f, 0x4b6f, 0x4b6f, 0x4b4f, 0x4b4f, 0x4b4f, 
	0x4b4f, 0x4b4f, 0x4b4f, 0x4b4f, 0x4b4f, 0x4b4f, 0x4b4f, 0x4b4f, 0x4b4f, 0x4b4f, 0x4b4f, 0x4b4f, 0x4b4f, 0x4b4f, 0x4b4f, 0x4b4f, 
	0x4b4f, 0x4b4f, 0x4b4f, 0x4b4f, 0x4b4f, 0x4b4f, 0x4b4f, 0x4b4f, 0x4b4f, 0x4b4f, 0x4b4f, 0x4b4f, 0x4b4f, 0x4b4f, 0x4b4f, 0x4b4f, 
	0x4b4f, 0x4b4f, 0x4b4f, 0x4b4f, 0x4b4f, 0x4b4f, 0x4b4f, 0x4b4f, 0x4b4f, 0x4b4f, 0x4b4f, 0x4b4f, 0x4b4f, 0x4b4f, 0x4b4f, 0x4b4f, 
	0x4b4f, 0x4b4f, 0x4b4f, 0x4b4f, 0x4b4f, 0x4b4f, 0x4b4f, 0x4b4f, 0x4b4f, 0x4b4f, 0x4b4f, 0x4b4f, 0x4b4f, 0x4b4f, 0x4b4f, 0x4b4f, 
	0x4b4f, 0x4b4f, 0x4b4f, 0x4b6f, 0x4b6f, 0x4b6f, 0x4b6f, 0x4b6f, 0x4b6f, 0x4b6f, 0x4b6f, 0x4b6f, 0x4b6f, 0x4b6f, 0x4b6f, 0x4b6f, 
	0x4b6f, 0x4b6f, 0x4b6f, 0x4b70, 0x4b70, 0x4b70, 0x4b70, 0x4b70, 0x4b70, 0x4b70, 0x4b70, 0x4b70, 0x4b70, 0x4b70, 0x4b70, 0x4b70, 
	0x4b70, 0x4b70, 0x4b70, 0x4b70, 0x4b70, 0x4b70, 0x4b70, 0x4b70, 0x4b70, 0x4b70, 0x4b70, 0x4b90, 0x4b90, 0x5390, 0x7c10, 0x8410, 
	0x8410, 0x5baf, 0x4b90, 0x4b90, 0x4b90, 0x4b70, 0x4b90, 0x4b70, 0x4b70, 0x4b70, 0x4b70, 0x4b70, 0x4b70, 0x4b70, 0x4b70, 0x4b70, 
	0x4b70, 0x4b70, 0x4b70, 0x4b70, 0x4b70, 0x4b70, 0x4b70, 0x4b70, 0x4b6f, 0x4b6f, 0x4b6f, 0x4b6f, 0x4b6f, 0x4b6f, 0x4b6f, 0x4b6f, 
	0x4b6f, 0x4b6f, 0x4b6f, 0x4b6f, 0x4b6f, 0x4b6f, 0x4b6f, 0x4b6f, 0x4b6f, 0x4b6f, 0x4b6f, 0x4b6f, 0x4b6f, 0x4b6f, 0x4b4f, 0x4b4f, 
	0x4b4f, 0x4b4f, 0x4b4f, 0x4b4f, 0x4b4f, 0x4b4f, 0x4b4f, 0x4b4f, 0x4b4f, 0x4b4f, 0x4b4f, 0x4b4f, 0x4b4f, 0x4b4f, 0x4b4f, 0x4b4f, 
	0x4b4f, 0x4b4f, 0x4b4f, 0x4b4f, 0x4b4f, 0x4b4f, 0x4b4f, 0x4b4f, 0x4b4f, 0x4b4f, 0x4b4f, 0x4b4f, 0x4b4f, 0x4b4f, 0x4b4f, 0x4b4f, 
	0x4b4f, 0x4b4f, 0x4b4f, 0x4b4f, 0x4b4f, 0x4b4f, 0x4b4f, 0x4b4f, 0x4b4f, 0x4b4f, 0x4b4f, 0x4b4f, 0x4b4f, 0x4b4f, 0x4b4f, 0x4b4f, 
	0x4b4f, 0x4b4f, 0x4b4f, 0x4b4f, 0x4b4f, 0x4b4f, 0x4b4f, 0x4b4f, 0x4b4f, 0x4b4f, 0x4b4f, 0x4b4f, 0x4b4f, 0x4b4f, 0x4b4f, 0x4b4f, 
	0x4b4f, 0x4b4f, 0x4b6f, 0x4b6f, 0x4b6f, 0x4b6f, 0x4b6f, 0x4b6f, 0x4b6f, 0x4b6f, 0x4b6f, 0x4b6f, 0x4b6f, 0x4b6f, 0x4b6f, 0x4b6f, 
	0x4b6f, 0x4b6f, 0x4b6f, 0x4b6f, 0x4b6f, 0x4b6f, 0x4b6f, 0x4b6f, 0x4b70, 0x4b70, 0x4b70, 0x4b70, 0x4b70, 0x4b70, 0x4b70, 0x4b70, 
	0x4b70, 0x4b70, 0x4b70, 0x4b70, 0x4b70, 0x4b70, 0x4b70, 0x4b70, 0x4b70, 0x4b90, 0x4b70, 0x4b90, 0x4b90, 0x5390, 0x7c10, 0x8410, 
	0x8410, 0x5baf, 0x4b90, 0x4b90, 0x4b90, 0x4b70, 0x4b70, 0x4b70, 0x4b70, 0x4b70, 0x4b70, 0x4b70, 0x4b70, 0x4b70, 0x4b70, 0x4b70, 
	0x4b70, 0x4b70, 0x4b70, 0x4b70, 0x4b70, 0x4b70, 0x4b70, 0x4b70, 0x4b70, 0x4b70, 0x4b6f, 0x4b70, 0x4b6f, 0x4b70, 0x4b6f, 0x4b6f, 
	0x4b6f, 0x4b6f, 0x4b6f, 0x4b6f, 0x4b6f, 0x4b6f, 0x4b6f, 0x4b6f, 0x4b6f, 0x4b6f, 0x4b6f, 0x4b6f, 0x4b6f, 0x4b4f, 0x4b4f, 0x4b4f, 
	0x4b4f, 0x4b4f, 0x4b4f, 0x4b4f, 0x4b4f, 0x4b4f, 0x4b4f, 0x4b4f, 0x4b4f, 0x4b4f, 0x4b4f, 0x4b4f, 0x4b4f, 0x4b4f, 0x4b4f, 0x4b4f, 
	0x4b4f, 0x4b4f, 0x4b4f, 0x4b4f, 0x4b4f, 0x4b4f, 0x4b4f, 0x4b4f, 0x4b4f, 0x4b4f, 0x4b4f, 0x4b4f, 0x4b4f, 0x4b4f, 0x4b4f, 0x4b4f, 
	0x4b4f, 0x4b4f, 0x4b4f, 0x4b4f, 0x4b4f, 0x4b4f, 0x4b4f, 0x4b4f, 0x4b4f, 0x4b4f, 0x4b4f, 0x4b4f, 0x4b4f, 0x4b4f, 0x4b4f, 0x4b4f, 
	0x4b4f, 0x4b4f, 0x4b4f, 0x4b4f, 0x4b4f, 0x4b4f, 0x4b4f, 0x4b4f, 0x4b4f, 0x4b4f, 0x4b4f, 0x4b4f, 0x4b4f, 0x4b4f, 0x4b4f, 0x4b4f, 
	0x4b4f, 0x4b4f, 0x4b4f, 0x4b6f, 0x4b6f, 0x4b6f, 0x4b6f, 0x4b6f, 0x4b6f, 0x4b6f, 0x4b6f, 0x4b6f, 0x4b6f, 0x4b6f, 0x4b6f, 0x4b6f, 
	0x4b6f, 0x4b6f, 0x4b6f, 0x4b70, 0x4b70, 0x4b70, 0x4b70, 0x4b70, 0x4b70, 0x4b70, 0x4b70, 0x4b70, 0x4b70, 0x4b70, 0x4b70, 0x4b70, 
	0x4b70, 0x4b70, 0x4b70, 0x4b70, 0x4b70, 0x4b70, 0x4b70, 0x4b70, 0x4b70, 0x4b70, 0x4b70, 0x4b90, 0x4b90, 0x5390, 0x7c10, 0x8410, 
	0x8410, 0x5baf, 0x4b90, 0x4b90, 0x4b90, 0x4b70, 0x4b90, 0x4b70, 0x4b70, 0x4b70, 0x4b70, 0x4b70, 0x4b70, 0x4b70, 0x4b70, 0x4b70, 
	0x4b70, 0x4b70, 0x4b70, 0x4b70, 0x4b70, 0x4b70, 0x4b70, 0x4b70, 0x4b6f, 0x4b6f, 0x4b6f, 0x4b6f, 0x4b6f, 0x4b6f, 0x4b6f, 0x4b6f, 
	0x4b6f, 0x4b6f, 0x4b6f, 0x4b6f, 0x4b6f, 0x4b6f, 0x4b6f, 0x4b6f, 0x4b6f, 0x4b6f, 0x4b6f, 0x4b6f, 0x4b6f, 0x4b6f, 0x4b4f, 0x4b4f, 
	0x4b4f, 0x4b4f, 0x4b4f, 0x4b4f, 0x4b4f, 0x4b4f, 0x4b4f, 0x4b4f, 0x4b4f, 0x4b4f, 0x4b4f, 0x4b4f, 0x4b4f, 0x4b4f, 0x4b4f, 0x4b4f, 
	0x4b4f, 0x4b4f, 0x4b4f, 0x4b4f, 0x4b4f, 0x4b4f, 0x4b4f, 0x4b4f, 0x4b4f, 0x4b4f, 0x4b4f, 0x4b4f, 0x4b4f, 0x4b4f, 0x4b4f, 0x4b4f, 
	0x4b4f, 0x4b4f, 0x4b4f, 0x4b4f, 0x4b4f, 0x4b4f, 0x4b4f, 0x4b4f, 0x4b4f, 0x4b4f, 0x4b4f, 0x4b4f, 0x4b4f, 0x4b4f, 0x4b4f, 0x4b4f, 
	0x4b4f, 0x4b4f, 0x4b4f, 0x4b4f, 0x4b4f, 0x4b4f, 0x4b4f, 0x4b4f, 0x4b4f, 0x4b4f, 0x4b4f, 0x4b4f, 0x4b4f, 0x4b4f, 0x4b4f, 0x4b4f, 
	0x4b4f, 0x4b4f, 0x4b6f, 0x4b6f, 0x4b6f, 0x4b6f, 0x4b6f, 0x4b6f, 0x4b6f, 0x4b6f, 0x4b6f, 0x4b6f, 0x4b6f, 0x4b6f, 0x4b6f, 0x4b6f, 
	0x4b6f, 0x4b6f, 0x4b6f, 0x4b6f, 0x4b6f, 0x4b6f, 0x4b6f, 0x4b6f, 0x4b70, 0x4b70, 0x4b70, 0x4b70, 0x4b70, 0x4b70, 0x4b70, 0x4b70, 
	0x4b70, 0x4b70, 0x4b70, 0x4b70, 0x4b70, 0x4b70, 0x4b70, 0x4b70, 0x4b70, 0x4b90, 0x4b70, 0x4b90, 0x4b90, 0x5390, 0x7c10, 0x8410, 
	0x8410, 0x5baf, 0x4b90, 0x4b90, 0x4b90, 0x4b70, 0x4b70, 0x4b70, 0x4b70, 0x4b70, 0x4b70, 0x4b70, 0x4b70, 0x4b70, 0x4b70, 0x4b70, 
	0x4b70, 0x4b70, 0x4b70, 0x4b70, 0x4b70, 0x4b70, 0x4b70, 0x4b70, 0x4b70, 0x4b70, 0x4b6f, 0x4b6f, 0x4b6f, 0x4b70, 0x4b6f, 0x4b6f, 
	0x4b6f, 0x4b6f, 0x4b6f, 0x4b6f, 0x4b6f, 0x4b6f, 0x4b6f, 0x4b6f, 0x4b6f, 0x4b6f, 0x4b6f, 0x4b6f, 0x4b6f, 0x4b4f, 0x4b4f, 0x4b4f, 
	0x4b4f, 0x4b4f, 0x4b4f, 0x4b4f, 0x4b4f, 0x4b4f, 0x4b4f, 0x4b4f, 0x4b4f, 0x4b4f, 0x4b4f, 0x4b4f, 0x4b4f, 0x4b4f, 0x4b4f, 0x4b4f, 
	0x4b4f, 0x4b4f, 0x4b4f, 0x4b4f, 0x4b4f, 0x4b4f, 0x4b4f, 0x4b4f, 0x4b4f, 0x4b4f, 0x4b4f, 0x4b4f, 0x4b4f, 0x4b4f, 0x4b4f, 0x4b4f, 
	0x4b4f, 0x4b4f, 0x4b4f, 0x4b4f, 0x4b4f, 0x4b4f, 0x4b4f, 0x4b4f, 0x4b4f, 0x4b4f, 0x4b4f, 0x4b4f, 0x4b4f, 0x4b4f, 0x4b4f, 0x4b4f, 
	0x4b4f, 0x4b4f, 0x4b4f, 0x4b4f, 0x4b4f, 0x4b4f, 0x4b4f, 0x4b4f, 0x4b4f, 0x4b4f, 0x4b4f, 0x4b4f, 0x4b4f, 0x4b4f, 0x4b4f, 0x4b4f, 
	0x4b4f, 0x4b4f, 0x4b4f, 0x4b6f, 0x4b6f, 0x4b6f, 0x4b6f, 0x4b6f, 0x4b6f, 0x4b6f, 0x4b6f, 0x4b6f, 0x4b6f, 0x4b6f, 0x4b6f, 0x4b6f, 
	0x4b6f, 0x4b6f, 0x4b6f, 0x4b70, 0x4b70, 0x4b70, 0x4b70, 0x4b70, 0x4b70, 0x4b70, 0x4b70, 0x4b70, 0x4b70, 0x4b70, 0x4b70, 0x4b70, 
	0x4b70, 0x4b70, 0x4b70, 0x4b70, 0x4b70, 0x4b70, 0x4b70, 0x4b70, 0x4b70, 0x4b70, 0x4b70, 0x4b90, 0x4b90, 0x5390, 0x7c10, 0x8410, 
	0x8410, 0x5baf, 0x4b90, 0x4b90, 0x4b90, 0x4b70, 0x4b90, 0x4b70, 0x4b70, 0x4b70, 0x4b70, 0x4b70, 0x4b70, 0x4b70, 0x4b70, 0x4b70, 
	0x4b70, 0x4b70, 0x4b70, 0x4b70, 0x4b70, 0x4b70, 0x4b70, 0x4b70, 0x4b6f, 0x4b6f, 0x4b6f, 0x4b6f, 0x4b6f, 0x4b6f, 0x4b6f, 0x4b6f, 
	0x4b6f, 0x4b6f, 0x4b6f, 0x4b6f, 0x4b6f, 0x4b6f, 0x4b6f, 0x4b6f, 0x4b6f, 0x4b6f, 0x4b6f, 0x4b6f, 0x4b6f, 0x4b4f, 0x4b4f, 0x4b4f, 
	0x4b4f, 0x4b4f, 0x4b4f, 0x4b4f, 0x4b4f, 0x4b4f, 0x4b4f, 0x4b4f, 0x4b4f, 0x4b4f, 0x4b4f, 0x4b4f, 0x4b4f, 0x4b4f, 0x4b4f, 0x4b4f, 
	0x4b4f, 0x4b4f, 0x4b4f, 0x4b4f, 0x4b4f, 0x4b4f, 0x4b4f, 0x4b4f, 0x4b4f, 0x4b4f, 0x4b4f, 0x4b4f, 0x4b4f, 0x4b4f, 0x4b4f, 0x4b4f, 
	0x4b4f, 0x4b4f, 0x4b4f, 0x4b4f, 0x4b4f, 0x4b4f, 0x4b4f, 0x4b4f, 0x4b4f, 0x4b4f, 0x4b4f, 0x4b4f, 0x4b4f, 0x4b4f, 0x4b4f, 0x4b4f, 
	0x4b4f, 0x4b4f, 0x4b4f, 0x4b4f, 0x4b4f, 0x4b4f, 0x4b4f, 0x4b4f, 0x4b4f, 0x4b4f, 0x4b4f, 0x4b4f, 0x4b4f, 0x4b4f, 0x4b4f, 0x4b4f, 
	0x4b4f, 0x4b4f, 0x4b6f, 0x4b6f, 0x4b6f, 0x4b6f, 0x4b6f, 0x4b6f, 0x4b6f, 0x4b6f, 0x4b6f, 0x4b6f, 0x4b6f, 0x4b6f, 0x4b6f, 0x4b6f, 
	0x4b6f, 0x4b6f, 0x4b6f, 0x4b6f, 0x4b6f, 0x4b6f, 0x4b6f, 0x4b6f, 0x4b70, 0x4b70, 0x4b70, 0x4b70, 0x4b70, 0x4b70, 0x4b70, 0x4b70, 
	0x4b70, 0x4b70, 0x4b70, 0x4b70, 0x4b70, 0x4b70, 0x4b70, 0x4b70, 0x4b70, 0x4b90, 0x4b70, 0x4b90, 0x4b90, 0x5390, 0x7c10, 0x8410, 
	0x8410, 0x5baf, 0x4b90, 0x4b90, 0x4b90, 0x4b70, 0x4b70, 0x4b70, 0x4b70, 0x4b70, 0x4b70, 0x4b70, 0x4b70, 0x4b70, 0x4b70, 0x4b70, 
	0x4b70, 0x4b70, 0x4b70, 0x4b70, 0x4b70, 0x4b70, 0x4b70, 0x4b70, 0x4b70, 0x4b70, 0x4b6f, 0x4b6f, 0x4b6f, 0x4b6f, 0x4b6f, 0x4b6f, 
	0x4b6f, 0x4b6f, 0x4b6f, 0x4b6f, 0x4b6f, 0x4b6f, 0x4b6f, 0x4b6f, 0x4b6f, 0x4b6f, 0x4b6f, 0x4b6f, 0x4b6f, 0x4b4f, 0x4b4f, 0x4b4f, 
	0x4b4f, 0x4b4f, 0x4b4f, 0x4b4f, 0x4b4f, 0x4b4f, 0x4b4f, 0x4b4f, 0x4b4f, 0x4b4f, 0x4b4f, 0x4b4f, 0x4b4f, 0x4b4f, 0x4b4f, 0x4b4f, 
	0x4b4f, 0x4b4f, 0x4b4f, 0x4b4f, 0x4b4f, 0x4b4f, 0x4b4f, 0x4b4f, 0x4b4f, 0x4b4f, 0x4b4f, 0x4b4f, 0x4b4f, 0x4b4f, 0x4b4f, 0x4b4f, 
	0x4b4f, 0x4b4f, 0x4b4f, 0x4b4f, 0x4b4f, 0x4b4f, 0x4b4f, 0x4b4f, 0x4b4f, 0x4b4f, 0x4b4f, 0x4b4f, 0x4b4f, 0x4b4f, 0x4b4f, 0x4b4f, 
	0x4b4f, 0x4b4f, 0x4b4f, 0x4b4f, 0x4b4f, 0x4b4f, 0x4b4f, 0x4b4f, 0x4b4f, 0x4b4f, 0x4b4f, 0x4b4f, 0x4b4f, 0x4b4f, 0x4b4f, 0x4b4f, 
	0x4b4f, 0x4b4f, 0x4b4f, 0x4b6f, 0x4b6f, 0x4b6f, 0x4b6f, 0x4b6f, 0x4b6f, 0x4b6f, 0x4b6f, 0x4b6f, 0x4b6f, 0x4b6f, 0x4b6f, 0x4b6f, 
	0x4b6f, 0x4b6f, 0x4b6f, 0x4b70, 0x4b70, 0x4b70, 0x4b70, 0x4b70, 0x4b70, 0x4b70, 0x4b70, 0x4b70, 0x4b70, 0x4b70, 0x4b70, 0x4b70, 
	0x4b70, 0x4b70, 0x4b70, 0x4b70, 0x4b70, 0x4b70, 0x4b70, 0x4b70, 0x4b70, 0x4b70, 0x4b70, 0x4b90, 0x4b90, 0x5390, 0x7c10, 0x8410, 
	0x8410, 0x5baf, 0x4b90, 0x4b90, 0x4b90, 0x4b70, 0x4b70, 0x4b70, 0x4b70, 0x4b70, 0x4b70, 0x4b70, 0x4b70, 0x4b70, 0x4b70, 0x4b70, 
	0x4b70, 0x4b70, 0x4b70, 0x4b70, 0x4b70, 0x4b70, 0x4b70, 0x4b70, 0x4b6f, 0x4b6f, 0x4b6f, 0x4b6f, 0x4b6f, 0x4b6f, 0x4b6f, 0x4b6f, 
	0x4b6f, 0x4b6f, 0x4b6f, 0x4b6f, 0x4b6f, 0x4b6f, 0x4b6f, 0x4b6f, 0x4b6f, 0x4b6f, 0x4b6f, 0x4b6f, 0x4b6f, 0x4b4f, 0x4b4f, 0x4b4f, 
	0x4b4f, 0x4b4f, 0x4b4f, 0x4b4f, 0x4b4f, 0x4b4f, 0x4b4f, 0x4b4f, 0x4b4f, 0x4b4f, 0x4b4f, 0x4b4f, 0x4b4f, 0x4b4f, 0x4b4f, 0x4b4f, 
	0x4b4f, 0x4b4f, 0x4b4f, 0x4b4f, 0x4b4f, 0x4b4f, 0x4b4f, 0x4b4f, 0x4b4f, 0x4b4f, 0x4b4f, 0x4b4f, 0x4b4f, 0x4b4f, 0x4b4f, 0x4b4f, 
	0x4b4f, 0x4b4f, 0x4b4f, 0x4b4f, 0x4b4f, 0x4b4f, 0x4b4f, 0x4b4f, 0x4b4f, 0x4b4f, 0x4b4f, 0x4b4f, 0x4b4f, 0x4b4f, 0x4b4f, 0x4b4f, 
	0x4b4f, 0x4b4f, 0x4b4f, 0x4b4f, 0x4b4f, 0x4b4f, 0x4b4f, 0x4b4f, 0x4b4f, 0x4b4f, 0x4b4f, 0x4b4f, 0x4b4f, 0x4b4f, 0x4b4f, 0x4b4f, 
	0x4b4f, 0x4b4f, 0x4b6f, 0x4b6f, 0x4b6f, 0x4b6f, 0x4b6f, 0x4b6f, 0x4b6f, 0x4b6f, 0x4b6f, 0x4b6f, 0x4b6f, 0x4b6f, 0x4b6f, 0x4b6f, 
	0x4b6f, 0x4b6f, 0x4b6f, 0x4b6f, 0x4b6f, 0x4b6f, 0x4b6f, 0x4b6f, 0x4b70, 0x4b70, 0x4b70, 0x4b70, 0x4b70, 0x4b70, 0x4b70, 0x4b70, 
	0x4b70, 0x4b70, 0x4b70, 0x4b70, 0x4b70, 0x4b70, 0x4b70, 0x4b70, 0x4b70, 0x4b90, 0x4b70, 0x4b90, 0x4b90, 0x5390, 0x7c10, 0x8410, 
	0x8410, 0x5baf, 0x4b90, 0x4b90, 0x4b90, 0x4b70, 0x4b70, 0x4b70, 0x4b70, 0x4b70, 0x4b70, 0x4b70, 0x4b70, 0x4b70, 0x4b70, 0x4b70, 
	0x4b70, 0x4b70, 0x4b70, 0x4b70, 0x4b70, 0x4b70, 0x4b70, 0x4b70, 0x4b70, 0x4b70, 0x4b6f, 0x4b6f, 0x4b6f, 0x4b6f, 0x4b6f, 0x4b6f, 
	0x4b6f, 0x4b6f, 0x4b6f, 0x4b6f, 0x4b6f, 0x4b6f, 0x4b6f, 0x4b6f, 0x4b6f, 0x4b6f, 0x4b6f, 0x4b6f, 0x4b6f, 0x4b4f, 0x4b4f, 0x4b4f, 
	0x4b4f, 0x4b4f, 0x4b4f, 0x4b4f, 0x4b4f, 0x4b4f, 0x4b4f, 0x4b4f, 0x4b4f, 0x4b4f, 0x4b4f, 0x4b4f, 0x4b4f, 0x4b4f, 0x4b4f, 0x4b4f, 
	0x4b4f, 0x4b4f, 0x4b4f, 0x4b4f, 0x4b4f, 0x4b4f, 0x4b4f, 0x4b4f, 0x4b4f, 0x4b4f, 0x4b4f, 0x4b4f, 0x4b4f, 0x4b4f, 0x4b4f, 0x4b4f, 
	0x4b4f, 0x4b4f, 0x4b4f, 0x4b4f, 0x4b4f, 0x4b4f, 0x4b4f, 0x4b4f, 0x4b4f, 0x4b4f, 0x4b4f, 0x4b4f, 0x4b4f, 0x4b4f, 0x4b4f, 0x4b4f, 
	0x4b4f, 0x4b4f, 0x4b4f, 0x4b4f, 0x4b4f, 0x4b4f, 0x4b4f, 0x4b4f, 0x4b4f, 0x4b4f, 0x4b4f, 0x4b4f, 0x4b4f, 0x4b4f, 0x4b4f, 0x4b4f, 
	0x4b4f, 0x4b4f, 0x4b4f, 0x4b6f, 0x4b6f, 0x4b6f, 0x4b6f, 0x4b6f, 0x4b6f, 0x4b6f, 0x4b6f, 0x4b6f, 0x4b6f, 0x4b6f, 0x4b6f, 0x4b6f, 
	0x4b6f, 0x4b6f, 0x4b6f, 0x4b70, 0x4b70, 0x4b70, 0x4b70, 0x4b70, 0x4b70, 0x4b70, 0x4b70, 0x4b70, 0x4b70, 0x4b70, 0x4b70, 0x4b70, 
	0x4b70, 0x4b70, 0x4b70, 0x4b70, 0x4b70, 0x4b70, 0x4b70, 0x4b70, 0x4b70, 0x4b70, 0x4b70, 0x4b90, 0x4b90, 0x5390, 0x7c10, 0x8410, 
	0x8410, 0x5baf, 0x4b90, 0x4b90, 0x4b90, 0x4b70, 0x4b70, 0x4b70, 0x4b70, 0x4b70, 0x4b70, 0x4b70, 0x4b70, 0x4b70, 0x4b70, 0x4b70, 
	0x4b70, 0x4b70, 0x4b70, 0x4b70, 0x4b70, 0x4b70, 0x4b70, 0x4b70, 0x4b6f, 0x4b6f, 0x4b6f, 0x4b6f, 0x4b6f, 0x4b6f, 0x4b6f, 0x4b6f, 
	0x4b6f, 0x4b6f, 0x4b6f, 0x4b6f, 0x4b6f, 0x4b6f, 0x4b6f, 0x4b6f, 0x4b6f, 0x4b6f, 0x4b6f, 0x4b6f, 0x4b6f, 0x4b4f, 0x4b4f, 0x4b4f, 
	0x4b4f, 0x4b4f, 0x4b4f, 0x4b4f, 0x4b4f, 0x4b4f, 0x4b4f, 0x4b4f, 0x4b4f, 0x4b4f, 0x4b4f, 0x4b4f, 0x4b4f, 0x4b4f, 0x4b4f, 0x4b4f, 
	0x4b4f, 0x4b4f, 0x4b4f, 0x4b4f, 0x4b4f, 0x4b4f, 0x4b4f, 0x4b4f, 0x4b4f, 0x4b4f, 0x4b4f, 0x4b4f, 0x4b4f, 0x4b4f, 0x4b4f, 0x4b4f, 
	0x4b4f, 0x4b4f, 0x4b4f, 0x4b4f, 0x4b4f, 0x4b4f, 0x4b4f, 0x4b4f, 0x4b4f, 0x4b4f, 0x4b4f, 0x4b4f, 0x4b4f, 0x4b4f, 0x4b4f, 0x4b4f, 
	0x4b4f, 0x4b4f, 0x4b4f, 0x4b4f, 0x4b4f, 0x4b4f, 0x4b4f, 0x4b4f, 0x4b4f, 0x4b4f, 0x4b4f, 0x4b4f, 0x4b4f, 0x4b4f, 0x4b4f, 0x4b4f, 
	0x4b4f, 0x4b4f, 0x4b6f, 0x4b6f, 0x4b6f, 0x4b6f, 0x4b6f, 0x4b6f, 0x4b6f, 0x4b6f, 0x4b6f, 0x4b6f, 0x4b6f, 0x4b6f, 0x4b6f, 0x4b6f, 
	0x4b6f, 0x4b6f, 0x4b6f, 0x4b6f, 0x4b6f, 0x4b6f, 0x4b6f, 0x4b6f, 0x4b70, 0x4b70, 0x4b70, 0x4b70, 0x4b70, 0x4b70, 0x4b70, 0x4b70, 
	0x4b70, 0x4b70, 0x4b70, 0x4b70, 0x4b70, 0x4b70, 0x4b70, 0x4b70, 0x4b70, 0x4b70, 0x4b70, 0x4b90, 0x4b90, 0x5390, 0x7c10, 0x8410, 
	0x8410, 0x5baf, 0x4b90, 0x4b90, 0x4b90, 0x4b70, 0x4b70, 0x4b70, 0x4b70, 0x4b70, 0x4b70, 0x4b70, 0x4b70, 0x4b70, 0x4b70, 0x4b70, 
	0x4b70, 0x4b70, 0x4b70, 0x4b70, 0x4b70, 0x4b70, 0x4b70, 0x4b70, 0x4b6f, 0x4b6f, 0x4b6f, 0x4b6f, 0x4b6f, 0x4b6f, 0x4b6f, 0x4b6f, 
	0x4b6f, 0x4b6f, 0x4b6f, 0x4b6f, 0x4b6f, 0x4b6f, 0x4b6f, 0x4b6f, 0x4b6f, 0x4b6f, 0x4b6f, 0x4b6f, 0x4b6f, 0x4b4f, 0x4b4f, 0x4b4f, 
	0x4b4f, 0x4b4f, 0x4b4f, 0x4b4f, 0x4b4f, 0x4b4f, 0x4b4f, 0x4b4f, 0x4b4f, 0x4b4f, 0x4b4f, 0x4b4f, 0x4b4f, 0x4b4f, 0x4b4f, 0x4b4f, 
	0x4b4f, 0x4b4f, 0x4b4f, 0x4b4f, 0x4b4f, 0x4b4f, 0x4b4f, 0x4b4f, 0x4b4f, 0x4b4f, 0x4b4f, 0x4b4f, 0x4b4f, 0x4b4f, 0x4b4f, 0x4b4f, 
	0x4b4f, 0x4b4f, 0x4b4f, 0x4b4f, 0x4b4f, 0x4b4f, 0x4b4f, 0x4b4f, 0x4b4f, 0x4b4f, 0x4b4f, 0x4b4f, 0x4b4f, 0x4b4f, 0x4b4f, 0x4b4f, 
	0x4b4f, 0x4b4f, 0x4b4f, 0x4b4f, 0x4b4f, 0x4b4f, 0x4b4f, 0x4b4f, 0x4b4f, 0x4b4f, 0x4b4f, 0x4b4f, 0x4b4f, 0x4b4f, 0x4b4f, 0x4b4f, 
	0x4b4f, 0x4b4f, 0x4b6f, 0x4b6f, 0x4b6f, 0x4b6f, 0x4b6f, 0x4b6f, 0x4b6f, 0x4b6f, 0x4b6f, 0x4b6f, 0x4b6f, 0x4b6f, 0x4b6f, 0x4b6f, 
	0x4b6f, 0x4b6f, 0x4b6f, 0x4b6f, 0x4b6f, 0x4b6f, 0x4b6f, 0x4b6f, 0x4b70, 0x4b70, 0x4b70, 0x4b70, 0x4b70, 0x4b70, 0x4b70, 0x4b70, 
	0x4b70, 0x4b70, 0x4b70, 0x4b70, 0x4b70, 0x4b70, 0x4b70, 0x4b70, 0x4b70, 0x4b70, 0x4b70, 0x4b90, 0x4b90, 0x5390, 0x7c10, 0x8410, 
	0x8410, 0x5baf, 0x4b90, 0x4b90, 0x4b90, 0x4b70, 0x4b70, 0x4b70, 0x4b70, 0x4b70, 0x4b70, 0x4b70, 0x4b70, 0x4b70, 0x4b70, 0x4b70, 
	0x4b70, 0x4b70, 0x4b70, 0x4b70, 0x4b70, 0x4b70, 0x4b70, 0x4b70, 0x4b70, 0x4b70, 0x4b6f, 0x4b6f, 0x4b6f, 0x4b6f, 0x4b6f, 0x4b6f, 
	0x4b6f, 0x4b6f, 0x4b6f, 0x4b6f, 0x4b6f, 0x4b6f, 0x4b6f, 0x4b6f, 0x4b6f, 0x4b6f, 0x4b6f, 0x4b6f, 0x4b6f, 0x4b4f, 0x4b4f, 0x4b4f, 
	0x4b4f, 0x4b4f, 0x4b4f, 0x4b4f, 0x4b4f, 0x4b4f, 0x4b4f, 0x4b4f, 0x4b4f, 0x4b4f, 0x4b4f, 0x4b4f, 0x4b4f, 0x4b4f, 0x4b4f, 0x4b4f, 
	0x4b4f, 0x4b4f, 0x4b4f, 0x4b4f, 0x4b4f, 0x4b4f, 0x4b4f, 0x4b4f, 0x4b4f, 0x4b4f, 0x4b4f, 0x4b4f, 0x4b4f, 0x4b4f, 0x4b4f, 0x4b4f, 
	0x4b4f, 0x4b4f, 0x4b4f, 0x4b4f, 0x4b4f, 0x4b4f, 0x4b4f, 0x4b4f, 0x4b4f, 0x4b4f, 0x4b4f, 0x4b4f, 0x4b4f, 0x4b4f, 0x4b4f, 0x4b4f, 
	0x4b4f, 0x4b4f, 0x4b4f, 0x4b4f, 0x4b4f, 0x4b4f, 0x4b4f, 0x4b4f, 0x4b4f, 0x4b4f, 0x4b4f, 0x4b4f, 0x4b4f, 0x4b4f, 0x4b4f, 0x4b4f, 
	0x4b4f, 0x4b4f, 0x4b4f, 0x4b6f, 0x4b6f, 0x4b6f, 0x4b6f, 0x4b6f, 0x4b6f, 0x4b6f, 0x4b6f, 0x4b6f, 0x4b6f, 0x4b6f, 0x4b6f, 0x4b6f, 
	0x4b6f, 0x4b6f, 0x4b6f, 0x4b70, 0x4b70, 0x4b70, 0x4b70, 0x4b70, 0x4b70, 0x4b70, 0x4b70, 0x4b70, 0x4b70, 0x4b70, 0x4b70, 0x4b70, 
	0x4b70, 0x4b70, 0x4b70, 0x4b70, 0x4b70, 0x4b70, 0x4b70, 0x4b70, 0x4b70, 0x4b70, 0x4b70, 0x4b90, 0x4b90, 0x5390, 0x7c10, 0x8410, 
	0x8410, 0x5baf, 0x4b90, 0x4b90, 0x4b90, 0x4b70, 0x4b70, 0x4b70, 0x4b70, 0x4b70, 0x4b70, 0x4b70, 0x4b70, 0x4b70, 0x4b70, 0x4b70, 
	0x4b70, 0x4b70, 0x4b70, 0x4b70, 0x4b70, 0x4b70, 0x4b70, 0x4b70, 0x4b6f, 0x4b6f, 0x4b6f, 0x4b6f, 0x4b6f, 0x4b6f, 0x4b6f, 0x4b6f, 
	0x4b6f, 0x4b6f, 0x4b6f, 0x4b6f, 0x4b6f, 0x4b6f, 0x4b6f, 0x4b6f, 0x4b6f, 0x4b6f, 0x4b6f, 0x4b6f, 0x4b6f, 0x4b4f, 0x4b4f, 0x4b4f, 
	0x4b4f, 0x4b4f, 0x4b4f, 0x4b4f, 0x4b4f, 0x4b4f, 0x4b4f, 0x4b4f, 0x4b4f, 0x4b4f, 0x4b4f, 0x4b4f, 0x4b4f, 0x4b4f, 0x4b4f, 0x4b4f, 
	0x4b4f, 0x4b4f, 0x4b4f, 0x4b4f, 0x4b4f, 0x4b4f, 0x4b4f, 0x4b4f, 0x4b4f, 0x4b4f, 0x4b4f, 0x4b4f, 0x4b4f, 0x4b4f, 0x4b4f, 0x4b4f, 
	0x4b4f, 0x4b4f, 0x4b4f, 0x4b4f, 0x4b4f, 0x4b4f, 0x4b4f, 0x4b4f, 0x4b4f, 0x4b4f, 0x4b4f, 0x4b4f, 0x4b4f, 0x4b4f, 0x4b4f, 0x4b4f, 
	0x4b4f, 0x4b4f, 0x4b4f, 0x4b4f, 0x4b4f, 0x4b4f, 0x4b4f, 0x4b4f, 0x4b4f, 0x4b4f, 0x4b4f, 0x4b4f, 0x4b4f, 0x4b4f, 0x4b4f, 0x4b4f, 
	0x4b4f, 0x4b4f, 0x4b6f, 0x4b6f, 0x4b6f, 0x4b6f, 0x4b6f, 0x4b6f, 0x4b6f, 0x4b6f, 0x4b6f, 0x4b6f, 0x4b6f, 0x4b6f, 0x4b6f, 0x4b6f, 
	0x4b6f, 0x4b6f, 0x4b6f, 0x4b6f, 0x4b6f, 0x4b6f, 0x4b6f, 0x4b6f, 0x4b70, 0x4b70, 0x4b70, 0x4b70, 0x4b70, 0x4b70, 0x4b70, 0x4b70, 
	0x4b70, 0x4b70, 0x4b70, 0x4b70, 0x4b70, 0x4b70, 0x4b70, 0x4b70, 0x4b70, 0x4b90, 0x4b70, 0x4b90, 0x4b90, 0x5390, 0x7c10, 0x8410, 
	0x8410, 0x5baf, 0x4b90, 0x4b90, 0x4b90, 0x4b70, 0x4b70, 0x4b70, 0x4b70, 0x4b70, 0x4b70, 0x4b70, 0x4b70, 0x4b70, 0x4b70, 0x4b70, 
	0x4b70, 0x4b70, 0x4b70, 0x4b70, 0x4b70, 0x4b70, 0x4b70, 0x4b70, 0x4b70, 0x4b70, 0x4b6f, 0x4b6f, 0x4b6f, 0x4b6f, 0x4b6f, 0x4b6f, 
	0x4b6f, 0x4b6f, 0x4b6f, 0x4b6f, 0x4b6f, 0x4b6f, 0x4b6f, 0x4b6f, 0x4b6f, 0x4b6f, 0x4b6f, 0x4b6f, 0x4b6f, 0x4b4f, 0x4b4f, 0x4b4f, 
	0x4b4f, 0x4b4f, 0x4b4f, 0x4b4f, 0x4b4f, 0x4b4f, 0x4b4f, 0x4b4f, 0x4b4f, 0x4b4f, 0x4b4f, 0x4b4f, 0x4b4f, 0x4b4f, 0x4b4f, 0x4b4f, 
	0x4b4f, 0x4b4f, 0x4b4f, 0x4b4f, 0x4b4f, 0x4b4f, 0x4b4f, 0x4b4f, 0x4b4f, 0x4b4f, 0x4b4f, 0x4b4f, 0x4b4f, 0x4b4f, 0x4b4f, 0x4b4f, 
	0x4b4f, 0x4b4f, 0x4b4f, 0x4b4f, 0x4b4f, 0x4b4f, 0x4b4f, 0x4b4f, 0x4b4f, 0x4b4f, 0x4b4f, 0x4b4f, 0x4b4f, 0x4b4f, 0x4b4f, 0x4b4f, 
	0x4b4f, 0x4b4f, 0x4b4f, 0x4b4f, 0x4b4f, 0x4b4f, 0x4b4f, 0x4b4f, 0x4b4f, 0x4b4f, 0x4b4f, 0x4b4f, 0x4b4f, 0x4b4f, 0x4b4f, 0x4b4f, 
	0x4b4f, 0x4b4f, 0x4b4f, 0x4b6f, 0x4b6f, 0x4b6f, 0x4b6f, 0x4b6f, 0x4b6f, 0x4b6f, 0x4b6f, 0x4b6f, 0x4b6f, 0x4b6f, 0x4b6f, 0x4b6f, 
	0x4b6f, 0x4b6f, 0x4b6f, 0x4b70, 0x4b70, 0x4b70, 0x4b70, 0x4b70, 0x4b70, 0x4b70, 0x4b70, 0x4b70, 0x4b70, 0x4b70, 0x4b70, 0x4b70, 
	0x4b70, 0x4b70, 0x4b70, 0x4b70, 0x4b70, 0x4b70, 0x4b70, 0x4b70, 0x4b70, 0x4b70, 0x4b70, 0x4b90, 0x4b90, 0x5390, 0x7c10, 0x8410, 
	0x8410, 0x5baf, 0x4b90, 0x4b90, 0x4b90, 0x4b70, 0x4b70, 0x4b70, 0x4b70, 0x4b70, 0x4b70, 0x4b70, 0x4b70, 0x4b70, 0x4b70, 0x4b70, 
	0x4b70, 0x4b70, 0x4b70, 0x4b70, 0x4b70, 0x4b70, 0x4b70, 0x4b70, 0x4b6f, 0x4b6f, 0x4b6f, 0x4b6f, 0x4b6f, 0x4b6f, 0x4b6f, 0x4b6f, 
	0x4b6f, 0x4b6f, 0x4b6f, 0x4b6f, 0x4b6f, 0x4b6f, 0x4b6f, 0x4b6f, 0x4b6f, 0x4b6f, 0x4b6f, 0x4b6f, 0x4b6f, 0x4b4f, 0x4b4f, 0x4b4f, 
	0x4b4f, 0x4b4f, 0x4b4f, 0x4b4f, 0x4b4f, 0x4b4f, 0x4b4f, 0x4b4f, 0x4b4f, 0x4b4f, 0x4b4f, 0x4b4f, 0x4b4f, 0x4b4f, 0x4b4f, 0x4b4f, 
	0x4b4f, 0x4b4f, 0x4b4f, 0x4b4f, 0x4b4f, 0x4b4f, 0x4b4f, 0x4b4f, 0x4b4f, 0x4b4f, 0x4b4f, 0x4b4f, 0x4b4f, 0x4b4f, 0x4b4f, 0x4b4f, 
	0x4b4f, 0x4b4f, 0x4b4f, 0x4b4f, 0x4b4f, 0x4b4f, 0x4b4f, 0x4b4f, 0x4b4f, 0x4b4f, 0x4b4f, 0x4b4f, 0x4b4f, 0x4b4f, 0x4b4f, 0x4b4f, 
	0x4b4f, 0x4b4f, 0x4b4f, 0x4b4f, 0x4b4f, 0x4b4f, 0x4b4f, 0x4b4f, 0x4b4f, 0x4b4f, 0x4b4f, 0x4b4f, 0x4b4f, 0x4b4f, 0x4b4f, 0x4b4f, 
	0x4b4f, 0x4b4f, 0x4b6f, 0x4b6f, 0x4b6f, 0x4b6f, 0x4b6f, 0x4b6f, 0x4b6f, 0x4b6f, 0x4b6f, 0x4b6f, 0x4b6f, 0x4b6f, 0x4b6f, 0x4b6f, 
	0x4b6f, 0x4b6f, 0x4b6f, 0x4b6f, 0x4b6f, 0x4b6f, 0x4b6f, 0x4b6f, 0x4b70, 0x4b70, 0x4b70, 0x4b70, 0x4b70, 0x4b70, 0x4b70, 0x4b70, 
	0x4b70, 0x4b70, 0x4b70, 0x4b70, 0x4b70, 0x4b70, 0x4b70, 0x4b70, 0x4b70, 0x4b90, 0x4b70, 0x4b90, 0x4b90, 0x5390, 0x7c10, 0x8410, 
	0x8410, 0x5baf, 0x4b90, 0x4b90, 0x4b90, 0x4b70, 0x4b70, 0x4b70, 0x4b70, 0x4b70, 0x4b70, 0x4b70, 0x4b70, 0x4b70, 0x4b70, 0x4b70, 
	0x4b70, 0x4b70, 0x4b70, 0x4b70, 0x4b70, 0x4b70, 0x4b70, 0x4b70, 0x4b70, 0x4b70, 0x4b6f, 0x4b6f, 0x4b6f, 0x4b6f, 0x4b6f, 0x4b6f, 
	0x4b6f, 0x4b6f, 0x4b6f, 0x4b6f, 0x4b6f, 0x4b6f, 0x4b6f, 0x4b6f, 0x4b6f, 0x4b6f, 0x4b6f, 0x4b6f, 0x4b6f, 0x4b4f, 0x4b4f, 0x4b4f, 
	0x4b4f, 0x4b4f, 0x4b4f, 0x4b4f, 0x4b4f, 0x4b4f, 0x4b4f, 0x4b4f, 0x4b4f, 0x4b4f, 0x4b4f, 0x4b4f, 0x4b4f, 0x4b4f, 0x4b4f, 0x4b4f, 
	0x4b4f, 0x4b4f, 0x4b4f, 0x4b4f, 0x4b4f, 0x4b4f, 0x4b4f, 0x4b4f, 0x4b4f, 0x4b4f, 0x4b4f, 0x4b4f, 0x4b4f, 0x4b4f, 0x4b4f, 0x4b4f, 
	0x4b4f, 0x4b4f, 0x4b4f, 0x4b4f, 0x4b4f, 0x4b4f, 0x4b4f, 0x4b4f, 0x4b4f, 0x4b4f, 0x4b4f, 0x4b4f, 0x4b4f, 0x4b4f, 0x4b4f, 0x4b4f, 
	0x4b4f, 0x4b4f, 0x4b4f, 0x4b4f, 0x4b4f, 0x4b4f, 0x4b4f, 0x4b4f, 0x4b4f, 0x4b4f, 0x4b4f, 0x4b4f, 0x4b4f, 0x4b4f, 0x4b4f, 0x4b4f, 
	0x4b4f, 0x4b4f, 0x4b4f, 0x4b6f, 0x4b6f, 0x4b6f, 0x4b6f, 0x4b6f, 0x4b6f, 0x4b6f, 0x4b6f, 0x4b6f, 0x4b6f, 0x4b6f, 0x4b6f, 0x4b6f, 
	0x4b6f, 0x4b6f, 0x4b6f, 0x4b70, 0x4b70, 0x4b70, 0x4b70, 0x4b70, 0x4b70, 0x4b70, 0x4b70, 0x4b70, 0x4b70, 0x4b70, 0x4b70, 0x4b70, 
	0x4b70, 0x4b70, 0x4b70, 0x4b70, 0x4b70, 0x4b70, 0x4b70, 0x4b70, 0x4b70, 0x4b70, 0x4b70, 0x4b90, 0x4b90, 0x5390, 0x7c10, 0x8410, 
	0x8410, 0x5baf, 0x4b90, 0x4b90, 0x4b90, 0x4b70, 0x4b90, 0x4b70, 0x4b70, 0x4b70, 0x4b70, 0x4b70, 0x4b70, 0x4b70, 0x4b70, 0x4b70, 
	0x4b70, 0x4b70, 0x4b70, 0x4b70, 0x4b70, 0x4b70, 0x4b70, 0x4b70, 0x4b6f, 0x4b6f, 0x4b6f, 0x4b6f, 0x4b6f, 0x4b6f, 0x4b6f, 0x4b6f, 
	0x4b6f, 0x4b6f, 0x4b6f, 0x4b6f, 0x4b6f, 0x4b6f, 0x4b6f, 0x4b6f, 0x4b6f, 0x4b6f, 0x4b6f, 0x4b6f, 0x4b6f, 0x4b6f, 0x4b4f, 0x4b4f, 
	0x4b4f, 0x4b4f, 0x4b4f, 0x4b4f, 0x4b4f, 0x4b4f, 0x4b4f, 0x4b4f, 0x4b4f, 0x4b4f, 0x4b4f, 0x4b4f, 0x4b4f, 0x4b4f, 0x4b4f, 0x4b4f, 
	0x4b4f, 0x4b4f, 0x4b4f, 0x4b4f, 0x4b4f, 0x4b4f, 0x4b4f, 0x4b4f, 0x4b4f, 0x4b4f, 0x4b4f, 0x4b4f, 0x4b4f, 0x4b4f, 0x4b4f, 0x4b4f, 
	0x4b4f, 0x4b4f, 0x4b4f, 0x4b4f, 0x4b4f, 0x4b4f, 0x4b4f, 0x4b4f, 0x4b4f, 0x4b4f, 0x4b4f, 0x4b4f, 0x4b4f, 0x4b4f, 0x4b4f, 0x4b4f, 
	0x4b4f, 0x4b4f, 0x4b4f, 0x4b4f, 0x4b4f, 0x4b4f, 0x4b4f, 0x4b4f, 0x4b4f, 0x4b4f, 0x4b4f, 0x4b4f, 0x4b4f, 0x4b4f, 0x4b4f, 0x4b4f, 
	0x4b4f, 0x4b4f, 0x4b6f, 0x4b6f, 0x4b6f, 0x4b6f, 0x4b6f, 0x4b6f, 0x4b6f, 0x4b6f, 0x4b6f, 0x4b6f, 0x4b6f, 0x4b6f, 0x4b6f, 0x4b6f, 
	0x4b6f, 0x4b6f, 0x4b6f, 0x4b6f, 0x4b6f, 0x4b6f, 0x4b6f, 0x4b6f, 0x4b70, 0x4b70, 0x4b70, 0x4b70, 0x4b70, 0x4b70, 0x4b70, 0x4b70, 
	0x4b70, 0x4b70, 0x4b70, 0x4b70, 0x4b70, 0x4b70, 0x4b70, 0x4b70, 0x4b70, 0x4b90, 0x4b70, 0x4b90, 0x4b90, 0x5390, 0x7c10, 0x8410, 
	0x8410, 0x5baf, 0x4b90, 0x4b90, 0x4b90, 0x4b70, 0x4b70, 0x4b70, 0x4b70, 0x4b70, 0x4b70, 0x4b70, 0x4b70, 0x4b70, 0x4b70, 0x4b70, 
	0x4b70, 0x4b70, 0x4b70, 0x4b70, 0x4b70, 0x4b70, 0x4b70, 0x4b70, 0x4b70, 0x4b70, 0x4b6f, 0x4b6f, 0x4b6f, 0x4b70, 0x4b6f, 0x4b6f, 
	0x4b6f, 0x4b6f, 0x4b6f, 0x4b6f, 0x4b6f, 0x4b6f, 0x4b6f, 0x4b6f, 0x4b6f, 0x4b6f, 0x4b6f, 0x4b6f, 0x4b6f, 0x4b4f, 0x4b4f, 0x4b4f, 
	0x4b4f, 0x4b4f, 0x4b4f, 0x4b4f, 0x4b4f, 0x4b4f, 0x4b4f, 0x4b4f, 0x4b4f, 0x4b4f, 0x4b4f, 0x4b4f, 0x4b4f, 0x4b4f, 0x4b4f, 0x4b4f, 
	0x4b4f, 0x4b4f, 0x4b4f, 0x4b4f, 0x4b4f, 0x4b4f, 0x4b4f, 0x4b4f, 0x4b4f, 0x4b4f, 0x4b4f, 0x4b4f, 0x4b4f, 0x4b4f, 0x4b4f, 0x4b4f, 
	0x4b4f, 0x4b4f, 0x4b4f, 0x4b4f, 0x4b4f, 0x4b4f, 0x4b4f, 0x4b4f, 0x4b4f, 0x4b4f, 0x4b4f, 0x4b4f, 0x4b4f, 0x4b4f, 0x4b4f, 0x4b4f, 
	0x4b4f, 0x4b4f, 0x4b4f, 0x4b4f, 0x4b4f, 0x4b4f, 0x4b4f, 0x4b4f, 0x4b4f, 0x4b4f, 0x4b4f, 0x4b4f, 0x4b4f, 0x4b4f, 0x4b4f, 0x4b4f, 
	0x4b4f, 0x4b4f, 0x4b4f, 0x4b6f, 0x4b6f, 0x4b6f, 0x4b6f, 0x4b6f, 0x4b6f, 0x4b6f, 0x4b6f, 0x4b6f, 0x4b6f, 0x4b6f, 0x4b6f, 0x4b6f, 
	0x4b6f, 0x4b6f, 0x4b6f, 0x4b70, 0x4b70, 0x4b70, 0x4b70, 0x4b70, 0x4b70, 0x4b70, 0x4b70, 0x4b70, 0x4b70, 0x4b70, 0x4b70, 0x4b70, 
	0x4b70, 0x4b70, 0x4b70, 0x4b70, 0x4b70, 0x4b70, 0x4b70, 0x4b70, 0x4b70, 0x4b70, 0x4b70, 0x4b90, 0x4b90, 0x5390, 0x7c10, 0x8410, 
	0x8410, 0x5baf, 0x4b90, 0x4b90, 0x4b90, 0x4b70, 0x4b90, 0x4b70, 0x4b70, 0x4b70, 0x4b70, 0x4b70, 0x4b70, 0x4b70, 0x4b70, 0x4b70, 
	0x4b70, 0x4b70, 0x4b70, 0x4b70, 0x4b70, 0x4b70, 0x4b70, 0x4b70, 0x4b6f, 0x4b6f, 0x4b6f, 0x4b6f, 0x4b6f, 0x4b6f, 0x4b6f, 0x4b6f, 
	0x4b6f, 0x4b6f, 0x4b6f, 0x4b6f, 0x4b6f, 0x4b6f, 0x4b6f, 0x4b6f, 0x4b6f, 0x4b6f, 0x4b6f, 0x4b6f, 0x4b6f, 0x4b6f, 0x4b4f, 0x4b4f, 
	0x4b4f, 0x4b4f, 0x4b4f, 0x4b4f, 0x4b4f, 0x4b4f, 0x4b4f, 0x4b4f, 0x4b4f, 0x4b4f, 0x4b4f, 0x4b4f, 0x4b4f, 0x4b4f, 0x4b4f, 0x4b4f, 
	0x4b4f, 0x4b4f, 0x4b4f, 0x4b4f, 0x4b4f, 0x4b4f, 0x4b4f, 0x4b4f, 0x4b4f, 0x4b4f, 0x4b4f, 0x4b4f, 0x4b4f, 0x4b4f, 0x4b4f, 0x4b4f, 
	0x4b4f, 0x4b4f, 0x4b4f, 0x4b4f, 0x4b4f, 0x4b4f, 0x4b4f, 0x4b4f, 0x4b4f, 0x4b4f, 0x4b4f, 0x4b4f, 0x4b4f, 0x4b4f, 0x4b4f, 0x4b4f, 
	0x4b4f, 0x4b4f, 0x4b4f, 0x4b4f, 0x4b4f, 0x4b4f, 0x4b4f, 0x4b4f, 0x4b4f, 0x4b4f, 0x4b4f, 0x4b4f, 0x4b4f, 0x4b4f, 0x4b4f, 0x4b4f, 
	0x4b4f, 0x4b4f, 0x4b6f, 0x4b6f, 0x4b6f, 0x4b6f, 0x4b6f, 0x4b6f, 0x4b6f, 0x4b6f, 0x4b6f, 0x4b6f, 0x4b6f, 0x4b6f, 0x4b6f, 0x4b6f, 
	0x4b6f, 0x4b6f, 0x4b6f, 0x4b6f, 0x4b6f, 0x4b6f, 0x4b6f, 0x4b6f, 0x4b70, 0x4b70, 0x4b70, 0x4b70, 0x4b70, 0x4b70, 0x4b70, 0x4b70, 
	0x4b70, 0x4b70, 0x4b70, 0x4b70, 0x4b70, 0x4b70, 0x4b70, 0x4b70, 0x4b70, 0x4b90, 0x4b70, 0x4b90, 0x4b90, 0x5390, 0x7c10, 0x8410, 
	0x8410, 0x5baf, 0x4b90, 0x4b90, 0x4b90, 0x4b70, 0x4b70, 0x4b70, 0x4b70, 0x4b70, 0x4b70, 0x4b70, 0x4b70, 0x4b70, 0x4b70, 0x4b70, 
	0x4b70, 0x4b70, 0x4b70, 0x4b70, 0x4b70, 0x4b70, 0x4b70, 0x4b70, 0x4b70, 0x4b70, 0x4b6f, 0x4b70, 0x4b6f, 0x4b70, 0x4b6f, 0x4b6f, 
	0x4b6f, 0x4b6f, 0x4b6f, 0x4b6f, 0x4b6f, 0x4b6f, 0x4b6f, 0x4b6f, 0x4b6f, 0x4b6f, 0x4b6f, 0x4b6f, 0x4b6f, 0x4b4f, 0x4b4f, 0x4b4f, 
	0x4b4f, 0x4b4f, 0x4b4f, 0x4b4f, 0x4b4f, 0x4b4f, 0x4b4f, 0x4b4f, 0x4b4f, 0x4b4f, 0x4b4f, 0x4b4f, 0x4b4f, 0x4b4f, 0x4b4f, 0x4b4f, 
	0x4b4f, 0x4b4f, 0x4b4f, 0x4b4f, 0x4b4f, 0x4b4f, 0x4b4f, 0x4b4f, 0x4b4f, 0x4b4f, 0x4b4f, 0x4b4f, 0x4b4f, 0x4b4f, 0x4b4f, 0x4b4f, 
	0x4b4f, 0x4b4f, 0x4b4f, 0x4b4f, 0x4b4f, 0x4b4f, 0x4b4f, 0x4b4f, 0x4b4f, 0x4b4f, 0x4b4f, 0x4b4f, 0x4b4f, 0x4b4f, 0x4b4f, 0x4b4f, 
	0x4b4f, 0x4b4f, 0x4b4f, 0x4b4f, 0x4b4f, 0x4b4f, 0x4b4f, 0x4b4f, 0x4b4f, 0x4b4f, 0x4b4f, 0x4b4f, 0x4b4f, 0x4b4f, 0x4b4f, 0x4b4f, 
	0x4b4f, 0x4b4f, 0x4b4f, 0x4b6f, 0x4b6f, 0x4b6f, 0x4b6f, 0x4b6f, 0x4b6f, 0x4b6f, 0x4b6f, 0x4b6f, 0x4b6f, 0x4b6f, 0x4b6f, 0x4b6f, 
	0x4b6f, 0x4b6f, 0x4b6f, 0x4b70, 0x4b70, 0x4b70, 0x4b70, 0x4b70, 0x4b70, 0x4b70, 0x4b70, 0x4b70, 0x4b70, 0x4b70, 0x4b70, 0x4b70, 
	0x4b70, 0x4b70, 0x4b70, 0x4b70, 0x4b70, 0x4b70, 0x4b70, 0x4b70, 0x4b70, 0x4b70, 0x4b70, 0x4b90, 0x4b90, 0x5390, 0x7c10, 0x8410, 
	0x8410, 0x5baf, 0x4b90, 0x4b90, 0x4b90, 0x4b70, 0x4b90, 0x4b70, 0x4b70, 0x4b70, 0x4b70, 0x4b70, 0x4b70, 0x4b70, 0x4b70, 0x4b70, 
	0x4b70, 0x4b70, 0x4b70, 0x4b70, 0x4b70, 0x4b70, 0x4b70, 0x4b70, 0x4b6f, 0x4b6f, 0x4b6f, 0x4b6f, 0x4b6f, 0x4b6f, 0x4b6f, 0x4b6f, 
	0x4b6f, 0x4b6f, 0x4b6f, 0x4b6f, 0x4b6f, 0x4b6f, 0x4b6f, 0x4b6f, 0x4b6f, 0x4b6f, 0x4b6f, 0x4b6f, 0x4b6f, 0x4b6f, 0x4b4f, 0x4b4f, 
	0x4b4f, 0x4b4f, 0x4b4f, 0x4b4f, 0x4b4f, 0x4b4f, 0x4b4f, 0x4b4f, 0x4b4f, 0x4b4f, 0x4b4f, 0x4b4f, 0x4b4f, 0x4b4f, 0x4b4f, 0x4b4f, 
	0x4b4f, 0x4b4f, 0x4b4f, 0x4b4f, 0x4b4f, 0x4b4f, 0x4b4f, 0x4b4f, 0x4b4f, 0x4b4f, 0x4b4f, 0x4b4f, 0x4b4f, 0x4b4f, 0x4b4f, 0x4b4f, 
	0x4b4f, 0x4b4f, 0x4b4f, 0x4b4f, 0x4b4f, 0x4b4f, 0x4b4f, 0x4b4f, 0x4b4f, 0x4b4f, 0x4b4f, 0x4b4f, 0x4b4f, 0x4b4f, 0x4b4f, 0x4b4f, 
	0x4b4f, 0x4b4f, 0x4b4f, 0x4b4f, 0x4b4f, 0x4b4f, 0x4b4f, 0x4b4f, 0x4b4f, 0x4b4f, 0x4b4f, 0x4b4f, 0x4b4f, 0x4b4f, 0x4b4f, 0x4b4f, 
	0x4b4f, 0x4b4f, 0x4b6f, 0x4b6f, 0x4b6f, 0x4b6f, 0x4b6f, 0x4b6f, 0x4b6f, 0x4b6f, 0x4b6f, 0x4b6f, 0x4b6f, 0x4b6f, 0x4b6f, 0x4b6f, 
	0x4b6f, 0x4b6f, 0x4b6f, 0x4b6f, 0x4b6f, 0x4b6f, 0x4b6f, 0x4b6f, 0x4b70, 0x4b70, 0x4b70, 0x4b70, 0x4b70, 0x4b70, 0x4b70, 0x4b70, 
	0x4b70, 0x4b70, 0x4b70, 0x4b70, 0x4b70, 0x4b70, 0x4b70, 0x4b70, 0x4b70, 0x4b90, 0x4b70, 0x4b90, 0x4b90, 0x5390, 0x7c10, 0x8410, 
	0x8410, 0x5baf, 0x4b90, 0x4b90, 0x4b90, 0x4b70, 0x4b70, 0x4b70, 0x4b70, 0x4b70, 0x4b70, 0x4b70, 0x4b70, 0x4b70, 0x4b70, 0x4b70, 
	0x4b70, 0x4b70, 0x4b70, 0x4b70, 0x4b70, 0x4b70, 0x4b70, 0x4b70, 0x4b70, 0x4b70, 0x4b6f, 0x4b70, 0x4b6f, 0x4b70, 0x4b6f, 0x4b6f, 
	0x4b6f, 0x4b6f, 0x4b6f, 0x4b6f, 0x4b6f, 0x4b6f, 0x4b6f, 0x4b6f, 0x4b6f, 0x4b6f, 0x4b6f, 0x4b6f, 0x4b6f, 0x4b4f, 0x4b4f, 0x4b4f, 
	0x4b4f, 0x4b4f, 0x4b4f, 0x4b4f, 0x4b4f, 0x4b4f, 0x4b4f, 0x4b4f, 0x4b4f, 0x4b4f, 0x4b4f, 0x4b4f, 0x4b4f, 0x4b4f, 0x4b4f, 0x4b4f, 
	0x4b4f, 0x4b4f, 0x4b4f, 0x4b4f, 0x4b4f, 0x4b4f, 0x4b4f, 0x4b4f, 0x4b4f, 0x4b4f, 0x4b4f, 0x4b4f, 0x4b4f, 0x4b4f, 0x4b4f, 0x4b4f, 
	0x4b4f, 0x4b4f, 0x4b4f, 0x4b4f, 0x4b4f, 0x4b4f, 0x4b4f, 0x4b4f, 0x4b4f, 0x4b4f, 0x4b4f, 0x4b4f, 0x4b4f, 0x4b4f, 0x4b4f, 0x4b4f, 
	0x4b4f, 0x4b4f, 0x4b4f, 0x4b4f, 0x4b4f, 0x4b4f, 0x4b4f, 0x4b4f, 0x4b4f, 0x4b4f, 0x4b4f, 0x4b4f, 0x4b4f, 0x4b4f, 0x4b4f, 0x4b4f, 
	0x4b4f, 0x4b4f, 0x4b4f, 0x4b6f, 0x4b6f, 0x4b6f, 0x4b6f, 0x4b6f, 0x4b6f, 0x4b6f, 0x4b6f, 0x4b6f, 0x4b6f, 0x4b6f, 0x4b6f, 0x4b6f, 
	0x4b6f, 0x4b6f, 0x4b6f, 0x4b70, 0x4b70, 0x4b70, 0x4b70, 0x4b70, 0x4b70, 0x4b70, 0x4b70, 0x4b70, 0x4b70, 0x4b70, 0x4b70, 0x4b70, 
	0x4b70, 0x4b70, 0x4b70, 0x4b70, 0x4b70, 0x4b70, 0x4b70, 0x4b70, 0x4b70, 0x4b70, 0x4b70, 0x4b90, 0x4b90, 0x5390, 0x7c10, 0x8410, 
	0x8410, 0x5baf, 0x4b90, 0x4b90, 0x4b90, 0x4b70, 0x4b90, 0x4b70, 0x4b70, 0x4b70, 0x4b70, 0x4b70, 0x4b70, 0x4b70, 0x4b70, 0x4b70, 
	0x4b70, 0x4b70, 0x4b70, 0x4b70, 0x4b70, 0x4b70, 0x4b70, 0x4b70, 0x4b6f, 0x4b6f, 0x4b6f, 0x4b6f, 0x4b6f, 0x4b6f, 0x4b6f, 0x4b6f, 
	0x4b6f, 0x4b6f, 0x4b6f, 0x4b6f, 0x4b6f, 0x4b6f, 0x4b6f, 0x4b6f, 0x4b6f, 0x4b6f, 0x4b6f, 0x4b6f, 0x4b6f, 0x4b6f, 0x4b4f, 0x4b4f, 
	0x4b4f, 0x4b4f, 0x4b4f, 0x4b4f, 0x4b4f, 0x4b4f, 0x4b4f, 0x4b4f, 0x4b4f, 0x4b4f, 0x4b4f, 0x4b4f, 0x4b4f, 0x4b4f, 0x4b4f, 0x4b4f, 
	0x4b4f, 0x4b4f, 0x4b4f, 0x4b4f, 0x4b4f, 0x4b4f, 0x4b4f, 0x4b4f, 0x4b4f, 0x4b4f, 0x4b4f, 0x4b4f, 0x4b4f, 0x4b4f, 0x4b4f, 0x4b4f, 
	0x4b4f, 0x4b4f, 0x4b4f, 0x4b4f, 0x4b4f, 0x4b4f, 0x4b4f, 0x4b4f, 0x4b4f, 0x4b4f, 0x4b4f, 0x4b4f, 0x4b4f, 0x4b4f, 0x4b4f, 0x4b4f, 
	0x4b4f, 0x4b4f, 0x4b4f, 0x4b4f, 0x4b4f, 0x4b4f, 0x4b4f, 0x4b4f, 0x4b4f, 0x4b4f, 0x4b4f, 0x4b4f, 0x4b4f, 0x4b4f, 0x4b4f, 0x4b4f, 
	0x4b4f, 0x4b4f, 0x4b6f, 0x4b6f, 0x4b6f, 0x4b6f, 0x4b6f, 0x4b6f, 0x4b6f, 0x4b6f, 0x4b6f, 0x4b6f, 0x4b6f, 0x4b6f, 0x4b6f, 0x4b6f, 
	0x4b6f, 0x4b6f, 0x4b6f, 0x4b6f, 0x4b6f, 0x4b6f, 0x4b6f, 0x4b6f, 0x4b70, 0x4b70, 0x4b70, 0x4b70, 0x4b70, 0x4b70, 0x4b70, 0x4b70, 
	0x4b70, 0x4b70, 0x4b70, 0x4b70, 0x4b70, 0x4b70, 0x4b70, 0x4b70, 0x4b70, 0x4b90, 0x4b70, 0x4b90, 0x4b90, 0x5390, 0x7c10, 0x8410, 
	0x8410, 0x5baf, 0x4b90, 0x4b90, 0x4b90, 0x4b70, 0x4b70, 0x4b70, 0x4b70, 0x4b70, 0x4b70, 0x4b70, 0x4b70, 0x4b70, 0x4b70, 0x4b70, 
	0x4b70, 0x4b70, 0x4b70, 0x4b70, 0x4b70, 0x4b70, 0x4b70, 0x4b70, 0x4b70, 0x4b70, 0x4b6f, 0x4b70, 0x4b6f, 0x4b70, 0x4b6f, 0x4b6f, 
	0x4b6f, 0x4b6f, 0x4b6f, 0x4b6f, 0x4b6f, 0x4b6f, 0x4b6f, 0x4b6f, 0x4b6f, 0x4b6f, 0x4b6f, 0x4b6f, 0x4b6f, 0x4b4f, 0x4b4f, 0x4b4f, 
	0x4b4f, 0x4b4f, 0x4b4f, 0x4b4f, 0x4b4f, 0x4b4f, 0x4b4f, 0x4b4f, 0x4b4f, 0x4b4f, 0x4b4f, 0x4b4f, 0x4b4f, 0x4b4f, 0x4b4f, 0x4b4f, 
	0x4b4f, 0x4b4f, 0x4b4f, 0x4b4f, 0x4b4f, 0x4b4f, 0x4b4f, 0x4b4f, 0x4b4f, 0x4b4f, 0x4b4f, 0x4b4f, 0x4b4f, 0x4b4f, 0x4b4f, 0x4b4f, 
	0x4b4f, 0x4b4f, 0x4b4f, 0x4b4f, 0x4b4f, 0x4b4f, 0x4b4f, 0x4b4f, 0x4b4f, 0x4b4f, 0x4b4f, 0x4b4f, 0x4b4f, 0x4b4f, 0x4b4f, 0x4b4f, 
	0x4b4f, 0x4b4f, 0x4b4f, 0x4b4f, 0x4b4f, 0x4b4f, 0x4b4f, 0x4b4f, 0x4b4f, 0x4b4f, 0x4b4f, 0x4b4f, 0x4b4f, 0x4b4f, 0x4b4f, 0x4b4f, 
	0x4b4f, 0x4b4f, 0x4b4f, 0x4b6f, 0x4b6f, 0x4b6f, 0x4b6f, 0x4b6f, 0x4b6f, 0x4b6f, 0x4b6f, 0x4b6f, 0x4b6f, 0x4b6f, 0x4b6f, 0x4b6f, 
	0x4b6f, 0x4b6f, 0x4b6f, 0x4b70, 0x4b70, 0x4b70, 0x4b70, 0x4b70, 0x4b70, 0x4b70, 0x4b70, 0x4b70, 0x4b70, 0x4b70, 0x4b70, 0x4b70, 
	0x4b70, 0x4b70, 0x4b70, 0x4b70, 0x4b70, 0x4b70, 0x4b70, 0x4b70, 0x4b70, 0x4b70, 0x4b70, 0x4b90, 0x4b90, 0x5390, 0x7c10, 0x8410, 
	0x8410, 0x5baf, 0x4b90, 0x4b90, 0x4b90, 0x4b70, 0x4b90, 0x4b70, 0x4b70, 0x4b70, 0x4b70, 0x4b70, 0x4b70, 0x4b70, 0x4b70, 0x4b70, 
	0x4b70, 0x4b70, 0x4b70, 0x4b70, 0x4b70, 0x4b70, 0x4b70, 0x4b6f, 0x4b6f, 0x4b6f, 0x4b6f, 0x4b6f, 0x4b6f, 0x4b6f, 0x4b6f, 0x4b6f, 
	0x4b6f, 0x4b6f, 0x4b6f, 0x4b6f, 0x4b6f, 0x4b6f, 0x4b6f, 0x4b6f, 0x4b6f, 0x4b6f, 0x4b6f, 0x4b6f, 0x4b6f, 0x4b6f, 0x4b4f, 0x4b4f, 
	0x4b4f, 0x4b4f, 0x4b4f, 0x4b4f, 0x4b4f, 0x4b4f, 0x4b4f, 0x4b4f, 0x4b4f, 0x4b4f, 0x4b4f, 0x4b4f, 0x4b4f, 0x4b4f, 0x4b4f, 0x4b4f, 
	0x4b4f, 0x4b4f, 0x4b4f, 0x4b4f, 0x4b4f, 0x4b4f, 0x4b4f, 0x4b4f, 0x4b4f, 0x4b4f, 0x4b4f, 0x4b4f, 0x432e, 0x21a7, 0x21a7, 0x21a7, 
	0x21a7, 0x21a7, 0x21a7, 0x21a7, 0x2a09, 0x434f, 0x4b4f, 0x4b4f, 0x4b4f, 0x4b4f, 0x4b4f, 0x4b4f, 0x4b4f, 0x4b4f, 0x4b4f, 0x4b4f, 
	0x4b4f, 0x4b4f, 0x4b4f, 0x4b4f, 0x4b4f, 0x4b4f, 0x4b4f, 0x4b4f, 0x4b4f, 0x4b4f, 0x4b4f, 0x4b4f, 0x4b4f, 0x4b4f, 0x4b4f, 0x4b4f, 
	0x4b4f, 0x4b4f, 0x4b6f, 0x4b6f, 0x4b6f, 0x4b6f, 0x4b6f, 0x4b6f, 0x4b6f, 0x4b6f, 0x4b6f, 0x4b6f, 0x4b6f, 0x4b6f, 0x4b6f, 0x4b6f, 
	0x4b6f, 0x4b6f, 0x4b6f, 0x4b6f, 0x4b6f, 0x4b6f, 0x4b6f, 0x4b6f, 0x4b70, 0x4b70, 0x4b70, 0x4b70, 0x4b70, 0x4b70, 0x4b70, 0x4b70, 
	0x4b70, 0x4b70, 0x4b70, 0x4b70, 0x4b70, 0x4b70, 0x4b70, 0x4b70, 0x4b70, 0x4b90, 0x4b70, 0x4b90, 0x4b90, 0x5390, 0x7c10, 0x8410, 
	0x8410, 0x5baf, 0x4b90, 0x4b90, 0x4b90, 0x4b70, 0x4b70, 0x4b70, 0x4b70, 0x4b70, 0x4b70, 0x4b70, 0x4b70, 0x4b70, 0x4b70, 0x4b70, 
	0x4b70, 0x4b70, 0x4b70, 0x4b70, 0x4b70, 0x4b70, 0x4b70, 0x4b70, 0x4b70, 0x4b70, 0x4b6f, 0x4b70, 0x4b6f, 0x4b70, 0x4b6f, 0x4b6f, 
	0x4b6f, 0x4b6f, 0x4b6f, 0x4b6f, 0x4b6f, 0x4b6f, 0x4b6f, 0x4b6f, 0x4b6f, 0x4b6f, 0x4b6f, 0x4b6f, 0x4b6f, 0x4b4f, 0x4b4f, 0x4b4f, 
	0x4b4f, 0x4b4f, 0x4b4f, 0x4b4f, 0x4b4f, 0x4b4f, 0x4b4f, 0x4b4f, 0x4b4f, 0x4b4f, 0x4b4f, 0x4b4f, 0x4b4f, 0x4b4f, 0x4b4f, 0x4b4f, 
	0x4b4f, 0x4b4f, 0x4b4f, 0x4b4f, 0x4b4f, 0x4b4f, 0x4b4f, 0x4b4f, 0x4b4f, 0x4b4f, 0x4b4f, 0x4b4f, 0x430e, 0x0021, 0x0021, 0x0021, 
	0x0021, 0x0021, 0x0021, 0x0021, 0x10e4, 0x4b4f, 0x4b4f, 0x4b4f, 0x4b4f, 0x4b4f, 0x4b4f, 0x4b4f, 0x4b4f, 0x4b4f, 0x4b4f, 0x4b4f, 
	0x4b4f, 0x4b4f, 0x4b4f, 0x4b4f, 0x4b4f, 0x4b4f, 0x4b4f, 0x4b4f, 0x4b4f, 0x4b4f, 0x4b4f, 0x4b4f, 0x4b4f, 0x4b4f, 0x4b4f, 0x4b4f, 
	0x4b4f, 0x4b4f, 0x4b4f, 0x4b6f, 0x4b6f, 0x4b6f, 0x4b6f, 0x4b6f, 0x4b6f, 0x4b6f, 0x4b6f, 0x4b6f, 0x4b6f, 0x4b6f, 0x4b6f, 0x4b6f, 
	0x4b6f, 0x4b6f, 0x4b6f, 0x4b70, 0x4b70, 0x4b70, 0x4b70, 0x4b70, 0x4b70, 0x4b70, 0x4b70, 0x4b70, 0x4b70, 0x4b70, 0x4b70, 0x4b70, 
	0x4b70, 0x4b70, 0x4b70, 0x4b70, 0x4b70, 0x4b70, 0x4b70, 0x4b70, 0x4b70, 0x4b70, 0x4b70, 0x4b90, 0x4b90, 0x5390, 0x7c10, 0x8410, 
	0x8410, 0x5baf, 0x4b90, 0x4b90, 0x4b90, 0x4b70, 0x4b90, 0x4b70, 0x4b70, 0x4b70, 0x4b70, 0x4b70, 0x4b70, 0x4b70, 0x4b70, 0x4b70, 
	0x4b70, 0x4b70, 0x4b70, 0x4b70, 0x4b70, 0x4b70, 0x4b70, 0x4b6f, 0x4b6f, 0x4b6f, 0x4b6f, 0x4b6f, 0x4b6f, 0x4b6f, 0x4b6f, 0x4b6f, 
	0x4b6f, 0x4b6f, 0x4b6f, 0x4b6f, 0x4b6f, 0x4b6f, 0x4b6f, 0x4b6f, 0x4b6f, 0x4b6f, 0x4b6f, 0x4b6f, 0x4b6f, 0x4b6f, 0x4b4f, 0x4b4f, 
	0x4b4f, 0x4b4f, 0x4b4f, 0x4b4f, 0x4b4f, 0x4b4f, 0x4b4f, 0x4b4f, 0x4b4f, 0x4b4f, 0x4b4f, 0x4b4f, 0x4b4f, 0x4b4f, 0x4b4f, 0x4b4f, 
	0x4b4f, 0x4b4f, 0x4b4f, 0x4b4f, 0x4b4f, 0x4b4f, 0x4b4f, 0x4b4f, 0x4b4f, 0x4b4f, 0x432e, 0x2187, 0x29a7, 0x634d, 0x634d, 0x634d, 
	0x634d, 0x634d, 0x634d, 0x634d, 0x52ec, 0x2187, 0x2a09, 0x4b4f, 0x4b4f, 0x4b4f, 0x4b4f, 0x4b4f, 0x434f, 0x434f, 0x4b4f, 0x4b4f, 
	0x4b4f, 0x4b4f, 0x4b4f, 0x4b4f, 0x4b4f, 0x4b4f, 0x4b4f, 0x4b4f, 0x4b4f, 0x4b4f, 0x4b4f, 0x4b4f, 0x4b4f, 0x4b4f, 0x4b4f, 0x4b6f, 
	0x4b4f, 0x4b4f, 0x4b6f, 0x4b6f, 0x4b6f, 0x4b6f, 0x4b6f, 0x4b6f, 0x4b6f, 0x4b6f, 0x4b6f, 0x4b6f, 0x4b6f, 0x4b6f, 0x4b6f, 0x4b6f, 
	0x4b6f, 0x4b6f, 0x4b6f, 0x4b6f, 0x4b6f, 0x4b6f, 0x4b6f, 0x4b6f, 0x4b70, 0x4b70, 0x4b70, 0x4b70, 0x4b70, 0x4b70, 0x4b70, 0x4b70, 
	0x4b70, 0x4b70, 0x4b70, 0x4b70, 0x4b70, 0x4b70, 0x4b70, 0x4b70, 0x4b70, 0x4b90, 0x4b70, 0x4b90, 0x4b90, 0x5390, 0x7c10, 0x8410, 
	0x8410, 0x5baf, 0x4b90, 0x4b90, 0x4b90, 0x4b70, 0x4b70, 0x4b70, 0x4b70, 0x4b70, 0x4b70, 0x4b70, 0x4b70, 0x4b70, 0x4b70, 0x4b70, 
	0x4b70, 0x4b70, 0x4b70, 0x4b70, 0x4b70, 0x4b70, 0x4b70, 0x4b70, 0x4b70, 0x4b70, 0x4b6f, 0x4b70, 0x4b6f, 0x4b70, 0x4b6f, 0x4b6f, 
	0x4b6f, 0x4b6f, 0x4b6f, 0x4b6f, 0x4b6f, 0x4b6f, 0x4b6f, 0x4b6f, 0x4b6f, 0x4b6f, 0x4b6f, 0x4b6f, 0x4b6f, 0x4b4f, 0x4b4f, 0x4b4f, 
	0x4b4f, 0x4b4f, 0x4b4f, 0x4b4f, 0x4b4f, 0x4b4f, 0x4b4f, 0x4b4f, 0x4b4f, 0x4b4f, 0x4b4f, 0x4b4f, 0x4b4f, 0x4b4f, 0x4b4f, 0x4b4f, 
	0x4b4f, 0x4b4f, 0x4b4f, 0x4b4f, 0x4b4f, 0x4b4f, 0x4b4f, 0x4b4f, 0x4b4f, 0x4b4f, 0x4b2e, 0x0020, 0x0862, 0xb5f8, 0xb618, 0xb618, 
	0xb618, 0xb618, 0xb618, 0xb618, 0x8c92, 0x0020, 0x1905, 0x4b4f, 0x4b4f, 0x4b4f, 0x4b4f, 0x4b4f, 0x328b, 0x2187, 0x2187, 0x2187, 
	0x2187, 0x2187, 0x3aac, 0x4b4f, 0x4b4f, 0x4b4f, 0x4b4f, 0x4b4f, 0x4b4f, 0x4b4f, 0x29c8, 0x2187, 0x2187, 0x2187, 0x2187, 0x2187, 
	0x4b4f, 0x4b4f, 0x4b4f, 0x4b6f, 0x4b6f, 0x4b6f, 0x4b6f, 0x4b6f, 0x4b6f, 0x4b6f, 0x4b6f, 0x4b6f, 0x4b6f, 0x4b6f, 0x4b6f, 0x4b6f, 
	0x4b6f, 0x4b6f, 0x4b6f, 0x4b70, 0x4b70, 0x4b70, 0x4b70, 0x4b70, 0x4b70, 0x4b70, 0x4b70, 0x4b70, 0x4b70, 0x4b70, 0x4b70, 0x4b70, 
	0x4b70, 0x4b70, 0x4b70, 0x4b70, 0x4b70, 0x4b70, 0x4b70, 0x4b70, 0x4b70, 0x4b70, 0x4b70, 0x4b90, 0x4b90, 0x5390, 0x7c10, 0x8410, 
	0x8410, 0x5baf, 0x4b90, 0x4b90, 0x4b90, 0x4b70, 0x4b90, 0x4b70, 0x4b70, 0x4b70, 0x4b70, 0x4b70, 0x4b70, 0x4b70, 0x4b70, 0x4b70, 
	0x4b70, 0x4b70, 0x4b70, 0x4b70, 0x4b70, 0x4b70, 0x4b70, 0x4b6f, 0x4b6f, 0x4b6f, 0x4b6f, 0x4b6f, 0x4b6f, 0x4b6f, 0x4b6f, 0x4b6f, 
	0x4b6f, 0x4b6f, 0x4b6f, 0x4b6f, 0x4b6f, 0x4b6f, 0x4b6f, 0x4b6f, 0x4b6f, 0x4b6f, 0x4b6f, 0x4b6f, 0x4b6f, 0x4b6f, 0x4b4f, 0x4b4f, 
	0x4b4f, 0x4b4f, 0x4b4f, 0x4b4f, 0x4b4f, 0x4b4f, 0x4b4f, 0x4b4f, 0x4b4f, 0x4b4f, 0x4b4f, 0x4b4f, 0x4b4f, 0x4b4f, 0x4b4f, 0x4b4f, 
	0x4b4f, 0x4b4f, 0x4b4f, 0x4b4f, 0x4b4f, 0x4b4f, 0x4b4f, 0x4b4f, 0x432e, 0x2187, 0x2187, 0x636e, 0x6baf, 0xb659, 0xb659, 0xb659, 
	0xb659, 0xb659, 0xb659, 0xbe59, 0xa597, 0x6b8e, 0x52ec, 0x2187, 0x2a2a, 0x4b4f, 0x3a8b, 0x2186, 0x10c3, 0x0000, 0x0000, 0x0020, 
	0x0020, 0x0000, 0x10e4, 0x2187, 0x3aac, 0x4b4f, 0x4b4f, 0x4b4f, 0x4b4f, 0x4b4f, 0x08a3, 0x0000, 0x0000, 0x0000, 0x0000, 0x0020, 
	0x4b4f, 0x4b6f, 0x4b4f, 0x4b6f, 0x4b6f, 0x432e, 0x2187, 0x2187, 0x2187, 0x2187, 0x2187, 0x2187, 0x2a09, 0x4b6f, 0x4b6f, 0x4b6f, 
	0x4b6f, 0x4b6f, 0x4b6f, 0x4b6f, 0x4b6f, 0x4b6f, 0x4b6f, 0x4b6f, 0x4b70, 0x4b70, 0x4b70, 0x4b70, 0x4b70, 0x4b70, 0x4b70, 0x4b70, 
	0x4b70, 0x4b70, 0x4b70, 0x4b70, 0x4b70, 0x4b70, 0x4b70, 0x4b70, 0x4b70, 0x4b90, 0x4b70, 0x4b90, 0x4b90, 0x5390, 0x7c10, 0x8410, 
	0x8410, 0x5baf, 0x4b90, 0x4b90, 0x4b90, 0x4b70, 0x4b70, 0x4b70, 0x4b70, 0x4b70, 0x4b70, 0x4b70, 0x4b70, 0x4b70, 0x4b70, 0x4b70, 
	0x4b70, 0x4b70, 0x4b70, 0x4b70, 0x4b70, 0x4b70, 0x4b70, 0x4b70, 0x4b70, 0x4b70, 0x4b6f, 0x4b70, 0x4b6f, 0x4b70, 0x4b6f, 0x4b6f, 
	0x4b6f, 0x4b6f, 0x4b6f, 0x4b6f, 0x4b6f, 0x4b6f, 0x4b6f, 0x4b6f, 0x4b6f, 0x4b6f, 0x4b6f, 0x4b6f, 0x4b6f, 0x4b4f, 0x4b4f, 0x4b4f, 
	0x4b4f, 0x4b4f, 0x4b4f, 0x4b4f, 0x4b4f, 0x4b4f, 0x4b4f, 0x4b4f, 0x4b4f, 0x4b4f, 0x4b4f, 0x4b4f, 0x4b4f, 0x4b4f, 0x4b4f, 0x4b4f, 
	0x4b4f, 0x4b4f, 0x4b4f, 0x4b4f, 0x4b4f, 0x4b4f, 0x4b4f, 0x4b4f, 0x432e, 0x0021, 0x0841, 0xb639, 0xb639, 0xbe59, 0xb659, 0xb659, 
	0xb659, 0xb659, 0xb659, 0xb659, 0xb639, 0xb639, 0x8451, 0x0000, 0x0882, 0x2166, 0x10e4, 0x0000, 0x38e4, 0x7208, 0x7208, 0x7208, 
	0x7208, 0x7209, 0x28c3, 0x0000, 0x18e4, 0x2166, 0x3acd, 0x4b4f, 0x29e8, 0x2166, 0x634d, 0x6baf, 0x6baf, 0x6baf, 0x6baf, 0x6baf, 
	0x2166, 0x2187, 0x4b6f, 0x434f, 0x2166, 0x1946, 0x0000, 0x0000, 0x0000, 0x0000, 0x0000, 0x0000, 0x1905, 0x4b6f, 0x4b6f, 0x4b6f, 
	0x4b6f, 0x4b6f, 0x4b6f, 0x4b70, 0x4b70, 0x4b70, 0x4b70, 0x4b70, 0x4b70, 0x4b70, 0x4b70, 0x4b70, 0x4b70, 0x4b70, 0x4b70, 0x4b70, 
	0x4b70, 0x4b70, 0x4b70, 0x4b70, 0x4b70, 0x4b70, 0x4b70, 0x4b70, 0x4b70, 0x4b70, 0x4b70, 0x4b90, 0x4b90, 0x5390, 0x7c10, 0x8410, 
	0x8410, 0x5baf, 0x4b90, 0x4b90, 0x4b90, 0x4b70, 0x4b90, 0x4b70, 0x4b70, 0x4b70, 0x4b70, 0x4b70, 0x4b70, 0x4b70, 0x4b70, 0x4b70, 
	0x4b70, 0x4b70, 0x4b70, 0x4b70, 0x4b70, 0x4b70, 0x4b70, 0x4b6f, 0x4b6f, 0x4b6f, 0x4b6f, 0x4b6f, 0x4b6f, 0x4b6f, 0x4b6f, 0x4b6f, 
	0x4b6f, 0x4b6f, 0x4b6f, 0x4b6f, 0x4b6f, 0x4b6f, 0x4b6f, 0x4b6f, 0x4b6f, 0x4b6f, 0x4b6f, 0x4b6f, 0x4b6f, 0x4b6f, 0x4b4f, 0x4b4f, 
	0x4b4f, 0x4b4f, 0x4b4f, 0x4b4f, 0x4b4f, 0x4b4f, 0x4b4f, 0x4b4f, 0x4b4f, 0x4b4f, 0x4b4f, 0x4b4f, 0x4b4f, 0x4b4f, 0x4b4f, 0x4b4f, 
	0x4b4f, 0x4b4f, 0x4b4f, 0x4b4f, 0x4b4f, 0x4b4f, 0x4b4f, 0x4b4f, 0x430e, 0x0020, 0x0041, 0xbe59, 0xb659, 0xb659, 0xb659, 0xb659, 
	0xb659, 0xb659, 0xb659, 0xbe59, 0xbe59, 0x9d55, 0x31c7, 0x0000, 0x0000, 0x0000, 0x30c3, 0x7a09, 0x9aab, 0xcb6f, 0xcb6f, 0xcb6f, 
	0xcb6f, 0xcb6f, 0x9a8b, 0x7a09, 0x28a3, 0x0000, 0x1104, 0x2166, 0x0841, 0x0000, 0x9d55, 0xbe5a, 0xbe5a, 0xbe5a, 0xbe5a, 0xbe5a, 
	0x0000, 0x0020, 0x4b6f, 0x432e, 0x0000, 0x0882, 0x73cf, 0x73cf, 0x73cf, 0x73cf, 0x73cf, 0x73cf, 0x5b0c, 0x2166, 0x3229, 0x4b6f, 
	0x4b6f, 0x4b6f, 0x4b6f, 0x4b6f, 0x4b6f, 0x4b6f, 0x4b6f, 0x4b6f, 0x4b70, 0x4b70, 0x4b70, 0x4b70, 0x4b70, 0x4b70, 0x4b70, 0x4b70, 
	0x4b70, 0x4b70, 0x4b70, 0x4b70, 0x4b70, 0x4b70, 0x4b70, 0x4b70, 0x4b70, 0x4b90, 0x4b70, 0x4b90, 0x4b90, 0x5390, 0x7c10, 0x8410, 
	0x8410, 0x5baf, 0x4b90, 0x4b90, 0x4b90, 0x4b70, 0x4b70, 0x4b70, 0x4b70, 0x4b70, 0x4b70, 0x4b70, 0x4b70, 0x4b70, 0x4b70, 0x4b70, 
	0x4b70, 0x4b70, 0x4b70, 0x4b70, 0x4b70, 0x4b70, 0x4b70, 0x4b70, 0x4b70, 0x4b70, 0x4b6f, 0x4b70, 0x4b6f, 0x4b70, 0x4b6f, 0x4b6f, 
	0x4b6f, 0x4b6f, 0x4b6f, 0x4b6f, 0x4b6f, 0x4b6f, 0x4b6f, 0x4b6f, 0x4b6f, 0x4b6f, 0x4b6f, 0x4b6f, 0x4b6f, 0x4b4f, 0x4b4f, 0x4b4f, 
	0x4b4f, 0x4b4f, 0x4b4f, 0x4b4f, 0x4b4f, 0x4b4f, 0x4b4f, 0x4b4f, 0x4b4f, 0x4b4f, 0x4b4f, 0x4b4f, 0x4b4f, 0x4b4f, 0x4b4f, 0x4b4f, 
	0x4b4f, 0x4b4f, 0x4b4f, 0x4b4f, 0x4b4f, 0x4b4f, 0x4b4f, 0x4b4f, 0x430e, 0x0020, 0x0041, 0xbe59, 0xb659, 0xb659, 0xb659, 0xb659, 
	0xb659, 0xb659, 0xbe59, 0xa576, 0x4a8a, 0x39c7, 0x0000, 0x28a3, 0x7a09, 0x7a09, 0x9aab, 0xcb6f, 0xcb6f, 0xcb6f, 0xcb6f, 0xcb6f, 
	0xcb6f, 0xd36f, 0xcb6f, 0xcb6f, 0x9a8b, 0x7a29, 0x2082, 0x0000, 0x5aec, 0x73cf, 0xadf8, 0xbe7a, 0xb65a, 0xae5a, 0xbe7a, 0xbe7a, 
	0x73f0, 0x73cf, 0x2146, 0x2187, 0x73ef, 0x7c31, 0xbe7a, 0xbe7a, 0xbe7a, 0xbe7a, 0xbe7a, 0xbe7a, 0x8472, 0x0000, 0x1945, 0x4b6f, 
	0x4b6f, 0x4b6f, 0x4b6f, 0x4b70, 0x4b70, 0x4b70, 0x4b70, 0x4b70, 0x4b70, 0x4b70, 0x4b70, 0x4b70, 0x4b70, 0x4b70, 0x4b70, 0x4b70, 
	0x4b70, 0x4b70, 0x4b70, 0x4b70, 0x4b70, 0x4b70, 0x4b70, 0x4b70, 0x4b70, 0x4b70, 0x4b70, 0x4b90, 0x4b90, 0x5390, 0x7c10, 0x8410, 
	0x8410, 0x5baf, 0x4b90, 0x4b90, 0x4b90, 0x4b70, 0x4b90, 0x4b70, 0x4b70, 0x4b70, 0x4b70, 0x4b70, 0x4b70, 0x4b70, 0x4b70, 0x4b70, 
	0x4b70, 0x4b70, 0x4b70, 0x4b70, 0x4b70, 0x4b70, 0x4b70, 0x4b6f, 0x4b6f, 0x4b6f, 0x4b6f, 0x4b6f, 0x4b6f, 0x4b6f, 0x4b6f, 0x4b6f, 
	0x4b6f, 0x4b6f, 0x4b6f, 0x4b6f, 0x4b6f, 0x4b6f, 0x4b6f, 0x4b6f, 0x4b6f, 0x4b6f, 0x4b6f, 0x4b6f, 0x4b6f, 0x4b6f, 0x4b4f, 0x4b4f, 
	0x4b4f, 0x4b4f, 0x4b4f, 0x4b4f, 0x4b4f, 0x4b4f, 0x4b4f, 0x4b4f, 0x4b4f, 0x4b4f, 0x4b4f, 0x4b4f, 0x4b4f, 0x4b4f, 0x4b4f, 0x4b4f, 
	0x4b4f, 0x4b4f, 0x434f, 0x434f, 0x434f, 0x434f, 0x434f, 0x434f, 0x430e, 0x0020, 0x0041, 0xbe59, 0xb659, 0xb659, 0xb659, 0xbe59, 
	0xb639, 0xa596, 0x4a6a, 0x39e7, 0x0000, 0x2882, 0x7a09, 0x9a8b, 0xcb6f, 0xcb6f, 0xcb6f, 0xcb6f, 0xcb6f, 0xcb6f, 0xcb6f, 0xcb6f, 
	0xcb6f, 0xcb6f, 0xcb6f, 0xcb6f, 0xcb6f, 0xcb8f, 0x38e4, 0x0000, 0x94f4, 0xbe7a, 0xbe7a, 0xbe7a, 0xa65a, 0xa63a, 0xbe7a, 0xbe7a, 
	0xbe7a, 0xbe5a, 0x0000, 0x0861, 0xbe7a, 0xbe7a, 0xb65a, 0xb65b, 0xb65b, 0xb65b, 0xb65b, 0xb67a, 0xadb7, 0x73f0, 0x530c, 0x1946, 
	0x322a, 0x4b6f, 0x4b6f, 0x4b6f, 0x4b6f, 0x4b6f, 0x4b6f, 0x4b6f, 0x4b70, 0x4b70, 0x4b70, 0x4b70, 0x4b70, 0x4b70, 0x4b70, 0x4b70, 
	0x4b70, 0x4b70, 0x4b70, 0x4b70, 0x4b70, 0x4b70, 0x4b70, 0x4b70, 0x4b70, 0x4b90, 0x4b70, 0x4b90, 0x4b90, 0x5390, 0x7c10, 0x8410, 
	0x8410, 0x5baf, 0x4b90, 0x4b90, 0x4b90, 0x4b70, 0x4b70, 0x4b70, 0x4b70, 0x4b70, 0x4b70, 0x4b70, 0x4b70, 0x4b70, 0x4b70, 0x4b70, 
	0x4b70, 0x4b70, 0x4b70, 0x4b70, 0x4b70, 0x4b70, 0x4b70, 0x4b70, 0x4b70, 0x4b70, 0x4b6f, 0x4b70, 0x4b6f, 0x4b70, 0x4b6f, 0x4b6f, 
	0x4b6f, 0x4b6f, 0x4b6f, 0x4b6f, 0x4b6f, 0x4b6f, 0x4b6f, 0x4b6f, 0x4b6f, 0x4b6f, 0x4b6f, 0x4b6f, 0x4b6f, 0x4b4f, 0x4b4f, 0x4b4f, 
	0x4b4f, 0x4b4f, 0x4b4f, 0x4b4f, 0x4b4f, 0x4b4f, 0x4b4f, 0x4b4f, 0x4b4f, 0x4b4f, 0x4b4f, 0x4b4f, 0x4b4f, 0x4b4f, 0x4b4f, 0x4b4f, 
	0x4b4f, 0x4b2f, 0x430e, 0x21a7, 0x1946, 0x1946, 0x1946, 0x1946, 0x1925, 0x0000, 0x0041, 0xbe59, 0xb659, 0xb619, 0xb619, 0xadb7, 
	0x4a69, 0x3a08, 0x0020, 0x2082, 0x8229, 0x926b, 0xcb6f, 0xcb6f, 0xcb6f, 0xcb4e, 0xcb4e, 0xcb4e, 0xcb6f, 0xcb6f, 0xcb6f, 0xcb6f, 
	0xcb6f, 0xd36f, 0xd36f, 0xd36f, 0xd36f, 0xcb8f, 0x38e4, 0x0000, 0x94f4, 0xbe7a, 0xbe7a, 0xbe7a, 0xb65a, 0xb65a, 0xae5a, 0xae5a, 
	0xbe7a, 0xbe5a, 0x0000, 0x0861, 0xbe7a, 0xbe7a, 0xa65b, 0xa65b, 0xa65b, 0xa65b, 0xa65b, 0xae7a, 0xbe9a, 0xbe9a, 0x7c31, 0x0020, 
	0x1966, 0x4b4f, 0x4b70, 0x4b70, 0x4b70, 0x4b70, 0x4b70, 0x4b70, 0x4b70, 0x4b70, 0x4b70, 0x4b70, 0x4b70, 0x4b70, 0x4b70, 0x4b70, 
	0x4b70, 0x4b70, 0x4b70, 0x4b70, 0x4b70, 0x4b70, 0x4b70, 0x4b70, 0x4b70, 0x4b70, 0x4b70, 0x4b90, 0x4b90, 0x5390, 0x7c10, 0x8410, 
	0x8410, 0x5baf, 0x4b90, 0x4b90, 0x4b90, 0x4b70, 0x4b90, 0x4b70, 0x4b70, 0x4b70, 0x4b70, 0x4b70, 0x4b70, 0x4b70, 0x4b70, 0x4b70, 
	0x4b70, 0x4b70, 0x4b70, 0x4b70, 0x4b70, 0x4b70, 0x4b70, 0x4b6f, 0x4b6f, 0x4b6f, 0x4b6f, 0x4b6f, 0x4b6f, 0x4b6f, 0x4b6f, 0x4b6f, 
	0x4b6f, 0x4b6f, 0x4b6f, 0x4b6f, 0x4b6f, 0x4b6f, 0x4b6f, 0x4b6f, 0x4b6f, 0x4b6f, 0x4b6f, 0x4b6f, 0x4b6f, 0x4b6f, 0x4b4f, 0x4b4f, 
	0x4b4f, 0x4b4f, 0x4b4f, 0x4b4f, 0x4b4f, 0x4b4f, 0x4b4f, 0x4b4f, 0x4b4f, 0x4b4f, 0x4b4f, 0x4b4f, 0x4b4f, 0x4b4f, 0x4b4f, 0x4b4f, 
	0x432e, 0x21a8, 0x1925, 0x0862, 0x0041, 0x0041, 0x0041, 0x0041, 0x0041, 0x0000, 0x0041, 0xb618, 0xadd7, 0x4269, 0x4269, 0x3a08, 
	0x0820, 0x2062, 0x8229, 0x926a, 0xcb6f, 0xcb6f, 0xcb6e, 0xc34e, 0x9aab, 0x4945, 0x4946, 0x4946, 0x822a, 0xc34e, 0xcb6f, 0xcb6f, 
	0xcb6f, 0xcb6f, 0xcb6f, 0xcb6f, 0xcb6f, 0xcb8f, 0x38e4, 0x0000, 0x94f4, 0xbe7a, 0xbe7a, 0xbe7a, 0xbe7a, 0xbe7a, 0xa63a, 0xa65a, 
	0xbe7a, 0xbe5a, 0x0000, 0x0861, 0xbe7a, 0xbe7a, 0xb67a, 0xb67a, 0xb67a, 0xb67a, 0xa65a, 0xae5b, 0xb67a, 0xb67a, 0xa5b7, 0x4a8a, 
	0x0882, 0x324a, 0x4b6f, 0x4b70, 0x4b6f, 0x4b6f, 0x4b6f, 0x4b6f, 0x4b70, 0x4b70, 0x4b70, 0x4b70, 0x4b70, 0x4b70, 0x4b70, 0x4b70, 
	0x4b70, 0x4b70, 0x4b70, 0x4b70, 0x4b70, 0x4b70, 0x4b70, 0x4b70, 0x4b70, 0x4b90, 0x4b70, 0x4b90, 0x4b90, 0x5390, 0x7c10, 0x8410, 
	0x8410, 0x5baf, 0x4b90, 0x4b90, 0x4b90, 0x4b70, 0x4b70, 0x4b70, 0x4b70, 0x4b70, 0x4b70, 0x4b70, 0x4b70, 0x4b70, 0x4b70, 0x4b70, 
	0x4b70, 0x4b70, 0x4b70, 0x4b70, 0x4b70, 0x4b70, 0x4b70, 0x4b70, 0x4b70, 0x4b70, 0x4b6f, 0x4b70, 0x4b6f, 0x4b70, 0x4b6f, 0x4b6f, 
	0x4b6f, 0x4b6f, 0x4b6f, 0x4b6f, 0x4b6f, 0x4b6f, 0x4b6f, 0x4b6f, 0x4b6f, 0x4b6f, 0x4b6f, 0x4b6f, 0x4b6f, 0x4b4f, 0x4b4f, 0x4b4f, 
	0x4b4f, 0x4b4f, 0x4b4f, 0x4b4f, 0x4b4f, 0x4b4f, 0x4b4f, 0x4b4f, 0x4b4f, 0x4b4f, 0x4b4f, 0x4b4f, 0x4b4f, 0x4b4f, 0x4b4f, 0x4b4f, 
	0x430e, 0x10c3, 0x0841, 0x634d, 0x7410, 0x7410, 0x7410, 0x7410, 0x6b8e, 0x0020, 0x0020, 0x4249, 0x4229, 0x0820, 0x0820, 0x1861, 
	0x8229, 0x926a, 0xcb6e, 0xc32e, 0xc32e, 0xc34e, 0x9aac, 0x4945, 0x30e4, 0x0820, 0x0820, 0x0820, 0x28a3, 0x4945, 0x8a6a, 0xcb6f, 
	0xcb6f, 0xd36f, 0xd36f, 0xd36f, 0xd36f, 0xcb8f, 0x4125, 0x0000, 0x8cb3, 0xbe5a, 0xbe7a, 0xbe7a, 0xbe7a, 0xbe7a, 0xa63a, 0xa65a, 
	0xbe7a, 0xbe5a, 0x0000, 0x0861, 0xbe7a, 0xbe7a, 0xbe7a, 0xbe7a, 0xbe7a, 0xbe7a, 0xa65b, 0xa65b, 0xa65b, 0xae7a, 0xbe9a, 0x73f0, 
	0x0000, 0x2187, 0x4b6f, 0x4b6f, 0x4b70, 0x4b70, 0x4b70, 0x4b70, 0x4b70, 0x4b70, 0x4b70, 0x4b70, 0x4b70, 0x4b70, 0x4b70, 0x4b70, 
	0x4b70, 0x4b70, 0x4b70, 0x4b70, 0x4b70, 0x4b70, 0x4b70, 0x4b70, 0x4b70, 0x4b70, 0x4b70, 0x4b90, 0x4b90, 0x5390, 0x7c10, 0x8410, 
	0x8410, 0x5baf, 0x4b90, 0x4b90, 0x4b90, 0x4b70, 0x4b90, 0x4b70, 0x4b70, 0x4b70, 0x4b70, 0x4b70, 0x4b70, 0x4b70, 0x4b70, 0x4b70, 
	0x4b70, 0x4b70, 0x4b70, 0x4b70, 0x4b70, 0x4b70, 0x4b70, 0x4b6f, 0x4b6f, 0x4b6f, 0x4b6f, 0x4b6f, 0x4b6f, 0x4b6f, 0x4b6f, 0x4b6f, 
	0x4b6f, 0x4b6f, 0x4b6f, 0x4b6f, 0x4b6f, 0x4b6f, 0x4b6f, 0x4b6f, 0x4b6f, 0x4b6f, 0x4b6f, 0x4b6f, 0x4b6f, 0x4b6f, 0x4b4f, 0x4b4f, 
	0x4b4f, 0x4b4f, 0x4b4f, 0x4b4f, 0x4b4f, 0x4b4f, 0x4b4f, 0x4b4f, 0x4b4f, 0x4b4f, 0x4b4f, 0x4b4f, 0x4b4f, 0x4b4f, 0x4b4f, 0x4b4f, 
	0x430e, 0x10c3, 0x0862, 0x9535, 0xbe5a, 0xbe59, 0xadf8, 0xadb7, 0x4a69, 0x0000, 0x0000, 0x0841, 0x1061, 0x8249, 0x8229, 0x8a6a, 
	0xcb6f, 0xcb6e, 0xa2cc, 0x4945, 0x4945, 0x4945, 0x30e4, 0x0841, 0x38e4, 0x8249, 0x8249, 0x8249, 0x4945, 0x1041, 0x69c7, 0xc32e, 
	0xcb4f, 0xcb6f, 0xcb6f, 0xcb6f, 0xcb6f, 0xcb8f, 0x9aab, 0x2082, 0x31c7, 0xa597, 0xbe7a, 0xbe7a, 0xbe7a, 0xbe7a, 0xa65a, 0xa65a, 
	0xbe7a, 0xbe5a, 0x0000, 0x0861, 0xbe7a, 0xbe7a, 0xbe7a, 0xbe7a, 0xbe7a, 0xbe7a, 0xb67a, 0xb67a, 0xa65a, 0xae7a, 0xc69a, 0x73f0, 
	0x0000, 0x2187, 0x4b6f, 0x4b6f, 0x4b6f, 0x4b6f, 0x4b6f, 0x4b6f, 0x4b70, 0x4b70, 0x4b70, 0x4b70, 0x4b70, 0x4b70, 0x4b70, 0x4b70, 
	0x4b70, 0x4b70, 0x4b70, 0x4b70, 0x4b70, 0x4b70, 0x4b70, 0x4b70, 0x4b70, 0x4b90, 0x4b70, 0x4b90, 0x4b90, 0x5390, 0x7c10, 0x8410, 
	0x8410, 0x5baf, 0x4b90, 0x4b90, 0x4b90, 0x4b70, 0x4b70, 0x4b70, 0x4b70, 0x4b70, 0x4b70, 0x4b70, 0x4b70, 0x4b70, 0x4b70, 0x4b70, 
	0x4b70, 0x4b70, 0x4b70, 0x4b70, 0x4b70, 0x4b70, 0x4b70, 0x4b70, 0x4b70, 0x4b70, 0x4b6f, 0x4b70, 0x4b6f, 0x4b70, 0x4b6f, 0x4b6f, 
	0x4b6f, 0x4b6f, 0x4b6f, 0x4b6f, 0x4b6f, 0x4b6f, 0x4b6f, 0x4b6f, 0x4b6f, 0x4b6f, 0x4b6f, 0x4b6f, 0x4b6f, 0x4b4f, 0x4b4f, 0x4b4f, 
	0x4b4f, 0x4b4f, 0x4b4f, 0x4b4f, 0x4b4f, 0x4b4f, 0x4b4f, 0x4b4f, 0x4b4f, 0x4b4f, 0x4b4f, 0x4b4f, 0x4b4f, 0x4b4f, 0x4b4f, 0x4b4f, 
	0x430e, 0x10c3, 0x0861, 0x8cb3, 0xadd7, 0xa596, 0x4a8a, 0x4208, 0x1061, 0x1041, 0x1861, 0x824a, 0x8a4a, 0xcb6f, 0xcb6f, 0xbb2e, 
	0xbb2d, 0xa2cc, 0x3904, 0x0000, 0x1041, 0x1041, 0x30e3, 0x8a4a, 0xa2ab, 0xcb6f, 0xcb6f, 0xcb6f, 0xaaec, 0x8a4a, 0x69c7, 0x4945, 
	0x8a4a, 0xbb2e, 0xcb4e, 0xd36f, 0xd36f, 0xd36f, 0xcb8f, 0x4104, 0x1041, 0x8cd3, 0xadd8, 0xbe5a, 0xbe7a, 0xbe7a, 0xb65a, 0xb65a, 
	0xbe7a, 0xadd7, 0x0000, 0x18e4, 0xbe7a, 0xbe7a, 0xbe7a, 0xbe7a, 0xbe7a, 0xbe7a, 0xbe7a, 0xb67a, 0xa65b, 0xae7a, 0xc69a, 0x73f0, 
	0x0000, 0x2187, 0x4b6f, 0x4b6f, 0x4b70, 0x4b70, 0x4b70, 0x4b70, 0x4b70, 0x4b70, 0x4b70, 0x4b70, 0x4b70, 0x4b70, 0x4b70, 0x4b70, 
	0x4b70, 0x4b70, 0x4b70, 0x4b70, 0x4b70, 0x4b70, 0x4b70, 0x4b70, 0x4b70, 0x4b70, 0x4b70, 0x4b90, 0x4b90, 0x5390, 0x7c10, 0x8410, 
	0x8410, 0x5baf, 0x4b90, 0x4b90, 0x4b90, 0x4b70, 0x4b90, 0x4b70, 0x4b70, 0x4b70, 0x4b70, 0x4b70, 0x4b70, 0x4b70, 0x4b70, 0x4b70, 
	0x4b70, 0x4b70, 0x4b70, 0x4b70, 0x4b70, 0x4b70, 0x4b70, 0x4b6f, 0x4b6f, 0x4b6f, 0x4b6f, 0x4b6f, 0x4b6f, 0x4b6f, 0x4b6f, 0x4b6f, 
	0x4b6f, 0x4b6f, 0x4b6f, 0x4b6f, 0x4b6f, 0x4b6f, 0x4b6f, 0x4b6f, 0x4b6f, 0x4b6f, 0x4b6f, 0x4b6f, 0x4b6f, 0x4b6f, 0x4b4f, 0x4b4f, 
	0x4b4f, 0x4b4f, 0x4b4f, 0x4b4f, 0x4b4f, 0x4b4f, 0x4b4f, 0x4b4f, 0x4b4f, 0x4b4f, 0x4b4f, 0x4b4f, 0x4b4f, 0x4b4f, 0x4b4f, 0x4b4f, 
	0x430e, 0x10c3, 0x0020, 0x31a7, 0x3a28, 0x3a08, 0x1882, 0x1862, 0x8229, 0x8a4a, 0x8a6a, 0xcb6f, 0xcb6f, 0xbb0d, 0xaaed, 0x4125, 
	0x4125, 0x3904, 0x0000, 0x30c3, 0x8a4a, 0x8a4a, 0x9aab, 0xcb6f, 0xcb6f, 0xcb6f, 0xcb6f, 0xcb6f, 0xcb6f, 0xcb6f, 0x69e8, 0x1041, 
	0x30c3, 0x4925, 0x9a8b, 0xcb6f, 0xcb6f, 0xcb8f, 0xcb6f, 0x9a8b, 0x8a6a, 0x4a29, 0x4229, 0x9d55, 0xadd7, 0xadd7, 0xadd8, 0xadd8, 
	0xadd7, 0x4228, 0x0020, 0x8472, 0xbe7a, 0xbe7a, 0xbe7a, 0xbe7a, 0xbe7a, 0xbe7a, 0xbe7a, 0xb67a, 0xa65b, 0xae7b, 0xc69a, 0x73f0, 
	0x0000, 0x2187, 0x4b6f, 0x4b6f, 0x4b6f, 0x4b6f, 0x4b6f, 0x4b6f, 0x4b70, 0x4b70, 0x4b70, 0x4b70, 0x4b70, 0x4b70, 0x4b70, 0x4b70, 
	0x4b70, 0x4b70, 0x4b70, 0x4b70, 0x4b70, 0x4b70, 0x4b70, 0x4b70, 0x4b70, 0x4b90, 0x4b70, 0x4b90, 0x4b90, 0x5390, 0x7c10, 0x8410, 
	0x8410, 0x5baf, 0x4b90, 0x4b90, 0x4b90, 0x4b70, 0x4b70, 0x4b70, 0x4b70, 0x4b70, 0x4b70, 0x4b70, 0x4b70, 0x4b70, 0x4b70, 0x4b70, 
	0x4b70, 0x4b70, 0x4b70, 0x4b70, 0x4b70, 0x4b70, 0x4b70, 0x4b70, 0x4b70, 0x4b70, 0x4b6f, 0x4b70, 0x4b6f, 0x4b70, 0x4b6f, 0x4b6f, 
	0x4b6f, 0x4b6f, 0x4b6f, 0x4b6f, 0x4b6f, 0x4b6f, 0x4b6f, 0x4b6f, 0x4b6f, 0x4b6f, 0x4b6f, 0x4b6f, 0x4b6f, 0x4b4f, 0x4b4f, 0x4b4f, 
	0x4b4f, 0x4b4f, 0x4b4f, 0x4b4f, 0x4b4f, 0x4b4f, 0x4b4f, 0x4b4f, 0x4b4f, 0x4b4f, 0x4b4f, 0x4b4f, 0x4b4f, 0x430e, 0x42ed, 0x42ed, 
	0x3aac, 0x10a3, 0x0000, 0x1041, 0x1861, 0x2082, 0x7a09, 0x926a, 0xcb4e, 0xcb6f, 0xcb6f, 0xb30d, 0xaaed, 0x4125, 0x3924, 0x1861, 
	0x1861, 0x1861, 0x28c3, 0x9a8b, 0xcb6f, 0xcb6f, 0xcb6f, 0xcb6f, 0xcb6f, 0xcb6f, 0xcb6f, 0xcb6f, 0xcb6f, 0xcb6f, 0xaaec, 0x8a6a, 
	0x4945, 0x1861, 0x7a09, 0xbb0d, 0xcb4e, 0xcb6f, 0xd36f, 0xd36f, 0xcb8f, 0x3904, 0x1861, 0x39c7, 0x3a08, 0x3a08, 0x3a08, 0x3a28, 
	0x3a08, 0x0000, 0x0841, 0xbe7a, 0xbe7a, 0xbe7a, 0xbe7a, 0xbe7a, 0xbe7a, 0xbe7a, 0xbe7a, 0xb67a, 0xae5b, 0xb67b, 0xc69a, 0x73f0, 
	0x0000, 0x2187, 0x4b6f, 0x4b6f, 0x4b70, 0x4b70, 0x4b70, 0x4b70, 0x4b70, 0x4b70, 0x4b70, 0x4b70, 0x4b70, 0x4b70, 0x4b70, 0x4b70, 
	0x4b70, 0x4b70, 0x4b70, 0x4b70, 0x4b70, 0x4b70, 0x4b70, 0x4b70, 0x4b70, 0x4b70, 0x4b70, 0x4b90, 0x4b90, 0x5390, 0x7c10, 0x8410, 
	0x8410, 0x5baf, 0x4b90, 0x4b90, 0x4b90, 0x4b70, 0x4b90, 0x4b70, 0x4b70, 0x4b70, 0x4b70, 0x4b70, 0x4b70, 0x4b70, 0x4b70, 0x4b70, 
	0x4b70, 0x4b70, 0x4b70, 0x4b70, 0x4b70, 0x4b70, 0x4b70, 0x4b70, 0x4b6f, 0x4b6f, 0x4b6f, 0x4b6f, 0x4b6f, 0x4b6f, 0x4b6f, 0x4b6f, 
	0x4b6f, 0x4b6f, 0x4b6f, 0x4b6f, 0x4b6f, 0x4b6f, 0x4b6f, 0x4b6f, 0x4b6f, 0x4b6f, 0x4b6f, 0x4b6f, 0x4b6f, 0x4b6f, 0x4b4f, 0x4b4f, 
	0x4b4f, 0x4b4f, 0x4b4f, 0x4b4f, 0x4b4f, 0x4b4f, 0x4b4f, 0x4b4f, 0x4b4f, 0x4b4f, 0x430e, 0x42ed, 0x3acc, 0x21a7, 0x1905, 0x1905, 
	0x1904, 0x1882, 0x2082, 0x7208, 0x8a4a, 0x926a, 0xc34e, 0xb30d, 0xb30d, 0xb30d, 0xaaed, 0x4125, 0x3924, 0x1861, 0x20a2, 0x8a6a, 
	0x8a6a, 0x8a6a, 0x9a8b, 0xcb6f, 0xcb6f, 0xcb6f, 0xcb6f, 0xcb6f, 0xcb6f, 0xcb6f, 0xcb6f, 0xcb6f, 0xcb6f, 0xcb6f, 0xcb6f, 0xcb6f, 
	0xaacc, 0x8a6a, 0x59a7, 0x4125, 0xa2ac, 0xd36f, 0xd36f, 0xcb8f, 0xcb8f, 0x9aab, 0x8a6a, 0x28c3, 0x1862, 0x1862, 0x1862, 0x1862, 
	0x1862, 0x0000, 0x0841, 0xbe7a, 0xbe7a, 0xbe7a, 0xbe7a, 0xbe7a, 0xbe7a, 0xbe7a, 0xae5a, 0xb67a, 0xb67a, 0xbe7a, 0xb639, 0x638e, 
	0x0021, 0x21c8, 0x4b6f, 0x4b6f, 0x4b6f, 0x4b6f, 0x4b6f, 0x4b6f, 0x4b70, 0x4b70, 0x4b70, 0x4b70, 0x4b70, 0x4b70, 0x4b70, 0x4b70, 
	0x4b70, 0x4b70, 0x4b70, 0x4b70, 0x4b70, 0x4b70, 0x4b70, 0x4b70, 0x4b70, 0x4b90, 0x4b70, 0x4b90, 0x4b90, 0x5390, 0x7c10, 0x8410, 
	0x8410, 0x5baf, 0x4b90, 0x4b90, 0x4b90, 0x4b70, 0x4b70, 0x4b70, 0x4b70, 0x4b70, 0x4b70, 0x4b70, 0x4b70, 0x4b70, 0x4b70, 0x4b70, 
	0x4b70, 0x4b70, 0x4b70, 0x4b70, 0x4b70, 0x4b70, 0x4b70, 0x4b70, 0x4b70, 0x4b70, 0x4b6f, 0x4b70, 0x4b6f, 0x4b70, 0x4b6f, 0x4b6f, 
	0x4b6f, 0x4b6f, 0x4b6f, 0x4b6f, 0x4b6f, 0x4b6f, 0x4b6f, 0x4b6f, 0x4b6f, 0x4b6f, 0x4b6f, 0x4b6f, 0x4b6f, 0x4b4f, 0x4b4f, 0x4b4f, 
	0x4b4f, 0x4b4f, 0x4b4f, 0x4b4f, 0x4b4f, 0x4b4f, 0x4b4f, 0x4b4f, 0x430e, 0x3acc, 0x21c8, 0x1904, 0x10e4, 0x0861, 0x1041, 0x1882, 
	0x20a2, 0x7208, 0x928b, 0xc34e, 0xcb6f, 0xb30d, 0xaaec, 0x4945, 0x4104, 0x3924, 0x3904, 0x1882, 0x20a2, 0x8a6a, 0x928b, 0xcb6f, 
	0xcb6f, 0xcb6f, 0xcb6f, 0xcb6f, 0xcb6f, 0xcb6f, 0xcb6f, 0xcb6f, 0xcb6f, 0xcb6f, 0xcb6f, 0xcb6f, 0xcb6f, 0xcb6f, 0xcb6f, 0xcb6f, 
	0xcb6f, 0xcb6f, 0x61a7, 0x1882, 0x8229, 0xb30d, 0xcb4e, 0xd38f, 0xd36f, 0xd36f, 0xd38f, 0x9a8b, 0x926a, 0x926a, 0x926a, 0x926a, 
	0x928a, 0x1882, 0x20a3, 0xa597, 0xa5b7, 0xbe7a, 0xbe7a, 0xbe7a, 0xbe7a, 0xbe7a, 0xae5b, 0xb67a, 0xbe9a, 0xbe7a, 0x94f4, 0x2125, 
	0x1104, 0x3acd, 0x4b6f, 0x4b6f, 0x4b70, 0x4b70, 0x4b70, 0x4b70, 0x4b70, 0x4b70, 0x4b70, 0x4b70, 0x4b70, 0x4b70, 0x4b70, 0x4b70, 
	0x4b70, 0x4b70, 0x4b70, 0x4b70, 0x4b70, 0x4b70, 0x4b70, 0x4b70, 0x4b70, 0x4b70, 0x4b70, 0x4b90, 0x4b90, 0x5390, 0x7c10, 0x8410, 
	0x8410, 0x5baf, 0x4b90, 0x4b90, 0x4b90, 0x4b70, 0x4b90, 0x4b70, 0x4b70, 0x4b70, 0x4b70, 0x4b70, 0x4b70, 0x4b70, 0x4b70, 0x4b70, 
	0x4b70, 0x4b70, 0x4b70, 0x4b70, 0x4b70, 0x4b70, 0x4b70, 0x4b70, 0x4b6f, 0x4b6f, 0x4b6f, 0x4b6f, 0x4b6f, 0x4b6f, 0x4b6f, 0x4b6f, 
	0x4b6f, 0x4b6f, 0x4b6f, 0x4b6f, 0x4b6f, 0x4b6f, 0x4b6f, 0x4b6f, 0x4b6f, 0x4b6f, 0x4b6f, 0x4b6f, 0x4b6f, 0x4b6f, 0x4b4f, 0x4b4f, 
	0x4b4f, 0x4b4f, 0x4b4f, 0x4b4f, 0x4b4f, 0x4b4f, 0x430e, 0x3aac, 0x29c8, 0x18e4, 0x18a3, 0x2082, 0x2082, 0x28a3, 0x71e8, 0x926a, 
	0x928b, 0xc32e, 0xcb6f, 0xb30d, 0xa2cc, 0x4945, 0x3904, 0x2082, 0x2082, 0x2082, 0x2082, 0x8a6a, 0x926b, 0xcb6f, 0xcb6f, 0xcb6f, 
	0xcb6f, 0xcb6f, 0xcb6f, 0xcb6f, 0xcb6f, 0xcb6f, 0xcb6f, 0xcb6f, 0xcb6f, 0xcb6f, 0xcb6f, 0xcb6f, 0xcb6f, 0xcb6f, 0xcb6f, 0xcb6f, 
	0xcb6f, 0xcb6f, 0xaacc, 0x926a, 0x5986, 0x4104, 0xaacc, 0xd36f, 0xd38f, 0xd36f, 0xd38f, 0xd36f, 0xd38f, 0xd38f, 0xd38f, 0xd38f, 
	0xd38f, 0x926b, 0x8a8b, 0x39e8, 0x4269, 0xbe7a, 0xbe7a, 0xbe7a, 0xbe7a, 0xbe7a, 0xbe7a, 0xbe7a, 0xbe9a, 0xb639, 0x6b8e, 0x0021, 
	0x21a8, 0x4b6f, 0x4b6f, 0x4b6f, 0x4b6f, 0x4b6f, 0x4b6f, 0x4b6f, 0x4b70, 0x4b70, 0x4b70, 0x4b70, 0x4b70, 0x4b70, 0x4b70, 0x4b70, 
	0x4b70, 0x4b70, 0x4b70, 0x4b70, 0x4b70, 0x4b70, 0x4b70, 0x4b70, 0x4b70, 0x4b90, 0x4b70, 0x4b90, 0x4b90, 0x5390, 0x7c10, 0x8410, 
	0x8410, 0x5baf, 0x4b90, 0x4b90, 0x4b90, 0x4b70, 0x4b70, 0x4b70, 0x4b70, 0x4b70, 0x4b70, 0x4b70, 0x4b70, 0x4b70, 0x4b70, 0x4b70, 
	0x4b70, 0x4b70, 0x4b70, 0x4b70, 0x4b70, 0x4b70, 0x4b70, 0x4b70, 0x4b70, 0x4b70, 0x4b6f, 0x4b70, 0x4b6f, 0x4b70, 0x4b6f, 0x4b6f, 
	0x4b6f, 0x4b6f, 0x4b6f, 0x4b6f, 0x4b6f, 0x4b6f, 0x4b6f, 0x4b6f, 0x4b6f, 0x4b6f, 0x4b6f, 0x4b6f, 0x4b6f, 0x4b4f, 0x4b4f, 0x4b4f, 
	0x4b4f, 0x4b4f, 0x4b4f, 0x4b4f, 0x430e, 0x3aac, 0x29c8, 0x18e4, 0x18c3, 0x28c3, 0x69c7, 0x928b, 0x926b, 0x9a8b, 0xbb2d, 0xd36f, 
	0xcb6f, 0xb30d, 0xa2cc, 0x5166, 0x3904, 0x20a2, 0x28a3, 0x8a4a, 0x926a, 0x926a, 0x926b, 0xcb6f, 0xcb6f, 0xcb6f, 0xcb6f, 0xcb6f, 
	0xcb6f, 0xcb6f, 0xcb6f, 0xcb6f, 0xcb6f, 0xcb6f, 0xcb6f, 0xcb6f, 0xcb6f, 0xcb6f, 0xcb6f, 0xcb6f, 0xcb6f, 0xcb6f, 0xcb6f, 0xcb6f, 
	0xcb6f, 0xcb6f, 0xcb6f, 0xcb6f, 0x5986, 0x2082, 0x8a4a, 0xaaed, 0xcb4e, 0xd36f, 0xd36f, 0xd36f, 0xd36f, 0xd38f, 0xd36f, 0xd38f, 
	0xd38f, 0xd38f, 0xc36f, 0x0000, 0x10a2, 0xbe7a, 0xbe7a, 0xbe7a, 0xbe7a, 0xbe7a, 0xbe7a, 0xbe7a, 0xbe7a, 0x94f4, 0x2125, 0x10e4, 
	0x3acd, 0x4b6f, 0x4b6f, 0x4b70, 0x4b70, 0x4b70, 0x4b70, 0x4b70, 0x4b70, 0x4b70, 0x4b70, 0x4b70, 0x4b70, 0x4b70, 0x4b70, 0x4b70, 
	0x4b70, 0x4b70, 0x4b70, 0x4b70, 0x4b70, 0x4b70, 0x4b70, 0x4b70, 0x4b70, 0x4b70, 0x4b70, 0x4b90, 0x4b90, 0x5390, 0x7c10, 0x8410, 
	0x8410, 0x5baf, 0x4b90, 0x4b90, 0x4b90, 0x4b70, 0x4b90, 0x4b70, 0x4b70, 0x4b70, 0x4b70, 0x4b70, 0x4b70, 0x4b70, 0x4b70, 0x4b70, 
	0x4b70, 0x4b70, 0x4b70, 0x4b70, 0x4b70, 0x4b70, 0x4b70, 0x4b70, 0x4b6f, 0x4b6f, 0x4b6f, 0x4b6f, 0x4b6f, 0x4b6f, 0x4b6f, 0x4b6f, 
	0x4b6f, 0x4b6f, 0x4b6f, 0x4b6f, 0x4b6f, 0x4b6f, 0x4b6f, 0x4b6f, 0x4b6f, 0x4b6f, 0x4b6f, 0x4b6f, 0x4b6f, 0x4b6f, 0x4b4f, 0x4b4f, 
	0x4b4f, 0x4b4f, 0x430e, 0x3aac, 0x29c8, 0x18e4, 0x18c3, 0x30c3, 0x69a7, 0x9a8b, 0xbb2d, 0xcb6f, 0xcb6f, 0xb30d, 0xaaec, 0xaacc, 
	0xa2ac, 0x5166, 0x3904, 0x28a3, 0x28c3, 0x8249, 0x9a8b, 0xcb4e, 0xcb6f, 0xcb6f, 0xcb6f, 0xcb6f, 0xcb6f, 0xcb6f, 0xcb6f, 0xcb6f, 
	0xcb6f, 0xcb6f, 0xcb6f, 0xcb6f, 0xcb6f, 0xcb6f, 0xcb6f, 0xcb6f, 0xcb6f, 0xcb6f, 0xcb6f, 0xcb6f, 0xcb6f, 0xcb6f, 0xcb6f, 0xcb6f, 
	0xcb6f, 0xcb6f, 0xcb6f, 0xcb6f, 0xaacc, 0x928b, 0x5166, 0x3904, 0xaaec, 0xd36f, 0xd38f, 0xd36f, 0xd38f, 0xd38f, 0xd38f, 0xd38f, 
	0xd38f, 0xd38f, 0xa2cc, 0x0000, 0x10a2, 0xbe7a, 0xbe7a, 0xbe7a, 0xbe7a, 0xbe7a, 0xbe7a, 0xb639, 0x9d56, 0x6bcf, 0x08a3, 0x21a7, 
	0x4b6f, 0x4b6f, 0x4b6f, 0x4b6f, 0x4b6f, 0x4b6f, 0x4b6f, 0x4b6f, 0x4b70, 0x4b70, 0x4b70, 0x4b70, 0x4b70, 0x4b70, 0x4b70, 0x4b70, 
	0x4b70, 0x4b70, 0x4b70, 0x4b70, 0x4b70, 0x4b70, 0x4b70, 0x4b70, 0x4b70, 0x4b90, 0x4b70, 0x4b90, 0x4b90, 0x5390, 0x7c10, 0x8410, 
	0x8410, 0x5baf, 0x4b90, 0x4b90, 0x4b90, 0x4b70, 0x4b70, 0x4b70, 0x4b70, 0x4b70, 0x4b70, 0x4b70, 0x4b70, 0x4b70, 0x4b70, 0x4b70, 
	0x4b70, 0x4b70, 0x4b70, 0x4b70, 0x4b70, 0x4b70, 0x4b70, 0x4b70, 0x4b70, 0x4b70, 0x4b6f, 0x4b6f, 0x4b6f, 0x4b70, 0x4b6f, 0x4b6f, 
	0x4b6f, 0x4b6f, 0x4b6f, 0x4b6f, 0x4b6f, 0x4b6f, 0x4b6f, 0x4b6f, 0x4b6f, 0x4b6f, 0x4b6f, 0x4b6f, 0x4b6f, 0x4b4f, 0x4b4f, 0x4b4f, 
	0x430e, 0x3a8c, 0x29c8, 0x18e4, 0x20c3, 0x30c3, 0x61a7, 0x9aab, 0xbb0d, 0xd36f, 0xcb6f, 0xb30d, 0x9aab, 0x5987, 0x3904, 0x3904, 
	0x30e4, 0x28c3, 0x30c3, 0x8229, 0x9a8b, 0xc34e, 0xcb6f, 0xcb6f, 0xcb6f, 0xcb6f, 0xcb6f, 0xcb6f, 0xcb6f, 0xcb6f, 0xcb6f, 0xcb6f, 
	0xcb6f, 0xcb6f, 0xcb6f, 0xcb6f, 0xcb6f, 0xcb6f, 0xcb6f, 0xcb6f, 0xcb6f, 0xcb6f, 0xcb6f, 0xcb6f, 0xcb6f, 0xcb6f, 0xcb6f, 0xcb6f, 
	0xcb6f, 0xcb6f, 0xb30d, 0xaacc, 0xaacc, 0xa2cc, 0x4925, 0x2862, 0xaacc, 0xd36f, 0xd36f, 0xd36f, 0xd36f, 0xd38f, 0xd36f, 0xd38f, 
	0xd38f, 0xa2cc, 0x30e4, 0x0000, 0x0882, 0x9d35, 0x9d35, 0x9d35, 0x9d35, 0x9d35, 0x9d35, 0x7c51, 0x31c7, 0x3208, 0x328b, 0x3acd, 
	0x4b6f, 0x4b6f, 0x4b6f, 0x4b70, 0x4b70, 0x4b70, 0x4b70, 0x4b70, 0x4b70, 0x4b70, 0x4b70, 0x4b70, 0x4b70, 0x4b70, 0x4b70, 0x4b70, 
	0x4b70, 0x4b70, 0x4b70, 0x4b70, 0x4b70, 0x4b70, 0x4b70, 0x4b70, 0x4b70, 0x4b70, 0x4b70, 0x4b90, 0x4b90, 0x5390, 0x7c10, 0x8410, 
	0x8410, 0x5baf, 0x4b90, 0x4b90, 0x4b90, 0x4b70, 0x4b90, 0x4b70, 0x4b70, 0x4b70, 0x4b70, 0x4b70, 0x4b70, 0x4b70, 0x4b70, 0x4b70, 
	0x4b70, 0x4b70, 0x4b70, 0x4b70, 0x4b70, 0x4b70, 0x4b70, 0x4b70, 0x4b6f, 0x4b6f, 0x4b6f, 0x4b6f, 0x4b6f, 0x4b6f, 0x4b6f, 0x4b6f, 
	0x4b6f, 0x4b6f, 0x4b6f, 0x4b6f, 0x4b6f, 0x4b6f, 0x4b6f, 0x4b6f, 0x4b6f, 0x4b6f, 0x4b6f, 0x4b6f, 0x4b6f, 0x4b4f, 0x430e, 0x3a8b, 
	0x29e8, 0x10e4, 0x20c3, 0x30e3, 0x61a7, 0x9aab, 0xbb0d, 0xd36f, 0xcb6f, 0xb30d, 0x9aab, 0x59a7, 0x30e4, 0x28c3, 0x28a3, 0x28a3, 
	0x30e4, 0x7a29, 0x9aab, 0xc34e, 0xcb6f, 0xcb6f, 0xcb6f, 0xcb6f, 0xcb6f, 0xcb6f, 0xcb6f, 0xcb6f, 0xcb6f, 0xcb6f, 0xcb6f, 0xcb6f, 
	0xcb6f, 0xcb6f, 0xcb6f, 0xcb6f, 0xcb6f, 0xcb6f, 0xcb6f, 0xcb6f, 0xcb6f, 0xcb6f, 0xcb6f, 0xcb6f, 0xcb6f, 0xcb6f, 0xcb6f, 0xcb6f, 
	0xb30d, 0xa2cc, 0x61a7, 0x30e4, 0x30e4, 0x38e4, 0x7987, 0x91a8, 0xc30d, 0xd36f, 0xd38f, 0xd36f, 0xd38f, 0xd38f, 0xd38f, 0xd38f, 
	0xa2cc, 0x30e4, 0x0000, 0x0000, 0x0020, 0x31a6, 0x31a7, 0x31a7, 0x31a7, 0x31a7, 0x31a7, 0x2966, 0x10a3, 0x21a7, 0x4b6f, 0x4b6f, 
	0x4b6f, 0x4b6f, 0x4b6f, 0x4b6f, 0x4b6f, 0x4b6f, 0x4b6f, 0x4b6f, 0x4b70, 0x4b70, 0x4b70, 0x4b70, 0x4b70, 0x4b70, 0x4b70, 0x4b70, 
	0x4b70, 0x4b70, 0x4b70, 0x4b70, 0x4b70, 0x4b70, 0x4b70, 0x4b70, 0x4b70, 0x4b90, 0x4b70, 0x4b90, 0x4b90, 0x5390, 0x7c10, 0x8410, 
	0x8410, 0x5baf, 0x4b90, 0x4b90, 0x4b90, 0x4b70, 0x4b70, 0x4b70, 0x4b70, 0x4b70, 0x4b70, 0x4b70, 0x4b70, 0x4b70, 0x4b70, 0x4b70, 
	0x4b70, 0x4b70, 0x4b70, 0x4b70, 0x4b70, 0x4b70, 0x4b70, 0x4b70, 0x4b70, 0x4b70, 0x4b6f, 0x4b6f, 0x4b6f, 0x4b6f, 0x4b6f, 0x4b6f, 
	0x4b6f, 0x4b6f, 0x4b6f, 0x4b6f, 0x4b6f, 0x4b6f, 0x4b6f, 0x4b6f, 0x4b6f, 0x4b6f, 0x4b6f, 0x4b4f, 0x430e, 0x3a8b, 0x29e8, 0x10c3, 
	0x20c3, 0x30e4, 0x61a7, 0xa2ac, 0xbb0d, 0xd38f, 0xd36f, 0xd36f, 0xc34e, 0x71e8, 0x30e4, 0x30c3, 0x38e4, 0x7a09, 0x9a8b, 0x9a8b, 
	0xa2ab, 0xc34e, 0xcb6f, 0xcb6f, 0xcb6f, 0xcb6f, 0xcb6f, 0xcb6f, 0xcb6f, 0xcb6f, 0xcb6f, 0xcb6f, 0xcb6f, 0xcb6f, 0xcb6f, 0xcb6f, 
	0xcb6f, 0xcb6f, 0xcb6f, 0xcb6f, 0xcb6f, 0xcb6f, 0xcb6f, 0xcb6f, 0xcb6f, 0xcb6f, 0xcb6f, 0xcb6f, 0xcb6f, 0xcb6f, 0xb30d, 0xa2ac, 
	0x61a7, 0x30e4, 0x30a3, 0x2882, 0x2882, 0x3082, 0x99c8, 0xca4b, 0xd32e, 0xd36f, 0xd36f, 0xd36f, 0xd36f, 0xd38f, 0xa2cc, 0xa2cc, 
	0x30e4, 0x0000, 0x2882, 0x0000, 0x0000, 0x10c3, 0x10c3, 0x10c3, 0x10c3, 0x10c3, 0x10c3, 0x1946, 0x3a8b, 0x3acd, 0x4b6f, 0x4b6f, 
	0x4b6f, 0x4b6f, 0x4b6f, 0x4b70, 0x4b70, 0x4b70, 0x4b70, 0x4b70, 0x4b70, 0x4b70, 0x4b70, 0x4b70, 0x4b70, 0x4b70, 0x4b70, 0x4b70, 
	0x4b70, 0x4b70, 0x4b70, 0x4b70, 0x4b70, 0x4b70, 0x4b70, 0x4b70, 0x4b70, 0x4b70, 0x4b70, 0x4b90, 0x4b90, 0x5390, 0x7c10, 0x8410, 
	0x8410, 0x5baf, 0x4b90, 0x4b90, 0x4b90, 0x4b70, 0x4b90, 0x4b70, 0x4b70, 0x4b70, 0x4b70, 0x4b70, 0x4b70, 0x4b70, 0x4b70, 0x4b70, 
	0x4b70, 0x4b70, 0x4b70, 0x4b70, 0x4b70, 0x4b70, 0x4b70, 0x4b70, 0x4b6f, 0x4b6f, 0x4b6f, 0x4b6f, 0x4b6f, 0x4b6f, 0x4b6f, 0x4b6f, 
	0x4b6f, 0x4b6f, 0x4b6f, 0x4b6f, 0x4b6f, 0x4b6f, 0x4b6f, 0x4b6f, 0x4b6f, 0x4b6f, 0x4b6f, 0x4b4f, 0x326b, 0x10c3, 0x20c3, 0x38e4, 
	0x61a7, 0xa2ac, 0xb30d, 0xd38f, 0xd36f, 0xd36f, 0xcb6f, 0xb30d, 0x928b, 0x5987, 0x38e4, 0x7208, 0xa2ac, 0xc32e, 0xcb6f, 0xcb6f, 
	0xcb6f, 0xcb6f, 0xcb6f, 0xcb6f, 0xcb6f, 0xcb6f, 0xcb6f, 0xcb6f, 0xcb6f, 0xcb6f, 0xcb6f, 0xcb6f, 0xcb6f, 0xcb6f, 0xcb6f, 0xcb6f, 
	0xcb6f, 0xcb6f, 0xcb6f, 0xcb6f, 0xcb6f, 0xcb6f, 0xcb6f, 0xcb6f, 0xcb6f, 0xcb6f, 0xcb6f, 0xcb6f, 0xb30d, 0x9aab, 0x61c7, 0x30e3, 
	0x30a3, 0x3082, 0x7146, 0x99c8, 0x99c8, 0x99c8, 0xba4b, 0xca8c, 0xcb4e, 0xd36f, 0xd38f, 0xd38f, 0xa2cc, 0x9aac, 0x3904, 0x30e3, 
	0x3082, 0x3082, 0x91c8, 0x0000, 0x0041, 0x3a8c, 0x3a8c, 0x3a8c, 0x3a8c, 0x3a8c, 0x3a8c, 0x3acd, 0x4b6f, 0x4b6f, 0x4b6f, 0x4b6f, 
	0x4b6f, 0x4b6f, 0x4b6f, 0x4b6f, 0x4b6f, 0x4b6f, 0x4b6f, 0x4b6f, 0x4b70, 0x4b70, 0x4b70, 0x4b70, 0x4b70, 0x4b70, 0x4b70, 0x4b70, 
	0x4b70, 0x4b70, 0x4b70, 0x4b70, 0x4b70, 0x4b70, 0x4b70, 0x4b70, 0x4b70, 0x4b90, 0x4b70, 0x4b90, 0x4b90, 0x5390, 0x7c10, 0x8410, 
	0x8410, 0x5baf, 0x4b90, 0x4b90, 0x4b90, 0x4b70, 0x4b70, 0x4b70, 0x4b70, 0x4b70, 0x4b70, 0x4b70, 0x4b70, 0x4b70, 0x4b70, 0x4b70, 
	0x4b70, 0x4b70, 0x4b70, 0x4b70, 0x4b70, 0x4b70, 0x4b70, 0x4b70, 0x4b70, 0x4b70, 0x4b6f, 0x4b6f, 0x4b6f, 0x4b6f, 0x4b6f, 0x4b6f, 
	0x4b6f, 0x4b6f, 0x4b6f, 0x4b6f, 0x4b6f, 0x4b6f, 0x4b6f, 0x4b6f, 0x4b6f, 0x4b4f, 0x430e, 0x3a6b, 0x39e8, 0x38e4, 0x61a7, 0xa2cc, 
	0xb30d, 0xd38f, 0xd38f, 0xd38f, 0xd36f, 0xd36f, 0xc34e, 0x7209, 0x3904, 0x71e8, 0xa2cc, 0xbb2e, 0xcb6f, 0xcb6f, 0xcb6f, 0xcb6f, 
	0xcb6f, 0xcb6f, 0xcb6f, 0xcb6f, 0xcb6f, 0xcb6f, 0xcb6f, 0xcb6f, 0xcb6f, 0xcb6f, 0xcb6f, 0xcb6f, 0xcb6f, 0xcb6f, 0xcb6f, 0xcb6f, 
	0xcb6f, 0xcb6f, 0xcb6f, 0xcb6f, 0xcb6f, 0xcb6f, 0xcb6f, 0xcb6f, 0xcb6f, 0xcb6f, 0xbb0d, 0x9a8b, 0x69c8, 0x30e3, 0x30a3, 0x3082, 
	0x6946, 0x99c8, 0xba4a, 0xca8c, 0xca8c, 0xca8c, 0xcb0d, 0xcb2e, 0xd36f, 0xd38f, 0xa2cc, 0x9aab, 0x3904, 0x30e3, 0x3082, 0x3082, 
	0x99c8, 0x99c8, 0xba4a, 0x0000, 0x0841, 0x4b6f, 0x4b6f, 0x4b6f, 0x4b6f, 0x4b6f, 0x4b6f, 0x4b6f, 0x4b6f, 0x4b6f, 0x4b6f, 0x4b6f, 
	0x4b6f, 0x4b6f, 0x4b6f, 0x4b70, 0x4b70, 0x4b70, 0x4b70, 0x4b70, 0x4b70, 0x4b70, 0x4b70, 0x4b70, 0x4b70, 0x4b70, 0x4b70, 0x4b70, 
	0x4b70, 0x4b70, 0x4b70, 0x4b70, 0x4b70, 0x4b70, 0x4b70, 0x4b70, 0x4b70, 0x4b70, 0x4b70, 0x4b90, 0x4b90, 0x5390, 0x7c10, 0x8410, 
	0x8410, 0x5baf, 0x4b90, 0x4b90, 0x4b90, 0x4b70, 0x4b70, 0x4b70, 0x4b70, 0x4b70, 0x4b70, 0x4b70, 0x4b70, 0x4b70, 0x4b70, 0x4b70, 
	0x4b70, 0x4b70, 0x4b70, 0x4b70, 0x4b70, 0x4b70, 0x4b70, 0x4b70, 0x4b6f, 0x4b6f, 0x4b6f, 0x4b6f, 0x4b6f, 0x4b6f, 0x4b6f, 0x4b6f, 
	0x4b6f, 0x4b6f, 0x4b6f, 0x4b6f, 0x4b6f, 0x4b6f, 0x4b6f, 0x4b6f, 0x4b6f, 0x4b4f, 0x326b, 0x18c3, 0x4986, 0xa2cc, 0xb30d, 0xd38f, 
	0xd38f, 0xd38f, 0xd38f, 0xd38f, 0xd36f, 0xd36f, 0xbb2e, 0x5986, 0x1041, 0x8209, 0xd36f, 0xcb6f, 0xcb6f, 0xcb6f, 0xcb6f, 0xcb6f, 
	0xcb6f, 0xcb6f, 0xcb6f, 0xcb6f, 0xcb6f, 0xcb6f, 0xcb6f, 0xcb6f, 0xcb6f, 0xcb6f, 0xcb6f, 0xcb6f, 0xcb6f, 0xcb6f, 0xcb6f, 0xcb6f, 
	0xcb6f, 0xcb6f, 0xcb6f, 0xcb6f, 0xcb6f, 0xcb6f, 0xcb6f, 0xbb2d, 0x9a8b, 0x928b, 0x69c8, 0x28c3, 0x30a3, 0x30a3, 0x6925, 0x99c8, 
	0xb22a, 0xca8c, 0xcaed, 0xcb2e, 0xcb2e, 0xcb2e, 0xcb6f, 0xa2cc, 0x9a8b, 0x9aab, 0x4124, 0x30c3, 0x30a3, 0x38a3, 0x91a8, 0x99c8, 
	0xca4b, 0xca4b, 0xba4a, 0x0000, 0x0041, 0x4b6f, 0x4b6f, 0x4b6f, 0x4b6f, 0x4b6f, 0x4b6f, 0x4b6f, 0x4b6f, 0x4b6f, 0x4b6f, 0x4b6f, 
	0x4b6f, 0x4b6f, 0x4b6f, 0x4b6f, 0x4b6f, 0x4b6f, 0x4b6f, 0x4b6f, 0x4b70, 0x4b70, 0x4b70, 0x4b70, 0x4b70, 0x4b70, 0x4b70, 0x4b70, 
	0x4b70, 0x4b70, 0x4b70, 0x4b70, 0x4b70, 0x4b70, 0x4b70, 0x4b70, 0x4b70, 0x4b90, 0x4b70, 0x4b90, 0x4b90, 0x5390, 0x7c10, 0x8410, 
	0x8410, 0x5baf, 0x4b90, 0x4b90, 0x4b90, 0x4b70, 0x4b70, 0x4b70, 0x4b70, 0x4b70, 0x4b70, 0x4b70, 0x4b70, 0x4b70, 0x4b70, 0x4b70, 
	0x4b70, 0x4b70, 0x4b70, 0x4b70, 0x4b70, 0x4b70, 0x4b70, 0x4b70, 0x4b70, 0x4b70, 0x4b6f, 0x4b6f, 0x4b6f, 0x4b6f, 0x4b6f, 0x4b6f, 
	0x4b6f, 0x4b6f, 0x4b6f, 0x4b6f, 0x4b6f, 0x4b6f, 0x4b6f, 0x4b6f, 0x4b4f, 0x430d, 0x2187, 0x1862, 0x71e8, 0xd38f, 0xd38f, 0xd38f, 
	0xd38f, 0xd38f, 0xd38f, 0xd38f, 0xd36f, 0xd36f, 0xc32e, 0x5986, 0x1041, 0x8209, 0xd36f, 0xd36f, 0xd36f, 0xd36f, 0xcb6f, 0xcb6f, 
	0xcb6f, 0xcb6f, 0xcb6f, 0xcb6f, 0xcb6f, 0xcb6f, 0xcb6f, 0xcb6f, 0xcb6f, 0xcb6f, 0xcb6f, 0xcb6f, 0xcb6f, 0xcb6f, 0xcb6f, 0xcb6f, 
	0xcb6f, 0xcb6f, 0xcb6f, 0xcb6f, 0xcb6f, 0xbb2e, 0x928b, 0x71e8, 0x28c3, 0x28c3, 0x1862, 0x1841, 0x6925, 0x99c8, 0xb22a, 0xca8c, 
	0xcaed, 0xcb2e, 0xcb6f, 0xd36f, 0xcb6f, 0xa2cc, 0x928b, 0x4145, 0x28c3, 0x28c3, 0x30a3, 0x38a3, 0x91a8, 0xa1c8, 0xc24a, 0xca4b, 
	0xca4b, 0xca4b, 0xba4a, 0x0000, 0x0041, 0x4b6f, 0x4b6f, 0x4b6f, 0x4b6f, 0x4b6f, 0x4b6f, 0x4b6f, 0x4b6f, 0x4b6f, 0x4b6f, 0x4b6f, 
	0x4b6f, 0x4b6f, 0x4b6f, 0x4b70, 0x4b70, 0x4b70, 0x4b70, 0x4b70, 0x4b70, 0x4b70, 0x4b70, 0x4b70, 0x4b70, 0x4b70, 0x4b70, 0x4b70, 
	0x4b70, 0x4b70, 0x4b70, 0x4b70, 0x4b70, 0x4b70, 0x4b70, 0x4b70, 0x4b70, 0x4b70, 0x4b70, 0x4b90, 0x4b90, 0x5390, 0x7c10, 0x8410, 
	0x8410, 0x5baf, 0x4b90, 0x4b90, 0x4b90, 0x4b70, 0x4b70, 0x4b70, 0x4b70, 0x4b70, 0x4b70, 0x4b70, 0x4b70, 0x4b70, 0x4b70, 0x4b70, 
	0x4b70, 0x4b70, 0x4b70, 0x4b70, 0x4b70, 0x4b70, 0x4b70, 0x4b70, 0x4b6f, 0x4b6f, 0x4b6f, 0x4b6f, 0x4b6f, 0x4b6f, 0x4b6f, 0x4b6f, 
	0x4b6f, 0x4b6f, 0x4b6f, 0x4b6f, 0x4b6f, 0x4b6f, 0x4b6f, 0x4b6f, 0x4b4f, 0x326b, 0x1082, 0x4104, 0xbb0d, 0xd38f, 0xd38f, 0xd38f, 
	0xd38f, 0xd38f, 0xd38f, 0xd38f, 0xd38f, 0xd36f, 0xc30e, 0x71a7, 0x2082, 0x6187, 0xbb0d, 0xcb6f, 0xcb6f, 0xcb6f, 0xcb6f, 0xcb6f, 
	0xcb6f, 0xcb6f, 0xcb6f, 0xcb6f, 0xcb6f, 0xcb6f, 0xcb6f, 0xcb6f, 0xcb6f, 0xcb6f, 0xcb6f, 0xcb6f, 0xcb6f, 0xcb6f, 0xcb6f, 0xcb6f, 
	0xcb6f, 0xcb6f, 0xcb6f, 0xbb2e, 0x926b, 0x7209, 0x28c3, 0x30a3, 0x38a3, 0x38a3, 0x38a3, 0x6925, 0xb209, 0xca6b, 0xcaed, 0xcb2e, 
	0xcb4e, 0xcb6f, 0xcb6f, 0xaacc, 0x928b, 0x4945, 0x28c3, 0x0820, 0x2882, 0x38a3, 0x89a7, 0xa1c8, 0xc22a, 0xca4b, 0xcaac, 0xcaac, 
	0xcaac, 0xca4b, 0xba4a, 0x0000, 0x0041, 0x4b6f, 0x4b6f, 0x4b6f, 0x4b6f, 0x4b6f, 0x4b6f, 0x4b6f, 0x4b6f, 0x4b6f, 0x4b6f, 0x4b6f, 
	0x4b6f, 0x4b6f, 0x4b6f, 0x4b6f, 0x4b6f, 0x4b6f, 0x4b6f, 0x4b6f, 0x4b70, 0x4b70, 0x4b70, 0x4b70, 0x4b70, 0x4b70, 0x4b70, 0x4b70, 
	0x4b70, 0x4b70, 0x4b70, 0x4b70, 0x4b70, 0x4b70, 0x4b70, 0x4b70, 0x4b70, 0x4b70, 0x4b70, 0x4b90, 0x4b90, 0x5390, 0x7c10, 0x8410, 
	0x8410, 0x5baf, 0x4b90, 0x4b90, 0x4b90, 0x4b70, 0x4b70, 0x4b70, 0x4b70, 0x4b70, 0x4b70, 0x4b70, 0x4b70, 0x4b70, 0x4b70, 0x4b70, 
	0x4b70, 0x4b70, 0x4b70, 0x4b70, 0x4b70, 0x4b70, 0x4b70, 0x4b70, 0x4b6f, 0x4b6f, 0x4b6f, 0x4b6f, 0x4b6f, 0x4b6f, 0x4b6f, 0x4b6f, 
	0x4b6f, 0x4b6f, 0x4b6f, 0x4b6f, 0x4b6f, 0x4b6f, 0x4b6f, 0x4b6f, 0x4b4f, 0x322a, 0x0020, 0x5145, 0xd38f, 0xd38f, 0xd38f, 0xd38f, 
	0xd38f, 0xd38f, 0xd38f, 0xd38f, 0xd38f, 0xd36f, 0xcaed, 0xa209, 0x40c4, 0x2082, 0x69c7, 0x928b, 0xbb2d, 0xcb6f, 0xcb6f, 0xcb6f, 
	0xcb6f, 0xcb6f, 0xcb6f, 0xcb6f, 0xcb6f, 0xcb6f, 0xcb6f, 0xcb6f, 0xcb6f, 0xcb6f, 0xcb6f, 0xcb6f, 0xcb6f, 0xcb6f, 0xcb6f, 0xcb6f, 
	0xcb6f, 0xc34e, 0x8a6a, 0x7209, 0x28a3, 0x28a3, 0x38a3, 0x5905, 0x99c8, 0xa1c8, 0xa1c8, 0xb22a, 0xcaac, 0xcaed, 0xcb4e, 0xcb6f, 
	0xcb6f, 0xaaec, 0x8a6a, 0x4946, 0x28a3, 0x0821, 0x2882, 0x40a3, 0x8987, 0xa1c8, 0xc22a, 0xca4b, 0xcaac, 0xcaac, 0xcb2e, 0xd34e, 
	0xd34e, 0xca4b, 0xba4a, 0x0000, 0x0041, 0x4b6f, 0x4b6f, 0x4b6f, 0x4b6f, 0x4b6f, 0x4b6f, 0x4b6f, 0x4b6f, 0x4b6f, 0x4b6f, 0x4b6f, 
	0x4b6f, 0x4b6f, 0x4b6f, 0x4b6f, 0x4b6f, 0x4b6f, 0x4b6f, 0x4b6f, 0x4b70, 0x4b70, 0x4b70, 0x4b70, 0x4b70, 0x4b70, 0x4b70, 0x4b70, 
	0x4b70, 0x4b70, 0x4b70, 0x4b70, 0x4b70, 0x4b70, 0x4b70, 0x4b70, 0x4b70, 0x4b70, 0x4b70, 0x4b90, 0x4b90, 0x5390, 0x7c10, 0x8410, 
	0x8410, 0x5baf, 0x4b90, 0x4b90, 0x4b90, 0x4b70, 0x4b70, 0x4b70, 0x4b70, 0x4b70, 0x4b70, 0x4b70, 0x4b70, 0x4b70, 0x4b70, 0x4b70, 
	0x4b70, 0x4b70, 0x4b70, 0x4b70, 0x4b70, 0x4b70, 0x4b70, 0x4b70, 0x4b70, 0x4b70, 0x4b6f, 0x4b6f, 0x4b6f, 0x4b6f, 0x4b6f, 0x4b6f, 
	0x4b6f, 0x4b6f, 0x4b6f, 0x4b6f, 0x4b6f, 0x4b6f, 0x4b6f, 0x4b6f, 0x4b4f, 0x322a, 0x0020, 0x5145, 0xd38f, 0xd38f, 0xd38f, 0xd38f, 
	0xd38f, 0xd38f, 0xd38f, 0xd38f, 0xd36f, 0xd36f, 0xcb0d, 0xba8b, 0x7987, 0x38c3, 0x30a3, 0x30c3, 0x69c8, 0x928b, 0xbb2e, 0xcb6f, 
	0xcb6f, 0xcb6f, 0xcb6f, 0xcb6f, 0xcb6f, 0xcb6f, 0xcb6f, 0xcb6f, 0xcb6f, 0xcb6f, 0xcb6f, 0xcb6f, 0xcb6f, 0xcb6f, 0xcb6f, 0xc34e, 
	0x8a4a, 0x7a09, 0x20a3, 0x28a3, 0x40c3, 0x5905, 0xa1c9, 0xaa2a, 0xcaac, 0xcaac, 0xcaac, 0xcaed, 0xcb2e, 0xcb4e, 0xaaec, 0x8a6a, 
	0x8a6a, 0x5166, 0x28a3, 0x30a3, 0x40c3, 0x40c3, 0x8987, 0xa1e9, 0xc28b, 0xcaac, 0xcaac, 0xcaac, 0xd32e, 0xd34e, 0xd36f, 0xd38f, 
	0xd38f, 0xcaac, 0xc2ac, 0x0000, 0x0041, 0x4b6f, 0x4b6f, 0x4b6f, 0x4b6f, 0x4b6f, 0x4b6f, 0x4b6f, 0x4b6f, 0x4b6f, 0x4b6f, 0x4b6f, 
	0x4b6f, 0x4b6f, 0x4b6f, 0x4b70, 0x4b70, 0x4b70, 0x4b70, 0x4b70, 0x4b70, 0x4b70, 0x4b70, 0x4b70, 0x4b70, 0x4b70, 0x4b70, 0x4b70, 
	0x4b70, 0x4b70, 0x4b70, 0x4b70, 0x4b70, 0x4b70, 0x4b70, 0x4b70, 0x4b70, 0x4b70, 0x4b70, 0x4b90, 0x4b90, 0x5390, 0x7c10, 0x8410, 
	0x8410, 0x5baf, 0x4b90, 0x4b90, 0x4b90, 0x4b70, 0x4b70, 0x4b70, 0x4b70, 0x4b70, 0x4b70, 0x4b70, 0x4b70, 0x4b70, 0x4b70, 0x4b70, 
	0x4b70, 0x4b70, 0x4b70, 0x4b70, 0x4b70, 0x4b70, 0x4b70, 0x4b70, 0x4b6f, 0x4b6f, 0x4b6f, 0x4b6f, 0x4b6f, 0x4b6f, 0x4b6f, 0x4b6f, 
	0x4b6f, 0x4b6f, 0x4b6f, 0x4b6f, 0x4b6f, 0x4b6f, 0x4b6f, 0x4b6f, 0x4b4f, 0x322a, 0x0000, 0x30e4, 0x8a6a, 0xaacc, 0xd38f, 0xd38f, 
	0xd38f, 0xd38f, 0xd38f, 0xd38f, 0xd36f, 0xd36f, 0xcb6f, 0xcb2e, 0xba6b, 0x99c8, 0x6925, 0x40c3, 0x30a3, 0x30e3, 0x9aab, 0xcb6f, 
	0xcb6f, 0xcb6f, 0xcb6f, 0xcb6f, 0xcb6f, 0xcb6f, 0xcb6f, 0xcb6f, 0xcb6f, 0xcb6f, 0xcb6f, 0xcb6f, 0xcb6f, 0xc34f, 0x8a4a, 0x7a29, 
	0x20a2, 0x28a3, 0x40c3, 0x5905, 0xa1c9, 0xaa09, 0xcaac, 0xcacd, 0xcb2e, 0xcb2e, 0xcb2e, 0xcb4e, 0xaaed, 0x8a4a, 0x5166, 0x20a2, 
	0x20a2, 0x38c3, 0x40c3, 0x8187, 0xa1e9, 0xa1e9, 0xc26b, 0xcaac, 0xcb2e, 0xcb4e, 0xcb4e, 0xd34e, 0xd36f, 0xd38f, 0xd38f, 0xd38f, 
	0xd38f, 0xd34e, 0xc32e, 0x0000, 0x0041, 0x4b6f, 0x4b6f, 0x4b6f, 0x4b6f, 0x4b6f, 0x4b6f, 0x4b6f, 0x4b6f, 0x4b6f, 0x4b6f, 0x4b6f, 
	0x4b6f, 0x4b6f, 0x4b6f, 0x4b6f, 0x4b6f, 0x4b6f, 0x4b6f, 0x4b6f, 0x4b70, 0x4b70, 0x4b70, 0x4b70, 0x4b70, 0x4b70, 0x4b70, 0x4b70, 
	0x4b70, 0x4b70, 0x4b70, 0x4b70, 0x4b70, 0x4b70, 0x4b70, 0x4b70, 0x4b70, 0x4b90, 0x4b70, 0x4b90, 0x4b90, 0x5390, 0x7c10, 0x8410, 
	0x8410, 0x5baf, 0x4b90, 0x4b90, 0x4b90, 0x4b70, 0x4b70, 0x4b70, 0x4b70, 0x4b70, 0x4b70, 0x4b70, 0x4b70, 0x4b70, 0x4b70, 0x4b70, 
	0x4b70, 0x4b70, 0x4b70, 0x4b70, 0x4b70, 0x4b70, 0x4b70, 0x4b70, 0x4b70, 0x4b70, 0x4b6f, 0x4b6f, 0x4b6f, 0x4b6f, 0x4b6f, 0x4b6f, 
	0x4b6f, 0x4b6f, 0x4b6f, 0x4b6f, 0x4b6f, 0x4b6f, 0x4b6f, 0x4b6f, 0x4b4f, 0x322a, 0x0000, 0x0841, 0x28a3, 0x4945, 0x8a6a, 0xaacc, 
	0xd38f, 0xd38f, 0xd38f, 0xd38f, 0xd36f, 0xd36f, 0xd36f, 0xd36f, 0xcb0d, 0xcaac, 0xb22a, 0x99c9, 0x6125, 0x48e4, 0x71c8, 0x8a6a, 
	0xbb2e, 0xcb6f, 0xcb6f, 0xcb6f, 0xcb6f, 0xcb6f, 0xcb6f, 0xcb6f, 0xcb6f, 0xcb6f, 0xcb6f, 0xcb6f, 0x824a, 0x7a29, 0x20a2, 0x28a2, 
	0x40c4, 0x5104, 0xa1e9, 0xaa0a, 0xcaac, 0xcacc, 0xcb4e, 0xcb4e, 0xcb6f, 0xb30d, 0x8249, 0x824a, 0x5986, 0x20a2, 0x30a3, 0x40c3, 
	0x48c4, 0x8167, 0xa1e9, 0xba6b, 0xcaac, 0xcaac, 0xcb0e, 0xcb4e, 0xd36f, 0xd36f, 0xd36f, 0xd38f, 0xd36f, 0xd38f, 0xd36f, 0xd38f, 
	0xd38f, 0x8a4a, 0x8249, 0x0000, 0x0041, 0x4b6f, 0x4b6f, 0x4b6f, 0x4b6f, 0x4b6f, 0x4b6f, 0x4b6f, 0x4b6f, 0x4b6f, 0x4b6f, 0x4b6f, 
	0x4b6f, 0x4b6f, 0x4b6f, 0x4b70, 0x4b70, 0x4b70, 0x4b70, 0x4b70, 0x4b70, 0x4b70, 0x4b70, 0x4b70, 0x4b70, 0x4b70, 0x4b70, 0x4b70, 
	0x4b70, 0x4b70, 0x4b70, 0x4b70, 0x4b70, 0x4b70, 0x4b70, 0x4b70, 0x4b70, 0x4b70, 0x4b70, 0x4b90, 0x4b90, 0x5390, 0x7c10, 0x8410, 
	0x8410, 0x5baf, 0x4b90, 0x4b90, 0x4b90, 0x4b70, 0x4b90, 0x4b70, 0x4b70, 0x4b70, 0x4b70, 0x4b70, 0x4b70, 0x4b70, 0x4b70, 0x4b70, 
	0x4b70, 0x4b70, 0x4b70, 0x4b70, 0x4b70, 0x4b70, 0x4b70, 0x4b70, 0x4b6f, 0x4b6f, 0x4b6f, 0x4b6f, 0x4b6f, 0x4b6f, 0x4b6f, 0x4b6f, 
	0x4b6f, 0x4b6f, 0x4b6f, 0x4b6f, 0x4b6f, 0x4b6f, 0x4b6f, 0x4b6f, 0x4b4f, 0x322a, 0x0000, 0x0000, 0x0000, 0x0841, 0x28c3, 0x69c8, 
	0xd38f, 0xd38f, 0xd38f, 0xd38f, 0xd36f, 0xd36f, 0xd36f, 0xd36f, 0xcb6f, 0xcb4e, 0xcaed, 0xcaac, 0xb22a, 0x99e8, 0x4904, 0x28a3, 
	0x69c8, 0x8a4a, 0xbb2e, 0xcb6f, 0xcb6f, 0xcb6f, 0xcb6f, 0xcb6f, 0xcb6f, 0xcb6f, 0x8249, 0x7a29, 0x2082, 0x2082, 0x48c4, 0x50e4, 
	0xa1e9, 0xaa09, 0xcaac, 0xcacd, 0xcb2e, 0xcb4e, 0xcb6f, 0xb30d, 0x8229, 0x5987, 0x2082, 0x2082, 0x30a3, 0x48c4, 0x7966, 0xa9e9, 
	0xa9e9, 0xba6b, 0xcaac, 0xcb0e, 0xcb4e, 0xcb4e, 0xd36f, 0xd36f, 0xd36f, 0xd36f, 0xd38f, 0xd36f, 0xd38f, 0xd38f, 0xd38f, 0x8a4a, 
	0x824a, 0x2082, 0x20a2, 0x1925, 0x2166, 0x4b6f, 0x4b6f, 0x4b6f, 0x4b6f, 0x4b6f, 0x4b6f, 0x4b6f, 0x4b6f, 0x4b6f, 0x4b6f, 0x4b6f, 
	0x4b6f, 0x4b6f, 0x4b6f, 0x4b6f, 0x4b6f, 0x4b6f, 0x4b6f, 0x4b6f, 0x4b70, 0x4b70, 0x4b70, 0x4b70, 0x4b70, 0x4b70, 0x4b70, 0x4b70, 
	0x4b70, 0x4b70, 0x4b70, 0x4b70, 0x4b70, 0x4b70, 0x4b70, 0x4b70, 0x4b70, 0x4b90, 0x4b70, 0x4b90, 0x4b90, 0x5390, 0x7c10, 0x8410, 
	0x8410, 0x5baf, 0x4b90, 0x4b90, 0x4b90, 0x4b70, 0x4b70, 0x4b70, 0x4b70, 0x4b70, 0x4b70, 0x4b70, 0x4b70, 0x4b70, 0x4b70, 0x4b70, 
	0x4b70, 0x4b70, 0x4b70, 0x4b70, 0x4b70, 0x4b70, 0x4b70, 0x4b70, 0x4b70, 0x4b70, 0x4b6f, 0x4b6f, 0x4b6f, 0x4b6f, 0x4b6f, 0x4b6f, 
	0x4b6f, 0x4b6f, 0x4b6f, 0x4b6f, 0x4b6f, 0x4b6f, 0x4b6f, 0x4b6f, 0x4b4f, 0x322a, 0x0000, 0x1841, 0x48e4, 0x2882, 0x0820, 0x38e4, 
	0x824a, 0xa2cc, 0xd38f, 0xd38f, 0xd36f, 0xd36f, 0xd36f, 0xd36f, 0xd36f, 0xd36f, 0xd36e, 0xcb4e, 0xcaed, 0xba8c, 0x7166, 0x40e4, 
	0x28a2, 0x28a3, 0x69c8, 0x824a, 0xc34e, 0xcb6f, 0xcb6f, 0xcb6f, 0x824a, 0x7a09, 0x2082, 0x2082, 0x48e4, 0x50e4, 0xa9e9, 0xaa09, 
	0xcaac, 0xcacc, 0xcb4e, 0xcb4e, 0xbb2d, 0x8229, 0x8229, 0x59a7, 0x1882, 0x1041, 0x2061, 0x48e4, 0x7966, 0xa9e9, 0xba4b, 0xcaac, 
	0xcaac, 0xcb0d, 0xcb4e, 0xcb6f, 0xd36f, 0xd36f, 0xd36f, 0xd36f, 0xd36f, 0xd36f, 0xd36f, 0xd38f, 0xd38f, 0x8a4a, 0x8229, 0x20a2, 
	0x1882, 0x1946, 0x1946, 0x3aed, 0x42ed, 0x4b6f, 0x4b6f, 0x4b6f, 0x4b6f, 0x4b6f, 0x4b6f, 0x4b6f, 0x4b6f, 0x4b6f, 0x4b6f, 0x4b6f, 
	0x4b6f, 0x4b6f, 0x4b6f, 0x4b70, 0x4b70, 0x4b70, 0x4b70, 0x4b70, 0x4b70, 0x4b70, 0x4b70, 0x4b70, 0x4b70, 0x4b70, 0x4b70, 0x4b70, 
	0x4b70, 0x4b70, 0x4b70, 0x4b70, 0x4b70, 0x4b70, 0x4b70, 0x4b70, 0x4b70, 0x4b70, 0x4b70, 0x4b90, 0x4b90, 0x5390, 0x7c10, 0x8410, 
	0x8410, 0x5baf, 0x4b90, 0x4b90, 0x4b90, 0x4b70, 0x4b90, 0x4b70, 0x4b70, 0x4b70, 0x4b70, 0x4b70, 0x4b70, 0x4b70, 0x4b70, 0x4b70, 
	0x4b70, 0x4b70, 0x4b70, 0x4b70, 0x4b70, 0x4b70, 0x4b70, 0x4b70, 0x4b6f, 0x4b6f, 0x4b6f, 0x4b6f, 0x4b6f, 0x4b6f, 0x4b6f, 0x4b6f, 
	0x4b6f, 0x4b6f, 0x4b6f, 0x4b6f, 0x4b6f, 0x4b6f, 0x4b6f, 0x4b6f, 0x4b4f, 0x322a, 0x0000, 0x40c3, 0xa9e9, 0x8987, 0x48e4, 0x38c3, 
	0x20a2, 0x4945, 0x824a, 0xaacc, 0xd36f, 0xd36f, 0xd36f, 0xd36f, 0xd36f, 0xd36f, 0xd36f, 0xcb6f, 0xcb6f, 0xcb2e, 0xb24b, 0xa1e9, 
	0x6125, 0x48e4, 0x2882, 0x20a2, 0x69e8, 0x7a29, 0x7a29, 0x7209, 0x20a2, 0x2082, 0x48e4, 0x50e4, 0xa9e9, 0xaa09, 0xcaac, 0xcacc, 
	0xcb4e, 0xbb0d, 0x7a29, 0x7a29, 0x61c7, 0x1882, 0x1882, 0x28a3, 0x48e4, 0x48e4, 0x7146, 0xa9e9, 0xba4a, 0xcacc, 0xcb0d, 0xcb4e, 
	0xcb4e, 0xcb6f, 0xd36f, 0xcb6f, 0xcb6f, 0xd36f, 0xd36f, 0xd36f, 0xd38f, 0xd38f, 0xcb8f, 0x8a6a, 0x7a29, 0x20a3, 0x1882, 0x1946, 
	0x1946, 0x42ed, 0x42ed, 0x4b6f, 0x4b6f, 0x4b6f, 0x4b6f, 0x4b6f, 0x4b6f, 0x4b6f, 0x4b6f, 0x4b6f, 0x4b6f, 0x4b6f, 0x4b6f, 0x4b6f, 
	0x4b6f, 0x4b6f, 0x4b6f, 0x4b6f, 0x4b6f, 0x4b6f, 0x4b6f, 0x4b6f, 0x4b70, 0x4b70, 0x4b70, 0x4b70, 0x4b70, 0x4b70, 0x4b70, 0x4b70, 
	0x4b70, 0x4b70, 0x4b70, 0x4b70, 0x4b70, 0x4b70, 0x4b70, 0x4b70, 0x4b70, 0x4b90, 0x4b70, 0x4b90, 0x4b90, 0x5390, 0x7c10, 0x8410, 
	0x8410, 0x5baf, 0x4b90, 0x4b90, 0x4b90, 0x4b70, 0x4b70, 0x4b70, 0x4b70, 0x4b70, 0x4b70, 0x4b70, 0x4b70, 0x4b70, 0x4b70, 0x4b70, 
	0x4b70, 0x4b70, 0x4b70, 0x4b70, 0x4b70, 0x4b70, 0x4b70, 0x4b70, 0x4b70, 0x4b70, 0x4b6f, 0x4b6f, 0x4b6f, 0x4b70, 0x4b6f, 0x4b6f, 
	0x4b6f, 0x4b6f, 0x4b6f, 0x4b6f, 0x4b6f, 0x4b6f, 0x4b6f, 0x4b6f, 0x4b4f, 0x322a, 0x0000, 0x48e4, 0xca4b, 0xc22a, 0xa9e9, 0x8187, 
	0x48e4, 0x38c3, 0x2082, 0x4945, 0x8229, 0xaacc, 0xd36f, 0xd36f, 0xd36f, 0xd36f, 0xd36f, 0xd36f, 0xcb6f, 0xcb6f, 0xcaed, 0xcaac, 
	0xb22a, 0xa1e9, 0x6125, 0x48e4, 0x2082, 0x1862, 0x1862, 0x2082, 0x48e4, 0x5104, 0xa9e9, 0xaa09, 0xcaac, 0xcacc, 0xcb4e, 0xc32e, 
	0x7a09, 0x69c8, 0x1862, 0x1862, 0x1061, 0x1841, 0x50e4, 0x7146, 0xa9e9, 0xa9e9, 0xba4a, 0xcacc, 0xcaed, 0xcb4e, 0xcb6e, 0xcb6f, 
	0xcb6f, 0xcb6f, 0xd36f, 0xd36f, 0xd36f, 0xd36f, 0xd36f, 0xd38f, 0xd38f, 0x8a6a, 0x7a29, 0x28a3, 0x1862, 0x1946, 0x1946, 0x3aed, 
	0x42ed, 0x4b4f, 0x4b4f, 0x4b6f, 0x4b6f, 0x4b6f, 0x4b6f, 0x4b6f, 0x4b6f, 0x4b6f, 0x4b6f, 0x4b6f, 0x4b6f, 0x4b6f, 0x4b6f, 0x4b6f, 
	0x4b6f, 0x4b6f, 0x4b6f, 0x4b70, 0x4b70, 0x4b70, 0x4b70, 0x4b70, 0x4b70, 0x4b70, 0x4b70, 0x4b70, 0x4b70, 0x4b70, 0x4b70, 0x4b70, 
	0x4b70, 0x4b70, 0x4b70, 0x4b70, 0x4b70, 0x4b70, 0x4b70, 0x4b70, 0x4b70, 0x4b70, 0x4b70, 0x4b90, 0x4b90, 0x5390, 0x7c10, 0x8410, 
	0x8410, 0x5baf, 0x4b90, 0x4b90, 0x4b90, 0x4b70, 0x4b90, 0x4b70, 0x4b70, 0x4b70, 0x4b70, 0x4b70, 0x4b70, 0x4b70, 0x4b70, 0x4b70, 
	0x4b70, 0x4b70, 0x4b70, 0x4b70, 0x4b70, 0x4b70, 0x4b70, 0x4b70, 0x4b6f, 0x4b6f, 0x4b6f, 0x4b6f, 0x4b6f, 0x4b6f, 0x4b6f, 0x4b6f, 
	0x4b6f, 0x4b6f, 0x4b6f, 0x4b6f, 0x4b6f, 0x4b6f, 0x4b6f, 0x4b6f, 0x4b4f, 0x322a, 0x0000, 0x4904, 0xcacd, 0xca8c, 0xca4b, 0xba2a, 
	0xaa09, 0x8187, 0x50e4, 0x30c3, 0x2082, 0x4945, 0x8229, 0xaaec, 0xcb6f, 0x9aab, 0x7a09, 0x7a09, 0x7a09, 0x7a09, 0x7a09, 0xb2ec, 
	0xcaed, 0xcaac, 0xb22a, 0xa9e9, 0x6125, 0x50e4, 0x50e4, 0x5905, 0xa9e9, 0xb209, 0xcaac, 0xcacc, 0xcb4e, 0xc32e, 0x7209, 0x69e8, 
	0x1862, 0x1061, 0x1020, 0x50e4, 0x50e4, 0x6946, 0xaa09, 0xb24a, 0xcacc, 0xcacc, 0xcaed, 0xcb4e, 0xcb4f, 0xcb6f, 0xcb6f, 0xcb6f, 
	0xcb6f, 0xcb6f, 0xcb6f, 0xd36f, 0xcb6f, 0xd36f, 0xcb8f, 0x8a6a, 0x7a09, 0x28c3, 0x1862, 0x1946, 0x2166, 0x3acd, 0x42ed, 0x4b4f, 
	0x4b4f, 0x4b4f, 0x4b6f, 0x4b6f, 0x4b6f, 0x4b6f, 0x4b6f, 0x4b6f, 0x4b6f, 0x4b6f, 0x4b6f, 0x4b6f, 0x4b6f, 0x4b6f, 0x4b6f, 0x4b6f, 
	0x4b6f, 0x4b6f, 0x4b6f, 0x4b6f, 0x4b6f, 0x4b6f, 0x4b6f, 0x4b6f, 0x4b70, 0x4b70, 0x4b70, 0x4b70, 0x4b70, 0x4b70, 0x4b70, 0x4b70, 
	0x4b70, 0x4b70, 0x4b70, 0x4b70, 0x4b70, 0x4b70, 0x4b70, 0x4b70, 0x4b70, 0x4b90, 0x4b70, 0x4b90, 0x4b90, 0x5390, 0x7c10, 0x8410, 
	0x8410, 0x5baf, 0x4b90, 0x4b90, 0x4b90, 0x4b70, 0x4b70, 0x4b70, 0x4b70, 0x4b70, 0x4b70, 0x4b70, 0x4b70, 0x4b70, 0x4b70, 0x4b70, 
	0x4b70, 0x4b70, 0x4b70, 0x4b70, 0x4b70, 0x4b70, 0x4b70, 0x4b70, 0x4b70, 0x4b70, 0x4b6f, 0x4b70, 0x4b6f, 0x4b70, 0x4b6f, 0x4b6f, 
	0x4b6f, 0x4b6f, 0x4b6f, 0x4b6f, 0x4b6f, 0x4b6f, 0x4b6f, 0x4b6f, 0x4b4f, 0x322a, 0x0020, 0x5145, 0xd34f, 0xd2ed, 0xca4b, 0xca8c, 
	0xcacc, 0xc26b, 0xaa09, 0x8187, 0x5104, 0x30a3, 0x2082, 0x4945, 0x69e8, 0x3904, 0x1861, 0x1861, 0x1861, 0x1061, 0x2082, 0x5986, 
	0x7a09, 0xbaed, 0xcaed, 0xcaac, 0xb22a, 0xb1e9, 0xb209, 0xb20a, 0xcaac, 0xcacc, 0xcb4e, 0xc34e, 0x71e8, 0x69e8, 0x1061, 0x1041, 
	0x0820, 0x5104, 0x6925, 0xb209, 0xb209, 0xb20a, 0xc26b, 0xcaed, 0xcb4e, 0xcb4e, 0xcb4e, 0xcb6f, 0xcb6f, 0xcb6f, 0xcb6f, 0xcb6f, 
	0xcb6f, 0xcb6f, 0xd36f, 0xcb6f, 0xcb8f, 0x926b, 0x7209, 0x28c3, 0x1862, 0x1945, 0x2166, 0x3acc, 0x42ed, 0x4b4f, 0x4b4f, 0x4b4f, 
	0x4b4f, 0x4b4f, 0x4b4f, 0x4b6f, 0x4b6f, 0x4b6f, 0x4b6f, 0x4b6f, 0x4b6f, 0x4b6f, 0x4b6f, 0x4b6f, 0x4b6f, 0x4b6f, 0x4b6f, 0x4b6f, 
	0x4b6f, 0x4b6f, 0x4b6f, 0x4b70, 0x4b70, 0x4b70, 0x4b70, 0x4b70, 0x4b70, 0x4b70, 0x4b70, 0x4b70, 0x4b70, 0x4b70, 0x4b70, 0x4b70, 
	0x4b70, 0x4b70, 0x4b70, 0x4b70, 0x4b70, 0x4b70, 0x4b70, 0x4b70, 0x4b70, 0x4b70, 0x4b70, 0x4b90, 0x4b90, 0x5390, 0x7c10, 0x8410, 
	0x8410, 0x5baf, 0x4b90, 0x4b90, 0x4b90, 0x4b70, 0x4b90, 0x4b70, 0x4b70, 0x4b70, 0x4b70, 0x4b70, 0x4b70, 0x4b70, 0x4b70, 0x4b70, 
	0x4b70, 0x4b70, 0x4b70, 0x4b70, 0x4b70, 0x4b70, 0x4b70, 0x4b70, 0x4b6f, 0x4b6f, 0x4b6f, 0x4b6f, 0x4b6f, 0x4b6f, 0x4b6f, 0x4b6f, 
	0x4b6f, 0x4b6f, 0x4b6f, 0x4b6f, 0x4b6f, 0x4b6f, 0x4b6f, 0x4b6f, 0x4b4f, 0x322a, 0x0020, 0x5145, 0xcb6f, 0xaaab, 0x7146, 0x7187, 
	0x79e8, 0x9a4a, 0xcacc, 0xc26b, 0xa1e9, 0x5104, 0x0000, 0x0820, 0x1882, 0x39e7, 0x52eb, 0x52eb, 0x52cb, 0x52cb, 0x52aa, 0x2104, 
	0x1882, 0x5987, 0x79e8, 0xbb0d, 0xcaed, 0xcacc, 0xcacc, 0xc2cc, 0x79e8, 0x71c8, 0x71e8, 0x69e8, 0x1061, 0x1861, 0x5905, 0x5905, 
	0x6125, 0xb209, 0xb22a, 0xcacc, 0xcacc, 0xcacc, 0xcaed, 0xcb4e, 0xcb6f, 0xcb6f, 0xcb6f, 0xcb6f, 0xcb6f, 0xcb6f, 0xcb6f, 0xcb6f, 
	0xcb6f, 0xcb6f, 0xcb6f, 0x928b, 0x71e8, 0x30e3, 0x1061, 0x1925, 0x2187, 0x3aac, 0x430e, 0x4b4f, 0x4b4f, 0x4b4f, 0x4b4f, 0x4b4f, 
	0x4b4f, 0x4b4f, 0x4b6f, 0x4b6f, 0x4b6f, 0x4b6f, 0x4b6f, 0x4b6f, 0x4b6f, 0x4b6f, 0x4b6f, 0x4b6f, 0x4b6f, 0x4b6f, 0x4b6f, 0x4b6f, 
	0x4b6f, 0x4b6f, 0x4b6f, 0x4b6f, 0x4b6f, 0x4b6f, 0x4b6f, 0x4b6f, 0x4b70, 0x4b70, 0x4b70, 0x4b70, 0x4b70, 0x4b70, 0x4b70, 0x4b70, 
	0x4b70, 0x4b70, 0x4b70, 0x4b70, 0x4b70, 0x4b70, 0x4b70, 0x4b70, 0x4b70, 0x4b90, 0x4b70, 0x4b90, 0x4b90, 0x5390, 0x7c10, 0x8410, 
	0x8410, 0x5baf, 0x4b90, 0x4b90, 0x4b90, 0x4b70, 0x4b70, 0x4b70, 0x4b70, 0x4b70, 0x4b70, 0x4b70, 0x4b70, 0x4b70, 0x4b70, 0x4b70, 
	0x4b70, 0x4b70, 0x4b70, 0x4b70, 0x4b70, 0x4b70, 0x4b70, 0x4b70, 0x4b70, 0x4b70, 0x4b6f, 0x4b70, 0x4b6f, 0x4b70, 0x4b6f, 0x4b6f, 
	0x4b6f, 0x4b6f, 0x4b6f, 0x4b6f, 0x4b6f, 0x4b6f, 0x4b6f, 0x4b6f, 0x4b4f, 0x322a, 0x0020, 0x5145, 0xcb6f, 0x824a, 0x1041, 0x1041, 
	0x1861, 0x3904, 0x71e8, 0x9a4a, 0xbaac, 0x5946, 0x0041, 0x31a7, 0x5b2d, 0x8cb3, 0xadd7, 0xadd7, 0xadd7, 0xadd7, 0xa596, 0x6baf, 
	0x52ab, 0x20e4, 0x1862, 0x59a7, 0x71e8, 0xbb0d, 0x7a08, 0x69c7, 0x1861, 0x1041, 0x1041, 0x1861, 0x5905, 0x6125, 0xb209, 0xb209, 
	0xba2a, 0xcacc, 0xcaed, 0xcb4e, 0xcb4e, 0xcb4e, 0xcb4e, 0xcb6f, 0xcb6f, 0xcb6f, 0xcb6f, 0xcb6f, 0xcb6f, 0xcb6f, 0xcb6f, 0xcb6f, 
	0xcb6f, 0x928b, 0x69e8, 0x30e4, 0x1041, 0x1925, 0x2187, 0x3aac, 0x430e, 0x4b4f, 0x4b4f, 0x4b4f, 0x4b4f, 0x4b4f, 0x4b4f, 0x4b4f, 
	0x4b4f, 0x4b4f, 0x4b4f, 0x4b6f, 0x4b6f, 0x4b6f, 0x4b6f, 0x4b6f, 0x4b6f, 0x4b6f, 0x4b6f, 0x4b6f, 0x4b6f, 0x4b6f, 0x4b6f, 0x4b6f, 
	0x4b6f, 0x4b6f, 0x4b6f, 0x4b70, 0x4b70, 0x4b70, 0x4b70, 0x4b70, 0x4b70, 0x4b70, 0x4b70, 0x4b70, 0x4b70, 0x4b70, 0x4b70, 0x4b70, 
	0x4b70, 0x4b70, 0x4b70, 0x4b70, 0x4b70, 0x4b70, 0x4b70, 0x4b70, 0x4b70, 0x4b70, 0x4b70, 0x4b90, 0x4b90, 0x5390, 0x7c10, 0x8410, 
	0x8410, 0x5baf, 0x4b90, 0x4b90, 0x4b90, 0x4b70, 0x4b90, 0x4b70, 0x4b70, 0x4b70, 0x4b70, 0x4b70, 0x4b70, 0x4b70, 0x4b70, 0x4b70, 
	0x4b70, 0x4b70, 0x4b70, 0x4b70, 0x4b70, 0x4b70, 0x4b70, 0x4b70, 0x4b6f, 0x4b6f, 0x4b6f, 0x4b6f, 0x4b6f, 0x4b6f, 0x4b6f, 0x4b6f, 
	0x4b6f, 0x4b6f, 0x4b6f, 0x4b6f, 0x4b6f, 0x4b6f, 0x4b6f, 0x4b6f, 0x4b4f, 0x322a, 0x0000, 0x28a3, 0x69e8, 0x626a, 0x5b0c, 0x5b0c, 
	0x52eb, 0x39c7, 0x1861, 0x4104, 0x69e8, 0x626a, 0x634d, 0x8cb3, 0xadf8, 0xb639, 0xbe7a, 0xbe5a, 0xbe5a, 0xbe5a, 0xbe5a, 0xadf8, 
	0xa597, 0x6baf, 0x52cb, 0x18c3, 0x1861, 0x5986, 0x1882, 0x1861, 0x5905, 0x5925, 0x5925, 0x6125, 0xb20a, 0xb22a, 0xcacc, 0xcacc, 
	0xcaed, 0xcb4e, 0xcb4e, 0xcb6f, 0xcb6f, 0xcb6f, 0xcb6f, 0xcb6f, 0xcb6f, 0xcb6f, 0xcb6f, 0xcb6f, 0xcb6f, 0xcb6f, 0xcb6f, 0x9aab, 
	0x69e8, 0x30e4, 0x1041, 0x1925, 0x2187, 0x3a8c, 0x430e, 0x4b4f, 0x4b4f, 0x4b4f, 0x4b4f, 0x4b4f, 0x4b4f, 0x4b4f, 0x4b4f, 0x4b4f, 
	0x4b4f, 0x4b4f, 0x4b6f, 0x4b6f, 0x4b6f, 0x4b6f, 0x4b6f, 0x4b6f, 0x4b6f, 0x4b6f, 0x4b6f, 0x4b6f, 0x4b6f, 0x4b6f, 0x4b6f, 0x4b6f, 
	0x4b6f, 0x4b6f, 0x4b6f, 0x4b6f, 0x4b6f, 0x4b6f, 0x4b6f, 0x4b6f, 0x4b70, 0x4b70, 0x4b70, 0x4b70, 0x4b70, 0x4b70, 0x4b70, 0x4b70, 
	0x4b70, 0x4b70, 0x4b70, 0x4b70, 0x4b70, 0x4b70, 0x4b70, 0x4b70, 0x4b70, 0x4b90, 0x4b70, 0x4b90, 0x4b90, 0x5390, 0x7c10, 0x8410, 
	0x8410, 0x5baf, 0x4b90, 0x4b90, 0x4b90, 0x4b70, 0x4b70, 0x4b70, 0x4b70, 0x4b70, 0x4b70, 0x4b70, 0x4b70, 0x4b70, 0x4b70, 0x4b70, 
	0x4b70, 0x4b70, 0x4b70, 0x4b70, 0x4b70, 0x4b70, 0x4b70, 0x4b70, 0x4b70, 0x4b70, 0x4b6f, 0x4b70, 0x4b6f, 0x4b70, 0x4b6f, 0x4b6f, 
	0x4b6f, 0x4b6f, 0x4b6f, 0x4b6f, 0x4b6f, 0x4b6f, 0x4b6f, 0x4b6f, 0x4b4f, 0x322a, 0x0000, 0x0000, 0x1082, 0x528a, 0xadf8, 0xadf8, 
	0xadd7, 0x8cb3, 0x5aec, 0x39a7, 0x18a3, 0x634d, 0xadf8, 0xb639, 0xbe7a, 0xb65a, 0xb65a, 0xb65a, 0xbe5a, 0xbe5a, 0xbe5a, 0xbe5a, 
	0xbe5a, 0xadf8, 0xa5b7, 0x636e, 0x1082, 0x1041, 0x5905, 0x6125, 0xb209, 0xba0a, 0xba0a, 0xba2a, 0xcacc, 0xcacd, 0xcb4e, 0xcb4e, 
	0xcb4e, 0xcb6f, 0xcb6f, 0xcb6f, 0xcb6f, 0xcb6f, 0xcb6f, 0xcb6f, 0xcb6f, 0xcb6f, 0xcb6f, 0xcb6f, 0xcb6f, 0x9aab, 0x69c8, 0x3904, 
	0x1041, 0x1905, 0x21a7, 0x3a8c, 0x430e, 0x434f, 0x4b4f, 0x4b4f, 0x4b4f, 0x4b4f, 0x4b4f, 0x4b4f, 0x4b4f, 0x4b4f, 0x4b4f, 0x4b4f, 
	0x4b4f, 0x4b4f, 0x4b4f, 0x4b6f, 0x4b6f, 0x4b6f, 0x4b6f, 0x4b6f, 0x4b6f, 0x4b6f, 0x4b6f, 0x4b6f, 0x4b6f, 0x4b6f, 0x4b6f, 0x4b6f, 
	0x4b6f, 0x4b6f, 0x4b6f, 0x4b70, 0x4b70, 0x4b70, 0x4b70, 0x4b70, 0x4b70, 0x4b70, 0x4b70, 0x4b70, 0x4b70, 0x4b70, 0x4b70, 0x4b70, 
	0x4b70, 0x4b70, 0x4b70, 0x4b70, 0x4b70, 0x4b70, 0x4b70, 0x4b70, 0x4b70, 0x4b70, 0x4b70, 0x4b90, 0x4b90, 0x5390, 0x7c10, 0x8410, 
	0x8410, 0x5baf, 0x4b90, 0x4b90, 0x4b90, 0x4b70, 0x4b90, 0x4b70, 0x4b70, 0x4b70, 0x4b70, 0x4b70, 0x4b70, 0x4b70, 0x4b70, 0x4b70, 
	0x4b70, 0x4b70, 0x4b70, 0x4b70, 0x4b70, 0x4b70, 0x4b70, 0x4b6f, 0x4b6f, 0x4b6f, 0x4b6f, 0x4b6f, 0x4b6f, 0x4b6f, 0x4b6f, 0x4b6f, 
	0x4b6f, 0x4b6f, 0x4b6f, 0x4b6f, 0x4b6f, 0x4b6f, 0x4b6f, 0x4b6f, 0x4b4f, 0x322a, 0x0000, 0x2125, 0x636e, 0x8492, 0xbe7a, 0xbe7a, 
	0xbe7a, 0xb618, 0x7c51, 0x31a6, 0x39e7, 0x94f4, 0xbe7a, 0xbe7a, 0xbe7a, 0xae5a, 0xa63a, 0xb65a, 0xbe5a, 0xbe5a, 0xbe5a, 0xbe5a, 
	0xbe5a, 0xbe5a, 0xbe59, 0xa596, 0x18e4, 0x1020, 0xa1e8, 0xba2a, 0xba2a, 0x6945, 0x6125, 0x6125, 0x61a7, 0x61a7, 0x71e8, 0xcb6f, 
	0xcb6f, 0xcb6f, 0xcb6f, 0xcb6f, 0xcb6f, 0xcb6f, 0xcb6f, 0xcb6f, 0xcb6f, 0xcb6f, 0xa2cc, 0x61c7, 0x61c7, 0x3904, 0x0841, 0x1904, 
	0x21a7, 0x3a8b, 0x430e, 0x434f, 0x4b4f, 0x4b4f, 0x4b4f, 0x4b4f, 0x4b4f, 0x4b4f, 0x4b4f, 0x4b4f, 0x4b4f, 0x4b4f, 0x4b4f, 0x4b4f, 
	0x4b4f, 0x4b4f, 0x4b6f, 0x4b6f, 0x4b6f, 0x4b6f, 0x4b6f, 0x4b6f, 0x4b6f, 0x4b6f, 0x4b6f, 0x4b6f, 0x4b6f, 0x4b6f, 0x4b6f, 0x4b6f, 
	0x4b6f, 0x4b6f, 0x4b6f, 0x4b6f, 0x4b6f, 0x4b6f, 0x4b6f, 0x4b6f, 0x4b70, 0x4b70, 0x4b70, 0x4b70, 0x4b70, 0x4b70, 0x4b70, 0x4b70, 
	0x4b70, 0x4b70, 0x4b70, 0x4b70, 0x4b70, 0x4b70, 0x4b70, 0x4b70, 0x4b70, 0x4b90, 0x4b70, 0x4b90, 0x4b90, 0x5390, 0x7c10, 0x8410, 
	0x8410, 0x5baf, 0x4b90, 0x4b90, 0x4b90, 0x4b70, 0x4b70, 0x4b70, 0x4b70, 0x4b70, 0x4b70, 0x4b70, 0x4b70, 0x4b70, 0x4b70, 0x4b70, 
	0x4b70, 0x4b70, 0x4b70, 0x4b70, 0x4b70, 0x4b70, 0x4b70, 0x4b70, 0x4b70, 0x4b70, 0x4b6f, 0x4b70, 0x4b6f, 0x4b70, 0x4b6f, 0x4b6f, 
	0x4b6f, 0x4b6f, 0x4b6f, 0x4b6f, 0x4b6f, 0x4b6f, 0x4b6f, 0x4b6f, 0x4b4f, 0x322a, 0x0021, 0x4249, 0xb619, 0xbe39, 0xbe7a, 0xbe7a, 
	0xbe7a, 0xb618, 0x6b6e, 0x10a2, 0x5b2d, 0xbe39, 0xbe7a, 0xb65a, 0xae5a, 0xa63a, 0xa63a, 0xb65a, 0xbe5a, 0xbe5a, 0xbe5a, 0xbe5a, 
	0xbe5a, 0xbe5a, 0xbe5a, 0xb619, 0x6b8e, 0x1082, 0x5104, 0x6125, 0x5925, 0x0820, 0x0820, 0x0820, 0x0820, 0x0820, 0x2082, 0xcb6e, 
	0xcb6f, 0xcb6f, 0xcb6f, 0xcb6f, 0xcb6f, 0xcb6f, 0xcb6f, 0xcb6f, 0xaacc, 0x61a7, 0x4104, 0x0820, 0x0821, 0x18e4, 0x21a8, 0x326b, 
	0x432e, 0x434f, 0x4b4f, 0x4b4f, 0x4b4f, 0x4b4f, 0x4b4f, 0x4b4f, 0x4b4f, 0x4b4f, 0x4b4f, 0x4b4f, 0x4b4f, 0x4b4f, 0x4b4f, 0x4b4f, 
	0x4b4f, 0x4b4f, 0x4b4f, 0x4b6f, 0x4b6f, 0x4b6f, 0x4b6f, 0x4b6f, 0x4b6f, 0x4b6f, 0x4b6f, 0x4b6f, 0x4b6f, 0x4b6f, 0x4b6f, 0x4b6f, 
	0x4b6f, 0x4b6f, 0x4b6f, 0x4b70, 0x4b70, 0x4b70, 0x4b70, 0x4b70, 0x4b70, 0x4b70, 0x4b70, 0x4b70, 0x4b70, 0x4b70, 0x4b70, 0x4b70, 
	0x4b70, 0x4b70, 0x4b70, 0x4b70, 0x4b70, 0x4b70, 0x4b70, 0x4b70, 0x4b70, 0x4b70, 0x4b70, 0x4b90, 0x4b90, 0x5390, 0x7c10, 0x8410, 
	0x8410, 0x5baf, 0x4b90, 0x4b90, 0x4b90, 0x4b70, 0x4b90, 0x4b70, 0x4b70, 0x4b70, 0x4b70, 0x4b70, 0x4b70, 0x4b70, 0x4b70, 0x4b70, 
	0x4b70, 0x4b70, 0x4b70, 0x4b70, 0x4b70, 0x4b70, 0x4b70, 0x4b6f, 0x4b6f, 0x4b6f, 0x4b6f, 0x4b6f, 0x4b6f, 0x4b6f, 0x4b6f, 0x4b6f, 
	0x4b6f, 0x4b6f, 0x4b6f, 0x4b6f, 0x4b6f, 0x4b6f, 0x4b6f, 0x4b6f, 0x4b4f, 0x322a, 0x0021, 0x4269, 0xbe7a, 0xbe7a, 0xbe7a, 0xbe7a, 
	0xb639, 0x8cb3, 0x31c7, 0x39e8, 0x94f4, 0xbe7a, 0xbe7a, 0xae5a, 0xa63a, 0xa63a, 0xa63a, 0xb65a, 0xbe5a, 0xbe5a, 0xbe5a, 0xbe5a, 
	0xbe5a, 0xbe5a, 0xbe5a, 0xbe5a, 0xadb7, 0x18c3, 0x0800, 0x0820, 0x0841, 0x5b2d, 0x634d, 0x634d, 0x634d, 0x634d, 0x632d, 0x61a7, 
	0x71e8, 0xcb6f, 0xcb6f, 0xcb6f, 0xcb6f, 0xcb6f, 0xaaec, 0x61a7, 0x4125, 0x0820, 0x10c3, 0x29a8, 0x29c8, 0x326b, 0x432e, 0x4b4f, 
	0x4b4f, 0x4b4f, 0x4b4f, 0x4b4f, 0x4b4f, 0x4b4f, 0x4b4f, 0x4b4f, 0x4b4f, 0x4b4f, 0x4b4f, 0x4b4f, 0x4b4f, 0x4b4f, 0x4b4f, 0x4b4f, 
	0x4b4f, 0x4b4f, 0x4b6f, 0x4b6f, 0x4b6f, 0x4b6f, 0x4b6f, 0x4b6f, 0x4b6f, 0x4b6f, 0x4b6f, 0x4b6f, 0x4b6f, 0x4b6f, 0x4b6f, 0x4b6f, 
	0x4b6f, 0x4b6f, 0x4b6f, 0x4b6f, 0x4b6f, 0x4b6f, 0x4b6f, 0x4b6f, 0x4b70, 0x4b70, 0x4b70, 0x4b70, 0x4b70, 0x4b70, 0x4b70, 0x4b70, 
	0x4b70, 0x4b70, 0x4b70, 0x4b70, 0x4b70, 0x4b70, 0x4b70, 0x4b70, 0x4b70, 0x4b90, 0x4b70, 0x4b90, 0x4b90, 0x5390, 0x7c10, 0x8410, 
	0x8410, 0x5baf, 0x4b90, 0x4b90, 0x4b90, 0x4b70, 0x4b70, 0x4b70, 0x4b70, 0x4b70, 0x4b70, 0x4b70, 0x4b70, 0x4b70, 0x4b70, 0x4b70, 
	0x4b70, 0x4b70, 0x4b70, 0x4b70, 0x4b70, 0x4b70, 0x4b70, 0x4b70, 0x4b70, 0x4b70, 0x4b6f, 0x4b70, 0x4b6f, 0x4b70, 0x4b6f, 0x4b6f, 
	0x4b6f, 0x4b6f, 0x4b6f, 0x4b6f, 0x4b6f, 0x4b6f, 0x4b6f, 0x4b6f, 0x4b4f, 0x322a, 0x0020, 0x4269, 0xbe7a, 0xbe7a, 0xbe7a, 0xbe7a, 
	0xb618, 0x6b8e, 0x1082, 0x5b0c, 0xbe59, 0xb65a, 0xae5a, 0xae5a, 0xa63a, 0xae5a, 0xb65a, 0xb65a, 0xbe5a, 0xbe5a, 0xbe5a, 0xbe5a, 
	0xbe5a, 0xbe5a, 0xbe5a, 0xbe5a, 0xadf8, 0x18e3, 0x0020, 0x5b2d, 0x6b8e, 0xadf8, 0xb619, 0xb619, 0xb619, 0xb618, 0xa576, 0x0820, 
	0x2082, 0xcb6e, 0xcb6f, 0xcb6f, 0xb30d, 0x59a7, 0x4125, 0x0820, 0x10a3, 0x21c8, 0x326b, 0x432e, 0x432e, 0x434f, 0x4b4f, 0x4b4f, 
	0x4b4f, 0x4b4f, 0x4b4f, 0x4b4f, 0x4b4f, 0x4b4f, 0x4b4f, 0x4b4f, 0x4b4f, 0x4b4f, 0x4b4f, 0x4b4f, 0x4b4f, 0x4b4f, 0x4b4f, 0x4b4f, 
	0x4b4f, 0x4b4f, 0x4b4f, 0x4b6f, 0x4b6f, 0x4b6f, 0x4b6f, 0x4b6f, 0x4b6f, 0x4b6f, 0x4b6f, 0x4b6f, 0x4b6f, 0x4b6f, 0x4b6f, 0x4b6f, 
	0x4b6f, 0x4b6f, 0x4b6f, 0x4b70, 0x4b70, 0x4b70, 0x4b70, 0x4b70, 0x4b70, 0x4b70, 0x4b70, 0x4b70, 0x4b70, 0x4b70, 0x4b70, 0x4b70, 
	0x4b70, 0x4b70, 0x4b70, 0x4b70, 0x4b70, 0x4b70, 0x4b70, 0x4b70, 0x4b70, 0x4b70, 0x4b70, 0x4b90, 0x4b90, 0x5390, 0x7c10, 0x8410, 
	0x8410, 0x5baf, 0x4b90, 0x4b90, 0x4b90, 0x4b70, 0x4b90, 0x4b70, 0x4b70, 0x4b70, 0x4b70, 0x4b70, 0x4b70, 0x4b70, 0x4b70, 0x4b70, 
	0x4b70, 0x4b70, 0x4b70, 0x4b70, 0x4b70, 0x4b70, 0x4b70, 0x4b6f, 0x4b6f, 0x4b6f, 0x4b6f, 0x4b6f, 0x4b6f, 0x4b6f, 0x4b6f, 0x4b6f, 
	0x4b6f, 0x4b6f, 0x4b6f, 0x4b6f, 0x4b6f, 0x4b6f, 0x4b6f, 0x4b6f, 0x4b4f, 0x42cd, 0x1946, 0x2125, 0x7c31, 0xbe7a, 0xbe7a, 0xbe7a, 
	0xb618, 0x636e, 0x0861, 0x5b2d, 0xbe7a, 0xae5a, 0xa63a, 0xa63a, 0xa63a, 0xb65a, 0xbe5a, 0xbe5a, 0xbe5a, 0xbe5a, 0xbe5a, 0xbe5a, 
	0xbe5a, 0xbe5a, 0xbe5a, 0xbe5a, 0xadf8, 0x18e3, 0x0861, 0xa596, 0xb639, 0xbe5a, 0xb659, 0xb659, 0xb659, 0xb659, 0xb5f8, 0x6b8e, 
	0x6b4d, 0x5986, 0x5986, 0x5986, 0x4125, 0x0000, 0x10a3, 0x29c8, 0x324a, 0x432f, 0x432f, 0x4b4f, 0x4b4f, 0x4b4f, 0x4b4f, 0x4b4f, 
	0x4b4f, 0x4b4f, 0x4b4f, 0x4b4f, 0x4b4f, 0x4b4f, 0x4b4f, 0x4b4f, 0x4b4f, 0x4b4f, 0x4b4f, 0x4b4f, 0x4b4f, 0x4b4f, 0x4b4f, 0x4b4f, 
	0x4b4f, 0x4b4f, 0x4b6f, 0x4b6f, 0x4b6f, 0x4b6f, 0x4b6f, 0x4b6f, 0x4b6f, 0x4b6f, 0x4b6f, 0x4b6f, 0x4b6f, 0x4b6f, 0x4b6f, 0x4b6f, 
	0x4b6f, 0x4b6f, 0x4b6f, 0x4b6f, 0x4b6f, 0x4b6f, 0x4b6f, 0x4b6f, 0x4b70, 0x4b70, 0x4b70, 0x4b70, 0x4b70, 0x4b70, 0x4b70, 0x4b70, 
	0x4b70, 0x4b70, 0x4b70, 0x4b70, 0x4b70, 0x4b70, 0x4b70, 0x4b70, 0x4b70, 0x4b90, 0x4b70, 0x4b90, 0x4b90, 0x5390, 0x7c10, 0x8410, 
	0x8410, 0x5baf, 0x4b90, 0x4b90, 0x4b90, 0x4b70, 0x4b70, 0x4b70, 0x4b70, 0x4b70, 0x4b70, 0x4b70, 0x4b70, 0x4b70, 0x4b70, 0x4b70, 
	0x4b70, 0x4b70, 0x4b70, 0x4b70, 0x4b70, 0x4b70, 0x4b70, 0x4b70, 0x4b70, 0x4b70, 0x4b6f, 0x4b70, 0x4b6f, 0x4b70, 0x4b6f, 0x4b6f, 
	0x4b6f, 0x4b6f, 0x4b6f, 0x4b6f, 0x4b6f, 0x4b6f, 0x4b6f, 0x4b6f, 0x4b6f, 0x434f, 0x3229, 0x0841, 0x4a8a, 0xbe7a, 0xbe7a, 0xbe7a, 
	0xb618, 0x636e, 0x0861, 0x5b2d, 0xbe7a, 0xae5a, 0xa63a, 0xa63a, 0xa63a, 0xb65a, 0xbe5a, 0xbe5a, 0xbe5a, 0xbe5a, 0xbe5a, 0xbe5a, 
	0xbe5a, 0xbe5a, 0xbe5a, 0xbe5a, 0xadf8, 0x18e3, 0x0861, 0xadb7, 0xbe59, 0xbe59, 0xb659, 0xb659, 0xb659, 0xb659, 0xbe39, 0xb639, 
	0x9d55, 0x0000, 0x0000, 0x0000, 0x0882, 0x29e8, 0x324a, 0x432f, 0x434f, 0x4b4f, 0x4b4f, 0x4b4f, 0x4b4f, 0x4b4f, 0x4b4f, 0x4b4f, 
	0x4b4f, 0x4b4f, 0x4b4f, 0x4b4f, 0x4b4f, 0x4b4f, 0x4b4f, 0x4b4f, 0x4b4f, 0x4b4f, 0x4b4f, 0x4b4f, 0x4b4f, 0x4b4f, 0x4b4f, 0x4b4f, 
	0x4b4f, 0x4b4f, 0x4b4f, 0x4b6f, 0x4b6f, 0x4b6f, 0x4b6f, 0x4b6f, 0x4b6f, 0x4b6f, 0x4b6f, 0x4b6f, 0x4b6f, 0x4b6f, 0x4b6f, 0x4b6f, 
	0x4b6f, 0x4b6f, 0x4b6f, 0x4b70, 0x4b70, 0x4b70, 0x4b70, 0x4b70, 0x4b70, 0x4b70, 0x4b70, 0x4b70, 0x4b70, 0x4b70, 0x4b70, 0x4b70, 
	0x4b70, 0x4b70, 0x4b70, 0x4b70, 0x4b70, 0x4b70, 0x4b70, 0x4b70, 0x4b70, 0x4b70, 0x4b70, 0x4b90, 0x4b90, 0x5390, 0x7c10, 0x8410, 
	0x8410, 0x5baf, 0x4b90, 0x4b90, 0x4b90, 0x4b70, 0x4b90, 0x4b70, 0x4b70, 0x4b70, 0x4b70, 0x4b70, 0x4b70, 0x4b70, 0x4b70, 0x4b70, 
	0x4b70, 0x4b70, 0x4b70, 0x4b70, 0x4b70, 0x4b70, 0x4b70, 0x4b6f, 0x4b6f, 0x4b6f, 0x4b6f, 0x4b6f, 0x4b6f, 0x4b6f, 0x4b6f, 0x4b6f, 
	0x4b6f, 0x4b6f, 0x4b6f, 0x4b6f, 0x4b6f, 0x4b6f, 0x4b6f, 0x4b6f, 0x4b6f, 0x4b4f, 0x3acd, 0x2166, 0x2124, 0x7c31, 0xbe7a, 0xbe7a, 
	0xb618, 0x636e, 0x0861, 0x5b2d, 0xbe7a, 0xae5a, 0xa63a, 0xa63a, 0xa63a, 0xb65a, 0xbe5a, 0xbe5a, 0xbe5a, 0xbe5a, 0xbe5a, 0xbe5a, 
	0xbe5a, 0xbe5a, 0xbe5a, 0xbe5a, 0xadf8, 0x18e3, 0x0861, 0xadb7, 0xbe5a, 0xae3a, 0xae39, 0xb659, 0xbe59, 0xb659, 0xb659, 0xb659, 
	0x9d56, 0x0000, 0x0861, 0x29e9, 0x324a, 0x434f, 0x4b4f, 0x4b4f, 0x4b4f, 0x4b4f, 0x4b4f, 0x4b4f, 0x4b4f, 0x4b4f, 0x4b4f, 0x4b4f, 
	0x4b4f, 0x4b4f, 0x4b4f, 0x4b4f, 0x4b4f, 0x4b4f, 0x4b4f, 0x4b4f, 0x4b4f, 0x4b4f, 0x4b4f, 0x4b4f, 0x4b4f, 0x4b4f, 0x4b4f, 0x4b4f, 
	0x4b4f, 0x4b4f, 0x4b6f, 0x4b6f, 0x4b6f, 0x4b6f, 0x4b6f, 0x4b6f, 0x4b6f, 0x4b6f, 0x4b6f, 0x4b6f, 0x4b6f, 0x4b6f, 0x4b6f, 0x4b6f, 
	0x4b6f, 0x4b6f, 0x4b6f, 0x4b6f, 0x4b6f, 0x4b6f, 0x4b6f, 0x4b6f, 0x4b70, 0x4b70, 0x4b70, 0x4b70, 0x4b70, 0x4b70, 0x4b70, 0x4b70, 
	0x4b70, 0x4b70, 0x4b70, 0x4b70, 0x4b70, 0x4b70, 0x4b70, 0x4b70, 0x4b70, 0x4b90, 0x4b70, 0x4b90, 0x4b90, 0x5390, 0x7c10, 0x8410, 
	0x8410, 0x5baf, 0x4b90, 0x4b90, 0x4b90, 0x4b70, 0x4b70, 0x4b70, 0x4b70, 0x4b70, 0x4b70, 0x4b70, 0x4b70, 0x4b70, 0x4b70, 0x4b70, 
	0x4b70, 0x4b70, 0x4b70, 0x4b70, 0x4b70, 0x4b70, 0x4b70, 0x4b70, 0x4b70, 0x4b70, 0x4b6f, 0x4b70, 0x4b6f, 0x4b70, 0x4b6f, 0x4b6f, 
	0x4b6f, 0x4b6f, 0x4b6f, 0x4b6f, 0x4b6f, 0x4b6f, 0x4b6f, 0x4b6f, 0x4b6f, 0x4b6f, 0x434f, 0x2a29, 0x0020, 0x1904, 0x4a8a, 0x4a8a, 
	0x4a69, 0x2965, 0x0862, 0x5b2d, 0xbe7a, 0xb65a, 0xb65a, 0xae5a, 0xa63a, 0xb65a, 0xbe5a, 0xbe5a, 0xbe5a, 0xbe5a, 0xbe5a, 0xbe5a, 
	0xbe5a, 0xbe5a, 0xbe5a, 0xbe5a, 0xadf8, 0x18e3, 0x0861, 0xadb7, 0xb65a, 0xa61a, 0xa61a, 0xbe59, 0xb659, 0xb659, 0xb659, 0xb659, 
	0x9d56, 0x0000, 0x08a3, 0x4b4f, 0x4b4f, 0x434f, 0x4b4f, 0x4b4f, 0x4b4f, 0x4b4f, 0x4b4f, 0x4b4f, 0x4b4f, 0x4b4f, 0x4b4f, 0x4b4f, 
	0x4b4f, 0x4b4f, 0x4b4f, 0x4b4f, 0x4b4f, 0x4b4f, 0x4b4f, 0x4b4f, 0x4b4f, 0x4b4f, 0x4b4f, 0x4b4f, 0x4b4f, 0x4b4f, 0x4b4f, 0x4b4f, 
	0x4b4f, 0x4b4f, 0x4b4f, 0x4b6f, 0x4b6f, 0x4b6f, 0x4b6f, 0x4b6f, 0x4b6f, 0x4b6f, 0x4b6f, 0x4b6f, 0x4b6f, 0x4b6f, 0x4b6f, 0x4b6f, 
	0x4b6f, 0x4b6f, 0x4b6f, 0x4b70, 0x4b70, 0x4b70, 0x4b70, 0x4b70, 0x4b70, 0x4b70, 0x4b70, 0x4b70, 0x4b70, 0x4b70, 0x4b70, 0x4b70, 
	0x4b70, 0x4b70, 0x4b70, 0x4b70, 0x4b70, 0x4b70, 0x4b70, 0x4b70, 0x4b70, 0x4b70, 0x4b70, 0x4b90, 0x4b90, 0x5390, 0x7c10, 0x8410, 
	0x8410, 0x5baf, 0x4b90, 0x4b90, 0x4b90, 0x4b70, 0x4b90, 0x4b70, 0x4b70, 0x4b70, 0x4b70, 0x4b70, 0x4b70, 0x4b70, 0x4b70, 0x4b70, 
	0x4b70, 0x4b70, 0x4b70, 0x4b70, 0x4b70, 0x4b70, 0x4b70, 0x4b6f, 0x4b6f, 0x4b6f, 0x4b6f, 0x4b6f, 0x4b6f, 0x4b6f, 0x4b6f, 0x4b6f, 
	0x4b6f, 0x4b6f, 0x4b6f, 0x4b6f, 0x4b6f, 0x4b6f, 0x4b6f, 0x4b6f, 0x4b6f, 0x4b6f, 0x4b4f, 0x42ed, 0x29e9, 0x1945, 0x0000, 0x0000, 
	0x0000, 0x0000, 0x0861, 0x5b2d, 0xbe7a, 0xbe7a, 0xbe7a, 0xae5a, 0xa63a, 0xb65a, 0xbe7a, 0xbe5a, 0xbe5a, 0xbe5a, 0xbe5a, 0xbe5a, 
	0xbe5a, 0xbe5a, 0xbe5a, 0xbe5a, 0xadf8, 0x18e3, 0x0861, 0xadb7, 0xb659, 0xa61a, 0xa63a, 0xbe59, 0xb659, 0xb659, 0xb659, 0xb659, 
	0x9d56, 0x0000, 0x08a3, 0x434f, 0x4b4f, 0x4b4f, 0x4b4f, 0x4b4f, 0x4b4f, 0x4b4f, 0x4b4f, 0x4b4f, 0x4b4f, 0x4b4f, 0x4b4f, 0x4b4f, 
	0x4b4f, 0x4b4f, 0x4b4f, 0x4b4f, 0x4b4f, 0x4b4f, 0x4b4f, 0x4b4f, 0x4b4f, 0x4b4f, 0x4b4f, 0x4b4f, 0x4b4f, 0x4b4f, 0x4b4f, 0x4b4f, 
	0x4b4f, 0x4b4f, 0x4b6f, 0x4b6f, 0x4b6f, 0x4b6f, 0x4b6f, 0x4b6f, 0x4b6f, 0x4b6f, 0x4b6f, 0x4b6f, 0x4b6f, 0x4b6f, 0x4b6f, 0x4b6f, 
	0x4b6f, 0x4b6f, 0x4b6f, 0x4b6f, 0x4b6f, 0x4b6f, 0x4b6f, 0x4b6f, 0x4b70, 0x4b70, 0x4b70, 0x4b70, 0x4b70, 0x4b70, 0x4b70, 0x4b70, 
	0x4b70, 0x4b70, 0x4b70, 0x4b70, 0x4b70, 0x4b70, 0x4b70, 0x4b70, 0x4b70, 0x4b90, 0x4b70, 0x4b90, 0x4b90, 0x5390, 0x7c10, 0x8410, 
	0x8410, 0x5baf, 0x4b90, 0x4b90, 0x4b90, 0x4b70, 0x4b70, 0x4b70, 0x4b70, 0x4b70, 0x4b70, 0x4b70, 0x4b70, 0x4b70, 0x4b70, 0x4b70, 
	0x4b70, 0x4b70, 0x4b70, 0x4b70, 0x4b70, 0x4b70, 0x4b70, 0x4b70, 0x4b70, 0x4b70, 0x4b6f, 0x4b70, 0x4b6f, 0x4b70, 0x4b6f, 0x4b6f, 
	0x4b6f, 0x4b6f, 0x4b6f, 0x4b6f, 0x4b6f, 0x4b6f, 0x4b6f, 0x4b6f, 0x4b6f, 0x4b6f, 0x4b6f, 0x4b6f, 0x4b4f, 0x3acd, 0x2a09, 0x2a09, 
	0x29e9, 0x1925, 0x0862, 0x5b0c, 0xbe59, 0xbe7a, 0xbe7a, 0xae5a, 0xa63a, 0xa65a, 0xae5a, 0xb65a, 0xbe5a, 0xbe5a, 0xbe5a, 0xbe5a, 
	0xbe5a, 0xbe5a, 0xbe5a, 0xbe5a, 0xadf8, 0x18e3, 0x0861, 0xadb7, 0xb659, 0xa63a, 0xa63a, 0xb659, 0xb659, 0xb659, 0xb659, 0xb639, 
	0x9d35, 0x0000, 0x08a3, 0x434f, 0x4b4f, 0x4b4f, 0x4b4f, 0x4b4f, 0x4b4f, 0x4b4f, 0x4b4f, 0x4b4f, 0x4b4f, 0x4b4f, 0x4b4f, 0x4b4f, 
	0x4b4f, 0x4b4f, 0x4b4f, 0x4b4f, 0x4b4f, 0x4b4f, 0x4b4f, 0x4b4f, 0x4b4f, 0x4b4f, 0x4b4f, 0x4b4f, 0x4b4f, 0x4b4f, 0x4b4f, 0x4b4f, 
	0x4b4f, 0x4b4f, 0x4b4f, 0x4b6f, 0x4b6f, 0x4b6f, 0x4b6f, 0x4b6f, 0x4b6f, 0x4b6f, 0x4b6f, 0x4b6f, 0x4b6f, 0x4b6f, 0x4b6f, 0x4b6f, 
	0x4b6f, 0x4b6f, 0x4b6f, 0x4b70, 0x4b70, 0x4b70, 0x4b70, 0x4b70, 0x4b70, 0x4b70, 0x4b70, 0x4b70, 0x4b70, 0x4b70, 0x4b70, 0x4b70, 
	0x4b70, 0x4b70, 0x4b70, 0x4b70, 0x4b70, 0x4b70, 0x4b70, 0x4b70, 0x4b70, 0x4b70, 0x4b70, 0x4b90, 0x4b90, 0x5390, 0x7c10, 0x8410, 
	0x8410, 0x5baf, 0x4b90, 0x4b90, 0x4b90, 0x4b70, 0x4b90, 0x4b70, 0x4b70, 0x4b70, 0x4b70, 0x4b70, 0x4b70, 0x4b70, 0x4b70, 0x4b70, 
	0x4b70, 0x4b70, 0x4b70, 0x4b70, 0x4b70, 0x4b70, 0x4b70, 0x4b6f, 0x4b6f, 0x4b6f, 0x4b6f, 0x4b6f, 0x4b6f, 0x4b6f, 0x4b6f, 0x4b6f, 
	0x4b6f, 0x4b6f, 0x4b6f, 0x4b6f, 0x4b6f, 0x4b6f, 0x4b6f, 0x4b6f, 0x4b6f, 0x4b6f, 0x4b6f, 0x4b6f, 0x4b6f, 0x4b6f, 0x4b4f, 0x4b4f, 
	0x4b4f, 0x3aac, 0x1945, 0x2966, 0x8472, 0xbe7a, 0xbe7a, 0xae5a, 0xa63a, 0xa63a, 0xa63a, 0xb65a, 0xbe5a, 0xbe5a, 0xbe5a, 0xbe5a, 
	0xbe5a, 0xbe5a, 0xbe5a, 0xbe5a, 0xadf8, 0x18e3, 0x0841, 0xa576, 0xb659, 0xb63a, 0xb63a, 0xae3a, 0xae3a, 0xb659, 0xbe59, 0xadd7, 
	0x3a08, 0x0000, 0x10c3, 0x4b4f, 0x4b4f, 0x4b4f, 0x4b4f, 0x4b4f, 0x4b4f, 0x4b4f, 0x4b4f, 0x4b4f, 0x4b4f, 0x4b4f, 0x4b4f, 0x4b4f, 
	0x4b4f, 0x4b4f, 0x4b4f, 0x4b4f, 0x4b4f, 0x4b4f, 0x4b4f, 0x4b4f, 0x4b4f, 0x4b4f, 0x4b4f, 0x4b4f, 0x4b4f, 0x4b4f, 0x4b4f, 0x4b4f, 
	0x4b4f, 0x4b4f, 0x4b6f, 0x4b6f, 0x4b6f, 0x4b6f, 0x4b6f, 0x4b6f, 0x4b6f, 0x4b6f, 0x4b6f, 0x4b6f, 0x4b6f, 0x4b6f, 0x4b6f, 0x4b6f, 
	0x4b6f, 0x4b6f, 0x4b6f, 0x4b6f, 0x4b6f, 0x4b6f, 0x4b6f, 0x4b6f, 0x4b70, 0x4b70, 0x4b70, 0x4b70, 0x4b70, 0x4b70, 0x4b70, 0x4b70, 
	0x4b70, 0x4b70, 0x4b70, 0x4b70, 0x4b70, 0x4b70, 0x4b70, 0x4b70, 0x4b70, 0x4b90, 0x4b70, 0x4b90, 0x4b90, 0x5390, 0x7c10, 0x8410, 
	0x8410, 0x5baf, 0x4b90, 0x4b90, 0x4b90, 0x4b70, 0x4b70, 0x4b70, 0x4b70, 0x4b70, 0x4b70, 0x4b70, 0x4b70, 0x4b70, 0x4b70, 0x4b70, 
	0x4b70, 0x4b70, 0x4b70, 0x4b70, 0x4b70, 0x4b70, 0x4b70, 0x4b70, 0x4b70, 0x4b70, 0x4b6f, 0x4b70, 0x4b6f, 0x4b70, 0x4b6f, 0x4b6f, 
	0x4b6f, 0x4b6f, 0x4b6f, 0x4b6f, 0x4b6f, 0x4b6f, 0x4b6f, 0x4b6f, 0x4b6f, 0x4b6f, 0x4b6f, 0x4b6f, 0x4b6f, 0x4b4f, 0x4b4f, 0x4b4f, 
	0x4b4f, 0x432e, 0x29c8, 0x10a2, 0x5b2d, 0xb619, 0xb639, 0xbe5a, 0xb65a, 0xb65a, 0xb65a, 0xae5a, 0xae5a, 0xb65a, 0xbe5a, 0xbe5a, 
	0xbe5a, 0xbe5a, 0xbe5a, 0xbe5a, 0xa597, 0x18c3, 0x0020, 0x4249, 0xb618, 0xbe59, 0xb65a, 0xa61a, 0xa63a, 0xb639, 0xadf8, 0x9d35, 
	0x0021, 0x0882, 0x324a, 0x4b4f, 0x4b4f, 0x4b4f, 0x4b4f, 0x4b4f, 0x4b4f, 0x4b4f, 0x4b4f, 0x4b4f, 0x4b4f, 0x4b4f, 0x4b4f, 0x4b4f, 
	0x4b4f, 0x4b4f, 0x4b4f, 0x4b4f, 0x4b4f, 0x4b4f, 0x4b4f, 0x4b4f, 0x4b4f, 0x4b4f, 0x4b4f, 0x4b4f, 0x4b4f, 0x4b4f, 0x4b4f, 0x4b4f, 
	0x4b4f, 0x4b4f, 0x4b4f, 0x4b6f, 0x4b6f, 0x4b6f, 0x4b6f, 0x4b6f, 0x4b6f, 0x4b6f, 0x4b6f, 0x4b6f, 0x4b6f, 0x4b6f, 0x4b6f, 0x4b6f, 
	0x4b6f, 0x4b6f, 0x4b6f, 0x4b70, 0x4b70, 0x4b70, 0x4b70, 0x4b70, 0x4b70, 0x4b70, 0x4b70, 0x4b70, 0x4b70, 0x4b70, 0x4b70, 0x4b70, 
	0x4b70, 0x4b70, 0x4b70, 0x4b70, 0x4b70, 0x4b70, 0x4b70, 0x4b70, 0x4b70, 0x4b70, 0x4b70, 0x4b90, 0x4b90, 0x5390, 0x7c10, 0x8410, 
	0x8410, 0x5baf, 0x4b90, 0x4b90, 0x4b90, 0x4b70, 0x4b90, 0x4b70, 0x4b70, 0x4b70, 0x4b70, 0x4b70, 0x4b70, 0x4b70, 0x4b70, 0x4b70, 
	0x4b70, 0x4b70, 0x4b70, 0x4b70, 0x4b70, 0x4b70, 0x4b70, 0x4b6f, 0x4b6f, 0x4b6f, 0x4b6f, 0x4b6f, 0x4b6f, 0x4b6f, 0x4b6f, 0x4b6f, 
	0x4b6f, 0x4b6f, 0x4b6f, 0x4b6f, 0x4b6f, 0x4b6f, 0x4b6f, 0x4b6f, 0x4b6f, 0x4b6f, 0x4b6f, 0x4b6f, 0x4b6f, 0x4b6f, 0x4b4f, 0x4b4f, 
	0x4b4f, 0x4b4f, 0x3acd, 0x322a, 0x3a29, 0x4a8a, 0x8492, 0xbe7a, 0xbe7a, 0xbe5a, 0xbe5a, 0xae5a, 0xa63a, 0xb65a, 0xbe5a, 0xbe5a, 
	0xbe5a, 0xbe5a, 0xadf8, 0xa597, 0x4aab, 0x0841, 0x0021, 0x0882, 0xa576, 0xadd8, 0xadd8, 0xa5d8, 0xa5d8, 0xa596, 0x4229, 0x4229, 
	0x322a, 0x324a, 0x4b4f, 0x4b4f, 0x4b4f, 0x4b4f, 0x4b4f, 0x4b4f, 0x4b4f, 0x4b4f, 0x4b4f, 0x4b4f, 0x4b4f, 0x4b4f, 0x4b4f, 0x4b4f, 
	0x4b4f, 0x4b4f, 0x4b4f, 0x4b4f, 0x4b4f, 0x4b4f, 0x4b4f, 0x4b4f, 0x4b4f, 0x4b4f, 0x4b4f, 0x4b4f, 0x4b4f, 0x4b4f, 0x4b4f, 0x4b4f, 
	0x4b4f, 0x4b4f, 0x4b6f, 0x4b6f, 0x4b6f, 0x4b6f, 0x4b6f, 0x4b6f, 0x4b6f, 0x4b6f, 0x4b6f, 0x4b6f, 0x4b6f, 0x4b6f, 0x4b6f, 0x4b6f, 
	0x4b6f, 0x4b6f, 0x4b6f, 0x4b6f, 0x4b6f, 0x4b6f, 0x4b6f, 0x4b6f, 0x4b70, 0x4b70, 0x4b70, 0x4b70, 0x4b70, 0x4b70, 0x4b70, 0x4b70, 
	0x4b70, 0x4b70, 0x4b70, 0x4b70, 0x4b70, 0x4b70, 0x4b70, 0x4b70, 0x4b70, 0x4b90, 0x4b70, 0x4b90, 0x4b90, 0x5390, 0x7c10, 0x8410, 
	0x8410, 0x5baf, 0x4b90, 0x4b90, 0x4b90, 0x4b70, 0x4b70, 0x4b70, 0x4b70, 0x4b70, 0x4b70, 0x4b70, 0x4b70, 0x4b70, 0x4b70, 0x4b70, 
	0x4b70, 0x4b70, 0x4b70, 0x4b70, 0x4b70, 0x4b70, 0x4b70, 0x4b70, 0x4b70, 0x4b70, 0x4b6f, 0x4b70, 0x4b6f, 0x4b70, 0x4b6f, 0x4b6f, 
	0x4b6f, 0x4b6f, 0x4b6f, 0x4b6f, 0x4b6f, 0x4b6f, 0x4b6f, 0x4b6f, 0x4b6f, 0x4b6f, 0x4b6f, 0x4b6f, 0x4b6f, 0x4b4f, 0x4b4f, 0x4b4f, 
	0x4b4f, 0x4b6f, 0x4b6f, 0x432e, 0x29c8, 0x10a3, 0x634d, 0xadd8, 0xadd8, 0xadd8, 0xb639, 0xb65a, 0xb65a, 0xbe5a, 0xbe5a, 0xbe5a, 
	0xadf8, 0xa576, 0x52ec, 0x3a08, 0x1082, 0x0862, 0x29e9, 0x322a, 0x3a29, 0x4228, 0x3a28, 0x4228, 0x3a28, 0x3a08, 0x0041, 0x08a3, 
	0x4b4f, 0x434f, 0x4b4f, 0x4b4f, 0x4b4f, 0x4b4f, 0x4b4f, 0x4b4f, 0x4b4f, 0x4b4f, 0x4b4f, 0x4b4f, 0x4b4f, 0x4b4f, 0x4b4f, 0x4b4f, 
	0x4b4f, 0x4b4f, 0x4b4f, 0x4b4f, 0x4b4f, 0x4b4f, 0x4b4f, 0x4b4f, 0x4b4f, 0x4b4f, 0x4b4f, 0x4b4f, 0x4b4f, 0x4b4f, 0x4b4f, 0x4b4f, 
	0x4b4f, 0x4b4f, 0x4b4f, 0x4b6f, 0x4b6f, 0x4b6f, 0x4b6f, 0x4b6f, 0x4b6f, 0x4b6f, 0x4b6f, 0x4b6f, 0x4b6f, 0x4b6f, 0x4b6f, 0x4b6f, 
	0x4b6f, 0x4b6f, 0x4b6f, 0x4b70, 0x4b70, 0x4b70, 0x4b70, 0x4b70, 0x4b70, 0x4b70, 0x4b70, 0x4b70, 0x4b70, 0x4b70, 0x4b70, 0x4b70, 
	0x4b70, 0x4b70, 0x4b70, 0x4b70, 0x4b70, 0x4b70, 0x4b70, 0x4b70, 0x4b70, 0x4b70, 0x4b70, 0x4b90, 0x4b90, 0x5390, 0x7c10, 0x8410, 
	0x8410, 0x5baf, 0x4b90, 0x4b90, 0x4b90, 0x4b70, 0x4b90, 0x4b70, 0x4b70, 0x4b70, 0x4b70, 0x4b70, 0x4b70, 0x4b70, 0x4b70, 0x4b70, 
	0x4b70, 0x4b70, 0x4b70, 0x4b70, 0x4b70, 0x4b70, 0x4b70, 0x4b6f, 0x4b6f, 0x4b6f, 0x4b6f, 0x4b6f, 0x4b6f, 0x4b6f, 0x4b6f, 0x4b6f, 
	0x4b6f, 0x4b6f, 0x4b6f, 0x4b6f, 0x4b6f, 0x4b6f, 0x4b6f, 0x4b6f, 0x4b6f, 0x4b6f, 0x4b6f, 0x4b6f, 0x4b6f, 0x4b6f, 0x4b4f, 0x4b4f, 
	0x4b4f, 0x4b4f, 0x4b4f, 0x434f, 0x3acc, 0x322a, 0x3a29, 0x3a28, 0x3a28, 0x4a6a, 0x8472, 0xadb7, 0xadb7, 0xadb7, 0xadb7, 0xa576, 
	0x5b0c, 0x39e8, 0x10a3, 0x0862, 0x29e9, 0x324a, 0x432e, 0x432e, 0x0882, 0x0841, 0x0841, 0x0841, 0x0841, 0x0882, 0x322a, 0x324a, 
	0x4b4f, 0x4b4f, 0x4b4f, 0x4b4f, 0x4b4f, 0x4b4f, 0x4b4f, 0x4b4f, 0x4b4f, 0x4b4f, 0x4b4f, 0x4b4f, 0x4b4f, 0x4b4f, 0x4b4f, 0x4b4f, 
	0x4b4f, 0x4b4f, 0x4b4f, 0x4b4f, 0x4b4f, 0x4b4f, 0x4b4f, 0x4b4f, 0x4b4f, 0x4b4f, 0x4b4f, 0x4b4f, 0x4b4f, 0x4b4f, 0x4b4f, 0x4b4f, 
	0x4b4f, 0x4b4f, 0x4b6f, 0x4b6f, 0x4b6f, 0x4b6f, 0x4b6f, 0x4b6f, 0x4b6f, 0x4b6f, 0x4b6f, 0x4b6f, 0x4b6f, 0x4b6f, 0x4b6f, 0x4b6f, 
	0x4b6f, 0x4b6f, 0x4b6f, 0x4b6f, 0x4b6f, 0x4b6f, 0x4b6f, 0x4b6f, 0x4b70, 0x4b70, 0x4b70, 0x4b70, 0x4b70, 0x4b70, 0x4b70, 0x4b70, 
	0x4b70, 0x4b70, 0x4b70, 0x4b70, 0x4b70, 0x4b70, 0x4b70, 0x4b70, 0x4b70, 0x4b90, 0x4b70, 0x4b90, 0x4b90, 0x5390, 0x7c10, 0x8410, 
	0x8410, 0x5baf, 0x4b90, 0x4b90, 0x4b90, 0x4b70, 0x4b70, 0x4b70, 0x4b70, 0x4b70, 0x4b70, 0x4b70, 0x4b70, 0x4b70, 0x4b70, 0x4b70, 
	0x4b70, 0x4b70, 0x4b70, 0x4b70, 0x4b70, 0x4b70, 0x4b70, 0x4b70, 0x4b70, 0x4b70, 0x4b6f, 0x4b70, 0x4b6f, 0x4b70, 0x4b6f, 0x4b6f, 
	0x4b6f, 0x4b6f, 0x4b6f, 0x4b6f, 0x4b6f, 0x4b6f, 0x4b6f, 0x4b6f, 0x4b6f, 0x4b6f, 0x4b6f, 0x4b6f, 0x4b6f, 0x4b4f, 0x4b4f, 0x4b4f, 
	0x4b4f, 0x4b4f, 0x4b4f, 0x4b6f, 0x4b4f, 0x432e, 0x21a8, 0x0861, 0x0861, 0x0882, 0x2966, 0x3a08, 0x3a08, 0x3a08, 0x3a08, 0x39e7, 
	0x10c3, 0x0882, 0x29c8, 0x324a, 0x432e, 0x4b4f, 0x4b4f, 0x434f, 0x324a, 0x322a, 0x322a, 0x322a, 0x322a, 0x324a, 0x4b4f, 0x434f, 
	0x4b4f, 0x4b4f, 0x4b4f, 0x4b4f, 0x4b4f, 0x4b4f, 0x4b4f, 0x4b4f, 0x4b4f, 0x4b4f, 0x4b4f, 0x4b4f, 0x4b4f, 0x4b4f, 0x4b4f, 0x4b4f, 
	0x4b4f, 0x4b4f, 0x4b4f, 0x4b4f, 0x4b4f, 0x4b4f, 0x4b4f, 0x4b4f, 0x4b4f, 0x4b4f, 0x4b4f, 0x4b4f, 0x4b4f, 0x4b4f, 0x4b4f, 0x4b4f, 
	0x4b4f, 0x4b4f, 0x4b4f, 0x4b6f, 0x4b6f, 0x4b6f, 0x4b6f, 0x4b6f, 0x4b6f, 0x4b6f, 0x4b6f, 0x4b6f, 0x4b6f, 0x4b6f, 0x4b6f, 0x4b6f, 
	0x4b6f, 0x4b6f, 0x4b6f, 0x4b70, 0x4b70, 0x4b70, 0x4b70, 0x4b70, 0x4b70, 0x4b70, 0x4b70, 0x4b70, 0x4b70, 0x4b70, 0x4b70, 0x4b70, 
	0x4b70, 0x4b70, 0x4b70, 0x4b70, 0x4b70, 0x4b70, 0x4b70, 0x4b70, 0x4b70, 0x4b70, 0x4b70, 0x4b90, 0x4b90, 0x5390, 0x7c10, 0x8410, 
	0x8410, 0x5baf, 0x4b90, 0x4b90, 0x4b90, 0x4b70, 0x4b90, 0x4b70, 0x4b70, 0x4b70, 0x4b70, 0x4b70, 0x4b70, 0x4b70, 0x4b70, 0x4b70, 
	0x4b70, 0x4b70, 0x4b70, 0x4b70, 0x4b70, 0x4b70, 0x4b70, 0x4b70, 0x4b6f, 0x4b6f, 0x4b6f, 0x4b6f, 0x4b6f, 0x4b6f, 0x4b6f, 0x4b6f, 
	0x4b6f, 0x4b6f, 0x4b6f, 0x4b6f, 0x4b6f, 0x4b6f, 0x4b6f, 0x4b6f, 0x4b6f, 0x4b6f, 0x4b6f, 0x4b6f, 0x4b6f, 0x4b6f, 0x4b4f, 0x4b4f, 
	0x4b4f, 0x4b4f, 0x4b4f, 0x4b4f, 0x4b4f, 0x434f, 0x3acc, 0x324a, 0x324a, 0x3229, 0x1925, 0x0862, 0x0862, 0x0862, 0x0862, 0x0882, 
	0x29c8, 0x324b, 0x430e, 0x4b4f, 0x4b4f, 0x4b4f, 0x4b4f, 0x4b4f, 0x4b4f, 0x4b4f, 0x4b4f, 0x4b4f, 0x4b4f, 0x4b4f, 0x4b4f, 0x4b4f, 
	0x4b4f, 0x4b4f, 0x4b4f, 0x4b4f, 0x4b4f, 0x4b4f, 0x4b4f, 0x4b4f, 0x4b4f, 0x4b4f, 0x4b4f, 0x4b4f, 0x4b4f, 0x4b4f, 0x4b4f, 0x4b4f, 
	0x4b4f, 0x4b4f, 0x4b4f, 0x4b4f, 0x4b4f, 0x4b4f, 0x4b4f, 0x4b4f, 0x4b4f, 0x4b4f, 0x4b4f, 0x4b4f, 0x4b4f, 0x4b4f, 0x4b4f, 0x4b4f, 
	0x4b4f, 0x4b4f, 0x4b6f, 0x4b6f, 0x4b6f, 0x4b6f, 0x4b6f, 0x4b6f, 0x4b6f, 0x4b6f, 0x4b6f, 0x4b6f, 0x4b6f, 0x4b6f, 0x4b6f, 0x4b6f, 
	0x4b6f, 0x4b6f, 0x4b6f, 0x4b6f, 0x4b6f, 0x4b6f, 0x4b6f, 0x4b6f, 0x4b70, 0x4b70, 0x4b70, 0x4b70, 0x4b70, 0x4b70, 0x4b70, 0x4b70, 
	0x4b70, 0x4b70, 0x4b70, 0x4b70, 0x4b70, 0x4b70, 0x4b70, 0x4b70, 0x4b70, 0x4b90, 0x4b70, 0x4b90, 0x4b90, 0x5390, 0x7c10, 0x8410, 
	0x8410, 0x5baf, 0x4b90, 0x4b90, 0x4b90, 0x4b70, 0x4b70, 0x4b70, 0x4b70, 0x4b70, 0x4b70, 0x4b70, 0x4b70, 0x4b70, 0x4b70, 0x4b70, 
	0x4b70, 0x4b70, 0x4b70, 0x4b70, 0x4b70, 0x4b70, 0x4b70, 0x4b70, 0x4b70, 0x4b70, 0x4b6f, 0x4b70, 0x4b6f, 0x4b70, 0x4b6f, 0x4b6f, 
	0x4b6f, 0x4b6f, 0x4b6f, 0x4b6f, 0x4b6f, 0x4b6f, 0x4b6f, 0x4b6f, 0x4b6f, 0x4b6f, 0x4b6f, 0x4b6f, 0x4b6f, 0x4b4f, 0x4b4f, 0x4b4f, 
	0x4b4f, 0x4b4f, 0x4b4f, 0x4b4f, 0x4b4f, 0x4b6f, 0x4b4f, 0x4b4f, 0x4b4f, 0x434f, 0x3aac, 0x324a, 0x324a, 0x324a, 0x324a, 0x326b, 
	0x430e, 0x4b4f, 0x4b4f, 0x4b4f, 0x4b4f, 0x4b4f, 0x4b4f, 0x4b4f, 0x4b4f, 0x4b4f, 0x4b4f, 0x4b4f, 0x4b4f, 0x4b4f, 0x4b4f, 0x4b4f, 
	0x4b4f, 0x4b4f, 0x4b4f, 0x4b4f, 0x4b4f, 0x4b4f, 0x4b4f, 0x4b4f, 0x4b4f, 0x4b4f, 0x4b4f, 0x4b4f, 0x4b4f, 0x4b4f, 0x4b4f, 0x4b4f, 
	0x4b4f, 0x4b4f, 0x4b4f, 0x4b4f, 0x4b4f, 0x4b4f, 0x4b4f, 0x4b4f, 0x4b4f, 0x4b4f, 0x4b4f, 0x4b4f, 0x4b4f, 0x4b4f, 0x4b4f, 0x4b4f, 
	0x4b4f, 0x4b4f, 0x4b4f, 0x4b6f, 0x4b6f, 0x4b6f, 0x4b6f, 0x4b6f, 0x4b6f, 0x4b6f, 0x4b6f, 0x4b6f, 0x4b6f, 0x4b6f, 0x4b6f, 0x4b6f, 
	0x4b6f, 0x4b6f, 0x4b6f, 0x4b70, 0x4b70, 0x4b70, 0x4b70, 0x4b70, 0x4b70, 0x4b70, 0x4b70, 0x4b70, 0x4b70, 0x4b70, 0x4b70, 0x4b70, 
	0x4b70, 0x4b70, 0x4b70, 0x4b70, 0x4b70, 0x4b70, 0x4b70, 0x4b70, 0x4b70, 0x4b70, 0x4b70, 0x4b90, 0x4b90, 0x5390, 0x7c10, 0x8410, 
	0x8410, 0x5baf, 0x4b90, 0x4b90, 0x4b90, 0x4b70, 0x4b90, 0x4b70, 0x4b70, 0x4b70, 0x4b70, 0x4b70, 0x4b70, 0x4b70, 0x4b70, 0x4b70, 
	0x4b70, 0x4b70, 0x4b70, 0x4b70, 0x4b70, 0x4b70, 0x4b70, 0x4b70, 0x4b6f, 0x4b6f, 0x4b6f, 0x4b6f, 0x4b6f, 0x4b6f, 0x4b6f, 0x4b6f, 
	0x4b6f, 0x4b6f, 0x4b6f, 0x4b6f, 0x4b6f, 0x4b6f, 0x4b6f, 0x4b6f, 0x4b6f, 0x4b6f, 0x4b6f, 0x4b6f, 0x4b6f, 0x4b6f, 0x4b4f, 0x4b4f, 
	0x4b4f, 0x4b4f, 0x4b4f, 0x4b4f, 0x4b4f, 0x4b4f, 0x4b4f, 0x4b4f, 0x4b4f, 0x4b4f, 0x4b4f, 0x4b4f, 0x4b4f, 0x4b4f, 0x4b4f, 0x4b4f, 
	0x4b4f, 0x4b4f, 0x4b4f, 0x4b4f, 0x4b4f, 0x4b4f, 0x4b4f, 0x4b4f, 0x4b4f, 0x4b4f, 0x4b4f, 0x4b4f, 0x4b4f, 0x4b4f, 0x4b4f, 0x4b4f, 
	0x4b4f, 0x4b4f, 0x4b4f, 0x4b4f, 0x4b4f, 0x4b4f, 0x4b4f, 0x4b4f, 0x4b4f, 0x4b4f, 0x4b4f, 0x4b4f, 0x4b4f, 0x4b4f, 0x4b4f, 0x4b4f, 
	0x4b4f, 0x4b4f, 0x4b4f, 0x4b4f, 0x4b4f, 0x4b4f, 0x4b4f, 0x4b4f, 0x4b4f, 0x4b4f, 0x4b4f, 0x4b4f, 0x4b4f, 0x4b4f, 0x4b4f, 0x4b4f, 
	0x4b4f, 0x4b4f, 0x4b6f, 0x4b6f, 0x4b6f, 0x4b6f, 0x4b6f, 0x4b6f, 0x4b6f, 0x4b6f, 0x4b6f, 0x4b6f, 0x4b6f, 0x4b6f, 0x4b6f, 0x4b6f, 
	0x4b6f, 0x4b6f, 0x4b6f, 0x4b6f, 0x4b6f, 0x4b6f, 0x4b6f, 0x4b6f, 0x4b70, 0x4b70, 0x4b70, 0x4b70, 0x4b70, 0x4b70, 0x4b70, 0x4b70, 
	0x4b70, 0x4b70, 0x4b70, 0x4b70, 0x4b70, 0x4b70, 0x4b70, 0x4b70, 0x4b70, 0x4b90, 0x4b70, 0x4b90, 0x4b90, 0x5390, 0x7c10, 0x8410, 
	0x8410, 0x5baf, 0x4b90, 0x4b90, 0x4b90, 0x4b70, 0x4b70, 0x4b70, 0x4b70, 0x4b70, 0x4b70, 0x4b70, 0x4b70, 0x4b70, 0x4b70, 0x4b70, 
	0x4b70, 0x4b70, 0x4b70, 0x4b70, 0x4b70, 0x4b70, 0x4b70, 0x4b70, 0x4b70, 0x4b70, 0x4b6f, 0x4b70, 0x4b6f, 0x4b70, 0x4b6f, 0x4b6f, 
	0x4b6f, 0x4b6f, 0x4b6f, 0x4b6f, 0x4b6f, 0x4b6f, 0x4b6f, 0x4b6f, 0x4b6f, 0x4b6f, 0x4b6f, 0x4b6f, 0x4b6f, 0x4b4f, 0x4b4f, 0x4b4f, 
	0x4b4f, 0x4b4f, 0x4b4f, 0x4b4f, 0x4b4f, 0x4b4f, 0x4b4f, 0x4b4f, 0x4b4f, 0x4b4f, 0x4b4f, 0x4b4f, 0x4b4f, 0x4b4f, 0x4b4f, 0x4b4f, 
	0x4b4f, 0x4b4f, 0x4b4f, 0x4b4f, 0x4b4f, 0x4b4f, 0x4b4f, 0x4b4f, 0x4b4f, 0x4b4f, 0x4b4f, 0x4b4f, 0x4b4f, 0x4b4f, 0x4b4f, 0x4b4f, 
	0x4b4f, 0x4b4f, 0x4b4f, 0x4b4f, 0x4b4f, 0x4b4f, 0x4b4f, 0x4b4f, 0x4b4f, 0x4b4f, 0x4b4f, 0x4b4f, 0x4b4f, 0x4b4f, 0x4b4f, 0x4b4f, 
	0x4b4f, 0x4b4f, 0x4b4f, 0x4b4f, 0x4b4f, 0x4b4f, 0x4b4f, 0x4b4f, 0x4b4f, 0x4b4f, 0x4b4f, 0x4b4f, 0x4b4f, 0x4b4f, 0x4b4f, 0x4b4f, 
	0x4b4f, 0x4b4f, 0x4b4f, 0x4b6f, 0x4b6f, 0x4b6f, 0x4b6f, 0x4b6f, 0x4b6f, 0x4b6f, 0x4b6f, 0x4b6f, 0x4b6f, 0x4b6f, 0x4b6f, 0x4b6f, 
	0x4b6f, 0x4b6f, 0x4b6f, 0x4b70, 0x4b70, 0x4b70, 0x4b70, 0x4b70, 0x4b70, 0x4b70, 0x4b70, 0x4b70, 0x4b70, 0x4b70, 0x4b70, 0x4b70, 
	0x4b70, 0x4b70, 0x4b70, 0x4b70, 0x4b70, 0x4b70, 0x4b70, 0x4b70, 0x4b70, 0x4b70, 0x4b70, 0x4b90, 0x4b90, 0x5390, 0x7c10, 0x8410, 
	0x8410, 0x5baf, 0x4b90, 0x4b90, 0x4b90, 0x4b70, 0x4b90, 0x4b70, 0x4b70, 0x4b70, 0x4b70, 0x4b70, 0x4b70, 0x4b70, 0x4b70, 0x4b70, 
	0x4b70, 0x4b70, 0x4b70, 0x4b70, 0x4b70, 0x4b70, 0x4b70, 0x4b70, 0x4b6f, 0x4b6f, 0x4b6f, 0x4b6f, 0x4b6f, 0x4b6f, 0x4b6f, 0x4b6f, 
	0x4b6f, 0x4b6f, 0x4b6f, 0x4b6f, 0x4b6f, 0x4b6f, 0x4b6f, 0x4b6f, 0x4b6f, 0x4b6f, 0x4b6f, 0x4b6f, 0x4b6f, 0x4b6f, 0x4b4f, 0x4b4f, 
	0x4b4f, 0x4b4f, 0x4b4f, 0x4b4f, 0x4b4f, 0x4b4f, 0x4b4f, 0x4b4f, 0x4b4f, 0x4b4f, 0x4b4f, 0x4b4f, 0x4b4f, 0x4b4f, 0x4b4f, 0x4b4f, 
	0x4b4f, 0x4b4f, 0x4b4f, 0x4b4f, 0x4b4f, 0x4b4f, 0x4b4f, 0x4b4f, 0x4b4f, 0x4b4f, 0x4b4f, 0x4b4f, 0x4b4f, 0x4b4f, 0x4b4f, 0x4b4f, 
	0x4b4f, 0x4b4f, 0x4b4f, 0x4b4f, 0x4b4f, 0x4b4f, 0x4b4f, 0x4b4f, 0x4b4f, 0x4b4f, 0x4b4f, 0x4b4f, 0x4b4f, 0x4b4f, 0x4b4f, 0x4b4f, 
	0x4b4f, 0x4b4f, 0x4b4f, 0x4b4f, 0x4b4f, 0x4b4f, 0x4b4f, 0x4b4f, 0x4b4f, 0x4b4f, 0x4b4f, 0x4b4f, 0x4b4f, 0x4b4f, 0x4b4f, 0x4b4f, 
	0x4b4f, 0x4b4f, 0x4b6f, 0x4b6f, 0x4b6f, 0x4b6f, 0x4b6f, 0x4b6f, 0x4b6f, 0x4b6f, 0x4b6f, 0x4b6f, 0x4b6f, 0x4b6f, 0x4b6f, 0x4b6f, 
	0x4b6f, 0x4b6f, 0x4b6f, 0x4b6f, 0x4b6f, 0x4b6f, 0x4b6f, 0x4b6f, 0x4b70, 0x4b70, 0x4b70, 0x4b70, 0x4b70, 0x4b70, 0x4b70, 0x4b70, 
	0x4b70, 0x4b70, 0x4b70, 0x4b70, 0x4b70, 0x4b70, 0x4b70, 0x4b70, 0x4b70, 0x4b90, 0x4b70, 0x4b90, 0x4b90, 0x5390, 0x7c10, 0x8410, 
	0x8410, 0x5baf, 0x4b90, 0x4b90, 0x4b90, 0x4b70, 0x4b70, 0x4b70, 0x4b70, 0x4b70, 0x4b70, 0x4b70, 0x4b70, 0x4b70, 0x4b70, 0x4b70, 
	0x4b70, 0x4b70, 0x4b70, 0x4b70, 0x4b70, 0x4b70, 0x4b70, 0x4b70, 0x4b70, 0x4b70, 0x4b6f, 0x4b6f, 0x4b6f, 0x4b70, 0x4b6f, 0x4b6f, 
	0x4b6f, 0x4b6f, 0x4b6f, 0x4b6f, 0x4b6f, 0x4b6f, 0x4b6f, 0x4b6f, 0x4b6f, 0x4b6f, 0x4b6f, 0x4b6f, 0x4b6f, 0x4b4f, 0x4b4f, 0x4b4f, 
	0x4b4f, 0x4b4f, 0x4b4f, 0x4b4f, 0x4b4f, 0x4b4f, 0x4b4f, 0x4b4f, 0x4b4f, 0x4b4f, 0x4b4f, 0x4b4f, 0x4b4f, 0x4b4f, 0x4b4f, 0x4b4f, 
	0x4b4f, 0x4b4f, 0x4b4f, 0x4b4f, 0x4b4f, 0x4b4f, 0x4b4f, 0x4b4f, 0x4b4f, 0x4b4f, 0x4b4f, 0x4b4f, 0x4b4f, 0x4b4f, 0x4b4f, 0x4b4f, 
	0x4b4f, 0x4b4f, 0x4b4f, 0x4b4f, 0x4b4f, 0x4b4f, 0x4b4f, 0x4b4f, 0x4b4f, 0x4b4f, 0x4b4f, 0x4b4f, 0x4b4f, 0x4b4f, 0x4b4f, 0x4b4f, 
	0x4b4f, 0x4b4f, 0x4b4f, 0x4b4f, 0x4b4f, 0x4b4f, 0x4b4f, 0x4b4f, 0x4b4f, 0x4b4f, 0x4b4f, 0x4b4f, 0x4b4f, 0x4b4f, 0x4b4f, 0x4b4f, 
	0x4b4f, 0x4b4f, 0x4b4f, 0x4b6f, 0x4b6f, 0x4b6f, 0x4b6f, 0x4b6f, 0x4b6f, 0x4b6f, 0x4b6f, 0x4b6f, 0x4b6f, 0x4b6f, 0x4b6f, 0x4b6f, 
	0x4b6f, 0x4b6f, 0x4b6f, 0x4b70, 0x4b70, 0x4b70, 0x4b70, 0x4b70, 0x4b70, 0x4b70, 0x4b70, 0x4b70, 0x4b70, 0x4b70, 0x4b70, 0x4b70, 
	0x4b70, 0x4b70, 0x4b70, 0x4b70, 0x4b70, 0x4b70, 0x4b70, 0x4b70, 0x4b70, 0x4b70, 0x4b70, 0x4b90, 0x4b90, 0x5390, 0x7c10, 0x8410, 
	0x8410, 0x5baf, 0x4b90, 0x4b90, 0x4b90, 0x4b70, 0x4b90, 0x4b70, 0x4b70, 0x4b70, 0x4b70, 0x4b70, 0x4b70, 0x4b70, 0x4b70, 0x4b70, 
	0x4b70, 0x4b70, 0x4b70, 0x4b70, 0x4b70, 0x4b70, 0x4b70, 0x4b70, 0x4b6f, 0x4b6f, 0x4b6f, 0x4b6f, 0x4b6f, 0x4b6f, 0x4b6f, 0x4b6f, 
	0x4b6f, 0x4b6f, 0x4b6f, 0x4b6f, 0x4b6f, 0x4b6f, 0x4b6f, 0x4b6f, 0x4b6f, 0x4b6f, 0x4b6f, 0x4b6f, 0x4b6f, 0x4b6f, 0x4b4f, 0x4b4f, 
	0x4b4f, 0x4b4f, 0x4b4f, 0x4b4f, 0x4b4f, 0x4b4f, 0x4b4f, 0x4b4f, 0x4b4f, 0x4b4f, 0x4b4f, 0x4b4f, 0x4b4f, 0x4b4f, 0x4b4f, 0x4b4f, 
	0x4b4f, 0x4b4f, 0x4b4f, 0x4b4f, 0x4b4f, 0x4b4f, 0x4b4f, 0x4b4f, 0x4b4f, 0x4b4f, 0x4b4f, 0x4b4f, 0x4b4f, 0x4b4f, 0x4b4f, 0x4b4f, 
	0x4b4f, 0x4b4f, 0x4b4f, 0x4b4f, 0x4b4f, 0x4b4f, 0x4b4f, 0x4b4f, 0x4b4f, 0x4b4f, 0x4b4f, 0x4b4f, 0x4b4f, 0x4b4f, 0x4b4f, 0x4b4f, 
	0x4b4f, 0x4b4f, 0x4b4f, 0x4b4f, 0x4b4f, 0x4b4f, 0x4b4f, 0x4b4f, 0x4b4f, 0x4b4f, 0x4b4f, 0x4b4f, 0x4b4f, 0x4b4f, 0x4b4f, 0x4b4f, 
	0x4b4f, 0x4b4f, 0x4b6f, 0x4b6f, 0x4b6f, 0x4b6f, 0x4b6f, 0x4b6f, 0x4b6f, 0x4b6f, 0x4b6f, 0x4b6f, 0x4b6f, 0x4b6f, 0x4b6f, 0x4b6f, 
	0x4b6f, 0x4b6f, 0x4b6f, 0x4b6f, 0x4b6f, 0x4b6f, 0x4b6f, 0x4b6f, 0x4b70, 0x4b70, 0x4b70, 0x4b70, 0x4b70, 0x4b70, 0x4b70, 0x4b70, 
	0x4b70, 0x4b70, 0x4b70, 0x4b70, 0x4b70, 0x4b70, 0x4b70, 0x4b70, 0x4b70, 0x4b90, 0x4b70, 0x4b90, 0x4b90, 0x5390, 0x7c10, 0x8410, 
	0x8410, 0x5baf, 0x4b90, 0x4b90, 0x4b90, 0x4b70, 0x4b70, 0x4b70, 0x4b70, 0x4b70, 0x4b70, 0x4b70, 0x4b70, 0x4b70, 0x4b70, 0x4b70, 
	0x4b70, 0x4b70, 0x4b70, 0x4b70, 0x4b70, 0x4b70, 0x4b70, 0x4b70, 0x4b70, 0x4b70, 0x4b6f, 0x4b6f, 0x4b6f, 0x4b6f, 0x4b6f, 0x4b6f, 
	0x4b6f, 0x4b6f, 0x4b6f, 0x4b6f, 0x4b6f, 0x4b6f, 0x4b6f, 0x4b6f, 0x4b6f, 0x4b6f, 0x4b6f, 0x4b6f, 0x4b6f, 0x4b4f, 0x4b4f, 0x4b4f, 
	0x4b4f, 0x4b4f, 0x4b4f, 0x4b4f, 0x4b4f, 0x4b4f, 0x4b4f, 0x4b4f, 0x4b4f, 0x4b4f, 0x4b4f, 0x4b4f, 0x4b4f, 0x4b4f, 0x4b4f, 0x4b4f, 
	0x4b4f, 0x4b4f, 0x4b4f, 0x4b4f, 0x4b4f, 0x4b4f, 0x4b4f, 0x4b4f, 0x4b4f, 0x4b4f, 0x4b4f, 0x4b4f, 0x4b4f, 0x4b4f, 0x4b4f, 0x4b4f, 
	0x4b4f, 0x4b4f, 0x4b4f, 0x4b4f, 0x4b4f, 0x4b4f, 0x4b4f, 0x4b4f, 0x4b4f, 0x4b4f, 0x4b4f, 0x4b4f, 0x4b4f, 0x4b4f, 0x4b4f, 0x4b4f, 
	0x4b4f, 0x4b4f, 0x4b4f, 0x4b4f, 0x4b4f, 0x4b4f, 0x4b4f, 0x4b4f, 0x4b4f, 0x4b4f, 0x4b4f, 0x4b4f, 0x4b4f, 0x4b4f, 0x4b4f, 0x4b4f, 
	0x4b4f, 0x4b4f, 0x4b4f, 0x4b6f, 0x4b6f, 0x4b6f, 0x4b6f, 0x4b6f, 0x4b6f, 0x4b6f, 0x4b6f, 0x4b6f, 0x4b6f, 0x4b6f, 0x4b6f, 0x4b6f, 
	0x4b6f, 0x4b6f, 0x4b6f, 0x4b70, 0x4b70, 0x4b70, 0x4b70, 0x4b70, 0x4b70, 0x4b70, 0x4b70, 0x4b70, 0x4b70, 0x4b70, 0x4b70, 0x4b70, 
	0x4b70, 0x4b70, 0x4b70, 0x4b70, 0x4b70, 0x4b70, 0x4b70, 0x4b70, 0x4b70, 0x4b70, 0x4b70, 0x4b90, 0x4b90, 0x5390, 0x7c10, 0x8410, 
	0x8410, 0x5baf, 0x4b90, 0x4b90, 0x4b90, 0x4b70, 0x4b70, 0x4b70, 0x4b70, 0x4b70, 0x4b70, 0x4b70, 0x4b70, 0x4b70, 0x4b70, 0x4b70, 
	0x4b70, 0x4b70, 0x4b70, 0x4b70, 0x4b70, 0x4b70, 0x4b70, 0x4b70, 0x4b6f, 0x4b6f, 0x4b6f, 0x4b6f, 0x4b6f, 0x4b6f, 0x4b6f, 0x4b6f, 
	0x4b6f, 0x4b6f, 0x4b6f, 0x4b6f, 0x4b6f, 0x4b6f, 0x4b6f, 0x4b6f, 0x4b6f, 0x4b6f, 0x4b6f, 0x4b6f, 0x4b6f, 0x4b4f, 0x4b4f, 0x4b4f, 
	0x4b4f, 0x4b4f, 0x4b4f, 0x4b4f, 0x4b4f, 0x4b4f, 0x4b4f, 0x4b4f, 0x4b4f, 0x4b4f, 0x4b4f, 0x4b4f, 0x4b4f, 0x4b4f, 0x4b4f, 0x4b4f, 
	0x4b4f, 0x4b4f, 0x4b4f, 0x4b4f, 0x4b4f, 0x4b4f, 0x4b4f, 0x4b4f, 0x4b4f, 0x4b4f, 0x4b4f, 0x4b4f, 0x4b4f, 0x4b4f, 0x4b4f, 0x4b4f, 
	0x4b4f, 0x4b4f, 0x4b4f, 0x4b4f, 0x4b4f, 0x4b4f, 0x4b4f, 0x4b4f, 0x4b4f, 0x4b4f, 0x4b4f, 0x4b4f, 0x4b4f, 0x4b4f, 0x4b4f, 0x4b4f, 
	0x4b4f, 0x4b4f, 0x4b4f, 0x4b4f, 0x4b4f, 0x4b4f, 0x4b4f, 0x4b4f, 0x4b4f, 0x4b4f, 0x4b4f, 0x4b4f, 0x4b4f, 0x4b4f, 0x4b4f, 0x4b4f, 
	0x4b4f, 0x4b4f, 0x4b6f, 0x4b6f, 0x4b6f, 0x4b6f, 0x4b6f, 0x4b6f, 0x4b6f, 0x4b6f, 0x4b6f, 0x4b6f, 0x4b6f, 0x4b6f, 0x4b6f, 0x4b6f, 
	0x4b6f, 0x4b6f, 0x4b6f, 0x4b6f, 0x4b6f, 0x4b6f, 0x4b6f, 0x4b6f, 0x4b70, 0x4b70, 0x4b70, 0x4b70, 0x4b70, 0x4b70, 0x4b70, 0x4b70, 
	0x4b70, 0x4b70, 0x4b70, 0x4b70, 0x4b70, 0x4b70, 0x4b70, 0x4b70, 0x4b70, 0x4b90, 0x4b70, 0x4b90, 0x4b90, 0x5390, 0x7c10, 0x8410, 
	0x8410, 0x5baf, 0x4b90, 0x4b90, 0x4b90, 0x4b70, 0x4b70, 0x4b70, 0x4b70, 0x4b70, 0x4b70, 0x4b70, 0x4b70, 0x4b70, 0x4b70, 0x4b70, 
	0x4b70, 0x4b70, 0x4b70, 0x4b70, 0x4b70, 0x4b70, 0x4b70, 0x4b70, 0x4b70, 0x4b70, 0x4b6f, 0x4b6f, 0x4b6f, 0x4b6f, 0x4b6f, 0x4b6f, 
	0x4b6f, 0x4b6f, 0x4b6f, 0x4b6f, 0x4b6f, 0x4b6f, 0x4b6f, 0x4b6f, 0x4b6f, 0x4b6f, 0x4b6f, 0x4b6f, 0x4b6f, 0x4b4f, 0x4b4f, 0x4b4f, 
	0x4b4f, 0x4b4f, 0x4b4f, 0x4b4f, 0x4b4f, 0x4b4f, 0x4b4f, 0x4b4f, 0x4b4f, 0x4b4f, 0x4b4f, 0x4b4f, 0x4b4f, 0x4b4f, 0x4b4f, 0x4b4f, 
	0x4b4f, 0x4b4f, 0x4b4f, 0x4b4f, 0x4b4f, 0x4b4f, 0x4b4f, 0x4b4f, 0x4b4f, 0x4b4f, 0x4b4f, 0x4b4f, 0x4b4f, 0x4b4f, 0x4b4f, 0x4b4f, 
	0x4b4f, 0x4b4f, 0x4b4f, 0x4b4f, 0x4b4f, 0x4b4f, 0x4b4f, 0x4b4f, 0x4b4f, 0x4b4f, 0x4b4f, 0x4b4f, 0x4b4f, 0x4b4f, 0x4b4f, 0x4b4f, 
	0x4b4f, 0x4b4f, 0x4b4f, 0x4b4f, 0x4b4f, 0x4b4f, 0x4b4f, 0x4b4f, 0x4b4f, 0x4b4f, 0x4b4f, 0x4b4f, 0x4b4f, 0x4b4f, 0x4b4f, 0x4b4f, 
	0x4b4f, 0x4b4f, 0x4b4f, 0x4b6f, 0x4b6f, 0x4b6f, 0x4b6f, 0x4b6f, 0x4b6f, 0x4b6f, 0x4b6f, 0x4b6f, 0x4b6f, 0x4b6f, 0x4b6f, 0x4b6f, 
	0x4b6f, 0x4b6f, 0x4b6f, 0x4b70, 0x4b70, 0x4b70, 0x4b70, 0x4b70, 0x4b70, 0x4b70, 0x4b70, 0x4b70, 0x4b70, 0x4b70, 0x4b70, 0x4b70, 
	0x4b70, 0x4b70, 0x4b70, 0x4b70, 0x4b70, 0x4b70, 0x4b70, 0x4b70, 0x4b70, 0x4b70, 0x4b70, 0x4b90, 0x4b90, 0x5390, 0x7c10, 0x8410, 
	0x8410, 0x5baf, 0x4b90, 0x4b90, 0x4b90, 0x4b70, 0x4b70, 0x4b70, 0x4b70, 0x4b70, 0x4b70, 0x4b70, 0x4b70, 0x4b70, 0x4b70, 0x4b70, 
	0x4b70, 0x4b70, 0x4b70, 0x4b70, 0x4b70, 0x4b70, 0x4b70, 0x4b70, 0x4b6f, 0x4b6f, 0x4b6f, 0x4b6f, 0x4b6f, 0x4b6f, 0x4b6f, 0x4b6f, 
	0x4b6f, 0x4b6f, 0x4b6f, 0x4b6f, 0x4b6f, 0x4b6f, 0x4b6f, 0x4b6f, 0x4b6f, 0x4b6f, 0x4b6f, 0x4b6f, 0x4b6f, 0x4b4f, 0x4b4f, 0x4b4f, 
	0x4b4f, 0x4b4f, 0x4b4f, 0x4b4f, 0x4b4f, 0x4b4f, 0x4b4f, 0x4b4f, 0x4b4f, 0x4b4f, 0x4b4f, 0x4b4f, 0x4b4f, 0x4b4f, 0x4b4f, 0x4b4f, 
	0x4b4f, 0x4b4f, 0x4b4f, 0x4b4f, 0x4b4f, 0x4b4f, 0x4b4f, 0x4b4f, 0x4b4f, 0x4b4f, 0x4b4f, 0x4b4f, 0x4b4f, 0x4b4f, 0x4b4f, 0x4b4f, 
	0x4b4f, 0x4b4f, 0x4b4f, 0x4b4f, 0x4b4f, 0x4b4f, 0x4b4f, 0x4b4f, 0x4b4f, 0x4b4f, 0x4b4f, 0x4b4f, 0x4b4f, 0x4b4f, 0x4b4f, 0x4b4f, 
	0x4b4f, 0x4b4f, 0x4b4f, 0x4b4f, 0x4b4f, 0x4b4f, 0x4b4f, 0x4b4f, 0x4b4f, 0x4b4f, 0x4b4f, 0x4b4f, 0x4b4f, 0x4b4f, 0x4b4f, 0x4b4f, 
	0x4b4f, 0x4b4f, 0x4b6f, 0x4b6f, 0x4b6f, 0x4b6f, 0x4b6f, 0x4b6f, 0x4b6f, 0x4b6f, 0x4b6f, 0x4b6f, 0x4b6f, 0x4b6f, 0x4b6f, 0x4b6f, 
	0x4b6f, 0x4b6f, 0x4b6f, 0x4b6f, 0x4b6f, 0x4b6f, 0x4b6f, 0x4b6f, 0x4b70, 0x4b70, 0x4b70, 0x4b70, 0x4b70, 0x4b70, 0x4b70, 0x4b70, 
	0x4b70, 0x4b70, 0x4b70, 0x4b70, 0x4b70, 0x4b70, 0x4b70, 0x4b70, 0x4b70, 0x4b90, 0x4b70, 0x4b90, 0x4b90, 0x5390, 0x7c10, 0x8410, 
	0x8410, 0x5baf, 0x4b90, 0x4b90, 0x4b90, 0x4b70, 0x4b70, 0x4b70, 0x4b70, 0x4b70, 0x4b70, 0x4b70, 0x4b70, 0x4b70, 0x4b70, 0x4b70, 
	0x4b70, 0x4b70, 0x4b70, 0x4b70, 0x4b70, 0x4b70, 0x4b70, 0x4b70, 0x4b70, 0x4b70, 0x4b6f, 0x4b6f, 0x4b6f, 0x4b6f, 0x4b6f, 0x4b6f, 
	0x4b6f, 0x4b6f, 0x4b6f, 0x4b6f, 0x4b6f, 0x4b6f, 0x4b6f, 0x4b6f, 0x4b6f, 0x4b6f, 0x4b6f, 0x4b6f, 0x4b6f, 0x4b4f, 0x4b4f, 0x4b4f, 
	0x4b4f, 0x4b4f, 0x4b4f, 0x4b4f, 0x4b4f, 0x4b4f, 0x4b4f, 0x4b4f, 0x4b4f, 0x4b4f, 0x4b4f, 0x4b4f, 0x4b4f, 0x4b4f, 0x4b4f, 0x4b4f, 
	0x4b4f, 0x4b4f, 0x4b4f, 0x4b4f, 0x4b4f, 0x4b4f, 0x4b4f, 0x4b4f, 0x4b4f, 0x4b4f, 0x4b4f, 0x4b4f, 0x4b4f, 0x4b4f, 0x4b4f, 0x4b4f, 
	0x4b4f, 0x4b4f, 0x4b4f, 0x4b4f, 0x4b4f, 0x4b4f, 0x4b4f, 0x4b4f, 0x4b4f, 0x4b4f, 0x4b4f, 0x4b4f, 0x4b4f, 0x4b4f, 0x4b4f, 0x4b4f, 
	0x4b4f, 0x4b4f, 0x4b4f, 0x4b4f, 0x4b4f, 0x4b4f, 0x4b4f, 0x4b4f, 0x4b4f, 0x4b4f, 0x4b4f, 0x4b4f, 0x4b4f, 0x4b4f, 0x4b4f, 0x4b4f, 
	0x4b4f, 0x4b4f, 0x4b4f, 0x4b6f, 0x4b6f, 0x4b6f, 0x4b6f, 0x4b6f, 0x4b6f, 0x4b6f, 0x4b6f, 0x4b6f, 0x4b6f, 0x4b6f, 0x4b6f, 0x4b6f, 
	0x4b6f, 0x4b6f, 0x4b6f, 0x4b70, 0x4b70, 0x4b70, 0x4b70, 0x4b70, 0x4b70, 0x4b70, 0x4b70, 0x4b70, 0x4b70, 0x4b70, 0x4b70, 0x4b70, 
	0x4b70, 0x4b70, 0x4b70, 0x4b70, 0x4b70, 0x4b70, 0x4b70, 0x4b70, 0x4b70, 0x4b70, 0x4b70, 0x4b90, 0x4b90, 0x5390, 0x7c10, 0x8410, 
	0x8410, 0x5baf, 0x4b90, 0x4b90, 0x4b90, 0x4b70, 0x4b70, 0x4b70, 0x4b70, 0x4b70, 0x4b70, 0x4b70, 0x4b70, 0x4b70, 0x4b70, 0x4b70, 
	0x4b70, 0x4b70, 0x4b70, 0x4b70, 0x4b70, 0x4b70, 0x4b70, 0x4b70, 0x4b6f, 0x4b6f, 0x4b6f, 0x4b6f, 0x4b6f, 0x4b6f, 0x4b6f, 0x4b6f, 
	0x4b6f, 0x4b6f, 0x4b6f, 0x4b6f, 0x4b6f, 0x4b6f, 0x4b6f, 0x4b6f, 0x4b6f, 0x4b6f, 0x4b6f, 0x4b6f, 0x4b6f, 0x4b4f, 0x4b4f, 0x4b4f, 
	0x4b4f, 0x4b4f, 0x4b4f, 0x4b4f, 0x4b4f, 0x4b4f, 0x4b4f, 0x4b4f, 0x4b4f, 0x4b4f, 0x4b4f, 0x4b4f, 0x4b4f, 0x4b4f, 0x4b4f, 0x4b4f, 
	0x4b4f, 0x4b4f, 0x4b4f, 0x4b4f, 0x4b4f, 0x4b4f, 0x4b4f, 0x4b4f, 0x4b4f, 0x4b4f, 0x4b4f, 0x4b4f, 0x4b4f, 0x4b4f, 0x4b4f, 0x4b4f, 
	0x4b4f, 0x4b4f, 0x4b4f, 0x4b4f, 0x4b4f, 0x4b4f, 0x4b4f, 0x4b4f, 0x4b4f, 0x4b4f, 0x4b4f, 0x4b4f, 0x4b4f, 0x4b4f, 0x4b4f, 0x4b4f, 
	0x4b4f, 0x4b4f, 0x4b4f, 0x4b4f, 0x4b4f, 0x4b4f, 0x4b4f, 0x4b4f, 0x4b4f, 0x4b4f, 0x4b4f, 0x4b4f, 0x4b4f, 0x4b4f, 0x4b4f, 0x4b4f, 
	0x4b4f, 0x4b4f, 0x4b6f, 0x4b6f, 0x4b6f, 0x4b6f, 0x4b6f, 0x4b6f, 0x4b6f, 0x4b6f, 0x4b6f, 0x4b6f, 0x4b6f, 0x4b6f, 0x4b6f, 0x4b6f, 
	0x4b6f, 0x4b6f, 0x4b6f, 0x4b6f, 0x4b6f, 0x4b6f, 0x4b6f, 0x4b6f, 0x4b70, 0x4b70, 0x4b70, 0x4b70, 0x4b70, 0x4b70, 0x4b70, 0x4b70, 
	0x4b70, 0x4b70, 0x4b70, 0x4b70, 0x4b70, 0x4b70, 0x4b70, 0x4b70, 0x4b70, 0x4b70, 0x4b70, 0x4b90, 0x4b90, 0x5390, 0x7c10, 0x8410, 
	0x8410, 0x5baf, 0x4b90, 0x4b90, 0x4b90, 0x4b70, 0x4b70, 0x4b70, 0x4b70, 0x4b70, 0x4b70, 0x4b70, 0x4b70, 0x4b70, 0x4b70, 0x4b70, 
	0x4b70, 0x4b70, 0x4b70, 0x4b70, 0x4b70, 0x4b70, 0x4b70, 0x4b70, 0x4b6f, 0x4b6f, 0x4b6f, 0x4b6f, 0x4b6f, 0x4b6f, 0x4b6f, 0x4b6f, 
	0x4b6f, 0x4b6f, 0x4b6f, 0x4b6f, 0x4b6f, 0x4b6f, 0x4b6f, 0x4b6f, 0x4b6f, 0x4b6f, 0x4b6f, 0x4b6f, 0x4b6f, 0x4b4f, 0x4b4f, 0x4b4f, 
	0x4b4f, 0x4b4f, 0x4b4f, 0x4b4f, 0x4b4f, 0x4b4f, 0x4b4f, 0x4b4f, 0x4b4f, 0x4b4f, 0x4b4f, 0x4b4f, 0x4b4f, 0x4b4f, 0x4b4f, 0x4b4f, 
	0x4b4f, 0x4b4f, 0x4b4f, 0x4b4f, 0x4b4f, 0x4b4f, 0x4b4f, 0x4b4f, 0x4b4f, 0x4b4f, 0x4b4f, 0x4b4f, 0x4b4f, 0x4b4f, 0x4b4f, 0x4b4f, 
	0x4b4f, 0x4b4f, 0x4b4f, 0x4b4f, 0x4b4f, 0x4b4f, 0x4b4f, 0x4b4f, 0x4b4f, 0x4b4f, 0x4b4f, 0x4b4f, 0x4b4f, 0x4b4f, 0x4b4f, 0x4b4f, 
	0x4b4f, 0x4b4f, 0x4b4f, 0x4b4f, 0x4b4f, 0x4b4f, 0x4b4f, 0x4b4f, 0x4b4f, 0x4b4f, 0x4b4f, 0x4b4f, 0x4b4f, 0x4b4f, 0x4b4f, 0x4b4f, 
	0x4b4f, 0x4b4f, 0x4b6f, 0x4b6f, 0x4b6f, 0x4b6f, 0x4b6f, 0x4b6f, 0x4b6f, 0x4b6f, 0x4b6f, 0x4b6f, 0x4b6f, 0x4b6f, 0x4b6f, 0x4b6f, 
	0x4b6f, 0x4b6f, 0x4b6f, 0x4b6f, 0x4b6f, 0x4b6f, 0x4b6f, 0x4b6f, 0x4b70, 0x4b70, 0x4b70, 0x4b70, 0x4b70, 0x4b70, 0x4b70, 0x4b70, 
	0x4b70, 0x4b70, 0x4b70, 0x4b70, 0x4b70, 0x4b70, 0x4b70, 0x4b70, 0x4b70, 0x4b70, 0x4b70, 0x4b90, 0x4b90, 0x5390, 0x7c10, 0x8410, 
	0x8410, 0x5baf, 0x4b90, 0x4b90, 0x4b90, 0x4b70, 0x4b70, 0x4b70, 0x4b70, 0x4b70, 0x4b70, 0x4b70, 0x4b70, 0x4b70, 0x4b70, 0x4b70, 
	0x4b70, 0x4b70, 0x4b70, 0x4b70, 0x4b70, 0x4b70, 0x4b70, 0x4b70, 0x4b70, 0x4b70, 0x4b6f, 0x4b6f, 0x4b6f, 0x4b6f, 0x4b6f, 0x4b6f, 
	0x4b6f, 0x4b6f, 0x4b6f, 0x4b6f, 0x4b6f, 0x4b6f, 0x4b6f, 0x4b6f, 0x4b6f, 0x4b6f, 0x4b6f, 0x4b6f, 0x4b6f, 0x4b4f, 0x4b4f, 0x4b4f, 
	0x4b4f, 0x4b4f, 0x4b4f, 0x4b4f, 0x4b4f, 0x4b4f, 0x4b4f, 0x4b4f, 0x4b4f, 0x4b4f, 0x4b4f, 0x4b4f, 0x4b4f, 0x4b4f, 0x4b4f, 0x4b4f, 
	0x4b4f, 0x4b4f, 0x4b4f, 0x4b4f, 0x4b4f, 0x4b4f, 0x4b4f, 0x4b4f, 0x4b4f, 0x4b4f, 0x4b4f, 0x4b4f, 0x4b4f, 0x4b4f, 0x4b4f, 0x4b4f, 
	0x4b4f, 0x4b4f, 0x4b4f, 0x4b4f, 0x4b4f, 0x4b4f, 0x4b4f, 0x4b4f, 0x4b4f, 0x4b4f, 0x4b4f, 0x4b4f, 0x4b4f, 0x4b4f, 0x4b4f, 0x4b4f, 
	0x4b4f, 0x4b4f, 0x4b4f, 0x4b4f, 0x4b4f, 0x4b4f, 0x4b4f, 0x4b4f, 0x4b4f, 0x4b4f, 0x4b4f, 0x4b4f, 0x4b4f, 0x4b4f, 0x4b4f, 0x4b4f, 
	0x4b4f, 0x4b4f, 0x4b4f, 0x4b6f, 0x4b6f, 0x4b6f, 0x4b6f, 0x4b6f, 0x4b6f, 0x4b6f, 0x4b6f, 0x4b6f, 0x4b6f, 0x4b6f, 0x4b6f, 0x4b6f, 
	0x4b6f, 0x4b6f, 0x4b6f, 0x4b70, 0x4b70, 0x4b70, 0x4b70, 0x4b70, 0x4b70, 0x4b70, 0x4b70, 0x4b70, 0x4b70, 0x4b70, 0x4b70, 0x4b70, 
	0x4b70, 0x4b70, 0x4b70, 0x4b70, 0x4b70, 0x4b70, 0x4b70, 0x4b70, 0x4b70, 0x4b70, 0x4b70, 0x4b90, 0x4b90, 0x5390, 0x7c10, 0x8410, 
	0x8410, 0x5baf, 0x4b90, 0x4b90, 0x4b90, 0x4b70, 0x4b70, 0x4b70, 0x4b70, 0x4b70, 0x4b70, 0x4b70, 0x4b70, 0x4b70, 0x4b70, 0x4b70, 
	0x4b70, 0x4b70, 0x4b70, 0x4b70, 0x4b70, 0x4b70, 0x4b70, 0x4b70, 0x4b6f, 0x4b6f, 0x4b6f, 0x4b6f, 0x4b6f, 0x4b6f, 0x4b6f, 0x4b6f, 
	0x4b6f, 0x4b6f, 0x4b6f, 0x4b6f, 0x4b6f, 0x4b6f, 0x4b6f, 0x4b6f, 0x4b6f, 0x4b6f, 0x4b6f, 0x4b6f, 0x4b6f, 0x4b4f, 0x4b4f, 0x4b4f, 
	0x4b4f, 0x4b4f, 0x4b4f, 0x4b4f, 0x4b4f, 0x4b4f, 0x4b4f, 0x4b4f, 0x4b4f, 0x4b4f, 0x4b4f, 0x4b4f, 0x4b4f, 0x4b4f, 0x4b4f, 0x4b4f, 
	0x4b4f, 0x4b4f, 0x4b4f, 0x4b4f, 0x4b4f, 0x4b4f, 0x4b4f, 0x4b4f, 0x4b4f, 0x4b4f, 0x4b4f, 0x4b4f, 0x4b4f, 0x4b4f, 0x4b4f, 0x4b4f, 
	0x4b4f, 0x4b4f, 0x4b4f, 0x4b4f, 0x4b4f, 0x4b4f, 0x4b4f, 0x4b4f, 0x4b4f, 0x4b4f, 0x4b4f, 0x4b4f, 0x4b4f, 0x4b4f, 0x4b4f, 0x4b4f, 
	0x4b4f, 0x4b4f, 0x4b4f, 0x4b4f, 0x4b4f, 0x4b4f, 0x4b4f, 0x4b4f, 0x4b4f, 0x4b4f, 0x4b4f, 0x4b4f, 0x4b4f, 0x4b4f, 0x4b4f, 0x4b4f, 
	0x4b4f, 0x4b4f, 0x4b6f, 0x4b6f, 0x4b6f, 0x4b6f, 0x4b6f, 0x4b6f, 0x4b6f, 0x4b6f, 0x4b6f, 0x4b6f, 0x4b6f, 0x4b6f, 0x4b6f, 0x4b6f, 
	0x4b6f, 0x4b6f, 0x4b6f, 0x4b6f, 0x4b6f, 0x4b6f, 0x4b6f, 0x4b6f, 0x4b70, 0x4b70, 0x4b70, 0x4b70, 0x4b70, 0x4b70, 0x4b70, 0x4b70, 
	0x4b70, 0x4b70, 0x4b70, 0x4b70, 0x4b70, 0x4b70, 0x4b70, 0x4b70, 0x4b70, 0x4b90, 0x4b70, 0x4b90, 0x4b90, 0x5390, 0x7c10, 0x8410, 
	0x8410, 0x5baf, 0x4b90, 0x4b90, 0x4b90, 0x4b70, 0x4b70, 0x4b70, 0x4b70, 0x4b70, 0x4b70, 0x4b70, 0x4b70, 0x4b70, 0x4b70, 0x4b70, 
	0x4b70, 0x4b70, 0x4b70, 0x4b70, 0x4b70, 0x4b70, 0x4b70, 0x4b70, 0x4b70, 0x4b70, 0x4b6f, 0x4b6f, 0x4b6f, 0x4b6f, 0x4b6f, 0x4b6f, 
	0x4b6f, 0x4b6f, 0x4b6f, 0x4b6f, 0x4b6f, 0x4b6f, 0x4b6f, 0x4b6f, 0x4b6f, 0x4b6f, 0x4b6f, 0x4b6f, 0x4b6f, 0x4b4f, 0x4b4f, 0x4b4f, 
	0x4b4f, 0x4b4f, 0x4b4f, 0x4b4f, 0x4b4f, 0x4b4f, 0x4b4f, 0x4b4f, 0x4b4f, 0x4b4f, 0x4b4f, 0x4b4f, 0x4b4f, 0x4b4f, 0x4b4f, 0x4b4f, 
	0x4b4f, 0x4b4f, 0x4b4f, 0x4b4f, 0x4b4f, 0x4b4f, 0x4b4f, 0x4b4f, 0x4b4f, 0x4b4f, 0x4b4f, 0x4b4f, 0x4b4f, 0x4b4f, 0x4b4f, 0x4b4f, 
	0x4b4f, 0x4b4f, 0x4b4f, 0x4b4f, 0x4b4f, 0x4b4f, 0x4b4f, 0x4b4f, 0x4b4f, 0x4b4f, 0x4b4f, 0x4b4f, 0x4b4f, 0x4b4f, 0x4b4f, 0x4b4f, 
	0x4b4f, 0x4b4f, 0x4b4f, 0x4b4f, 0x4b4f, 0x4b4f, 0x4b4f, 0x4b4f, 0x4b4f, 0x4b4f, 0x4b4f, 0x4b4f, 0x4b4f, 0x4b4f, 0x4b4f, 0x4b4f, 
	0x4b4f, 0x4b4f, 0x4b4f, 0x4b6f, 0x4b6f, 0x4b6f, 0x4b6f, 0x4b6f, 0x4b6f, 0x4b6f, 0x4b6f, 0x4b6f, 0x4b6f, 0x4b6f, 0x4b6f, 0x4b6f, 
	0x4b6f, 0x4b6f, 0x4b6f, 0x4b70, 0x4b70, 0x4b70, 0x4b70, 0x4b70, 0x4b70, 0x4b70, 0x4b70, 0x4b70, 0x4b70, 0x4b70, 0x4b70, 0x4b70, 
	0x4b70, 0x4b70, 0x4b70, 0x4b70, 0x4b70, 0x4b70, 0x4b70, 0x4b70, 0x4b70, 0x4b70, 0x4b70, 0x4b90, 0x4b90, 0x5390, 0x7c10, 0x8410, 
	0x8410, 0x5baf, 0x4b90, 0x4b90, 0x4b90, 0x4b70, 0x4b90, 0x4b70, 0x4b70, 0x4b70, 0x4b70, 0x4b70, 0x4b70, 0x4b70, 0x4b70, 0x4b70, 
	0x4b70, 0x4b70, 0x4b70, 0x4b70, 0x4b70, 0x4b70, 0x4b70, 0x4b70, 0x4b6f, 0x4b6f, 0x4b6f, 0x4b6f, 0x4b6f, 0x4b6f, 0x4b6f, 0x4b6f, 
	0x4b6f, 0x4b6f, 0x4b6f, 0x4b6f, 0x4b6f, 0x4b6f, 0x4b6f, 0x4b6f, 0x4b6f, 0x4b6f, 0x4b6f, 0x4b6f, 0x4b6f, 0x4b4f, 0x4b4f, 0x4b4f, 
	0x4b4f, 0x4b4f, 0x4b4f, 0x4b4f, 0x4b4f, 0x4b4f, 0x4b4f, 0x4b4f, 0x4b4f, 0x4b4f, 0x4b4f, 0x4b4f, 0x4b4f, 0x4b4f, 0x4b4f, 0x4b4f, 
	0x4b4f, 0x4b4f, 0x4b4f, 0x4b4f, 0x4b4f, 0x4b4f, 0x4b4f, 0x4b4f, 0x4b4f, 0x4b4f, 0x4b4f, 0x4b4f, 0x4b4f, 0x4b4f, 0x4b4f, 0x4b4f, 
	0x4b4f, 0x4b4f, 0x4b4f, 0x4b4f, 0x4b4f, 0x4b4f, 0x4b4f, 0x4b4f, 0x4b4f, 0x4b4f, 0x4b4f, 0x4b4f, 0x4b4f, 0x4b4f, 0x4b4f, 0x4b4f, 
	0x4b4f, 0x4b4f, 0x4b4f, 0x4b4f, 0x4b4f, 0x4b4f, 0x4b4f, 0x4b4f, 0x4b4f, 0x4b4f, 0x4b4f, 0x4b4f, 0x4b4f, 0x4b4f, 0x4b4f, 0x4b4f, 
	0x4b4f, 0x4b4f, 0x4b6f, 0x4b6f, 0x4b6f, 0x4b6f, 0x4b6f, 0x4b6f, 0x4b6f, 0x4b6f, 0x4b6f, 0x4b6f, 0x4b6f, 0x4b6f, 0x4b6f, 0x4b6f, 
	0x4b6f, 0x4b6f, 0x4b6f, 0x4b6f, 0x4b6f, 0x4b6f, 0x4b6f, 0x4b6f, 0x4b70, 0x4b70, 0x4b70, 0x4b70, 0x4b70, 0x4b70, 0x4b70, 0x4b70, 
	0x4b70, 0x4b70, 0x4b70, 0x4b70, 0x4b70, 0x4b70, 0x4b70, 0x4b70, 0x4b70, 0x4b90, 0x4b70, 0x4b90, 0x4b90, 0x5390, 0x7c10, 0x8410, 
	0x8410, 0x5baf, 0x4b90, 0x4b90, 0x4b90, 0x4b70, 0x4b70, 0x4b70, 0x4b70, 0x4b70, 0x4b70, 0x4b70, 0x4b70, 0x4b70, 0x4b70, 0x4b70, 
	0x4b70, 0x4b70, 0x4b70, 0x4b70, 0x4b70, 0x4b70, 0x4b70, 0x4b70, 0x4b70, 0x4b70, 0x4b6f, 0x4b6f, 0x4b6f, 0x4b70, 0x4b6f, 0x4b6f, 
	0x4b6f, 0x4b6f, 0x4b6f, 0x4b6f, 0x4b6f, 0x4b6f, 0x4b6f, 0x4b6f, 0x4b6f, 0x4b6f, 0x4b6f, 0x4b6f, 0x4b6f, 0x4b4f, 0x4b4f, 0x4b4f, 
	0x4b4f, 0x4b4f, 0x4b4f, 0x4b4f, 0x4b4f, 0x4b4f, 0x4b4f, 0x4b4f, 0x4b4f, 0x4b4f, 0x4b4f, 0x4b4f, 0x4b4f, 0x4b4f, 0x4b4f, 0x4b4f, 
	0x4b4f, 0x4b4f, 0x4b4f, 0x4b4f, 0x4b4f, 0x4b4f, 0x4b4f, 0x4b4f, 0x4b4f, 0x4b4f, 0x4b4f, 0x4b4f, 0x4b4f, 0x4b4f, 0x4b4f, 0x4b4f, 
	0x4b4f, 0x4b4f, 0x4b4f, 0x4b4f, 0x4b4f, 0x4b4f, 0x4b4f, 0x4b4f, 0x4b4f, 0x4b4f, 0x4b4f, 0x4b4f, 0x4b4f, 0x4b4f, 0x4b4f, 0x4b4f, 
	0x4b4f, 0x4b4f, 0x4b4f, 0x4b4f, 0x4b4f, 0x4b4f, 0x4b4f, 0x4b4f, 0x4b4f, 0x4b4f, 0x4b4f, 0x4b4f, 0x4b4f, 0x4b4f, 0x4b4f, 0x4b4f, 
	0x4b4f, 0x4b4f, 0x4b4f, 0x4b6f, 0x4b6f, 0x4b6f, 0x4b6f, 0x4b6f, 0x4b6f, 0x4b6f, 0x4b6f, 0x4b6f, 0x4b6f, 0x4b6f, 0x4b6f, 0x4b6f, 
	0x4b6f, 0x4b6f, 0x4b6f, 0x4b70, 0x4b70, 0x4b70, 0x4b70, 0x4b70, 0x4b70, 0x4b70, 0x4b70, 0x4b70, 0x4b70, 0x4b70, 0x4b70, 0x4b70, 
	0x4b70, 0x4b70, 0x4b70, 0x4b70, 0x4b70, 0x4b70, 0x4b70, 0x4b70, 0x4b70, 0x4b70, 0x4b70, 0x4b90, 0x4b90, 0x5390, 0x7c10, 0x8410, 
	0x8410, 0x5baf, 0x4b90, 0x4b90, 0x4b90, 0x4b70, 0x4b90, 0x4b70, 0x4b70, 0x4b70, 0x4b70, 0x4b70, 0x4b70, 0x4b70, 0x4b70, 0x4b70, 
	0x4b70, 0x4b70, 0x4b70, 0x4b70, 0x4b70, 0x4b70, 0x4b70, 0x4b70, 0x4b6f, 0x4b6f, 0x4b6f, 0x4b6f, 0x4b6f, 0x4b6f, 0x4b6f, 0x4b6f, 
	0x4b6f, 0x4b6f, 0x4b6f, 0x4b6f, 0x4b6f, 0x4b6f, 0x4b6f, 0x4b6f, 0x4b6f, 0x4b6f, 0x4b6f, 0x4b6f, 0x4b6f, 0x4b6f, 0x4b4f, 0x4b4f, 
	0x4b4f, 0x4b4f, 0x4b4f, 0x4b4f, 0x4b4f, 0x4b4f, 0x4b4f, 0x4b4f, 0x4b4f, 0x4b4f, 0x4b4f, 0x4b4f, 0x4b4f, 0x4b4f, 0x4b4f, 0x4b4f, 
	0x4b4f, 0x4b4f, 0x4b4f, 0x4b4f, 0x4b4f, 0x4b4f, 0x4b4f, 0x4b4f, 0x4b4f, 0x4b4f, 0x4b4f, 0x4b4f, 0x4b4f, 0x4b4f, 0x4b4f, 0x4b4f, 
	0x4b4f, 0x4b4f, 0x4b4f, 0x4b4f, 0x4b4f, 0x4b4f, 0x4b4f, 0x4b4f, 0x4b4f, 0x4b4f, 0x4b4f, 0x4b4f, 0x4b4f, 0x4b4f, 0x4b4f, 0x4b4f, 
	0x4b4f, 0x4b4f, 0x4b4f, 0x4b4f, 0x4b4f, 0x4b4f, 0x4b4f, 0x4b4f, 0x4b4f, 0x4b4f, 0x4b4f, 0x4b4f, 0x4b4f, 0x4b4f, 0x4b4f, 0x4b4f, 
	0x4b4f, 0x4b4f, 0x4b6f, 0x4b6f, 0x4b6f, 0x4b6f, 0x4b6f, 0x4b6f, 0x4b6f, 0x4b6f, 0x4b6f, 0x4b6f, 0x4b6f, 0x4b6f, 0x4b6f, 0x4b6f, 
	0x4b6f, 0x4b6f, 0x4b6f, 0x4b6f, 0x4b6f, 0x4b6f, 0x4b6f, 0x4b6f, 0x4b70, 0x4b70, 0x4b70, 0x4b70, 0x4b70, 0x4b70, 0x4b70, 0x4b70, 
	0x4b70, 0x4b70, 0x4b70, 0x4b70, 0x4b70, 0x4b70, 0x4b70, 0x4b70, 0x4b70, 0x4b90, 0x4b70, 0x4b90, 0x4b90, 0x5390, 0x7c10, 0x8410, 
	0x8410, 0x5baf, 0x4b90, 0x4b90, 0x4b90, 0x4b70, 0x4b70, 0x4b70, 0x4b70, 0x4b70, 0x4b70, 0x4b70, 0x4b70, 0x4b70, 0x4b70, 0x4b70, 
	0x4b70, 0x4b70, 0x4b70, 0x4b70, 0x4b70, 0x4b70, 0x4b70, 0x4b70, 0x4b70, 0x4b70, 0x4b6f, 0x4b70, 0x4b6f, 0x4b70, 0x4b6f, 0x4b6f, 
	0x4b6f, 0x4b6f, 0x4b6f, 0x4b6f, 0x4b6f, 0x4b6f, 0x4b6f, 0x4b6f, 0x4b6f, 0x4b6f, 0x4b6f, 0x4b6f, 0x4b6f, 0x4b4f, 0x4b4f, 0x4b4f, 
	0x4b4f, 0x4b4f, 0x4b4f, 0x4b4f, 0x4b4f, 0x4b4f, 0x4b4f, 0x4b4f, 0x4b4f, 0x4b4f, 0x4b4f, 0x4b4f, 0x4b4f, 0x4b4f, 0x4b4f, 0x4b4f, 
	0x4b4f, 0x4b4f, 0x4b4f, 0x4b4f, 0x4b4f, 0x4b4f, 0x4b4f, 0x4b4f, 0x4b4f, 0x4b4f, 0x4b4f, 0x4b4f, 0x4b4f, 0x4b4f, 0x4b4f, 0x4b4f, 
	0x4b4f, 0x4b4f, 0x4b4f, 0x4b4f, 0x4b4f, 0x4b4f, 0x4b4f, 0x4b4f, 0x4b4f, 0x4b4f, 0x4b4f, 0x4b4f, 0x4b4f, 0x4b4f, 0x4b4f, 0x4b4f, 
	0x4b4f, 0x4b4f, 0x4b4f, 0x4b4f, 0x4b4f, 0x4b4f, 0x4b4f, 0x4b4f, 0x4b4f, 0x4b4f, 0x4b4f, 0x4b4f, 0x4b4f, 0x4b4f, 0x4b4f, 0x4b4f, 
	0x4b4f, 0x4b4f, 0x4b4f, 0x4b6f, 0x4b6f, 0x4b6f, 0x4b6f, 0x4b6f, 0x4b6f, 0x4b6f, 0x4b6f, 0x4b6f, 0x4b6f, 0x4b6f, 0x4b6f, 0x4b6f, 
	0x4b6f, 0x4b6f, 0x4b6f, 0x4b70, 0x4b70, 0x4b70, 0x4b70, 0x4b70, 0x4b70, 0x4b70, 0x4b70, 0x4b70, 0x4b70, 0x4b70, 0x4b70, 0x4b70, 
	0x4b70, 0x4b70, 0x4b70, 0x4b70, 0x4b70, 0x4b70, 0x4b70, 0x4b70, 0x4b70, 0x4b70, 0x4b70, 0x4b90, 0x4b90, 0x5390, 0x7c10, 0x8410, 
	0x8410, 0x5baf, 0x4b90, 0x4b90, 0x4b90, 0x4b70, 0x4b90, 0x4b70, 0x4b70, 0x4b70, 0x4b70, 0x4b70, 0x4b70, 0x4b70, 0x4b70, 0x4b70, 
	0x4b70, 0x4b70, 0x4b70, 0x4b70, 0x4b70, 0x4b70, 0x4b70, 0x4b70, 0x4b6f, 0x4b6f, 0x4b6f, 0x4b6f, 0x4b6f, 0x4b6f, 0x4b6f, 0x4b6f, 
	0x4b6f, 0x4b6f, 0x4b6f, 0x4b6f, 0x4b6f, 0x4b6f, 0x4b6f, 0x4b6f, 0x4b6f, 0x4b6f, 0x4b6f, 0x4b6f, 0x4b6f, 0x4b6f, 0x4b4f, 0x4b4f, 
	0x4b4f, 0x4b4f, 0x4b4f, 0x4b4f, 0x4b4f, 0x4b4f, 0x4b4f, 0x4b4f, 0x4b4f, 0x4b4f, 0x4b4f, 0x4b4f, 0x4b4f, 0x4b4f, 0x4b4f, 0x4b4f, 
	0x4b4f, 0x4b4f, 0x4b4f, 0x4b4f, 0x4b4f, 0x4b4f, 0x4b4f, 0x4b4f, 0x4b4f, 0x4b4f, 0x4b4f, 0x4b4f, 0x4b4f, 0x4b4f, 0x4b4f, 0x4b4f, 
	0x4b4f, 0x4b4f, 0x4b4f, 0x4b4f, 0x4b4f, 0x4b4f, 0x4b4f, 0x4b4f, 0x4b4f, 0x4b4f, 0x4b4f, 0x4b4f, 0x4b4f, 0x4b4f, 0x4b4f, 0x4b4f, 
	0x4b4f, 0x4b4f, 0x4b4f, 0x4b4f, 0x4b4f, 0x4b4f, 0x4b4f, 0x4b4f, 0x4b4f, 0x4b4f, 0x4b4f, 0x4b4f, 0x4b4f, 0x4b4f, 0x4b4f, 0x4b4f, 
	0x4b4f, 0x4b4f, 0x4b6f, 0x4b6f, 0x4b6f, 0x4b6f, 0x4b6f, 0x4b6f, 0x4b6f, 0x4b6f, 0x4b6f, 0x4b6f, 0x4b6f, 0x4b6f, 0x4b6f, 0x4b6f, 
	0x4b6f, 0x4b6f, 0x4b6f, 0x4b6f, 0x4b6f, 0x4b6f, 0x4b6f, 0x4b6f, 0x4b70, 0x4b70, 0x4b70, 0x4b70, 0x4b70, 0x4b70, 0x4b70, 0x4b70, 
	0x4b70, 0x4b70, 0x4b70, 0x4b70, 0x4b70, 0x4b70, 0x4b70, 0x4b70, 0x4b70, 0x4b90, 0x4b70, 0x4b90, 0x4b90, 0x5390, 0x7c10, 0x8410, 
	0x8410, 0x5baf, 0x4b90, 0x4b90, 0x4b90, 0x4b70, 0x4b70, 0x4b70, 0x4b70, 0x4b70, 0x4b70, 0x4b70, 0x4b70, 0x4b70, 0x4b70, 0x4b70, 
	0x4b70, 0x4b70, 0x4b70, 0x4b70, 0x4b70, 0x4b70, 0x4b70, 0x4b70, 0x4b70, 0x4b70, 0x4b6f, 0x4b70, 0x4b6f, 0x4b70, 0x4b6f, 0x4b6f, 
	0x4b6f, 0x4b6f, 0x4b6f, 0x4b6f, 0x4b6f, 0x4b6f, 0x4b6f, 0x4b6f, 0x4b6f, 0x4b6f, 0x4b6f, 0x4b6f, 0x4b6f, 0x4b4f, 0x4b4f, 0x4b4f, 
	0x4b4f, 0x4b4f, 0x4b4f, 0x4b4f, 0x4b4f, 0x4b4f, 0x4b4f, 0x4b4f, 0x4b4f, 0x4b4f, 0x4b4f, 0x4b4f, 0x4b4f, 0x4b4f, 0x4b4f, 0x4b4f, 
	0x4b4f, 0x4b4f, 0x4b4f, 0x4b4f, 0x4b4f, 0x4b4f, 0x4b4f, 0x4b4f, 0x4b4f, 0x4b4f, 0x4b4f, 0x4b4f, 0x4b4f, 0x4b4f, 0x4b4f, 0x4b4f, 
	0x4b4f, 0x4b4f, 0x4b4f, 0x4b4f, 0x4b4f, 0x4b4f, 0x4b4f, 0x4b4f, 0x4b4f, 0x4b4f, 0x4b4f, 0x4b4f, 0x4b4f, 0x4b4f, 0x4b4f, 0x4b4f, 
	0x4b4f, 0x4b4f, 0x4b4f, 0x4b4f, 0x4b4f, 0x4b4f, 0x4b4f, 0x4b4f, 0x4b4f, 0x4b4f, 0x4b4f, 0x4b4f, 0x4b4f, 0x4b4f, 0x4b4f, 0x4b4f, 
	0x4b4f, 0x4b4f, 0x4b4f, 0x4b6f, 0x4b6f, 0x4b6f, 0x4b6f, 0x4b6f, 0x4b6f, 0x4b6f, 0x4b6f, 0x4b6f, 0x4b6f, 0x4b6f, 0x4b6f, 0x4b6f, 
	0x4b6f, 0x4b6f, 0x4b6f, 0x4b70, 0x4b70, 0x4b70, 0x4b70, 0x4b70, 0x4b70, 0x4b70, 0x4b70, 0x4b70, 0x4b70, 0x4b70, 0x4b70, 0x4b70, 
	0x4b70, 0x4b70, 0x4b70, 0x4b70, 0x4b70, 0x4b70, 0x4b70, 0x4b70, 0x4b70, 0x4b70, 0x4b70, 0x4b90, 0x4b90, 0x5390, 0x7c10, 0x8410, 
	0x8410, 0x5baf, 0x4b90, 0x4b90, 0x4b90, 0x4b70, 0x4b90, 0x4b70, 0x4b70, 0x4b70, 0x4b70, 0x4b70, 0x4b70, 0x4b70, 0x4b70, 0x4b70, 
	0x4b70, 0x4b70, 0x4b70, 0x4b70, 0x4b70, 0x4b70, 0x4b70, 0x4b70, 0x4b6f, 0x4b6f, 0x4b6f, 0x4b6f, 0x4b6f, 0x4b6f, 0x4b6f, 0x4b6f, 
	0x4b6f, 0x4b6f, 0x4b6f, 0x4b6f, 0x4b6f, 0x4b6f, 0x4b6f, 0x4b6f, 0x4b6f, 0x4b6f, 0x4b6f, 0x4b6f, 0x4b6f, 0x4b6f, 0x4b4f, 0x4b4f, 
	0x4b4f, 0x4b4f, 0x4b4f, 0x4b4f, 0x4b4f, 0x4b4f, 0x4b4f, 0x4b4f, 0x4b4f, 0x4b4f, 0x4b4f, 0x4b4f, 0x4b4f, 0x4b4f, 0x4b4f, 0x4b4f, 
	0x4b4f, 0x4b4f, 0x4b4f, 0x4b4f, 0x4b4f, 0x4b4f, 0x4b4f, 0x4b4f, 0x4b4f, 0x4b4f, 0x4b4f, 0x4b4f, 0x4b4f, 0x4b4f, 0x4b4f, 0x4b4f, 
	0x4b4f, 0x4b4f, 0x4b4f, 0x4b4f, 0x4b4f, 0x4b4f, 0x4b4f, 0x4b4f, 0x4b4f, 0x4b4f, 0x4b4f, 0x4b4f, 0x4b4f, 0x4b4f, 0x4b4f, 0x4b4f, 
	0x4b4f, 0x4b4f, 0x4b4f, 0x4b4f, 0x4b4f, 0x4b4f, 0x4b4f, 0x4b4f, 0x4b4f, 0x4b4f, 0x4b4f, 0x4b4f, 0x4b4f, 0x4b4f, 0x4b4f, 0x4b4f, 
	0x4b4f, 0x4b4f, 0x4b6f, 0x4b6f, 0x4b6f, 0x4b6f, 0x4b6f, 0x4b6f, 0x4b6f, 0x4b6f, 0x4b6f, 0x4b6f, 0x4b6f, 0x4b6f, 0x4b6f, 0x4b6f, 
	0x4b6f, 0x4b6f, 0x4b6f, 0x4b6f, 0x4b6f, 0x4b6f, 0x4b6f, 0x4b6f, 0x4b70, 0x4b70, 0x4b70, 0x4b70, 0x4b70, 0x4b70, 0x4b70, 0x4b70, 
	0x4b70, 0x4b70, 0x4b70, 0x4b70, 0x4b70, 0x4b70, 0x4b70, 0x4b70, 0x4b70, 0x4b90, 0x4b70, 0x4b90, 0x4b90, 0x5390, 0x7c10, 0x8410, 
	0x8410, 0x5baf, 0x4b90, 0x4b90, 0x4b90, 0x4b70, 0x4b70, 0x4b70, 0x4b70, 0x4b70, 0x4b70, 0x4b70, 0x4b70, 0x4b70, 0x4b70, 0x4b70, 
	0x4b70, 0x4b70, 0x4b70, 0x4b70, 0x4b70, 0x4b70, 0x4b70, 0x4b70, 0x4b70, 0x4b70, 0x4b6f, 0x4b70, 0x4b6f, 0x4b70, 0x4b6f, 0x4b6f, 
	0x4b6f, 0x4b6f, 0x4b6f, 0x4b6f, 0x4b6f, 0x4b6f, 0x4b6f, 0x4b6f, 0x4b6f, 0x4b6f, 0x4b6f, 0x4b6f, 0x4b6f, 0x4b4f, 0x4b4f, 0x4b4f, 
	0x4b4f, 0x4b4f, 0x4b4f, 0x4b4f, 0x4b4f, 0x4b4f, 0x4b4f, 0x4b4f, 0x4b4f, 0x4b4f, 0x4b4f, 0x4b4f, 0x4b4f, 0x4b4f, 0x4b4f, 0x4b4f, 
	0x4b4f, 0x4b4f, 0x4b4f, 0x4b4f, 0x4b4f, 0x4b4f, 0x4b4f, 0x4b4f, 0x4b4f, 0x4b4f, 0x4b4f, 0x4b4f, 0x4b4f, 0x4b4f, 0x4b4f, 0x4b4f, 
	0x4b4f, 0x4b4f, 0x4b4f, 0x4b4f, 0x4b4f, 0x4b4f, 0x4b4f, 0x4b4f, 0x4b4f, 0x4b4f, 0x4b4f, 0x4b4f, 0x4b4f, 0x4b4f, 0x4b4f, 0x4b4f, 
	0x4b4f, 0x4b4f, 0x4b4f, 0x4b4f, 0x4b4f, 0x4b4f, 0x4b4f, 0x4b4f, 0x4b4f, 0x4b4f, 0x4b4f, 0x4b4f, 0x4b4f, 0x4b4f, 0x4b4f, 0x4b4f, 
	0x4b4f, 0x4b4f, 0x4b4f, 0x4b6f, 0x4b6f, 0x4b6f, 0x4b6f, 0x4b6f, 0x4b6f, 0x4b6f, 0x4b6f, 0x4b6f, 0x4b6f, 0x4b6f, 0x4b6f, 0x4b6f, 
	0x4b6f, 0x4b6f, 0x4b6f, 0x4b70, 0x4b70, 0x4b70, 0x4b70, 0x4b70, 0x4b70, 0x4b70, 0x4b70, 0x4b70, 0x4b70, 0x4b70, 0x4b70, 0x4b70, 
	0x4b70, 0x4b70, 0x4b70, 0x4b70, 0x4b70, 0x4b70, 0x4b70, 0x4b70, 0x4b70, 0x4b70, 0x4b70, 0x4b90, 0x4b90, 0x5390, 0x7c10, 0x8410, 
	0x8410, 0x5baf, 0x4b90, 0x4b90, 0x4b90, 0x4b70, 0x4b90, 0x4b70, 0x4b70, 0x4b70, 0x4b70, 0x4b70, 0x4b70, 0x4b70, 0x4b70, 0x4b70, 
	0x4b70, 0x4b70, 0x4b70, 0x4b70, 0x4b70, 0x4b70, 0x4b70, 0x4b70, 0x4b6f, 0x4b6f, 0x4b6f, 0x4b6f, 0x4b6f, 0x4b6f, 0x4b6f, 0x4b6f, 
	0x4b6f, 0x4b6f, 0x4b6f, 0x4b6f, 0x4b6f, 0x4b6f, 0x4b6f, 0x4b6f, 0x4b6f, 0x4b6f, 0x4b6f, 0x4b6f, 0x4b6f, 0x4b6f, 0x4b4f, 0x4b4f, 
	0x4b4f, 0x4b4f, 0x4b4f, 0x4b4f, 0x4b4f, 0x4b4f, 0x4b4f, 0x4b4f, 0x4b4f, 0x4b4f, 0x4b4f, 0x4b4f, 0x4b4f, 0x4b4f, 0x4b4f, 0x4b4f, 
	0x4b4f, 0x4b4f, 0x4b4f, 0x4b4f, 0x4b4f, 0x4b4f, 0x4b4f, 0x4b4f, 0x4b4f, 0x4b4f, 0x4b4f, 0x4b4f, 0x4b4f, 0x4b4f, 0x4b4f, 0x4b4f, 
	0x4b4f, 0x4b4f, 0x4b4f, 0x4b4f, 0x4b4f, 0x4b4f, 0x4b4f, 0x4b4f, 0x4b4f, 0x4b4f, 0x4b4f, 0x4b4f, 0x4b4f, 0x4b4f, 0x4b4f, 0x4b4f, 
	0x4b4f, 0x4b4f, 0x4b4f, 0x4b4f, 0x4b4f, 0x4b4f, 0x4b4f, 0x4b4f, 0x4b4f, 0x4b4f, 0x4b4f, 0x4b4f, 0x4b4f, 0x4b4f, 0x4b4f, 0x4b4f, 
	0x4b4f, 0x4b4f, 0x4b6f, 0x4b6f, 0x4b6f, 0x4b6f, 0x4b6f, 0x4b6f, 0x4b6f, 0x4b6f, 0x4b6f, 0x4b6f, 0x4b6f, 0x4b6f, 0x4b6f, 0x4b6f, 
	0x4b6f, 0x4b6f, 0x4b6f, 0x4b6f, 0x4b6f, 0x4b6f, 0x4b6f, 0x4b6f, 0x4b70, 0x4b70, 0x4b70, 0x4b70, 0x4b70, 0x4b70, 0x4b70, 0x4b70, 
	0x4b70, 0x4b70, 0x4b70, 0x4b70, 0x4b70, 0x4b70, 0x4b70, 0x4b70, 0x4b70, 0x4b90, 0x4b70, 0x4b90, 0x4b90, 0x5390, 0x7c10, 0x8410, 
	0x8410, 0x5baf, 0x4b90, 0x4b90, 0x4b90, 0x4b70, 0x4b70, 0x4b70, 0x4b70, 0x4b70, 0x4b70, 0x4b70, 0x4b70, 0x4b70, 0x4b70, 0x4b70, 
	0x4b70, 0x4b70, 0x4b70, 0x4b70, 0x4b70, 0x4b70, 0x4b70, 0x4b70, 0x4b70, 0x4b70, 0x4b6f, 0x4b70, 0x4b6f, 0x4b70, 0x4b6f, 0x4b6f, 
	0x4b6f, 0x4b6f, 0x4b6f, 0x4b6f, 0x4b6f, 0x4b6f, 0x4b6f, 0x4b6f, 0x4b6f, 0x4b6f, 0x4b6f, 0x4b6f, 0x4b6f, 0x4b4f, 0x4b4f, 0x4b4f, 
	0x4b4f, 0x4b4f, 0x4b4f, 0x4b4f, 0x4b4f, 0x4b4f, 0x4b4f, 0x4b4f, 0x4b4f, 0x4b4f, 0x4b4f, 0x4b4f, 0x4b4f, 0x4b4f, 0x4b4f, 0x4b4f, 
	0x4b4f, 0x4b4f, 0x4b4f, 0x4b4f, 0x4b4f, 0x4b4f, 0x4b4f, 0x4b4f, 0x4b4f, 0x4b4f, 0x4b4f, 0x4b4f, 0x4b4f, 0x4b4f, 0x4b4f, 0x4b4f, 
	0x4b4f, 0x4b4f, 0x4b4f, 0x4b4f, 0x4b4f, 0x4b4f, 0x4b4f, 0x4b4f, 0x4b4f, 0x4b4f, 0x4b4f, 0x4b4f, 0x4b4f, 0x4b4f, 0x4b4f, 0x4b4f, 
	0x4b4f, 0x4b4f, 0x4b4f, 0x4b4f, 0x4b4f, 0x4b4f, 0x4b4f, 0x4b4f, 0x4b4f, 0x4b4f, 0x4b4f, 0x4b4f, 0x4b4f, 0x4b4f, 0x4b4f, 0x4b4f, 
	0x4b4f, 0x4b4f, 0x4b4f, 0x4b6f, 0x4b6f, 0x4b6f, 0x4b6f, 0x4b6f, 0x4b6f, 0x4b6f, 0x4b6f, 0x4b6f, 0x4b6f, 0x4b6f, 0x4b6f, 0x4b6f, 
	0x4b6f, 0x4b6f, 0x4b6f, 0x4b70, 0x4b70, 0x4b70, 0x4b70, 0x4b70, 0x4b70, 0x4b70, 0x4b70, 0x4b70, 0x4b70, 0x4b70, 0x4b70, 0x4b70, 
	0x4b70, 0x4b70, 0x4b70, 0x4b70, 0x4b70, 0x4b70, 0x4b70, 0x4b70, 0x4b70, 0x4b70, 0x4b70, 0x4b90, 0x4b90, 0x5390, 0x7c10, 0x8410, 
	0x8410, 0x5baf, 0x4b90, 0x4b90, 0x4b90, 0x4b70, 0x4b90, 0x4b70, 0x4b70, 0x4b70, 0x4b70, 0x4b70, 0x4b70, 0x4b70, 0x4b70, 0x4b70, 
	0x4b70, 0x4b70, 0x4b70, 0x4b70, 0x4b70, 0x4b70, 0x4b70, 0x4b6f, 0x4b6f, 0x4b6f, 0x4b6f, 0x4b6f, 0x4b6f, 0x4b6f, 0x4b6f, 0x4b6f, 
	0x4b6f, 0x4b6f, 0x4b6f, 0x4b6f, 0x4b6f, 0x4b6f, 0x4b6f, 0x4b6f, 0x4b6f, 0x4b6f, 0x4b6f, 0x4b6f, 0x4b6f, 0x4b6f, 0x4b4f, 0x4b4f, 
	0x4b4f, 0x4b4f, 0x4b4f, 0x4b4f, 0x4b4f, 0x4b4f, 0x4b4f, 0x4b4f, 0x4b4f, 0x4b4f, 0x4b4f, 0x4b4f, 0x4b4f, 0x4b4f, 0x4b4f, 0x4b4f, 
	0x4b4f, 0x4b4f, 0x4b4f, 0x4b4f, 0x4b4f, 0x4b4f, 0x4b4f, 0x4b4f, 0x4b4f, 0x4b4f, 0x4b4f, 0x4b4f, 0x4b4f, 0x4b4f, 0x4b4f, 0x4b4f, 
	0x4b4f, 0x4b4f, 0x4b4f, 0x4b4f, 0x4b4f, 0x4b4f, 0x4b4f, 0x4b4f, 0x4b4f, 0x4b4f, 0x4b4f, 0x4b4f, 0x4b4f, 0x4b4f, 0x4b4f, 0x4b4f, 
	0x4b4f, 0x4b4f, 0x4b4f, 0x4b4f, 0x4b4f, 0x4b4f, 0x4b4f, 0x4b4f, 0x4b4f, 0x4b4f, 0x4b4f, 0x4b4f, 0x4b4f, 0x4b4f, 0x4b4f, 0x4b4f, 
	0x4b4f, 0x4b4f, 0x4b6f, 0x4b6f, 0x4b6f, 0x4b6f, 0x4b6f, 0x4b6f, 0x4b6f, 0x4b6f, 0x4b6f, 0x4b6f, 0x4b6f, 0x4b6f, 0x4b6f, 0x4b6f, 
	0x4b6f, 0x4b6f, 0x4b6f, 0x4b6f, 0x4b6f, 0x4b6f, 0x4b6f, 0x4b6f, 0x4b70, 0x4b70, 0x4b70, 0x4b70, 0x4b70, 0x4b70, 0x4b70, 0x4b70, 
	0x4b70, 0x4b70, 0x4b70, 0x4b70, 0x4b70, 0x4b70, 0x4b70, 0x4b70, 0x4b70, 0x4b90, 0x4b70, 0x4b90, 0x4b90, 0x5390, 0x7c10, 0x8410, 
	0x8410, 0x5baf, 0x4b90, 0x4b90, 0x4b90, 0x4b70, 0x4b70, 0x4b70, 0x4b70, 0x4b70, 0x4b70, 0x4b70, 0x4b70, 0x4b70, 0x4b70, 0x4b70, 
	0x4b70, 0x4b70, 0x4b70, 0x4b70, 0x4b70, 0x4b70, 0x4b70, 0x4b70, 0x4b70, 0x4b70, 0x4b6f, 0x4b70, 0x4b6f, 0x4b70, 0x4b6f, 0x4b6f, 
	0x4b6f, 0x4b6f, 0x4b6f, 0x4b6f, 0x4b6f, 0x4b6f, 0x4b6f, 0x4b6f, 0x4b6f, 0x4b6f, 0x4b6f, 0x4b6f, 0x4b6f, 0x4b4f, 0x4b4f, 0x4b4f, 
	0x4b4f, 0x4b4f, 0x4b4f, 0x4b4f, 0x4b4f, 0x4b4f, 0x4b4f, 0x4b4f, 0x4b4f, 0x4b4f, 0x4b4f, 0x4b4f, 0x4b4f, 0x4b4f, 0x4b4f, 0x4b4f, 
	0x4b4f, 0x4b4f, 0x4b4f, 0x4b4f, 0x4b4f, 0x4b4f, 0x4b4f, 0x4b4f, 0x4b4f, 0x4b4f, 0x4b4f, 0x4b4f, 0x4b4f, 0x4b4f, 0x4b4f, 0x4b4f, 
	0x4b4f, 0x4b4f, 0x4b4f, 0x4b4f, 0x4b4f, 0x4b4f, 0x4b4f, 0x4b4f, 0x4b4f, 0x4b4f, 0x4b4f, 0x4b4f, 0x4b4f, 0x4b4f, 0x4b4f, 0x4b4f, 
	0x4b4f, 0x4b4f, 0x4b4f, 0x4b4f, 0x4b4f, 0x4b4f, 0x4b4f, 0x4b4f, 0x4b4f, 0x4b4f, 0x4b4f, 0x4b4f, 0x4b4f, 0x4b4f, 0x4b4f, 0x4b4f, 
	0x4b4f, 0x4b4f, 0x4b4f, 0x4b6f, 0x4b6f, 0x4b6f, 0x4b6f, 0x4b6f, 0x4b6f, 0x4b6f, 0x4b6f, 0x4b6f, 0x4b6f, 0x4b6f, 0x4b6f, 0x4b6f, 
	0x4b6f, 0x4b6f, 0x4b6f, 0x4b70, 0x4b70, 0x4b70, 0x4b70, 0x4b70, 0x4b70, 0x4b70, 0x4b70, 0x4b70, 0x4b70, 0x4b70, 0x4b70, 0x4b70, 
	0x4b70, 0x4b70, 0x4b70, 0x4b70, 0x4b70, 0x4b70, 0x4b70, 0x4b70, 0x4b70, 0x4b70, 0x4b70, 0x4b90, 0x4b90, 0x5390, 0x7c10, 0x8410, 
	0x8410, 0x5baf, 0x4b90, 0x4b90, 0x4b90, 0x4b70, 0x4b90, 0x4b70, 0x4b70, 0x4b70, 0x4b70, 0x4b70, 0x4b70, 0x4b70, 0x4b70, 0x4b70, 
	0x4b70, 0x4b70, 0x4b70, 0x4b70, 0x4b70, 0x4b70, 0x4b70, 0x4b6f, 0x4b6f, 0x4b6f, 0x4b6f, 0x4b6f, 0x4b6f, 0x4b6f, 0x4b6f, 0x4b6f, 
	0x4b6f, 0x4b6f, 0x4b6f, 0x4b6f, 0x4b6f, 0x4b6f, 0x4b6f, 0x4b6f, 0x4b6f, 0x4b6f, 0x4b6f, 0x4b6f, 0x4b6f, 0x4b6f, 0x4b4f, 0x4b4f, 
	0x4b4f, 0x4b4f, 0x4b4f, 0x4b4f, 0x4b4f, 0x4b4f, 0x4b4f, 0x4b4f, 0x4b4f, 0x4b4f, 0x4b4f, 0x4b4f, 0x4b4f, 0x4b4f, 0x4b4f, 0x4b4f, 
	0x4b4f, 0x4b4f, 0x4b4f, 0x4b4f, 0x4b4f, 0x4b4f, 0x4b4f, 0x4b4f, 0x4b4f, 0x4b4f, 0x4b4f, 0x4b4f, 0x4b4f, 0x4b4f, 0x4b4f, 0x4b4f, 
	0x4b4f, 0x4b4f, 0x4b4f, 0x4b4f, 0x4b4f, 0x4b4f, 0x4b4f, 0x4b4f, 0x4b4f, 0x4b4f, 0x4b4f, 0x4b4f, 0x4b4f, 0x4b4f, 0x4b4f, 0x4b4f, 
	0x4b4f, 0x4b4f, 0x4b4f, 0x4b4f, 0x4b4f, 0x4b4f, 0x4b4f, 0x4b4f, 0x4b4f, 0x4b4f, 0x4b4f, 0x4b4f, 0x4b4f, 0x4b4f, 0x4b4f, 0x4b4f, 
	0x4b4f, 0x4b4f, 0x4b6f, 0x4b6f, 0x4b6f, 0x4b6f, 0x4b6f, 0x4b6f, 0x4b6f, 0x4b6f, 0x4b6f, 0x4b6f, 0x4b6f, 0x4b6f, 0x4b6f, 0x4b6f, 
	0x4b6f, 0x4b6f, 0x4b6f, 0x4b6f, 0x4b6f, 0x4b6f, 0x4b6f, 0x4b6f, 0x4b70, 0x4b70, 0x4b70, 0x4b70, 0x4b70, 0x4b70, 0x4b70, 0x4b70, 
	0x4b70, 0x4b70, 0x4b70, 0x4b70, 0x4b70, 0x4b70, 0x4b70, 0x4b70, 0x4b70, 0x4b90, 0x4b70, 0x4b90, 0x4b90, 0x5390, 0x7c10, 0x8410, 
	0x8410, 0x5baf, 0x4b90, 0x4b90, 0x4b90, 0x4b70, 0x4b70, 0x4b70, 0x4b70, 0x4b70, 0x4b70, 0x4b70, 0x4b70, 0x4b70, 0x4b70, 0x4b70, 
	0x4b70, 0x4b70, 0x4b70, 0x4b70, 0x4b70, 0x4b70, 0x4b70, 0x4b70, 0x4b70, 0x4b70, 0x4b6f, 0x4b70, 0x4b6f, 0x4b70, 0x4b6f, 0x4b6f, 
	0x4b6f, 0x4b6f, 0x4b6f, 0x4b6f, 0x4b6f, 0x4b6f, 0x4b6f, 0x4b6f, 0x4b6f, 0x4b6f, 0x4b6f, 0x4b6f, 0x4b6f, 0x4b4f, 0x4b4f, 0x4b4f, 
	0x4b4f, 0x4b4f, 0x4b4f, 0x4b4f, 0x4b4f, 0x4b4f, 0x4b4f, 0x4b4f, 0x4b4f, 0x4b4f, 0x4b4f, 0x4b4f, 0x4b4f, 0x4b4f, 0x4b4f, 0x4b4f, 
	0x4b4f, 0x4b4f, 0x4b4f, 0x4b4f, 0x4b4f, 0x4b4f, 0x4b4f, 0x4b4f, 0x4b4f, 0x4b4f, 0x4b4f, 0x4b4f, 0x4b4f, 0x4b4f, 0x4b4f, 0x4b4f, 
	0x4b4f, 0x4b4f, 0x4b4f, 0x4b4f, 0x4b4f, 0x4b4f, 0x4b4f, 0x4b4f, 0x4b4f, 0x4b4f, 0x4b4f, 0x4b4f, 0x4b4f, 0x4b4f, 0x4b4f, 0x4b4f, 
	0x4b4f, 0x4b4f, 0x4b4f, 0x4b4f, 0x4b4f, 0x4b4f, 0x4b4f, 0x4b4f, 0x4b4f, 0x4b4f, 0x4b4f, 0x4b4f, 0x4b4f, 0x4b4f, 0x4b4f, 0x4b4f, 
	0x4b4f, 0x4b4f, 0x4b4f, 0x4b6f, 0x4b6f, 0x4b6f, 0x4b6f, 0x4b6f, 0x4b6f, 0x4b6f, 0x4b6f, 0x4b6f, 0x4b6f, 0x4b6f, 0x4b6f, 0x4b6f, 
	0x4b6f, 0x4b6f, 0x4b6f, 0x4b70, 0x4b70, 0x4b70, 0x4b70, 0x4b70, 0x4b70, 0x4b70, 0x4b70, 0x4b70, 0x4b70, 0x4b70, 0x4b70, 0x4b70, 
	0x4b70, 0x4b70, 0x4b70, 0x4b70, 0x4b70, 0x4b70, 0x4b70, 0x4b70, 0x4b70, 0x4b70, 0x4b70, 0x4b90, 0x4b90, 0x5390, 0x7c10, 0x8410, 
	0x7c0f, 0x638f, 0x4b90, 0x4b90, 0x4b90, 0x4b90, 0x4b70, 0x4b90, 0x4b70, 0x4b70, 0x4b70, 0x4b70, 0x4b70, 0x4b70, 0x4b70, 0x4b70, 
	0x4b70, 0x4b70, 0x4b70, 0x4b70, 0x4b70, 0x4b70, 0x4b70, 0x4b70, 0x4b70, 0x4b70, 0x4b70, 0x4b70, 0x4b70, 0x4b70, 0x4b6f, 0x4b6f, 
	0x4b6f, 0x4b6f, 0x4b6f, 0x4b6f, 0x4b6f, 0x4b6f, 0x4b6f, 0x4b6f, 0x4b6f, 0x4b6f, 0x4b6f, 0x4b6f, 0x4b6f, 0x4b6f, 0x4b6f, 0x4b6f, 
	0x4b6f, 0x4b4f, 0x4b4f, 0x4b4f, 0x4b4f, 0x4b4f, 0x4b4f, 0x4b4f, 0x4b4f, 0x4b4f, 0x4b4f, 0x4b4f, 0x4b4f, 0x4b4f, 0x4b4f, 0x4b4f, 
	0x4b4f, 0x4b4f, 0x4b4f, 0x4b4f, 0x434f, 0x4b4f, 0x434f, 0x4b4f, 0x434f, 0x434f, 0x434f, 0x434f, 0x434f, 0x434f, 0x434f, 0x434f, 
	0x434f, 0x434f, 0x434f, 0x434f, 0x434f, 0x434f, 0x434f, 0x4b4f, 0x434f, 0x4b4f, 0x4b4f, 0x4b4f, 0x4b4f, 0x4b4f, 0x4b4f, 0x4b4f, 
	0x4b4f, 0x4b4f, 0x4b4f, 0x4b4f, 0x4b4f, 0x4b4f, 0x4b4f, 0x4b4f, 0x4b4f, 0x4b4f, 0x4b4f, 0x4b4f, 0x4b4f, 0x4b4f, 0x4b4f, 0x4b6f, 
	0x4b6f, 0x4b6f, 0x4b6f, 0x4b6f, 0x4b6f, 0x4b6f, 0x4b6f, 0x4b6f, 0x4b6f, 0x4b6f, 0x4b6f, 0x4b6f, 0x4b6f, 0x4b6f, 0x4b6f, 0x4b6f, 
	0x4b6f, 0x4b6f, 0x4b70, 0x4b70, 0x4b70, 0x4b70, 0x4b70, 0x4b70, 0x4b70, 0x4b70, 0x4b70, 0x4b70, 0x4b70, 0x4b70, 0x4b70, 0x4b70, 
	0x4b70, 0x4b70, 0x4b70, 0x4b70, 0x4b70, 0x4b70, 0x4b70, 0x4b70, 0x4b90, 0x4b70, 0x4b90, 0x4b90, 0x4b70, 0x5390, 0x7c10, 0x8410, 
	0x7c10, 0x73cf, 0x63af, 0x63af, 0x63af, 0x63af, 0x63af, 0x63af, 0x63af, 0x63af, 0x63af, 0x63af, 0x63af, 0x63af, 0x63af, 0x63af, 
	0x63af, 0x63af, 0x638f, 0x638f, 0x638f, 0x638f, 0x638f, 0x638f, 0x638f, 0x638f, 0x638f, 0x638f, 0x638f, 0x638f, 0x638f, 0x638f, 
	0x638f, 0x638f, 0x638f, 0x638f, 0x638f, 0x638f, 0x638f, 0x638f, 0x638f, 0x638f, 0x638f, 0x638f, 0x638f, 0x638f, 0x638f, 0x638f, 
	0x638f, 0x638f, 0x638f, 0x638f, 0x638f, 0x638f, 0x638f, 0x638f, 0x638f, 0x638f, 0x638f, 0x638f, 0x638f, 0x638f, 0x638f, 0x638f, 
	0x638f, 0x638f, 0x638f, 0x638f, 0x638f, 0x638f, 0x638f, 0x638f, 0x638f, 0x638f, 0x638f, 0x638f, 0x638f, 0x638f, 0x638f, 0x638f, 
	0x638f, 0x638f, 0x638f, 0x638f, 0x638f, 0x638f, 0x638f, 0x638f, 0x638f, 0x638f, 0x638f, 0x638f, 0x638f, 0x638f, 0x638f, 0x638f, 
	0x638f, 0x638f, 0x638f, 0x638f, 0x638f, 0x638f, 0x638f, 0x638f, 0x638f, 0x638f, 0x638f, 0x638f, 0x638f, 0x638f, 0x638f, 0x638f, 
	0x638f, 0x638f, 0x638f, 0x638f, 0x638f, 0x638f, 0x638f, 0x638f, 0x638f, 0x638f, 0x638f, 0x638f, 0x638f, 0x638f, 0x638f, 0x638f, 
	0x638f, 0x638f, 0x638f, 0x638f, 0x638f, 0x638f, 0x638f, 0x638f, 0x638f, 0x638f, 0x638f, 0x638f, 0x63af, 0x63af, 0x63af, 0x63af, 
	0x63af, 0x63af, 0x63af, 0x63af, 0x63af, 0x63af, 0x63af, 0x63af, 0x63af, 0x63af, 0x63af, 0x63af, 0x63af, 0x6baf, 0x83f0, 0x8410, 
	0x8410, 0x8410, 0x8410, 0x8410, 0x8410, 0x8410, 0x8410, 0x8410, 0x8410, 0x8410, 0x8410, 0x8410, 0x8410, 0x8410, 0x8410, 0x8410, 
	0x8410, 0x8410, 0x8410, 0x8410, 0x8410, 0x8410, 0x8410, 0x8410, 0x8410, 0x8410, 0x8410, 0x8410, 0x8410, 0x8410, 0x8410, 0x8410, 
	0x8410, 0x8410, 0x8410, 0x8410, 0x8410, 0x8410, 0x8410, 0x8410, 0x8410, 0x8410, 0x8410, 0x8410, 0x8410, 0x8410, 0x8410, 0x8410, 
	0x8410, 0x8410, 0x8410, 0x8410, 0x8410, 0x8410, 0x8410, 0x8410, 0x8410, 0x8410, 0x8410, 0x8410, 0x8410, 0x8410, 0x8410, 0x8410, 
	0x8410, 0x8410, 0x8410, 0x8410, 0x8410, 0x8410, 0x8410, 0x8410, 0x8410, 0x8410, 0x8410, 0x8410, 0x8410, 0x8410, 0x8410, 0x8410, 
	0x8410, 0x8410, 0x8410, 0x8410, 0x8410, 0x8410, 0x8410, 0x8410, 0x8410, 0x8410, 0x8410, 0x8410, 0x8410, 0x8410, 0x8410, 0x8410, 
	0x8410, 0x8410, 0x8410, 0x8410, 0x8410, 0x8410, 0x8410, 0x8410, 0x8410, 0x8410, 0x8410, 0x8410, 0x8410, 0x8410, 0x8410, 0x8410, 
	0x8410, 0x8410, 0x8410, 0x8410, 0x8410, 0x8410, 0x8410, 0x8410, 0x8410, 0x8410, 0x8410, 0x8410, 0x8410, 0x8410, 0x8410, 0x8410, 
	0x8410, 0x8410, 0x8410, 0x8410, 0x8410, 0x8410, 0x8410, 0x8410, 0x8410, 0x8410, 0x8410, 0x8410, 0x8410, 0x8410, 0x8410, 0x8410, 
	0x8410, 0x8410, 0x8410, 0x8410, 0x8410, 0x8410, 0x8410, 0x8410, 0x8410, 0x8410, 0x8410, 0x8410, 0x8410, 0x8410, 0x8410, 0x8410
};

// Array of all bitmaps for convenience. (Total bytes used to store images in PROGMEM = 20496)
const int sabao_imgallArray_LEN = 1;
const uint16_t* sabao_imgallArray[1] = {
	sabao_img
};
