// 'secar_img', 160x128px
const uint16_t secar_img [] PROGMEM = {
	0x7bef, 0x7bef, 0x7bcf, 0x7bcf, 0x7bcf, 0x7bcf, 0x7bcf, 0x7bcf, 0x7bcf, 0x7bcf, 0x7bcf, 0x7bcf, 0x7bcf, 0x7bcf, 0x7bcf, 0x7bcf, 
	0x7bcf, 0x7bcf, 0x7bcf, 0x7bcf, 0x7bcf, 0x7bcf, 0x7bcf, 0x7bcf, 0x7bcf, 0x7bcf, 0x7bcf, 0x7bcf, 0x7bcf, 0x7bcf, 0x7bcf, 0x7bcf, 
	0x7bcf, 0x7bcf, 0x7bcf, 0x7bcf, 0x7bcf, 0x7bcf, 0x7bcf, 0x7bcf, 0x7bcf, 0x7bcf, 0x7bcf, 0x7bcf, 0x7bcf, 0x7bcf, 0x7bcf, 0x7bcf, 
	0x7bcf, 0x7bcf, 0x7bcf, 0x7bcf, 0x7bcf, 0x7bcf, 0x7bcf, 0x7bcf, 0x7bcf, 0x7bcf, 0x7bcf, 0x7bcf, 0x7bcf, 0x7bcf, 0x7bcf, 0x7bcf, 
	0x7bcf, 0x7bcf, 0x7bcf, 0x7bcf, 0x7bcf, 0x7bcf, 0x7bcf, 0x7bcf, 0x7bcf, 0x7bcf, 0x7bcf, 0x7bcf, 0x7bcf, 0x7bcf, 0x7bcf, 0x7bcf, 
	0x7bcf, 0x7bcf, 0x7bcf, 0x7bcf, 0x7bcf, 0x7bcf, 0x7bcf, 0x7bcf, 0x7bcf, 0x7bcf, 0x7bcf, 0x7bcf, 0x7bcf, 0x7bcf, 0x7bcf, 0x7bcf, 
	0x7bcf, 0x7bcf, 0x7bcf, 0x7bcf, 0x7bcf, 0x7bcf, 0x7bcf, 0x7bcf, 0x7bcf, 0x7bcf, 0x7bcf, 0x7bcf, 0x7bcf, 0x7bcf, 0x7bcf, 0x7bcf, 
	0x7bcf, 0x7bcf, 0x7bcf, 0x7bcf, 0x7bcf, 0x7bcf, 0x7bcf, 0x7bcf, 0x7bcf, 0x7bcf, 0x7bcf, 0x7bcf, 0x7bcf, 0x7bcf, 0x7bcf, 0x7bcf, 
	0x7bcf, 0x7bcf, 0x7bcf, 0x7bcf, 0x7bcf, 0x7bcf, 0x7bcf, 0x7bcf, 0x7bcf, 0x7bcf, 0x7bcf, 0x7bcf, 0x7bcf, 0x7bcf, 0x7bcf, 0x7bcf, 
	0x7bcf, 0x7bcf, 0x7bcf, 0x7bcf, 0x7bcf, 0x7bcf, 0x7bcf, 0x7bcf, 0x7bcf, 0x7bcf, 0x7bcf, 0x7bcf, 0x7bcf, 0x7bef, 0x7bf0, 0x0000, 
	0x7bef, 0x5390, 0x4b90, 0x4b90, 0x4b90, 0x4b90, 0x4b90, 0x4b90, 0x4b90, 0x4b90, 0x4b90, 0x4b90, 0x4b90, 0x4b90, 0x4b90, 0x4b90, 
	0x4b90, 0x4b90, 0x4b90, 0x4b90, 0x4b90, 0x4b90, 0x4b90, 0x4b90, 0x4b90, 0x4b90, 0x4b90, 0x4b90, 0x4b90, 0x4b90, 0x4b90, 0x4b90, 
	0x4b90, 0x4b90, 0x4b90, 0x4b90, 0x4b90, 0x4b90, 0x4b90, 0x4b90, 0x4b90, 0x4b90, 0x4b90, 0x4b90, 0x4b90, 0x4b90, 0x4b90, 0x4b90, 
	0x4b90, 0x4b90, 0x4b90, 0x4b90, 0x4b90, 0x4b90, 0x4b90, 0x4b90, 0x4b90, 0x4b90, 0x4b90, 0x4b90, 0x4b90, 0x4b90, 0x4b90, 0x4b90, 
	0x4b90, 0x4b90, 0x4b90, 0x4b90, 0x4b90, 0x4b90, 0x4b90, 0x4b90, 0x4b90, 0x4b90, 0x4b90, 0x4b90, 0x4b90, 0x4b90, 0x4b90, 0x4b90, 
	0x4b90, 0x4b90, 0x4b90, 0x4b90, 0x4b90, 0x4b90, 0x4b90, 0x4b90, 0x4b90, 0x4b90, 0x4b90, 0x4b90, 0x4b90, 0x4b90, 0x4b90, 0x4b90, 
	0x4b90, 0x4b90, 0x4b90, 0x4b90, 0x4b90, 0x4b90, 0x4b90, 0x4b90, 0x4b90, 0x4b90, 0x4b90, 0x4b90, 0x4b90, 0x4b90, 0x4b90, 0x4b90, 
	0x4b90, 0x4b90, 0x4b90, 0x4b90, 0x4b90, 0x4b90, 0x4b90, 0x4b90, 0x4b90, 0x4b90, 0x4b90, 0x4b90, 0x4b90, 0x4b90, 0x4b90, 0x4b90, 
	0x4b90, 0x4b90, 0x4b90, 0x4b90, 0x4b90, 0x4b90, 0x4b90, 0x4b90, 0x4b90, 0x4b90, 0x4b90, 0x4b90, 0x4b90, 0x4b90, 0x4b90, 0x4b90, 
	0x4b90, 0x4b90, 0x4b90, 0x4b90, 0x4b90, 0x4b90, 0x4b90, 0x4b90, 0x4b90, 0x4b90, 0x4b90, 0x4b90, 0x4b90, 0x538f, 0x7bcf, 0x0000, 
	0x7bef, 0x4b8f, 0x4b90, 0x4b90, 0x4b90, 0x4b90, 0x4b90, 0x4b90, 0x4b90, 0x4b90, 0x4b90, 0x4b90, 0x4b90, 0x4b90, 0x4b90, 0x4b90, 
	0x4b90, 0x4b90, 0x4b90, 0x4b90, 0x4b90, 0x4b90, 0x4b90, 0x4b90, 0x4b90, 0x4b90, 0x4b90, 0x4b90, 0x4b90, 0x4b90, 0x4b90, 0x4b90, 
	0x4b90, 0x4b90, 0x4b90, 0x4b90, 0x4b90, 0x4b90, 0x4b90, 0x4b90, 0x4b90, 0x4b90, 0x4b90, 0x4b90, 0x4b90, 0x4b90, 0x4b90, 0x4b90, 
	0x4b90, 0x4b90, 0x4b90, 0x4b90, 0x4b90, 0x4b90, 0x4b90, 0x4b90, 0x4b90, 0x4b90, 0x4b90, 0x4b90, 0x4b90, 0x4b90, 0x4b90, 0x4b90, 
	0x4b90, 0x4b90, 0x4b90, 0x4b90, 0x4b90, 0x4b90, 0x4b90, 0x4b90, 0x4b90, 0x4b90, 0x4b90, 0x4b90, 0x4b90, 0x4b90, 0x4b90, 0x4b90, 
	0x4b90, 0x4b90, 0x4b90, 0x4b90, 0x4b90, 0x4b90, 0x4b90, 0x4b90, 0x4b90, 0x4b90, 0x4b90, 0x4b90, 0x4b90, 0x4b90, 0x4b90, 0x4b90, 
	0x4b90, 0x4b90, 0x4b90, 0x4b90, 0x4b90, 0x4b90, 0x4b90, 0x4b90, 0x4b90, 0x4b90, 0x4b90, 0x4b90, 0x4b90, 0x4b90, 0x4b90, 0x4b90, 
	0x4b90, 0x4b90, 0x4b90, 0x4b90, 0x4b90, 0x4b90, 0x4b90, 0x4b90, 0x4b90, 0x4b90, 0x4b90, 0x4b90, 0x4b90, 0x4b90, 0x4b90, 0x4b90, 
	0x4b90, 0x4b90, 0x4b90, 0x4b90, 0x4b90, 0x4b90, 0x4b90, 0x4b90, 0x4b90, 0x4b90, 0x4b90, 0x4b90, 0x4b90, 0x4b90, 0x4b90, 0x4b90, 
	0x4b90, 0x4b90, 0x4b90, 0x4b90, 0x4b90, 0x4b90, 0x4b90, 0x4b90, 0x4b90, 0x4b90, 0x4b90, 0x4b90, 0x4b90, 0x5390, 0x7bef, 0x0000, 
	0x7bcf, 0x4b90, 0x4b90, 0x4b90, 0x4b90, 0x4b90, 0x4b90, 0x4b90, 0x4b90, 0x4b90, 0x4b90, 0x4b90, 0x4b90, 0x4b90, 0x4b90, 0x4b90, 
	0x4b90, 0x4b90, 0x4b90, 0x4b90, 0x4b90, 0x4b90, 0x4b90, 0x4b90, 0x4b90, 0x4b90, 0x4b90, 0x4b90, 0x4b90, 0x4b90, 0x4b90, 0x4b90, 
	0x4b90, 0x4b90, 0x4b90, 0x4b90, 0x4b90, 0x4b90, 0x4b90, 0x4b90, 0x4b90, 0x4b90, 0x4b90, 0x4b90, 0x4b90, 0x4b90, 0x4b90, 0x4b90, 
	0x4b90, 0x4b90, 0x4b90, 0x4b90, 0x4b90, 0x4b90, 0x4b90, 0x4b90, 0x4b90, 0x4b90, 0x4b90, 0x4b90, 0x4b90, 0x4b90, 0x4b90, 0x4b90, 
	0x4b90, 0x4b90, 0x4b90, 0x4b90, 0x4b90, 0x4b90, 0x4b90, 0x4b90, 0x4b90, 0x4b90, 0x4b90, 0x4b90, 0x4b90, 0x4b90, 0x4b90, 0x4b90, 
	0x4b90, 0x4b90, 0x4b90, 0x4b90, 0x4b90, 0x4b90, 0x4b90, 0x4b90, 0x4b90, 0x4b90, 0x4b90, 0x4b90, 0x4b90, 0x4b90, 0x4b90, 0x4b90, 
	0x4b90, 0x4b90, 0x4b90, 0x4b90, 0x4b90, 0x4b90, 0x4b90, 0x4b90, 0x4b90, 0x4b90, 0x4b90, 0x4b90, 0x4b90, 0x4b90, 0x4b90, 0x4b90, 
	0x4b90, 0x4b90, 0x4b90, 0x4b90, 0x4b90, 0x4b90, 0x4b90, 0x4b90, 0x4b90, 0x4b90, 0x4b90, 0x4b90, 0x4b90, 0x4b90, 0x4b90, 0x4b90, 
	0x4b90, 0x4b90, 0x4b90, 0x4b90, 0x4b90, 0x4b90, 0x4b90, 0x4b90, 0x4b90, 0x4b90, 0x4b90, 0x4b90, 0x4b90, 0x4b90, 0x4b90, 0x4b90, 
	0x4b90, 0x4b90, 0x4b90, 0x4b90, 0x4b90, 0x4b90, 0x4b90, 0x4b90, 0x4b90, 0x4b90, 0x4b90, 0x4b90, 0x4b90, 0x5390, 0x7bef, 0x0000, 
	0x7bef, 0x4b8f, 0x4b90, 0x4b90, 0x4b90, 0x4b90, 0x4b90, 0x4b90, 0x4b90, 0x4b90, 0x4b90, 0x4b90, 0x4b90, 0x4b90, 0x4b90, 0x4b90, 
	0x4b90, 0x4b90, 0x4b90, 0x4b90, 0x4b90, 0x4b90, 0x4b90, 0x4b90, 0x4b90, 0x4b90, 0x4b90, 0x4b90, 0x4b90, 0x4b90, 0x4b90, 0x4b90, 
	0x4b90, 0x4b90, 0x4b90, 0x4b90, 0x4b90, 0x4b90, 0x4b90, 0x4b90, 0x4b90, 0x4b90, 0x4b90, 0x4b90, 0x4b90, 0x4b90, 0x4b90, 0x4b90, 
	0x4b90, 0x4b90, 0x4b90, 0x4b90, 0x4b90, 0x4b90, 0x4b90, 0x4b90, 0x4b90, 0x4b90, 0x4b90, 0x4b90, 0x4b90, 0x4b90, 0x4b90, 0x4b90, 
	0x4b90, 0x4b90, 0x4b90, 0x4b90, 0x4b90, 0x4b90, 0x4b90, 0x4b90, 0x4b90, 0x4b90, 0x4b90, 0x4b90, 0x4b90, 0x4b90, 0x4b90, 0x4b90, 
	0x4b90, 0x4b90, 0x4b90, 0x4b90, 0x4b90, 0x4b90, 0x4b90, 0x4b90, 0x4b90, 0x4b90, 0x4b90, 0x4b90, 0x4b90, 0x4b90, 0x4b90, 0x4b90, 
	0x4b90, 0x4b90, 0x4b90, 0x4b90, 0x4b90, 0x4b90, 0x4b90, 0x4b90, 0x4b90, 0x4b90, 0x4b90, 0x4b90, 0x4b90, 0x4b90, 0x4b90, 0x4b90, 
	0x4b90, 0x4b90, 0x4b90, 0x4b90, 0x4b90, 0x4b90, 0x4b90, 0x4b90, 0x4b90, 0x4b90, 0x4b90, 0x4b90, 0x4b90, 0x4b90, 0x4b90, 0x4b90, 
	0x4b90, 0x4b90, 0x4b90, 0x4b90, 0x4b90, 0x4b90, 0x4b90, 0x4b90, 0x4b90, 0x4b90, 0x4b90, 0x4b90, 0x4b90, 0x4b90, 0x4b90, 0x4b90, 
	0x4b90, 0x4b90, 0x4b90, 0x4b90, 0x4b90, 0x4b90, 0x4b90, 0x4b90, 0x4b90, 0x4b90, 0x4b90, 0x4b90, 0x4b90, 0x5390, 0x7bef, 0x0000, 
	0x7bcf, 0x4b90, 0x4b90, 0x4b90, 0x4b90, 0x4b90, 0x4b90, 0x4b90, 0x4b90, 0x4b90, 0x4b90, 0x4b90, 0x4b90, 0x4b90, 0x4b90, 0x4b90, 
	0x4b90, 0x4b90, 0x4b90, 0x4b90, 0x4b90, 0x4b90, 0x4b90, 0x4b90, 0x4b90, 0x4b90, 0x4b90, 0x4b90, 0x4b90, 0x4b90, 0x4b90, 0x4b90, 
	0x4b90, 0x4b90, 0x4b90, 0x4b90, 0x4b90, 0x4b90, 0x4b90, 0x4b90, 0x4b90, 0x4b90, 0x4b90, 0x4b90, 0x4b90, 0x4b90, 0x4b90, 0x4b90, 
	0x4b90, 0x4b90, 0x4b90, 0x4b90, 0x4b90, 0x4b90, 0x4b90, 0x4b90, 0x4b90, 0x4b90, 0x4b90, 0x4b90, 0x4b90, 0x4b90, 0x4b90, 0x4b90, 
	0x4b90, 0x4b90, 0x4b90, 0x4b90, 0x4b90, 0x4b90, 0x4b90, 0x4b90, 0x4b90, 0x4b90, 0x4b90, 0x4b90, 0x4b90, 0x4b90, 0x4b90, 0x4b90, 
	0x4b90, 0x4b90, 0x4b90, 0x4b90, 0x4b90, 0x4b90, 0x4b90, 0x4b90, 0x4b90, 0x4b90, 0x4b90, 0x4b90, 0x4b90, 0x4b90, 0x4b90, 0x4b90, 
	0x4b90, 0x4b90, 0x4b90, 0x4b90, 0x4b90, 0x4b90, 0x4b90, 0x4b90, 0x4b90, 0x4b90, 0x4b90, 0x4b90, 0x4b90, 0x4b90, 0x4b90, 0x4b90, 
	0x4b90, 0x4b90, 0x4b90, 0x4b90, 0x4b90, 0x4b90, 0x4b90, 0x4b90, 0x4b90, 0x4b90, 0x4b90, 0x4b90, 0x4b90, 0x4b90, 0x4b90, 0x4b90, 
	0x4b90, 0x4b90, 0x4b90, 0x4b90, 0x4b90, 0x4b90, 0x4b90, 0x4b90, 0x4b90, 0x4b90, 0x4b90, 0x4b90, 0x4b90, 0x4b90, 0x4b90, 0x4b90, 
	0x4b90, 0x4b90, 0x4b90, 0x4b90, 0x4b90, 0x4b90, 0x4b90, 0x4b90, 0x4b90, 0x4b90, 0x4b90, 0x4b90, 0x4b90, 0x5390, 0x7bef, 0x0000, 
	0x7bef, 0x4b8f, 0x4b90, 0x4b90, 0x4b90, 0x4b90, 0x4b90, 0x4b90, 0x4b90, 0x4b90, 0x4b90, 0x4b90, 0x4b90, 0x4b90, 0x4b90, 0x4b90, 
	0x4b90, 0x4b90, 0x4b90, 0x4b90, 0x4b90, 0x4b90, 0x4b90, 0x4b90, 0x4b90, 0x4b90, 0x4b90, 0x4b90, 0x4b90, 0x4b90, 0x4b90, 0x4b90, 
	0x4b90, 0x4b90, 0x4b90, 0x4b90, 0x4b90, 0x4b90, 0x4b90, 0x4b90, 0x4b90, 0x4b90, 0x4b90, 0x4b90, 0x4b90, 0x4b90, 0x4b90, 0x4b90, 
	0x4b90, 0x4b90, 0x4b90, 0x4b90, 0x4b90, 0x4b90, 0x4b90, 0x4b90, 0x4b90, 0x4b90, 0x4b90, 0x4b90, 0x4b90, 0x4b90, 0x4b90, 0x4b90, 
	0x4b90, 0x4b90, 0x4b90, 0x4b90, 0x4b90, 0x4b90, 0x4b90, 0x4b90, 0x4b90, 0x4b90, 0x4b90, 0x4b90, 0x4b90, 0x4b90, 0x4b90, 0x4b90, 
	0x4b90, 0x4b90, 0x4b90, 0x4b90, 0x4b90, 0x4b90, 0x4b90, 0x4b90, 0x4b90, 0x4b90, 0x4b90, 0x4b90, 0x4b90, 0x4b90, 0x4b90, 0x4b90, 
	0x4b90, 0x4b90, 0x4b90, 0x4b90, 0x4b90, 0x4b90, 0x4b90, 0x4b90, 0x4b90, 0x4b90, 0x4b90, 0x4b90, 0x4b90, 0x4b90, 0x4b90, 0x4b90, 
	0x4b90, 0x4b90, 0x4b90, 0x4b90, 0x4b90, 0x4b90, 0x4b90, 0x4b90, 0x4b90, 0x4b90, 0x4b90, 0x4b90, 0x4b90, 0x4b90, 0x4b90, 0x4b90, 
	0x4b90, 0x4b90, 0x4b90, 0x4b90, 0x4b90, 0x4b90, 0x4b90, 0x4b90, 0x4b90, 0x4b90, 0x4b90, 0x4b90, 0x4b90, 0x4b90, 0x4b90, 0x4b90, 
	0x4b90, 0x4b90, 0x4b90, 0x4b90, 0x4b90, 0x4b90, 0x4b90, 0x4b90, 0x4b90, 0x4b90, 0x4b90, 0x4b90, 0x4b90, 0x5390, 0x7bef, 0x0000, 
	0x7bcf, 0x4b90, 0x4b90, 0x4b90, 0x4b90, 0x4b90, 0x4b90, 0x4b90, 0x4b90, 0x4b90, 0x4b90, 0x4b90, 0x4b90, 0x4b90, 0x4b90, 0x4b90, 
	0x4b90, 0x4b90, 0x4b90, 0x4b90, 0x4b90, 0x4b90, 0x4b90, 0x4b90, 0x4b90, 0x4b90, 0x4b90, 0x4b90, 0x4b90, 0x4b90, 0x4b90, 0x4b90, 
	0x4b90, 0x4b90, 0x4b90, 0x4b90, 0x4b90, 0x4b90, 0x4b90, 0x4b90, 0x4b90, 0x4b90, 0x4b90, 0x4b90, 0x4b90, 0x4b90, 0x4b90, 0x4b90, 
	0x4b90, 0x4b90, 0x4b90, 0x4b90, 0x4b90, 0x4b90, 0x4b90, 0x4b90, 0x4b90, 0x4b90, 0x4b90, 0x4b90, 0x4b90, 0x4b90, 0x4b90, 0x4b90, 
	0x4b90, 0x4b90, 0x4b90, 0x4b90, 0x4b90, 0x4b90, 0x4b90, 0x4b90, 0x4b90, 0x4b90, 0x4b90, 0x4b90, 0x4b90, 0x4b90, 0x4b90, 0x4b90, 
	0x4b90, 0x4b90, 0x4b90, 0x4b90, 0x4b90, 0x4b90, 0x4b90, 0x4b90, 0x4b90, 0x4b90, 0x4b90, 0x4b90, 0x4b90, 0x4b90, 0x4b90, 0x4b90, 
	0x4b90, 0x4b90, 0x4b90, 0x4b90, 0x4b90, 0x4b90, 0x4b90, 0x4b90, 0x4b90, 0x4b90, 0x4b90, 0x4b90, 0x4b90, 0x4b90, 0x4b90, 0x4b90, 
	0x4b90, 0x4b90, 0x4b90, 0x4b90, 0x4b90, 0x4b90, 0x4b90, 0x4b90, 0x4b90, 0x4b90, 0x4b90, 0x4b90, 0x4b90, 0x4b90, 0x4b90, 0x4b90, 
	0x4b90, 0x4b90, 0x4b90, 0x4b90, 0x4b90, 0x4b90, 0x4b90, 0x4b90, 0x4b90, 0x4b90, 0x4b90, 0x4b90, 0x4b90, 0x4b90, 0x4b90, 0x4b90, 
	0x4b90, 0x4b90, 0x4b90, 0x4b90, 0x4b90, 0x4b90, 0x4b90, 0x4b90, 0x4b90, 0x4b90, 0x4b90, 0x4b90, 0x4b90, 0x5390, 0x7bef, 0x0000, 
	0x7bef, 0x4b8f, 0x4b90, 0x4b90, 0x4b90, 0x4b90, 0x4b90, 0x4b90, 0x4b90, 0x4b90, 0x4b90, 0x4b90, 0x4b90, 0x4b90, 0x4b90, 0x4b90, 
	0x4b90, 0x4b90, 0x4b90, 0x4b90, 0x4b90, 0x4b90, 0x4b90, 0x4b90, 0x4b90, 0x4b90, 0x4b90, 0x4b90, 0x4b90, 0x4b90, 0x4b90, 0x4b90, 
	0x4b90, 0x4b90, 0x4b90, 0x4b90, 0x4b90, 0x4b90, 0x4b90, 0x4b90, 0x4b90, 0x4b90, 0x4b90, 0x4b90, 0x4b90, 0x4b90, 0x4b90, 0x4b90, 
	0x4b90, 0x4b90, 0x4b90, 0x4b90, 0x4b90, 0x4b90, 0x4b90, 0x4b90, 0x4b90, 0x4b90, 0x4b90, 0x4b90, 0x4b90, 0x4b90, 0x4b90, 0x4b90, 
	0x4b90, 0x4b90, 0x4b90, 0x4b90, 0x4b90, 0x4b90, 0x4b90, 0x4b90, 0x4b90, 0x4b90, 0x4b90, 0x4b90, 0x4b90, 0x4b90, 0x4b90, 0x4b90, 
	0x4b90, 0x4b90, 0x4b90, 0x4b90, 0x4b90, 0x4b90, 0x4b90, 0x4b90, 0x4b90, 0x4b90, 0x4b90, 0x4b90, 0x4b90, 0x4b90, 0x4b90, 0x4b90, 
	0x4b90, 0x4b90, 0x4b90, 0x4b90, 0x4b90, 0x4b90, 0x4b90, 0x4b90, 0x4b90, 0x4b90, 0x4b90, 0x4b90, 0x4b90, 0x4b90, 0x4b90, 0x4b90, 
	0x4b90, 0x4b90, 0x4b90, 0x4b90, 0x4b90, 0x4b90, 0x4b90, 0x4b90, 0x4b90, 0x4b90, 0x4b90, 0x4b90, 0x4b90, 0x4b90, 0x4b90, 0x4b90, 
	0x4b90, 0x4b90, 0x4b90, 0x4b90, 0x4b90, 0x4b90, 0x4b90, 0x4b90, 0x4b90, 0x4b90, 0x4b90, 0x4b90, 0x4b90, 0x4b90, 0x4b90, 0x4b90, 
	0x4b90, 0x4b90, 0x4b90, 0x4b90, 0x4b90, 0x4b90, 0x4b90, 0x4b90, 0x4b90, 0x4b90, 0x4b90, 0x4b90, 0x4b90, 0x5390, 0x7bef, 0x0000, 
	0x7bcf, 0x4b90, 0x4b90, 0x4b90, 0x4b90, 0x4b90, 0x4b90, 0x4b90, 0x4b90, 0x4b90, 0x4b90, 0x4b90, 0x4b90, 0x4b90, 0x4b90, 0x4b90, 
	0x4b90, 0x4b90, 0x4b90, 0x4b90, 0x4b90, 0x4b90, 0x4b90, 0x4b90, 0x4b90, 0x4b90, 0x4b90, 0x4b90, 0x4b90, 0x4b90, 0x4b90, 0x4b90, 
	0x4b90, 0x4b90, 0x4b90, 0x4b90, 0x4b90, 0x4b90, 0x4b90, 0x4b90, 0x4b90, 0x4b90, 0x4b90, 0x4b90, 0x4b90, 0x4b90, 0x4b90, 0x4b90, 
	0x4b90, 0x4b90, 0x4b90, 0x4b90, 0x4b90, 0x4b90, 0x4b90, 0x4b90, 0x4b90, 0x4b90, 0x4b90, 0x4b90, 0x4b90, 0x4b90, 0x4b90, 0x4b90, 
	0x4b90, 0x4b90, 0x4b90, 0x4b90, 0x4b90, 0x4b90, 0x4b90, 0x4b90, 0x4b90, 0x4b90, 0x4b90, 0x4b90, 0x4b90, 0x4b90, 0x4b90, 0x4b90, 
	0x4b90, 0x4b90, 0x4b90, 0x4b90, 0x4b90, 0x4b90, 0x4b90, 0x4b90, 0x4b90, 0x4b90, 0x4b90, 0x4b90, 0x4b90, 0x4b90, 0x4b90, 0x4b90, 
	0x4b90, 0x4b90, 0x4b90, 0x4b90, 0x4b90, 0x4b90, 0x4b90, 0x4b90, 0x4b90, 0x4b90, 0x4b90, 0x4b90, 0x4b90, 0x4b90, 0x4b90, 0x4b90, 
	0x4b90, 0x4b90, 0x4b90, 0x4b90, 0x4b90, 0x4b90, 0x4b90, 0x4b90, 0x4b90, 0x4b90, 0x4b90, 0x4b90, 0x4b90, 0x4b90, 0x4b90, 0x4b90, 
	0x4b90, 0x4b90, 0x4b90, 0x4b90, 0x4b90, 0x4b90, 0x4b90, 0x4b90, 0x4b90, 0x4b90, 0x4b90, 0x4b90, 0x4b90, 0x4b90, 0x4b90, 0x4b90, 
	0x4b90, 0x4b90, 0x4b90, 0x4b90, 0x4b90, 0x4b90, 0x4b90, 0x4b90, 0x4b90, 0x4b90, 0x4b90, 0x4b90, 0x4b90, 0x5390, 0x7bef, 0x0000, 
	0x7bef, 0x4b90, 0x4b90, 0x4b90, 0x4b90, 0x4b90, 0x4b90, 0x4b90, 0x4b90, 0x4b90, 0x4b90, 0x4b90, 0x4b90, 0x4b90, 0x4b90, 0x4b90, 
	0x4b90, 0x4b90, 0x4b90, 0x4b90, 0x4b90, 0x4b90, 0x4b90, 0x4b90, 0x4b90, 0x4b90, 0x4b90, 0x4b90, 0x4b90, 0x4b90, 0x4b90, 0x4b90, 
	0x4b90, 0x4b90, 0x4b90, 0x4b90, 0x4b90, 0x4b90, 0x4b90, 0x4b90, 0x4b90, 0x4b90, 0x4b90, 0x4b90, 0x4b90, 0x4b90, 0x4b90, 0x4b90, 
	0x4b90, 0x4b90, 0x4b90, 0x4b90, 0x4b90, 0x4b90, 0x4b90, 0x4b90, 0x4b90, 0x4b90, 0x4b90, 0x4b90, 0x4b90, 0x4b90, 0x4b90, 0x4b90, 
	0x4b90, 0x4b90, 0x4b90, 0x4b90, 0x4b90, 0x4b90, 0x4b90, 0x4b90, 0x4b90, 0x4b90, 0x4b90, 0x4b90, 0x4b90, 0x4b90, 0x4b90, 0x4b90, 
	0x4b90, 0x4b90, 0x4b90, 0x4b90, 0x4b90, 0x4b90, 0x4b90, 0x4b90, 0x4b90, 0x4b90, 0x4b90, 0x4b90, 0x4b90, 0x4b90, 0x4b90, 0x4b90, 
	0x4b90, 0x4b90, 0x4b90, 0x4b90, 0x4b90, 0x4b90, 0x4b90, 0x4b90, 0x4b90, 0x4b90, 0x4b90, 0x4b90, 0x4b90, 0x4b90, 0x4b90, 0x4b90, 
	0x4b90, 0x4b90, 0x4b90, 0x4b90, 0x4b90, 0x4b90, 0x4b90, 0x4b90, 0x4b90, 0x4b90, 0x4b90, 0x4b90, 0x4b90, 0x4b90, 0x4b90, 0x4b90, 
	0x4b90, 0x4b90, 0x4b90, 0x4b90, 0x4b90, 0x4b90, 0x4b90, 0x4b90, 0x4b90, 0x4b90, 0x4b90, 0x4b90, 0x4b90, 0x4b90, 0x4b90, 0x4b90, 
	0x4b90, 0x4b90, 0x4b90, 0x4b90, 0x4b90, 0x4b90, 0x4b90, 0x4b90, 0x4b90, 0x4b90, 0x4b90, 0x4b90, 0x4b90, 0x5390, 0x7bef, 0x0000, 
	0x7bcf, 0x4b90, 0x4b90, 0x4b90, 0x4b90, 0x4b90, 0x4b90, 0x4b90, 0x4b90, 0x4b90, 0x4b90, 0x4b90, 0x4b90, 0x4b90, 0x4b90, 0x4b90, 
	0x4b90, 0x4b90, 0x4b90, 0x4b90, 0x4b90, 0x4b90, 0x4b90, 0x4b90, 0x4b90, 0x4b90, 0x4b90, 0x4b90, 0x4b90, 0x4b90, 0x4b90, 0x4b90, 
	0x4b90, 0x4b90, 0x4b90, 0x4b90, 0x4b90, 0x4b90, 0x4b90, 0x4b90, 0x4b90, 0x4b90, 0x4b90, 0x4b90, 0x4b90, 0x4b90, 0x4b90, 0x4b90, 
	0x4b90, 0x4b90, 0x4b90, 0x4b90, 0x4b90, 0x4b90, 0x4b90, 0x4b90, 0x4b90, 0x4b90, 0x4b90, 0x4b90, 0x4b90, 0x4b90, 0x4b90, 0x4b90, 
	0x4b90, 0x4b90, 0x4b90, 0x4b90, 0x4b90, 0x4b90, 0x4b90, 0x4b90, 0x4b90, 0x4b90, 0x4b90, 0x4b90, 0x4b90, 0x4b90, 0x4b90, 0x4b90, 
	0x4b90, 0x4b90, 0x4b90, 0x4b90, 0x4b90, 0x4b90, 0x4b90, 0x4b90, 0x4b90, 0x4b90, 0x4b90, 0x4b90, 0x4b90, 0x4b90, 0x4b90, 0x4b90, 
	0x4b90, 0x4b90, 0x4b90, 0x4b90, 0x4b90, 0x4b90, 0x4b90, 0x4b90, 0x4b90, 0x4b90, 0x4b90, 0x4b90, 0x4b90, 0x4b90, 0x4b90, 0x4b90, 
	0x4b90, 0x4b90, 0x4b90, 0x4b90, 0x4b90, 0x4b90, 0x4b90, 0x4b90, 0x4b90, 0x4b90, 0x4b90, 0x4b90, 0x4b90, 0x4b90, 0x4b90, 0x4b90, 
	0x4b90, 0x4b90, 0x4b90, 0x4b90, 0x4b90, 0x4b90, 0x4b90, 0x4b90, 0x4b90, 0x4b90, 0x4b90, 0x4b90, 0x4b90, 0x4b90, 0x4b90, 0x4b90, 
	0x4b90, 0x4b90, 0x4b90, 0x4b90, 0x4b90, 0x4b90, 0x4b90, 0x4b90, 0x4b90, 0x4b90, 0x4b90, 0x4b90, 0x4b90, 0x5390, 0x7bef, 0x0000, 
	0x7bef, 0x4b90, 0x4b90, 0x4b90, 0x4b90, 0x4b90, 0x4b90, 0x4b90, 0x4b90, 0x4b90, 0x4b90, 0x4b90, 0x4b90, 0x4b90, 0x4b90, 0x4b90, 
	0x4b90, 0x4b90, 0x4b90, 0x4b90, 0x4b90, 0x4b90, 0x4b90, 0x4b90, 0x4b90, 0x4b90, 0x4b90, 0x4b90, 0x4b90, 0x4b90, 0x4b90, 0x4b90, 
	0x4b90, 0x4b90, 0x4b90, 0x4b90, 0x4b90, 0x4b90, 0x4b90, 0x4b90, 0x4b90, 0x4b90, 0x4b90, 0x4b90, 0x4b90, 0x4b90, 0x4b90, 0x4b90, 
	0x4b90, 0x4b90, 0x4b90, 0x4b90, 0x4b90, 0x4b90, 0x4b90, 0x4b90, 0x4b90, 0x4b90, 0x4b90, 0x4b90, 0x4b90, 0x4b90, 0x4b90, 0x4b90, 
	0x4b90, 0x4b90, 0x4b90, 0x4b90, 0x4b90, 0x4b90, 0x4b90, 0x4b90, 0x4b90, 0x4b90, 0x4b90, 0x4b90, 0x4b90, 0x4b90, 0x4b90, 0x4b90, 
	0x4b90, 0x4b90, 0x4b90, 0x4b90, 0x4b90, 0x4b90, 0x4b90, 0x4b90, 0x4b90, 0x4b90, 0x4b90, 0x4b90, 0x4b90, 0x4b90, 0x4b90, 0x4b90, 
	0x4b90, 0x4b90, 0x4b90, 0x4b90, 0x4b90, 0x4b90, 0x4b90, 0x4b90, 0x4b90, 0x4b90, 0x4b90, 0x4b90, 0x4b90, 0x4b90, 0x4b90, 0x4b90, 
	0x4b90, 0x4b90, 0x4b90, 0x4b90, 0x4b90, 0x4b90, 0x4b90, 0x4b90, 0x4b90, 0x4b90, 0x4b90, 0x4b90, 0x4b90, 0x4b90, 0x4b90, 0x4b90, 
	0x4b90, 0x4b90, 0x4b90, 0x4b90, 0x4b90, 0x4b90, 0x4b90, 0x4b90, 0x4b90, 0x4b90, 0x4b90, 0x4b90, 0x4b90, 0x4b90, 0x4b90, 0x4b90, 
	0x4b90, 0x4b90, 0x4b90, 0x4b90, 0x4b90, 0x4b90, 0x4b90, 0x4b90, 0x4b90, 0x4b90, 0x4b90, 0x4b90, 0x4b90, 0x5390, 0x7bef, 0x0000, 
	0x7bcf, 0x4b90, 0x4b90, 0x4b90, 0x4b90, 0x4b90, 0x4b90, 0x4b90, 0x4b90, 0x4b90, 0x4b90, 0x4b90, 0x4b90, 0x4b90, 0x4b90, 0x4b90, 
	0x4b90, 0x4b90, 0x4b90, 0x4b90, 0x4b90, 0x4b90, 0x4b90, 0x4b90, 0x4b90, 0x4b90, 0x4b90, 0x4b90, 0x4b90, 0x4b90, 0x4b90, 0x4b90, 
	0x4b90, 0x4b90, 0x4b90, 0x4b90, 0x4b90, 0x4b90, 0x4b90, 0x4b90, 0x4b90, 0x4b90, 0x4b90, 0x4b90, 0x4b90, 0x4b90, 0x4b90, 0x4b90, 
	0x4b90, 0x4b90, 0x4b90, 0x4b90, 0x4b90, 0x4b90, 0x4b90, 0x4b90, 0x4b90, 0x4b90, 0x4b90, 0x4b90, 0x4b90, 0x4b90, 0x4b90, 0x4b90, 
	0x4b90, 0x4b90, 0x4b90, 0x4b90, 0x4b90, 0x4b90, 0x4b90, 0x4b90, 0x4b90, 0x4b90, 0x4b90, 0x4b90, 0x4b90, 0x4b90, 0x4b90, 0x4b90, 
	0x4b90, 0x4b90, 0x4b90, 0x4b90, 0x4b90, 0x4b90, 0x4b90, 0x4b90, 0x4b90, 0x4b90, 0x4b90, 0x4b90, 0x4b90, 0x4b90, 0x4b90, 0x4b90, 
	0x4b90, 0x4b90, 0x4b90, 0x4b90, 0x4b90, 0x4b90, 0x4b90, 0x4b90, 0x4b90, 0x4b90, 0x4b90, 0x4b90, 0x4b90, 0x4b90, 0x4b90, 0x4b90, 
	0x4b90, 0x4b90, 0x4b90, 0x4b90, 0x4b90, 0x4b90, 0x4b90, 0x4b90, 0x4b90, 0x4b90, 0x4b90, 0x4b90, 0x4b90, 0x4b90, 0x4b90, 0x4b90, 
	0x4b90, 0x4b90, 0x4b90, 0x4b90, 0x4b90, 0x4b90, 0x4b90, 0x4b90, 0x4b90, 0x4b90, 0x4b90, 0x4b90, 0x4b90, 0x4b90, 0x4b90, 0x4b90, 
	0x4b90, 0x4b90, 0x4b90, 0x4b90, 0x4b90, 0x4b90, 0x4b90, 0x4b90, 0x4b90, 0x4b90, 0x4b90, 0x4b90, 0x4b90, 0x5390, 0x7bef, 0x0000, 
	0x7bef, 0x4b90, 0x4b90, 0x4b90, 0x4b90, 0x4b90, 0x4b90, 0x4b90, 0x4b90, 0x4b90, 0x4b90, 0x4b90, 0x4b90, 0x4b90, 0x4b90, 0x4b90, 
	0x4b90, 0x4b90, 0x4b90, 0x4b90, 0x4b90, 0x4b90, 0x4b90, 0x4b90, 0x4b90, 0x4b90, 0x4b90, 0x4b90, 0x4b90, 0x4b90, 0x4b90, 0x4b90, 
	0x4b90, 0x4b90, 0x4b90, 0x4b90, 0x4b90, 0x4b90, 0x4b90, 0x4b90, 0x4b90, 0x4b90, 0x4b90, 0x4b90, 0x4b90, 0x4b90, 0x4b90, 0x4b90, 
	0x4b90, 0x4b90, 0x4b90, 0x4b90, 0x4b90, 0x4b90, 0x4b90, 0x4b90, 0x4b90, 0x4b90, 0x4b90, 0x4b90, 0x4b90, 0x4b90, 0x4b90, 0x4b90, 
	0x4b90, 0x4b90, 0x4b90, 0x4b90, 0x4b90, 0x4b90, 0x4b90, 0x4b90, 0x4b90, 0x4b90, 0x4b90, 0x4b90, 0x4b90, 0x4b90, 0x4b90, 0x4b90, 
	0x4b90, 0x4b90, 0x4b90, 0x4b90, 0x4b90, 0x4b90, 0x4b90, 0x4b90, 0x4b90, 0x4b90, 0x4b90, 0x4b90, 0x4b90, 0x4b90, 0x4b90, 0x4b90, 
	0x4b90, 0x4b90, 0x4b90, 0x4b90, 0x4b90, 0x4b90, 0x4b90, 0x4b90, 0x4b90, 0x4b90, 0x4b90, 0x4b90, 0x4b90, 0x4b90, 0x4b90, 0x4b90, 
	0x4b90, 0x4b90, 0x4b90, 0x4b90, 0x4b90, 0x4b90, 0x4b90, 0x4b90, 0x4b90, 0x4b90, 0x4b90, 0x4b90, 0x4b90, 0x4b90, 0x4b90, 0x4b90, 
	0x4b90, 0x4b90, 0x4b90, 0x4b90, 0x4b90, 0x4b90, 0x4b90, 0x4b90, 0x4b90, 0x4b90, 0x4b90, 0x4b90, 0x4b90, 0x4b90, 0x4b90, 0x4b90, 
	0x4b90, 0x4b90, 0x4b90, 0x4b90, 0x4b90, 0x4b90, 0x4b90, 0x4b90, 0x4b90, 0x4b90, 0x4b90, 0x4b90, 0x4b90, 0x5390, 0x7bef, 0x0000, 
	0x7bcf, 0x4b90, 0x4b90, 0x4b90, 0x4b90, 0x4b90, 0x4b90, 0x4b90, 0x4b90, 0x4b90, 0x4b90, 0x4b90, 0x4b90, 0x4b90, 0x4b90, 0x4b90, 
	0x4b90, 0x4b90, 0x4b90, 0x4b90, 0x4b90, 0x4b90, 0x4b90, 0x4b90, 0x4b90, 0x4b90, 0x4b90, 0x4b90, 0x4b90, 0x4b90, 0x4b90, 0x4b90, 
	0x4b90, 0x4b90, 0x4b90, 0x4b90, 0x4b90, 0x4b90, 0x4b90, 0x4b90, 0x4b90, 0x4b90, 0x4b90, 0x4b90, 0x4b90, 0x4b90, 0x4b90, 0x4b90, 
	0x4b90, 0x4b90, 0x4b90, 0x4b90, 0x4b90, 0x4b90, 0x4b90, 0x4b90, 0x4b90, 0x4b90, 0x4b90, 0x4b90, 0x4b90, 0x4b90, 0x4b90, 0x4b90, 
	0x4b90, 0x4b90, 0x4b90, 0x4b90, 0x4b90, 0x4b90, 0x4b90, 0x4b90, 0x4b90, 0x4b90, 0x4b90, 0x4b90, 0x4b90, 0x4b90, 0x4b90, 0x4b90, 
	0x4b90, 0x4b90, 0x4b90, 0x4b90, 0x4b90, 0x4b90, 0x4b90, 0x4b90, 0x4b90, 0x4b90, 0x4b90, 0x4b90, 0x4b90, 0x4b90, 0x4b90, 0x4b90, 
	0x4b90, 0x4b90, 0x4b90, 0x4b90, 0x4b90, 0x4b90, 0x4b90, 0x4b90, 0x4b90, 0x4b90, 0x4b90, 0x4b90, 0x4b90, 0x4b90, 0x4b90, 0x4b90, 
	0x4b90, 0x4b90, 0x4b90, 0x4b90, 0x4b90, 0x4b90, 0x4b90, 0x4b90, 0x4b90, 0x4b90, 0x4b90, 0x4b90, 0x4b90, 0x4b90, 0x4b90, 0x4b90, 
	0x4b90, 0x4b90, 0x4b90, 0x4b90, 0x4b90, 0x4b90, 0x4b90, 0x4b90, 0x4b90, 0x4b90, 0x4b90, 0x4b90, 0x4b90, 0x4b90, 0x4b90, 0x4b90, 
	0x4b90, 0x4b90, 0x4b90, 0x4b90, 0x4b90, 0x4b90, 0x4b90, 0x4b90, 0x4b90, 0x4b90, 0x4b90, 0x4b90, 0x4b90, 0x5390, 0x7bef, 0x0000, 
	0x7bcf, 0x4b90, 0x4b90, 0x4b90, 0x4b90, 0x4b90, 0x4b90, 0x4b90, 0x4b90, 0x4b90, 0x4b90, 0x4b90, 0x4b90, 0x4b90, 0x4b90, 0x4b90, 
	0x4b90, 0x4b90, 0x4b90, 0x4b90, 0x4b90, 0x4b90, 0x4b90, 0x4b90, 0x4b90, 0x4b90, 0x4b90, 0x4b90, 0x4b90, 0x4b90, 0x4b90, 0x4b90, 
	0x4b90, 0x4b90, 0x4b90, 0x4b90, 0x4b90, 0x4b90, 0x4b90, 0x4b90, 0x4b90, 0x4b90, 0x4b90, 0x4b90, 0x4b90, 0x4b90, 0x4b90, 0x4b90, 
	0x4b90, 0x4b90, 0x4b90, 0x4b90, 0x4b90, 0x4b90, 0x4b90, 0x4b90, 0x4b90, 0x4b90, 0x4b90, 0x4b90, 0x4b90, 0x4b90, 0x4b90, 0x4b90, 
	0x4b90, 0x4b90, 0x4b90, 0x4b90, 0x4b90, 0x4b90, 0x4b90, 0x4b90, 0x4b90, 0x4b90, 0x4b90, 0x4b90, 0x4b90, 0x4b90, 0x4b90, 0x4b70, 
	0x4b70, 0x4b70, 0x4b70, 0x4b70, 0x4b90, 0x4b90, 0x4b90, 0x4b90, 0x4b90, 0x4b90, 0x4b90, 0x4b90, 0x4b90, 0x4b90, 0x4b90, 0x4b90, 
	0x4b90, 0x4b90, 0x4b90, 0x4b90, 0x4b90, 0x4b90, 0x4b90, 0x4b90, 0x4b90, 0x4b90, 0x4b90, 0x4b90, 0x4b90, 0x4b90, 0x4b90, 0x4b90, 
	0x4b90, 0x4b90, 0x4b90, 0x4b90, 0x4b90, 0x4b90, 0x4b90, 0x4b90, 0x4b90, 0x4b90, 0x4b90, 0x4b90, 0x4b90, 0x4b90, 0x4b90, 0x4b90, 
	0x4b90, 0x4b90, 0x4b90, 0x4b90, 0x4b90, 0x4b90, 0x4b90, 0x4b90, 0x4b90, 0x4b90, 0x4b90, 0x4b90, 0x4b90, 0x4b90, 0x4b90, 0x4b90, 
	0x4b90, 0x4b90, 0x4b90, 0x4b90, 0x4b90, 0x4b90, 0x4b90, 0x4b90, 0x4b90, 0x4b90, 0x4b90, 0x4b90, 0x4b90, 0x5390, 0x7bef, 0x0000, 
	0x7bcf, 0x4b90, 0x4b90, 0x4b90, 0x4b90, 0x4b90, 0x4b90, 0x4b90, 0x4b90, 0x4b90, 0x4b90, 0x4b90, 0x4b90, 0x4b90, 0x4b90, 0x4b90, 
	0x4b90, 0x4b90, 0x4b90, 0x4b90, 0x4b90, 0x4b90, 0x4b90, 0x4b90, 0x4b90, 0x4b90, 0x4b90, 0x4b90, 0x4b90, 0x4b90, 0x4b90, 0x4b90, 
	0x4b90, 0x4b90, 0x4b90, 0x4b90, 0x4b90, 0x4b90, 0x4b90, 0x4b90, 0x4b90, 0x4b90, 0x4b90, 0x4b90, 0x4b90, 0x4b90, 0x4b90, 0x4b90, 
	0x4b90, 0x4b90, 0x4b90, 0x4b90, 0x4b90, 0x4b90, 0x4b90, 0x4b90, 0x4b90, 0x4b90, 0x4b90, 0x4b90, 0x4b90, 0x4b90, 0x4b90, 0x4b90, 
	0x4b90, 0x4b90, 0x4b90, 0x4b90, 0x4b90, 0x4b90, 0x4b90, 0x4b90, 0x4b90, 0x4b90, 0x4b90, 0x4b90, 0x4b90, 0x4b90, 0x3acc, 0x2a09, 
	0x2a09, 0x2a09, 0x2a09, 0x2a29, 0x3acd, 0x4b90, 0x4b90, 0x4b90, 0x4b90, 0x4b90, 0x4b90, 0x4b90, 0x4b90, 0x4b90, 0x4b90, 0x4b90, 
	0x4b90, 0x4b90, 0x4b90, 0x4b90, 0x4b90, 0x4b90, 0x4b90, 0x4b90, 0x4b90, 0x4b90, 0x4b90, 0x4b90, 0x4b90, 0x4b90, 0x4b90, 0x4b90, 
	0x4b90, 0x4b90, 0x4b90, 0x4b90, 0x4b90, 0x4b90, 0x4b90, 0x4b90, 0x4b90, 0x4b90, 0x4b90, 0x4b90, 0x4b90, 0x4b90, 0x4b90, 0x4b90, 
	0x4b90, 0x4b90, 0x4b90, 0x4b90, 0x4b90, 0x4b90, 0x4b90, 0x4b90, 0x4b90, 0x4b90, 0x4b90, 0x4b90, 0x4b90, 0x4b90, 0x4b90, 0x4b90, 
	0x4b90, 0x4b90, 0x4b90, 0x4b90, 0x4b90, 0x4b90, 0x4b90, 0x4b90, 0x4b90, 0x4b90, 0x4b90, 0x4b90, 0x4b90, 0x5390, 0x7bef, 0x0000, 
	0x7bcf, 0x4b90, 0x4b90, 0x4b90, 0x4b90, 0x4b90, 0x4b90, 0x4b90, 0x4b90, 0x4b90, 0x4b90, 0x4b90, 0x4b90, 0x4b90, 0x4b90, 0x4b90, 
	0x4b90, 0x4b90, 0x4b90, 0x4b90, 0x4b90, 0x4b90, 0x4b90, 0x4b90, 0x4b90, 0x4b90, 0x4b90, 0x4b90, 0x4b90, 0x4b90, 0x4b90, 0x4b90, 
	0x4b90, 0x4b90, 0x4b90, 0x4b90, 0x4b90, 0x4b90, 0x4b90, 0x4b90, 0x4b90, 0x4b90, 0x4b90, 0x4b90, 0x4b90, 0x4b90, 0x4b90, 0x4b90, 
	0x4b90, 0x4b90, 0x4b90, 0x4b90, 0x4b90, 0x4b90, 0x4b90, 0x4b90, 0x4b90, 0x4b90, 0x4b90, 0x4b90, 0x4b90, 0x4b90, 0x4b90, 0x4b90, 
	0x4b90, 0x4b90, 0x4b90, 0x4b90, 0x4b90, 0x4b90, 0x4b90, 0x4b90, 0x4b90, 0x4b90, 0x4b90, 0x4b90, 0x4b90, 0x4b6f, 0x29c8, 0x0000, 
	0x0000, 0x0000, 0x0000, 0x0841, 0x29e8, 0x4b70, 0x4b90, 0x4b90, 0x4b90, 0x4b90, 0x4b90, 0x4b90, 0x4b90, 0x4b90, 0x4b90, 0x4b90, 
	0x4b90, 0x4b90, 0x4b90, 0x4b90, 0x4b90, 0x4b90, 0x4b90, 0x4b90, 0x4b90, 0x4b90, 0x4b90, 0x4b90, 0x4b90, 0x4b90, 0x4b90, 0x4b90, 
	0x4b90, 0x4b90, 0x4b90, 0x4b90, 0x4b90, 0x4b90, 0x4b90, 0x4b90, 0x4b90, 0x4b90, 0x4b90, 0x4b90, 0x4b90, 0x4b90, 0x4b90, 0x4b90, 
	0x4b90, 0x4b90, 0x4b90, 0x4b90, 0x4b90, 0x4b90, 0x4b90, 0x4b90, 0x4b90, 0x4b90, 0x4b90, 0x4b90, 0x4b90, 0x4b90, 0x4b90, 0x4b90, 
	0x4b90, 0x4b90, 0x4b90, 0x4b90, 0x4b90, 0x4b90, 0x4b90, 0x4b90, 0x4b90, 0x4b90, 0x4b90, 0x4b90, 0x4b90, 0x5390, 0x7bef, 0x0000, 
	0x7bcf, 0x4b90, 0x4b90, 0x4b90, 0x4b90, 0x4b90, 0x4b90, 0x4b90, 0x4b90, 0x4b90, 0x4b90, 0x4b90, 0x4b90, 0x4b90, 0x4b90, 0x4b90, 
	0x4b90, 0x4b90, 0x4b90, 0x4b90, 0x4b90, 0x4b90, 0x4b90, 0x4b90, 0x4b90, 0x4b90, 0x4b90, 0x4b90, 0x4b90, 0x4b90, 0x4b90, 0x4b90, 
	0x4b90, 0x4b90, 0x4b90, 0x4b90, 0x4b90, 0x4b90, 0x4b90, 0x4b90, 0x4b90, 0x4b90, 0x4b90, 0x4b90, 0x4b90, 0x4b90, 0x4b90, 0x4b90, 
	0x4b90, 0x4b90, 0x4b90, 0x4b90, 0x4b90, 0x4b90, 0x4b90, 0x4b90, 0x4b90, 0x4b90, 0x4b90, 0x4b90, 0x4b90, 0x4b90, 0x4b90, 0x4b90, 
	0x4b90, 0x4b90, 0x4b90, 0x4b90, 0x4b90, 0x4b90, 0x4b90, 0x4b90, 0x4b90, 0x4b90, 0x4b90, 0x4b90, 0x3aac, 0x29e8, 0x4a8a, 0x6b4d, 
	0x6b4d, 0x6b4d, 0x6b4d, 0x632c, 0x4a8a, 0x2a09, 0x3acc, 0x4b90, 0x4b90, 0x4b90, 0x4b90, 0x4b90, 0x4b90, 0x4b90, 0x4b90, 0x4b90, 
	0x4b90, 0x4b90, 0x4b90, 0x4b90, 0x4b90, 0x4b90, 0x4b90, 0x4b90, 0x4b90, 0x4b90, 0x4b90, 0x4b90, 0x4b90, 0x4b90, 0x4b90, 0x4b90, 
	0x4b90, 0x4b90, 0x4b90, 0x4b90, 0x4b90, 0x4b90, 0x4b90, 0x4b90, 0x4b90, 0x4b90, 0x4b90, 0x4b90, 0x4b90, 0x4b90, 0x4b90, 0x4b90, 
	0x4b90, 0x4b90, 0x4b90, 0x4b90, 0x4b90, 0x4b90, 0x4b90, 0x4b90, 0x4b90, 0x4b90, 0x4b90, 0x4b90, 0x4b90, 0x4b90, 0x4b90, 0x4b90, 
	0x4b90, 0x4b90, 0x4b90, 0x4b90, 0x4b90, 0x4b90, 0x4b90, 0x4b90, 0x4b90, 0x4b90, 0x4b90, 0x4b90, 0x4b90, 0x5390, 0x7bef, 0x0000, 
	0x7bcf, 0x4b90, 0x4b90, 0x4b90, 0x4b90, 0x4b90, 0x4b90, 0x4b90, 0x4b90, 0x4b90, 0x4b90, 0x4b90, 0x4b90, 0x4b90, 0x4b90, 0x4b90, 
	0x4b90, 0x4b90, 0x4b90, 0x4b90, 0x4b90, 0x4b90, 0x4b90, 0x4b90, 0x4b90, 0x4b90, 0x4b90, 0x4b90, 0x4b90, 0x4b90, 0x4b90, 0x4b90, 
	0x4b90, 0x4b90, 0x4b90, 0x4b90, 0x4b90, 0x4b90, 0x4b90, 0x4b90, 0x4b90, 0x4b90, 0x4b90, 0x4b90, 0x4b90, 0x4b90, 0x4b90, 0x4b90, 
	0x4b90, 0x4b90, 0x4b90, 0x4b90, 0x4b90, 0x4b90, 0x4b90, 0x4b90, 0x4b90, 0x4b90, 0x4b90, 0x4b90, 0x4b90, 0x4b90, 0x4b90, 0x4b90, 
	0x4b90, 0x4b90, 0x4b90, 0x4b90, 0x4b90, 0x4b90, 0x4b90, 0x4b90, 0x4b90, 0x4b90, 0x4b90, 0x4b70, 0x29c8, 0x0020, 0x738e, 0xdefb, 
	0xdefb, 0xdefb, 0xdefb, 0xce79, 0x6b4d, 0x0861, 0x29e8, 0x4b90, 0x4b90, 0x4b90, 0x4b90, 0x4b90, 0x4b90, 0x4b90, 0x4b90, 0x4b90, 
	0x4b90, 0x4b90, 0x4b90, 0x4b90, 0x4b90, 0x4b90, 0x4b90, 0x4b90, 0x4b90, 0x4b90, 0x4b90, 0x4b90, 0x4b90, 0x4b90, 0x4b90, 0x4b90, 
	0x4b90, 0x4b90, 0x4b90, 0x4b90, 0x4b90, 0x4b90, 0x4b90, 0x4b90, 0x4b90, 0x4b90, 0x4b90, 0x4b90, 0x4b90, 0x4b90, 0x4b90, 0x4b90, 
	0x4b90, 0x4b90, 0x4b90, 0x4b90, 0x4b90, 0x4b90, 0x4b90, 0x4b90, 0x4b90, 0x4b90, 0x4b90, 0x4b90, 0x4b90, 0x4b90, 0x4b90, 0x4b90, 
	0x4b90, 0x4b90, 0x4b90, 0x4b90, 0x4b90, 0x4b90, 0x4b90, 0x4b90, 0x4b90, 0x4b90, 0x4b90, 0x4b90, 0x4b90, 0x5390, 0x7bef, 0x0000, 
	0x7bcf, 0x4b90, 0x4b90, 0x4b90, 0x4b90, 0x4b90, 0x4b90, 0x4b90, 0x4b90, 0x4b90, 0x4b90, 0x4b90, 0x4b90, 0x4b90, 0x4b90, 0x4b90, 
	0x4b90, 0x4b90, 0x4b90, 0x4b90, 0x4b90, 0x4b90, 0x4b90, 0x4b90, 0x4b90, 0x4b90, 0x4b90, 0x4b90, 0x4b90, 0x4b90, 0x4b90, 0x4b90, 
	0x4b90, 0x4b90, 0x4b90, 0x4b90, 0x4b90, 0x4b90, 0x4b90, 0x4b90, 0x4b90, 0x4b90, 0x4b90, 0x4b90, 0x4b90, 0x4b90, 0x4b90, 0x4b90, 
	0x4b90, 0x4b90, 0x4b90, 0x4b90, 0x4b90, 0x4b90, 0x4b90, 0x4b90, 0x4b90, 0x4b90, 0x4b90, 0x4b90, 0x4b90, 0x4b90, 0x4b90, 0x4b90, 
	0x4b90, 0x4b90, 0x4b90, 0x4b90, 0x4b90, 0x4b90, 0x4b90, 0x4b90, 0x4b90, 0x4b90, 0x3aac, 0x21a8, 0x4aab, 0x738e, 0xad55, 0xdefb, 
	0xdefb, 0xdefb, 0xdefb, 0xd6ba, 0xa534, 0x6b6d, 0x4a8a, 0x29e8, 0x3aac, 0x4b90, 0x4b90, 0x4b90, 0x4b90, 0x4b90, 0x4b90, 0x4b90, 
	0x4b90, 0x4b90, 0x4b90, 0x4b90, 0x4b90, 0x4b90, 0x4b90, 0x4b90, 0x4b90, 0x4b90, 0x4b90, 0x4b90, 0x4b90, 0x4b90, 0x4b90, 0x4b90, 
	0x4b90, 0x4b90, 0x4b90, 0x4b90, 0x4b90, 0x4b90, 0x4b90, 0x4b90, 0x4b90, 0x4b90, 0x4b90, 0x4b90, 0x4b90, 0x4b90, 0x4b90, 0x4b90, 
	0x4b90, 0x4b90, 0x4b90, 0x4b90, 0x4b90, 0x4b90, 0x4b90, 0x4b90, 0x4b90, 0x4b90, 0x4b90, 0x4b90, 0x4b90, 0x4b90, 0x4b90, 0x4b90, 
	0x4b90, 0x4b90, 0x4b90, 0x4b90, 0x4b90, 0x4b90, 0x4b90, 0x4b90, 0x4b90, 0x4b90, 0x4b90, 0x4b90, 0x4b90, 0x5390, 0x7bef, 0x0000, 
	0x7bcf, 0x4b90, 0x4b90, 0x4b90, 0x4b90, 0x4b90, 0x4b90, 0x4b90, 0x4b90, 0x4b90, 0x4b90, 0x4b90, 0x4b90, 0x4b90, 0x4b90, 0x4b90, 
	0x4b90, 0x4b90, 0x4b90, 0x4b90, 0x4b90, 0x4b90, 0x4b90, 0x4b90, 0x4b90, 0x4b90, 0x4b90, 0x4b90, 0x4b90, 0x4b90, 0x4b90, 0x4b90, 
	0x4b90, 0x4b90, 0x4b90, 0x4b90, 0x4b90, 0x4b90, 0x4b90, 0x4b90, 0x4b90, 0x4b90, 0x4b90, 0x4b90, 0x4b90, 0x4b90, 0x4b90, 0x4b90, 
	0x4b90, 0x4b90, 0x4b90, 0x4b90, 0x4b90, 0x4b90, 0x4b90, 0x4b90, 0x4b90, 0x4b90, 0x4b90, 0x4b90, 0x4b90, 0x4b90, 0x4b90, 0x4b90, 
	0x4b90, 0x4b90, 0x4b90, 0x4b90, 0x4b90, 0x4b90, 0x4b90, 0x4b90, 0x4b90, 0x4b70, 0x29c8, 0x0020, 0x738e, 0xdefb, 0xdefb, 0xdefb, 
	0xdefb, 0xdefb, 0xdefb, 0xdefb, 0xdefb, 0xce59, 0x6b4d, 0x0861, 0x29e9, 0x4b70, 0x4b90, 0x4b90, 0x4b90, 0x4b90, 0x4b90, 0x4b90, 
	0x4b90, 0x4b90, 0x4b90, 0x4b90, 0x4b90, 0x4b90, 0x4b90, 0x4b90, 0x4b90, 0x4b90, 0x4b90, 0x4b90, 0x4b90, 0x4b90, 0x4b90, 0x4b90, 
	0x4b90, 0x4b90, 0x4b90, 0x4b90, 0x4b90, 0x4b90, 0x4b90, 0x4b90, 0x4b90, 0x4b90, 0x4b90, 0x4b90, 0x4b90, 0x4b90, 0x4b90, 0x4b90, 
	0x4b90, 0x4b90, 0x4b90, 0x4b90, 0x4b90, 0x4b90, 0x4b90, 0x4b90, 0x4b90, 0x4b90, 0x4b90, 0x4b90, 0x4b90, 0x4b90, 0x4b90, 0x4b90, 
	0x4b90, 0x4b90, 0x4b90, 0x4b90, 0x4b90, 0x4b90, 0x4b90, 0x4b90, 0x4b90, 0x4b90, 0x4b90, 0x4b90, 0x4b90, 0x5390, 0x7bef, 0x0000, 
	0x7bcf, 0x4b90, 0x4b90, 0x4b90, 0x4b90, 0x4b90, 0x4b90, 0x4b90, 0x4b90, 0x4b90, 0x4b90, 0x4b90, 0x4b90, 0x4b90, 0x4b90, 0x4b90, 
	0x4b90, 0x4b90, 0x4b90, 0x4b90, 0x4b90, 0x4b90, 0x4b90, 0x4b90, 0x4b90, 0x4b90, 0x4b90, 0x4b90, 0x4b90, 0x4b90, 0x4b90, 0x4b90, 
	0x4b90, 0x4b90, 0x4b90, 0x4b90, 0x4b90, 0x4b90, 0x4b90, 0x4b90, 0x4b90, 0x4b90, 0x4b90, 0x4b90, 0x4b90, 0x4b90, 0x4b90, 0x4b90, 
	0x4b90, 0x4b90, 0x4b90, 0x4b90, 0x4b90, 0x4b90, 0x4b90, 0x4b90, 0x4b90, 0x4b90, 0x4b90, 0x4b90, 0x4b90, 0x4b90, 0x4b90, 0x4b90, 
	0x4b90, 0x4b90, 0x4b90, 0x4b90, 0x4b90, 0x4b90, 0x4b90, 0x4b90, 0x3a8b, 0x21a7, 0x4aab, 0x7bcf, 0xad75, 0xdefb, 0xdefb, 0xdefb, 
	0xdefb, 0xdefb, 0xdefb, 0xdefb, 0xdefb, 0xd6ba, 0xad55, 0x73ae, 0x4a8a, 0x21c8, 0x3aac, 0x4b90, 0x4b90, 0x4b90, 0x4b90, 0x4b90, 
	0x4b90, 0x4b90, 0x4b90, 0x4b90, 0x4b90, 0x4b90, 0x4b90, 0x4b90, 0x4b90, 0x4b90, 0x4b90, 0x4b90, 0x4b90, 0x4b90, 0x4b90, 0x4b90, 
	0x4b90, 0x4b90, 0x4b90, 0x4b90, 0x4b90, 0x4b90, 0x4b90, 0x4b90, 0x4b90, 0x4b90, 0x4b90, 0x4b90, 0x4b90, 0x4b90, 0x4b90, 0x4b90, 
	0x4b90, 0x4b90, 0x4b90, 0x4b90, 0x4b90, 0x4b90, 0x4b90, 0x4b90, 0x4b90, 0x4b90, 0x4b90, 0x4b90, 0x4b90, 0x4b90, 0x4b90, 0x4b90, 
	0x4b90, 0x4b90, 0x4b90, 0x4b90, 0x4b90, 0x4b90, 0x4b90, 0x4b90, 0x4b90, 0x4b90, 0x4b90, 0x4b90, 0x4b90, 0x5390, 0x7bef, 0x0000, 
	0x7bcf, 0x4b90, 0x4b90, 0x4b90, 0x4b90, 0x4b90, 0x4b90, 0x4b90, 0x4b90, 0x4b90, 0x4b90, 0x4b90, 0x4b90, 0x4b90, 0x4b90, 0x4b90, 
	0x4b90, 0x4b90, 0x4b90, 0x4b90, 0x4b90, 0x4b90, 0x4b90, 0x4b90, 0x4b90, 0x4b90, 0x4b90, 0x4b90, 0x4b90, 0x4b90, 0x4b90, 0x4b90, 
	0x4b90, 0x4b90, 0x4b90, 0x4b90, 0x4b90, 0x4b90, 0x4b90, 0x4b90, 0x4b90, 0x4b90, 0x4b90, 0x4b90, 0x4b90, 0x4b90, 0x4b90, 0x4b90, 
	0x4b90, 0x4b90, 0x4b90, 0x4b90, 0x4b90, 0x4b90, 0x4b90, 0x4b90, 0x4b90, 0x4b90, 0x4b90, 0x4b90, 0x4b90, 0x4b90, 0x4b90, 0x4b90, 
	0x4b90, 0x4b90, 0x4b90, 0x4b90, 0x4b90, 0x4b90, 0x4b90, 0x4b90, 0x29c8, 0x0020, 0x6b6d, 0xdedb, 0xdefb, 0xdefb, 0xdefb, 0xdefb, 
	0xdefb, 0xdefb, 0xdefb, 0xdefb, 0xdefb, 0xdefb, 0xdefb, 0xce59, 0x632c, 0x0862, 0x2a09, 0x4b90, 0x4b90, 0x4b90, 0x4b90, 0x4b90, 
	0x4b90, 0x4b90, 0x4b90, 0x4b90, 0x4b90, 0x4b90, 0x4b90, 0x4b90, 0x4b90, 0x4b90, 0x4b90, 0x4b90, 0x4b90, 0x4b90, 0x4b90, 0x4b90, 
	0x4b90, 0x4b90, 0x4b90, 0x4b90, 0x4b90, 0x4b90, 0x4b90, 0x4b90, 0x4b90, 0x4b90, 0x4b90, 0x4b90, 0x4b90, 0x4b90, 0x4b90, 0x4b90, 
	0x4b90, 0x4b90, 0x4b90, 0x4b90, 0x4b90, 0x4b90, 0x4b90, 0x4b90, 0x4b90, 0x4b90, 0x4b90, 0x4b90, 0x4b90, 0x4b90, 0x4b90, 0x4b90, 
	0x4b90, 0x4b90, 0x4b90, 0x4b90, 0x4b90, 0x4b90, 0x4b90, 0x4b90, 0x4b90, 0x4b90, 0x4b90, 0x4b90, 0x4b90, 0x5390, 0x7bef, 0x0000, 
	0x7bcf, 0x4b90, 0x4b90, 0x4b90, 0x4b90, 0x4b90, 0x4b90, 0x4b90, 0x4b90, 0x4b90, 0x4b90, 0x4b90, 0x4b90, 0x4b90, 0x4b90, 0x4b90, 
	0x4b90, 0x4b90, 0x4b90, 0x4b90, 0x4b90, 0x4b90, 0x4b90, 0x4b90, 0x4b90, 0x4b90, 0x4b90, 0x4b90, 0x4b90, 0x4b90, 0x4b90, 0x4b90, 
	0x4b90, 0x4b90, 0x4b90, 0x4b90, 0x4b90, 0x4b90, 0x4b90, 0x4b90, 0x4b90, 0x4b90, 0x4b90, 0x4b90, 0x4b90, 0x4b90, 0x4b90, 0x4b90, 
	0x4b90, 0x4b90, 0x4b90, 0x4b90, 0x4b90, 0x4b90, 0x4b90, 0x4b90, 0x4b90, 0x4b90, 0x4b90, 0x4b90, 0x4b90, 0x4b90, 0x4b90, 0x4b90, 
	0x4b90, 0x4b90, 0x4b90, 0x4b90, 0x4b90, 0x4b90, 0x4b90, 0x328b, 0x10c3, 0x4208, 0xad75, 0xdefb, 0xdefb, 0xdefb, 0xdefb, 0xdefb, 
	0xdefb, 0xdefb, 0xdefb, 0xdefb, 0xdefb, 0xdefb, 0xdefb, 0xd6ba, 0x9cf3, 0x3a08, 0x1104, 0x3aac, 0x4b90, 0x4b90, 0x4b90, 0x4b90, 
	0x4b90, 0x4b90, 0x4b90, 0x4b90, 0x4b90, 0x4b90, 0x4b90, 0x4b90, 0x4b90, 0x4b90, 0x4b90, 0x4b90, 0x4b90, 0x4b90, 0x4b90, 0x4b90, 
	0x4b90, 0x4b90, 0x4b90, 0x4b90, 0x4b90, 0x4b90, 0x4b90, 0x4b90, 0x4b90, 0x4b90, 0x4b90, 0x4b90, 0x4b90, 0x4b90, 0x4b90, 0x4b90, 
	0x4b90, 0x4b90, 0x4b90, 0x4b90, 0x4b90, 0x4b90, 0x4b90, 0x4b90, 0x4b90, 0x4b90, 0x4b90, 0x4b90, 0x4b90, 0x4b90, 0x4b90, 0x4b90, 
	0x4b90, 0x4b90, 0x4b90, 0x4b90, 0x4b90, 0x4b90, 0x4b90, 0x4b90, 0x4b90, 0x4b90, 0x4b90, 0x4b90, 0x4b90, 0x5390, 0x7bef, 0x0000, 
	0x7bcf, 0x4b90, 0x4b90, 0x4b90, 0x4b90, 0x4b90, 0x4b90, 0x4b90, 0x4b90, 0x4b90, 0x4b90, 0x4b90, 0x4b90, 0x4b90, 0x4b90, 0x4b90, 
	0x4b90, 0x4b90, 0x4b90, 0x4b90, 0x4b90, 0x4b90, 0x4b90, 0x4b90, 0x4b90, 0x4b90, 0x4b90, 0x4b90, 0x4b90, 0x4b90, 0x4b90, 0x4b90, 
	0x4b90, 0x4b90, 0x4b90, 0x4b90, 0x4b90, 0x4b90, 0x4b90, 0x4b90, 0x4b90, 0x4b90, 0x4b90, 0x4b90, 0x4b90, 0x4b90, 0x4b90, 0x4b90, 
	0x4b90, 0x4b90, 0x4b90, 0x4b90, 0x4b90, 0x4b90, 0x4b90, 0x4b90, 0x4b90, 0x4b90, 0x4b90, 0x4b90, 0x4b90, 0x4b90, 0x4b90, 0x4b90, 
	0x4b90, 0x4b90, 0x4b90, 0x4b90, 0x4b90, 0x4b90, 0x4b70, 0x29c8, 0x0021, 0x6b6d, 0xdedb, 0xdefb, 0xdefb, 0xdefb, 0xdefb, 0xdefb, 
	0xdefb, 0xdefb, 0xdefb, 0xdefb, 0xdefb, 0xdefb, 0xdefb, 0xdefb, 0xc638, 0x630c, 0x0862, 0x2a09, 0x4b90, 0x4b90, 0x4b90, 0x4b90, 
	0x4b90, 0x4b90, 0x4b90, 0x4b90, 0x4b90, 0x4b90, 0x4b90, 0x4b90, 0x4b90, 0x4b90, 0x4b90, 0x4b90, 0x4b90, 0x4b90, 0x4b90, 0x4b90, 
	0x4b90, 0x4b90, 0x4b90, 0x4b90, 0x4b90, 0x4b90, 0x4b90, 0x4b90, 0x4b90, 0x4b90, 0x4b90, 0x4b90, 0x4b90, 0x4b90, 0x4b90, 0x4b90, 
	0x4b90, 0x4b90, 0x4b90, 0x4b90, 0x4b90, 0x4b90, 0x4b90, 0x4b90, 0x4b90, 0x4b90, 0x4b90, 0x4b90, 0x4b90, 0x4b90, 0x4b90, 0x4b90, 
	0x4b90, 0x4b90, 0x4b90, 0x4b90, 0x4b90, 0x4b90, 0x4b90, 0x4b90, 0x4b90, 0x4b90, 0x4b90, 0x4b90, 0x4b90, 0x5390, 0x7bef, 0x0000, 
	0x7bef, 0x5390, 0x4b90, 0x4b90, 0x4b90, 0x4b90, 0x4b90, 0x4b90, 0x4b90, 0x4b90, 0x4b90, 0x4b90, 0x4b90, 0x4b90, 0x4b90, 0x4b90, 
	0x4b90, 0x4b90, 0x4b90, 0x4b90, 0x4b90, 0x4b90, 0x4b90, 0x4b90, 0x4b90, 0x4b90, 0x4b90, 0x4b90, 0x4b90, 0x4b90, 0x4b90, 0x4b90, 
	0x4b90, 0x4b90, 0x4b90, 0x4b90, 0x4b90, 0x4b90, 0x4b90, 0x4b90, 0x4b90, 0x4b90, 0x4b90, 0x4b90, 0x4b90, 0x4b90, 0x4b90, 0x4b90, 
	0x4b90, 0x4b90, 0x4b90, 0x4b90, 0x4b90, 0x4b90, 0x4b90, 0x4b90, 0x4b90, 0x4b90, 0x4b90, 0x4b90, 0x4b90, 0x4b90, 0x4b90, 0x4b90, 
	0x4b90, 0x4b90, 0x4b90, 0x4b90, 0x4b90, 0x4b90, 0x326b, 0x10c3, 0x4249, 0xb596, 0xdefb, 0xdefb, 0xdefb, 0xdefb, 0xdefb, 0xdefb, 
	0xdefb, 0xdefb, 0xdefb, 0xdefb, 0xdefb, 0xdefb, 0xdefb, 0xdefb, 0xd6ba, 0xa514, 0x4208, 0x1104, 0x3a8c, 0x4b90, 0x4b90, 0x4b90, 
	0x4b90, 0x4b90, 0x4b90, 0x4b90, 0x4b90, 0x4b90, 0x4b90, 0x4b90, 0x4b90, 0x4b90, 0x4b90, 0x4b90, 0x4b90, 0x4b90, 0x4b90, 0x4b90, 
	0x4b90, 0x4b90, 0x4b90, 0x4b90, 0x4b90, 0x4b90, 0x4b90, 0x4b90, 0x4b90, 0x4b90, 0x4b90, 0x4b90, 0x4b90, 0x4b90, 0x4b90, 0x4b90, 
	0x4b90, 0x4b90, 0x4b90, 0x4b90, 0x4b90, 0x4b90, 0x4b90, 0x4b90, 0x4b90, 0x4b90, 0x4b90, 0x4b90, 0x4b90, 0x4b90, 0x4b90, 0x4b90, 
	0x4b90, 0x4b90, 0x4b90, 0x4b90, 0x4b90, 0x4b90, 0x4b90, 0x4b90, 0x4b90, 0x4b90, 0x4b90, 0x4b90, 0x4b90, 0x5390, 0x7bef, 0x0000, 
	0x7bcf, 0x4b90, 0x4b90, 0x4b90, 0x4b90, 0x4b90, 0x4b90, 0x4b90, 0x4b90, 0x4b90, 0x4b90, 0x4b90, 0x4b90, 0x4b90, 0x4b90, 0x4b90, 
	0x4b90, 0x4b90, 0x4b90, 0x4b90, 0x4b90, 0x4b90, 0x4b90, 0x4b90, 0x4b90, 0x4b90, 0x4b90, 0x4b90, 0x4b90, 0x4b90, 0x4b90, 0x4b90, 
	0x4b90, 0x4b90, 0x4b90, 0x4b90, 0x4b90, 0x4b90, 0x4b90, 0x4b90, 0x4b90, 0x4b90, 0x4b90, 0x4b90, 0x4b90, 0x4b90, 0x4b90, 0x4b90, 
	0x4b90, 0x4b90, 0x4b90, 0x4b90, 0x4b90, 0x4b90, 0x4b90, 0x4b90, 0x4b90, 0x4b90, 0x4b90, 0x4b90, 0x4b90, 0x4b90, 0x4b90, 0x4b90, 
	0x4b90, 0x4b90, 0x4b90, 0x4b90, 0x4b90, 0x4b90, 0x29c8, 0x0021, 0x6b4d, 0xd6ba, 0xdefb, 0xdefb, 0xdefb, 0xdefb, 0xdefb, 0xdefb, 
	0xdefb, 0xdefb, 0xdefb, 0xdefb, 0xdefb, 0xdefb, 0xdefb, 0xdefb, 0xdefb, 0xc638, 0x5aeb, 0x0862, 0x2a09, 0x4b90, 0x4b90, 0x4b90, 
	0x4b90, 0x4b90, 0x4b90, 0x4b90, 0x4b90, 0x4b90, 0x4b90, 0x4b90, 0x4b90, 0x4b90, 0x4b90, 0x4b90, 0x4b90, 0x4b90, 0x4b90, 0x4b90, 
	0x4b90, 0x4b90, 0x4b90, 0x4b90, 0x4b90, 0x4b90, 0x4b90, 0x4b90, 0x4b90, 0x4b90, 0x4b90, 0x4b90, 0x4b90, 0x4b90, 0x4b90, 0x4b90, 
	0x4b90, 0x4b90, 0x4b90, 0x4b90, 0x4b90, 0x4b90, 0x4b90, 0x4b90, 0x4b90, 0x4b90, 0x4b90, 0x4b90, 0x4b90, 0x4b90, 0x4b90, 0x4b90, 
	0x4b90, 0x4b90, 0x4b90, 0x4b90, 0x4b90, 0x4b90, 0x4b90, 0x4b90, 0x4b90, 0x4b90, 0x4b90, 0x4b90, 0x4b90, 0x5390, 0x7bef, 0x0000, 
	0x7bef, 0x5390, 0x4b90, 0x4b90, 0x4b90, 0x4b90, 0x4b90, 0x4b90, 0x4b90, 0x4b90, 0x4b90, 0x4b90, 0x4b90, 0x4b90, 0x4b90, 0x4b90, 
	0x4b90, 0x4b90, 0x4b90, 0x4b90, 0x4b90, 0x4b90, 0x4b90, 0x4b90, 0x4b90, 0x4b90, 0x4b90, 0x4b90, 0x4b90, 0x4b90, 0x4b90, 0x4b90, 
	0x4b90, 0x4b90, 0x4b90, 0x4b90, 0x4b90, 0x4b90, 0x4b90, 0x4b90, 0x4b90, 0x4b90, 0x4b90, 0x4b90, 0x4b90, 0x4b90, 0x4b90, 0x4b90, 
	0x4b90, 0x4b90, 0x4b90, 0x4b90, 0x4b90, 0x4b90, 0x4b90, 0x4b90, 0x4b90, 0x4b90, 0x4b90, 0x4b90, 0x4b90, 0x4b90, 0x4b90, 0x4b90, 
	0x4b90, 0x4b90, 0x4b90, 0x4b90, 0x4b90, 0x4b90, 0x29c8, 0x0021, 0x6b4d, 0xd6ba, 0xdefb, 0xdefb, 0xdefb, 0xdefb, 0xdefb, 0xdefb, 
	0xdefb, 0xdefb, 0xdefb, 0xdefb, 0xdefb, 0xdefb, 0xdefb, 0xdefb, 0xdefb, 0xc638, 0x5aeb, 0x0862, 0x2a09, 0x4b90, 0x4b90, 0x4b90, 
	0x4b90, 0x4b90, 0x4b90, 0x4b90, 0x4b90, 0x4b90, 0x4b90, 0x4b90, 0x4b90, 0x4b90, 0x4b90, 0x4b90, 0x4b90, 0x4b90, 0x4b90, 0x4b90, 
	0x4b90, 0x4b90, 0x4b90, 0x4b90, 0x4b90, 0x4b90, 0x4b90, 0x4b90, 0x4b90, 0x4b90, 0x4b90, 0x4b90, 0x4b90, 0x4b90, 0x4b90, 0x4b90, 
	0x4b90, 0x4b90, 0x4b90, 0x4b90, 0x4b90, 0x4b90, 0x4b90, 0x4b90, 0x4b90, 0x4b90, 0x4b90, 0x4b90, 0x4b90, 0x4b90, 0x4b90, 0x4b90, 
	0x4b90, 0x4b90, 0x4b90, 0x4b90, 0x4b90, 0x4b90, 0x4b90, 0x4b90, 0x4b90, 0x4b90, 0x4b90, 0x4b90, 0x4b90, 0x5390, 0x7bef, 0x0000, 
	0x7bcf, 0x4b90, 0x4b90, 0x4b90, 0x4b90, 0x4b90, 0x4b90, 0x4b90, 0x4b90, 0x4b90, 0x4b90, 0x4b90, 0x4b90, 0x4b90, 0x4b90, 0x4b90, 
	0x4b90, 0x4b90, 0x4b90, 0x4b90, 0x4b90, 0x4b90, 0x4b90, 0x4b90, 0x4b90, 0x4b90, 0x4b90, 0x4b90, 0x4b90, 0x4b90, 0x4b90, 0x4b90, 
	0x4b90, 0x4b90, 0x4b90, 0x4b90, 0x4b90, 0x4b90, 0x4b90, 0x4b90, 0x4b90, 0x4b90, 0x4b90, 0x4b90, 0x4b90, 0x4b90, 0x4b90, 0x4b90, 
	0x4b90, 0x4b90, 0x4b90, 0x4b90, 0x4b90, 0x4b90, 0x4b90, 0x4b90, 0x4b90, 0x4b90, 0x4b90, 0x4b90, 0x4b90, 0x4b90, 0x4b90, 0x4b90, 
	0x4b90, 0x4b90, 0x4b90, 0x4b90, 0x4b90, 0x4b90, 0x29c8, 0x0021, 0x6b4d, 0xd6ba, 0xdefb, 0xdefb, 0xdefb, 0xdefb, 0xdefb, 0xdefb, 
	0xdefb, 0xdefb, 0xdefb, 0xdefb, 0xdefb, 0xdefb, 0xdefb, 0xdefb, 0xdefb, 0xc638, 0x5aeb, 0x0862, 0x2a09, 0x4b90, 0x4b90, 0x4b90, 
	0x4b90, 0x4b90, 0x4b90, 0x4b90, 0x4b90, 0x4b90, 0x4b90, 0x4b90, 0x4b90, 0x4b90, 0x4b90, 0x4b90, 0x4b90, 0x4b90, 0x4b90, 0x4b90, 
	0x4b90, 0x4b90, 0x4b90, 0x4b90, 0x4b90, 0x4b90, 0x4b90, 0x4b90, 0x4b90, 0x4b90, 0x4b90, 0x4b90, 0x4b90, 0x4b90, 0x4b90, 0x4b90, 
	0x4b90, 0x4b90, 0x4b90, 0x4b90, 0x4b90, 0x4b90, 0x4b90, 0x4b90, 0x4b90, 0x4b90, 0x4b90, 0x4b90, 0x4b90, 0x4b90, 0x4b90, 0x4b90, 
	0x4b90, 0x4b90, 0x4b90, 0x4b90, 0x4b90, 0x4b90, 0x4b90, 0x4b90, 0x4b90, 0x4b90, 0x4b90, 0x4b90, 0x4b90, 0x5390, 0x7bef, 0x0000, 
	0x7bef, 0x5390, 0x4b90, 0x4b90, 0x4b90, 0x4b90, 0x4b90, 0x4b90, 0x4b90, 0x4b90, 0x4b90, 0x4b90, 0x4b90, 0x4b90, 0x4b90, 0x4b90, 
	0x4b90, 0x4b90, 0x4b90, 0x4b90, 0x4b90, 0x4b90, 0x4b90, 0x4b90, 0x4b90, 0x4b90, 0x4b90, 0x4b90, 0x4b90, 0x4b90, 0x4b90, 0x4b90, 
	0x4b90, 0x4b90, 0x4b90, 0x4b90, 0x4b90, 0x4b90, 0x4b90, 0x4b90, 0x4b90, 0x4b90, 0x4b90, 0x4b90, 0x4b90, 0x4b90, 0x4b90, 0x4b90, 
	0x4b90, 0x4b90, 0x4b90, 0x4b90, 0x4b90, 0x4b90, 0x4b90, 0x4b90, 0x4b90, 0x4b90, 0x4b90, 0x4b90, 0x4b90, 0x4b90, 0x4b90, 0x4b90, 
	0x4b90, 0x4b90, 0x4b90, 0x4b90, 0x4b90, 0x4b90, 0x29c8, 0x0021, 0x6b4d, 0xd6ba, 0xdefb, 0xdefb, 0xdefb, 0xdefb, 0xdefb, 0xdefb, 
	0xdefb, 0xdefb, 0xdefb, 0xdefb, 0xdefb, 0xdefb, 0xdefb, 0xdefb, 0xdefb, 0xc638, 0x5aeb, 0x0862, 0x2a09, 0x4b90, 0x4b90, 0x4b90, 
	0x4b90, 0x4b90, 0x4b90, 0x4b90, 0x4b90, 0x4b90, 0x4b90, 0x4b90, 0x4b90, 0x4b90, 0x4b90, 0x4b90, 0x4b90, 0x4b90, 0x4b90, 0x4b90, 
	0x4b90, 0x4b90, 0x4b90, 0x4b90, 0x4b90, 0x4b90, 0x4b90, 0x4b90, 0x4b90, 0x4b90, 0x4b90, 0x4b90, 0x4b90, 0x4b90, 0x4b90, 0x4b90, 
	0x4b90, 0x4b90, 0x4b90, 0x4b90, 0x4b90, 0x4b90, 0x4b90, 0x4b90, 0x4b90, 0x4b90, 0x4b90, 0x4b90, 0x4b90, 0x4b90, 0x4b90, 0x4b90, 
	0x4b90, 0x4b90, 0x4b90, 0x4b90, 0x4b90, 0x4b90, 0x4b90, 0x4b90, 0x4b90, 0x4b90, 0x4b90, 0x4b90, 0x4b90, 0x5390, 0x7bef, 0x0000, 
	0x7bcf, 0x5390, 0x4b90, 0x4b90, 0x4b90, 0x4b90, 0x4b90, 0x4b90, 0x4b90, 0x4b90, 0x4b90, 0x4b90, 0x4b90, 0x4b90, 0x4b90, 0x4b90, 
	0x4b90, 0x4b90, 0x4b90, 0x4b90, 0x4b90, 0x4b90, 0x4b90, 0x4b90, 0x4b90, 0x4b90, 0x4b90, 0x4b90, 0x4b90, 0x4b90, 0x4b90, 0x4b90, 
	0x4b90, 0x4b90, 0x4b90, 0x4b90, 0x4b90, 0x4b90, 0x4b90, 0x4b90, 0x4b90, 0x4b90, 0x4b90, 0x4b90, 0x4b90, 0x4b90, 0x4b90, 0x4b90, 
	0x4b90, 0x4b90, 0x4b90, 0x4b90, 0x4b90, 0x4b90, 0x4b90, 0x4b90, 0x4b90, 0x4b90, 0x4b90, 0x4b90, 0x4b90, 0x4b90, 0x4b90, 0x4b90, 
	0x4b90, 0x4b90, 0x4b90, 0x4b90, 0x4b90, 0x4b70, 0x29e8, 0x0041, 0x6b6d, 0xd6ba, 0xdefb, 0xdefb, 0xdefb, 0xdefb, 0xdefb, 0xdefb, 
	0xdefb, 0xdefb, 0xdefb, 0xdefb, 0xdefb, 0xdefb, 0xdefb, 0xdefb, 0xdefb, 0xc638, 0x630c, 0x0882, 0x2a29, 0x4b70, 0x4b90, 0x4b90, 
	0x4b90, 0x4b90, 0x4b90, 0x4b90, 0x4b90, 0x4b90, 0x4b90, 0x4b90, 0x4b90, 0x4b90, 0x4b90, 0x4b90, 0x4b90, 0x4b90, 0x4b90, 0x4b90, 
	0x4b90, 0x4b90, 0x4b90, 0x4b90, 0x4b90, 0x4b90, 0x4b90, 0x4b90, 0x4b90, 0x4b90, 0x4b90, 0x4b90, 0x4b90, 0x4b90, 0x4b90, 0x4b90, 
	0x4b90, 0x4b90, 0x4b90, 0x4b90, 0x4b90, 0x4b90, 0x4b90, 0x4b90, 0x4b90, 0x4b90, 0x4b90, 0x4b90, 0x4b90, 0x4b90, 0x4b90, 0x4b90, 
	0x4b90, 0x4b90, 0x4b90, 0x4b90, 0x4b90, 0x4b90, 0x4b90, 0x4b90, 0x4b90, 0x4b90, 0x4b90, 0x4b90, 0x4b90, 0x5390, 0x7bef, 0x0000, 
	0x7bef, 0x538f, 0x4b90, 0x4b90, 0x4b90, 0x4b90, 0x4b90, 0x4b90, 0x4b90, 0x4b90, 0x4b90, 0x4b90, 0x4b90, 0x4b90, 0x4b90, 0x4b90, 
	0x4b90, 0x4b90, 0x4b90, 0x4b90, 0x4b90, 0x4b90, 0x4b90, 0x4b90, 0x4b90, 0x4b90, 0x4b90, 0x4b90, 0x4b90, 0x4b90, 0x4b90, 0x4b90, 
	0x4b90, 0x4b90, 0x4b90, 0x4b90, 0x4b90, 0x4b90, 0x4b90, 0x4b90, 0x4b90, 0x4b90, 0x4b90, 0x4b90, 0x4b90, 0x4b90, 0x4b90, 0x4b90, 
	0x4b90, 0x4b90, 0x4b90, 0x4b90, 0x4b90, 0x4b90, 0x4b90, 0x4b90, 0x4b90, 0x4b90, 0x4b90, 0x4b90, 0x4b90, 0x4b90, 0x4b90, 0x4b90, 
	0x4b90, 0x4b90, 0x4b90, 0x4b90, 0x322a, 0x10e4, 0x5b0c, 0xa534, 0xc638, 0xdefb, 0xdefb, 0xdefb, 0xdefb, 0xdefb, 0xdefb, 0xdefb, 
	0xdefb, 0xdefb, 0xdefb, 0xdefb, 0xdefb, 0xdefb, 0xdefb, 0xdefb, 0xdefb, 0xdedb, 0xc618, 0x9cf3, 0x52ab, 0x1905, 0x326b, 0x4b90, 
	0x4b90, 0x4b90, 0x4b90, 0x4b90, 0x4b90, 0x4b90, 0x4b90, 0x4b90, 0x4b90, 0x4b90, 0x4b90, 0x4b90, 0x4b90, 0x4b90, 0x4b90, 0x4b90, 
	0x4b90, 0x4b90, 0x4b90, 0x4b90, 0x4b90, 0x4b90, 0x4b90, 0x4b90, 0x4b90, 0x4b90, 0x4b90, 0x4b90, 0x4b90, 0x4b90, 0x4b90, 0x4b90, 
	0x4b90, 0x4b90, 0x4b90, 0x4b90, 0x4b90, 0x4b90, 0x4b90, 0x4b90, 0x4b90, 0x4b90, 0x4b90, 0x4b90, 0x4b90, 0x4b90, 0x4b90, 0x4b90, 
	0x4b90, 0x4b90, 0x4b90, 0x4b90, 0x4b90, 0x4b90, 0x4b90, 0x4b90, 0x4b90, 0x4b90, 0x4b90, 0x4b90, 0x4b90, 0x5390, 0x7bef, 0x0000, 
	0x7bcf, 0x5390, 0x4b90, 0x4b90, 0x4b90, 0x4b90, 0x4b90, 0x4b90, 0x4b90, 0x4b90, 0x4b90, 0x4b90, 0x4b90, 0x4b90, 0x4b90, 0x4b90, 
	0x4b90, 0x4b90, 0x4b90, 0x4b90, 0x4b90, 0x4b90, 0x4b90, 0x4b90, 0x4b90, 0x4b90, 0x4b90, 0x4b90, 0x4b90, 0x4b90, 0x4b90, 0x4b90, 
	0x4b90, 0x4b90, 0x4b90, 0x4b90, 0x4b90, 0x4b90, 0x4b90, 0x4b90, 0x4b90, 0x4b90, 0x4b90, 0x4b90, 0x4b90, 0x4b90, 0x4b90, 0x4b90, 
	0x4b90, 0x4b90, 0x4b90, 0x4b90, 0x4b90, 0x4b90, 0x4b90, 0x4b90, 0x4b90, 0x4b90, 0x4b90, 0x4b90, 0x4b90, 0x4b90, 0x4b90, 0x4b90, 
	0x4b90, 0x4b90, 0x4b90, 0x4b90, 0x29e8, 0x0041, 0x6b4d, 0xd69a, 0xdefb, 0xdefb, 0xdefb, 0xdefb, 0xdefb, 0xdefb, 0xdefb, 0xdefb, 
	0xdefb, 0xdefb, 0xdefb, 0xdefb, 0xdefb, 0xdefb, 0xdefb, 0xdefb, 0xdefb, 0xdefb, 0xdefb, 0xc638, 0x5acb, 0x0862, 0x322a, 0x4b90, 
	0x4b90, 0x4b90, 0x4b90, 0x4b90, 0x4b90, 0x4b90, 0x4b90, 0x4b90, 0x4b90, 0x4b90, 0x4b90, 0x4b90, 0x4b90, 0x4b90, 0x4b90, 0x4b90, 
	0x4b90, 0x4b90, 0x4b90, 0x4b90, 0x4b90, 0x4b90, 0x4b90, 0x4b90, 0x4b90, 0x4b90, 0x4b90, 0x4b90, 0x4b90, 0x4b90, 0x4b90, 0x4b90, 
	0x4b90, 0x4b90, 0x4b90, 0x4b90, 0x4b90, 0x4b90, 0x4b90, 0x4b90, 0x4b90, 0x4b90, 0x4b90, 0x4b90, 0x4b90, 0x4b90, 0x4b90, 0x4b90, 
	0x4b90, 0x4b90, 0x4b90, 0x4b90, 0x4b90, 0x4b90, 0x4b90, 0x4b90, 0x4b90, 0x4b90, 0x4b90, 0x4b90, 0x4b90, 0x5390, 0x7bef, 0x0000, 
	0x7bef, 0x538f, 0x4b90, 0x4b90, 0x4b90, 0x4b90, 0x4b90, 0x4b90, 0x4b90, 0x4b90, 0x4b90, 0x4b90, 0x4b90, 0x4b90, 0x4b90, 0x4b90, 
	0x4b90, 0x4b90, 0x4b90, 0x4b90, 0x4b90, 0x4b90, 0x4b90, 0x4b90, 0x4b90, 0x4b90, 0x4b90, 0x4b90, 0x4b90, 0x4b90, 0x4b90, 0x4b90, 
	0x4b90, 0x4b90, 0x4b90, 0x4b90, 0x4b90, 0x4b90, 0x4b90, 0x4b90, 0x4b90, 0x4b90, 0x4b90, 0x4b90, 0x4b90, 0x4b90, 0x4b90, 0x4b90, 
	0x4b90, 0x4b90, 0x4b90, 0x4b90, 0x4b90, 0x4b90, 0x4b90, 0x4b90, 0x4b90, 0x4b90, 0x4b90, 0x4b90, 0x4b90, 0x4b90, 0x4b90, 0x4b90, 
	0x4b90, 0x4b90, 0x4b90, 0x322a, 0x0882, 0x5acb, 0xbdf7, 0xdefb, 0xdefb, 0xdefb, 0xdefb, 0xdefb, 0xdefb, 0xdefb, 0xdefb, 0xdefb, 
	0xdefb, 0xdefb, 0xdefb, 0xdefb, 0xdefb, 0xdefb, 0xdefb, 0xdefb, 0xdefb, 0xdefb, 0xdefb, 0xc638, 0x5acb, 0x0862, 0x322a, 0x4b90, 
	0x4b90, 0x4b90, 0x4b90, 0x4b90, 0x4b90, 0x4b90, 0x4b90, 0x4b90, 0x4b90, 0x4b90, 0x4b90, 0x4b90, 0x4b90, 0x4b90, 0x4b90, 0x4b90, 
	0x4b90, 0x4b90, 0x4b90, 0x4b90, 0x4b90, 0x4b90, 0x4b90, 0x4b90, 0x4b90, 0x4b90, 0x4b90, 0x4b90, 0x4b90, 0x4b90, 0x4b90, 0x4b90, 
	0x4b90, 0x4b90, 0x4b90, 0x4b90, 0x4b90, 0x4b90, 0x4b90, 0x4b90, 0x4b90, 0x4b90, 0x4b90, 0x4b90, 0x4b90, 0x4b90, 0x4b90, 0x4b90, 
	0x4b90, 0x4b90, 0x4b90, 0x4b90, 0x4b90, 0x4b90, 0x4b90, 0x4b90, 0x4b90, 0x4b90, 0x4b90, 0x4b90, 0x4b90, 0x5390, 0x7bef, 0x0000, 
	0x7bcf, 0x5390, 0x4b90, 0x4b90, 0x4b90, 0x4b90, 0x4b90, 0x4b90, 0x4b90, 0x4b90, 0x4b90, 0x4b90, 0x4b90, 0x4b90, 0x4b90, 0x4b90, 
	0x4b90, 0x4b90, 0x4b90, 0x4b90, 0x4b90, 0x4b90, 0x4b90, 0x4b90, 0x4b90, 0x4b90, 0x4b90, 0x4b90, 0x4b90, 0x4b90, 0x4b90, 0x4b90, 
	0x4b90, 0x4b90, 0x4b90, 0x4b90, 0x4b90, 0x4b90, 0x4b90, 0x4b90, 0x4b90, 0x4b90, 0x4b90, 0x4b90, 0x4b90, 0x4b90, 0x4b90, 0x4b90, 
	0x4b90, 0x4b90, 0x4b90, 0x4b90, 0x4b90, 0x4b90, 0x4b90, 0x4b90, 0x4b90, 0x4b90, 0x4b90, 0x4b90, 0x4b90, 0x4b90, 0x4b90, 0x4b90, 
	0x4b90, 0x4b90, 0x4b70, 0x29e8, 0x0841, 0x6b4d, 0xce79, 0xdefb, 0xdefb, 0xdefb, 0xdefb, 0xdefb, 0xdefb, 0xdefb, 0xdefb, 0xdefb, 
	0xdefb, 0xdefb, 0xdefb, 0xdefb, 0xdefb, 0xdefb, 0xdefb, 0xdefb, 0xdefb, 0xdefb, 0xdefb, 0xc638, 0x5acb, 0x0862, 0x322a, 0x4b90, 
	0x4b90, 0x4b90, 0x4b90, 0x4b90, 0x4b90, 0x4b90, 0x4b90, 0x4b90, 0x4b90, 0x4b90, 0x4b90, 0x4b90, 0x4b90, 0x4b90, 0x4b90, 0x4b90, 
	0x4b90, 0x4b90, 0x4b90, 0x4b90, 0x4b90, 0x4b90, 0x4b90, 0x4b90, 0x4b90, 0x4b90, 0x4b90, 0x4b90, 0x4b90, 0x4b90, 0x4b90, 0x4b90, 
	0x4b90, 0x4b90, 0x4b90, 0x4b90, 0x4b90, 0x4b90, 0x4b90, 0x4b90, 0x4b90, 0x4b90, 0x4b90, 0x4b90, 0x4b90, 0x4b90, 0x4b90, 0x4b90, 
	0x4b90, 0x4b90, 0x4b90, 0x4b90, 0x4b90, 0x4b90, 0x4b90, 0x4b90, 0x4b90, 0x4b90, 0x4b90, 0x4b90, 0x4b90, 0x5390, 0x7bef, 0x0000, 
	0x7bef, 0x538f, 0x4b90, 0x4b90, 0x4b90, 0x4b90, 0x4b90, 0x4b90, 0x4b90, 0x4b90, 0x4b90, 0x4b90, 0x4b90, 0x4b90, 0x4b90, 0x4b90, 
	0x4b90, 0x4b90, 0x4b90, 0x4b90, 0x4b90, 0x4b90, 0x4b90, 0x4b90, 0x4b90, 0x4b90, 0x4b90, 0x4b90, 0x4b90, 0x4b90, 0x4b90, 0x4b90, 
	0x4b90, 0x4b90, 0x4b90, 0x4b90, 0x4b90, 0x4b90, 0x4b90, 0x4b90, 0x4b90, 0x4b90, 0x4b90, 0x4b90, 0x4b90, 0x4b90, 0x4b90, 0x4b90, 
	0x4b90, 0x4b90, 0x4b90, 0x4b90, 0x4b90, 0x4b90, 0x4b90, 0x4b90, 0x4b90, 0x4b90, 0x4b90, 0x4b90, 0x4b90, 0x4b90, 0x4b90, 0x4b90, 
	0x4b90, 0x4b90, 0x2a29, 0x0882, 0x5aeb, 0xc618, 0xdefb, 0xdefb, 0xdefb, 0xdefb, 0xdefb, 0xdefb, 0xdefb, 0xdefb, 0xdefb, 0xdefb, 
	0xdefb, 0xdefb, 0xdefb, 0xdefb, 0xdefb, 0xdefb, 0xdefb, 0xdefb, 0xdefb, 0xdefb, 0xdefb, 0xc638, 0x5acb, 0x0862, 0x322a, 0x4b90, 
	0x4b90, 0x4b90, 0x4b90, 0x4b90, 0x4b90, 0x4b90, 0x4b90, 0x4b90, 0x4b90, 0x4b90, 0x4b90, 0x4b90, 0x4b90, 0x4b90, 0x4b90, 0x4b90, 
	0x4b90, 0x4b90, 0x4b90, 0x4b90, 0x4b90, 0x4b90, 0x4b90, 0x4b90, 0x4b90, 0x4b90, 0x4b90, 0x4b90, 0x4b90, 0x4b90, 0x4b90, 0x4b90, 
	0x4b90, 0x4b90, 0x4b90, 0x4b90, 0x4b90, 0x4b90, 0x4b90, 0x4b90, 0x4b90, 0x4b90, 0x4b90, 0x4b90, 0x4b90, 0x4b90, 0x4b90, 0x4b90, 
	0x4b90, 0x4b90, 0x4b90, 0x4b90, 0x4b90, 0x4b90, 0x4b90, 0x4b90, 0x4b90, 0x4b90, 0x4b90, 0x4b90, 0x4b90, 0x5390, 0x7bef, 0x0000, 
	0x7bcf, 0x5390, 0x4b90, 0x4b90, 0x4b90, 0x4b90, 0x4b90, 0x4b90, 0x4b90, 0x4b90, 0x4b90, 0x4b90, 0x4b90, 0x4b90, 0x4b90, 0x4b90, 
	0x4b90, 0x4b90, 0x4b90, 0x4b90, 0x4b90, 0x4b90, 0x4b90, 0x4b90, 0x4b90, 0x4b90, 0x4b90, 0x4b90, 0x4b90, 0x4b90, 0x4b90, 0x4b90, 
	0x4b90, 0x4b90, 0x4b90, 0x4b90, 0x4b90, 0x4b90, 0x4b90, 0x4b90, 0x4b90, 0x4b90, 0x4b90, 0x4b90, 0x4b90, 0x4b90, 0x4b90, 0x4b90, 
	0x4b90, 0x4b90, 0x4b90, 0x4b90, 0x4b90, 0x4b90, 0x4b90, 0x4b90, 0x4b90, 0x4b90, 0x4b90, 0x4b90, 0x4b90, 0x4b90, 0x4b90, 0x4b90, 
	0x4b90, 0x4b90, 0x29e8, 0x0861, 0x6b4d, 0xce79, 0xdefb, 0xdefb, 0xdefb, 0xdefb, 0xdefb, 0xdefb, 0xdefb, 0xdefb, 0xdefb, 0xdefb, 
	0xdefb, 0xdefb, 0xdefb, 0xdefb, 0xdefb, 0xdefb, 0xdefb, 0xdefb, 0xdefb, 0xdefb, 0xdefb, 0xc638, 0x5acb, 0x0862, 0x322a, 0x4b90, 
	0x4b90, 0x4b90, 0x4b90, 0x4b90, 0x4b90, 0x4b90, 0x4b90, 0x4b90, 0x4b90, 0x4b90, 0x4b90, 0x4b90, 0x4b90, 0x4b90, 0x4b90, 0x4b90, 
	0x4b90, 0x4b90, 0x4b90, 0x4b90, 0x4b90, 0x4b90, 0x4b90, 0x4b90, 0x4b90, 0x4b90, 0x4b90, 0x4b90, 0x4b90, 0x4b90, 0x4b90, 0x4b90, 
	0x4b90, 0x4b90, 0x4b90, 0x4b90, 0x4b90, 0x4b90, 0x4b90, 0x4b90, 0x4b90, 0x4b90, 0x4b90, 0x4b90, 0x4b90, 0x4b90, 0x4b90, 0x4b90, 
	0x4b90, 0x4b90, 0x4b90, 0x4b90, 0x4b90, 0x4b90, 0x4b90, 0x4b90, 0x4b90, 0x4b90, 0x4b90, 0x4b90, 0x4b90, 0x5390, 0x7bef, 0x0000, 
	0x7bef, 0x538f, 0x4b90, 0x4b90, 0x4b90, 0x4b90, 0x4b90, 0x4b90, 0x4b90, 0x4b90, 0x4b90, 0x4b90, 0x4b90, 0x4b90, 0x4b90, 0x4b90, 
	0x4b90, 0x4b90, 0x4b90, 0x4b90, 0x4b90, 0x4b90, 0x4b90, 0x4b90, 0x4b90, 0x4b90, 0x4b90, 0x4b90, 0x4b90, 0x4b90, 0x4b90, 0x4b90, 
	0x4b90, 0x4b90, 0x4b90, 0x4b90, 0x4b90, 0x4b90, 0x4b90, 0x4b90, 0x4b90, 0x4b90, 0x4b90, 0x4b90, 0x4b90, 0x4b90, 0x4b90, 0x4b90, 
	0x4b90, 0x4b90, 0x4b90, 0x4b90, 0x4b90, 0x4b90, 0x4b90, 0x4b90, 0x4b90, 0x4b90, 0x4b90, 0x4b90, 0x4b90, 0x4b90, 0x4b90, 0x4b90, 
	0x4b90, 0x2a09, 0x0862, 0x5aeb, 0xc638, 0xdefb, 0xdefb, 0xdefb, 0xdefb, 0xdefb, 0xdefb, 0xdefb, 0xdefb, 0xdefb, 0xdefb, 0xdefb, 
	0xdefb, 0xdefb, 0xdefb, 0xdefb, 0xdefb, 0xdefb, 0xdefb, 0xdefb, 0xdefb, 0xdefb, 0xdefb, 0xc638, 0x5acb, 0x0862, 0x322a, 0x4b90, 
	0x4b90, 0x4b90, 0x4b90, 0x4b90, 0x4b90, 0x4b90, 0x4b90, 0x4b90, 0x4b90, 0x4b90, 0x4b90, 0x4b90, 0x4b90, 0x4b90, 0x4b90, 0x4b90, 
	0x4b90, 0x4b90, 0x4b90, 0x4b90, 0x4b90, 0x4b90, 0x4b90, 0x4b90, 0x4b90, 0x4b90, 0x4b90, 0x4b90, 0x4b90, 0x4b90, 0x4b90, 0x4b90, 
	0x4b90, 0x4b90, 0x4b90, 0x4b90, 0x4b90, 0x4b90, 0x4b90, 0x4b90, 0x4b90, 0x4b90, 0x4b90, 0x4b90, 0x4b90, 0x4b90, 0x4b90, 0x4b90, 
	0x4b90, 0x4b90, 0x4b90, 0x4b90, 0x4b90, 0x4b90, 0x4b90, 0x4b90, 0x4b90, 0x4b90, 0x4b90, 0x4b90, 0x4b90, 0x538f, 0x7bef, 0x0000, 
	0x7bcf, 0x5390, 0x4b90, 0x4b90, 0x4b90, 0x4b90, 0x4b90, 0x4b90, 0x4b90, 0x4b90, 0x4b90, 0x4b90, 0x4b90, 0x4b90, 0x4b90, 0x4b90, 
	0x4b90, 0x4b90, 0x4b90, 0x4b90, 0x4b90, 0x4b90, 0x4b90, 0x4b90, 0x4b90, 0x4b90, 0x4b90, 0x4b90, 0x4b90, 0x4b90, 0x4b90, 0x4b90, 
	0x4b90, 0x4b90, 0x4b90, 0x4b90, 0x4b90, 0x4b90, 0x4b90, 0x4b90, 0x4b90, 0x4b90, 0x4b90, 0x4b90, 0x4b90, 0x4b90, 0x4b90, 0x4b90, 
	0x4b90, 0x4b90, 0x4b90, 0x4b90, 0x4b90, 0x4b90, 0x4b90, 0x4b90, 0x4b90, 0x4b90, 0x4b90, 0x4b90, 0x4b90, 0x4b90, 0x4b90, 0x4b90, 
	0x4b70, 0x29e8, 0x0861, 0x632c, 0xce59, 0xdefb, 0xdefb, 0xdefb, 0xdefb, 0xdefb, 0xdefb, 0xdefb, 0xdefb, 0xdefb, 0xdefb, 0xdefb, 
	0xdefb, 0xdefb, 0xdefb, 0xdefb, 0xdefb, 0xdefb, 0xdefb, 0xdefb, 0xdefb, 0xdefb, 0xdefb, 0xc638, 0x5aeb, 0x0862, 0x2a29, 0x4b90, 
	0x4b90, 0x4b90, 0x4b90, 0x4b90, 0x4b90, 0x4b90, 0x4b90, 0x4b90, 0x4b90, 0x4b90, 0x4b90, 0x4b90, 0x4b90, 0x4b90, 0x4b90, 0x4b90, 
	0x4b90, 0x4b90, 0x4b90, 0x4b90, 0x4b90, 0x4b90, 0x4b90, 0x4b90, 0x4b90, 0x4b90, 0x4b90, 0x4b90, 0x4b90, 0x4b90, 0x4b90, 0x4b90, 
	0x4b90, 0x4b90, 0x4b90, 0x4b90, 0x4b90, 0x4b90, 0x4b90, 0x4b90, 0x4b90, 0x4b90, 0x4b90, 0x4b90, 0x4b90, 0x4b90, 0x4b90, 0x4b90, 
	0x4b90, 0x4b90, 0x4b90, 0x4b90, 0x4b90, 0x4b90, 0x4b90, 0x4b90, 0x4b90, 0x4b90, 0x4b90, 0x4b90, 0x4b90, 0x538f, 0x7bef, 0x0000, 
	0x7bef, 0x538f, 0x4b90, 0x4b90, 0x4b90, 0x4b90, 0x4b90, 0x4b90, 0x4b90, 0x4b90, 0x4b90, 0x4b90, 0x4b90, 0x4b90, 0x4b90, 0x4b90, 
	0x4b90, 0x4b90, 0x4b90, 0x4b90, 0x4b90, 0x4b90, 0x4b90, 0x4b90, 0x4b90, 0x4b90, 0x4b90, 0x4b90, 0x4b90, 0x4b90, 0x4b90, 0x4b90, 
	0x4b90, 0x4b90, 0x4b90, 0x4b90, 0x4b90, 0x4b90, 0x4b90, 0x4b90, 0x4b90, 0x4b90, 0x4b90, 0x4b90, 0x4b90, 0x4b90, 0x4b90, 0x4b90, 
	0x4b90, 0x4b90, 0x4b90, 0x4b90, 0x4b90, 0x4b90, 0x4b90, 0x4b90, 0x4b90, 0x4b90, 0x4b90, 0x4b90, 0x4b90, 0x4b90, 0x4b90, 0x4b90, 
	0x2a09, 0x0861, 0x630c, 0xc638, 0xdefb, 0xdefb, 0xdefb, 0xdefb, 0xdefb, 0xdefb, 0xdefb, 0xdefb, 0xdefb, 0xdefb, 0xdefb, 0xdefb, 
	0xdefb, 0xdefb, 0xdefb, 0xdefb, 0xdefb, 0xdefb, 0xdefb, 0xdefb, 0xdefb, 0xdefb, 0xdefb, 0xdefb, 0xc618, 0x52aa, 0x0882, 0x324a, 
	0x4b90, 0x4b90, 0x4b90, 0x4b90, 0x4b90, 0x4b90, 0x4b90, 0x4b90, 0x4b90, 0x4b90, 0x4b90, 0x4b90, 0x4b90, 0x4b90, 0x4b90, 0x4b90, 
	0x4b90, 0x4b90, 0x4b90, 0x4b90, 0x4b90, 0x4b90, 0x4b90, 0x4b90, 0x4b90, 0x4b90, 0x4b90, 0x4b90, 0x4b90, 0x4b90, 0x4b90, 0x4b90, 
	0x4b90, 0x4b90, 0x4b90, 0x4b90, 0x4b90, 0x4b90, 0x4b90, 0x4b90, 0x4b90, 0x4b90, 0x4b90, 0x4b90, 0x4b90, 0x4b90, 0x4b90, 0x4b90, 
	0x4b90, 0x4b90, 0x4b90, 0x4b90, 0x4b90, 0x4b90, 0x4b90, 0x4b90, 0x4b90, 0x4b90, 0x4b90, 0x4b90, 0x4b90, 0x538f, 0x7bef, 0x0000, 
	0x7bcf, 0x5390, 0x4b90, 0x4b90, 0x4b90, 0x4b90, 0x4b90, 0x4b90, 0x4b90, 0x4b90, 0x4b90, 0x4b90, 0x4b90, 0x4b90, 0x4b90, 0x4b90, 
	0x4b90, 0x4b90, 0x4b90, 0x4b90, 0x4b90, 0x4b90, 0x4b90, 0x4b90, 0x4b90, 0x4b90, 0x4b90, 0x4b90, 0x4b90, 0x4b90, 0x4b90, 0x4b90, 
	0x4b90, 0x4b90, 0x4b90, 0x4b90, 0x4b90, 0x4b90, 0x4b90, 0x4b90, 0x4b90, 0x4b90, 0x4b90, 0x4b90, 0x4b90, 0x4b90, 0x4b90, 0x4b90, 
	0x4b90, 0x4b90, 0x4b90, 0x4b90, 0x4b90, 0x4b90, 0x4b90, 0x4b90, 0x4b90, 0x4b90, 0x4b90, 0x4b90, 0x4b90, 0x4b90, 0x4b90, 0x4b90, 
	0x2a09, 0x0861, 0x632c, 0xce59, 0xdefb, 0xdefb, 0xdefb, 0xdefb, 0xdefb, 0xdefb, 0xdefb, 0xdefb, 0xdefb, 0xdefb, 0xdefb, 0xdefb, 
	0xdefb, 0xdefb, 0xdefb, 0xdefb, 0xdefb, 0xdefb, 0xdefb, 0xdefb, 0xdefb, 0xdefb, 0xdefb, 0xdefb, 0xc618, 0x5acb, 0x0862, 0x322a, 
	0x4b90, 0x4b90, 0x4b90, 0x4b90, 0x4b90, 0x4b90, 0x4b90, 0x4b90, 0x4b90, 0x4b90, 0x4b90, 0x4b90, 0x4b90, 0x4b90, 0x4b90, 0x4b90, 
	0x4b90, 0x4b90, 0x4b90, 0x4b90, 0x4b90, 0x4b90, 0x4b90, 0x4b90, 0x4b90, 0x4b90, 0x4b90, 0x4b90, 0x4b90, 0x4b90, 0x4b90, 0x4b90, 
	0x4b90, 0x4b90, 0x4b90, 0x4b90, 0x4b90, 0x4b90, 0x4b90, 0x4b90, 0x4b90, 0x4b90, 0x4b90, 0x4b90, 0x4b90, 0x4b90, 0x4b90, 0x4b90, 
	0x4b90, 0x4b90, 0x4b90, 0x4b90, 0x4b90, 0x4b90, 0x4b90, 0x4b90, 0x4b90, 0x4b90, 0x4b90, 0x4b90, 0x4b90, 0x5390, 0x7bef, 0x0000, 
	0x7bef, 0x538f, 0x4b90, 0x4b90, 0x4b90, 0x4b90, 0x4b90, 0x4b90, 0x4b90, 0x4b90, 0x4b90, 0x4b90, 0x4b90, 0x4b90, 0x4b90, 0x4b90, 
	0x4b90, 0x4b90, 0x4b90, 0x4b90, 0x4b90, 0x4b90, 0x4b90, 0x4b90, 0x4b90, 0x4b90, 0x4b90, 0x4b90, 0x4b90, 0x4b90, 0x4b90, 0x4b90, 
	0x4b90, 0x4b90, 0x4b90, 0x4b90, 0x4b90, 0x4b90, 0x4b90, 0x4b90, 0x4b90, 0x4b90, 0x4b90, 0x4b90, 0x4b90, 0x4b90, 0x4b90, 0x4b90, 
	0x4b90, 0x4b90, 0x4b90, 0x4b90, 0x4b90, 0x4b90, 0x4b90, 0x4b90, 0x4b90, 0x4b90, 0x4b90, 0x4b90, 0x4b90, 0x4b90, 0x4b90, 0x4b90, 
	0x2a09, 0x0861, 0x632c, 0xce59, 0xdefb, 0xdefb, 0xdefb, 0xdefb, 0xdefb, 0xdefb, 0xdefb, 0xdefb, 0xdefb, 0xdefb, 0xdefb, 0xdefb, 
	0xdefb, 0xdefb, 0xdefb, 0xdefb, 0xdefb, 0xdefb, 0xdefb, 0xdefb, 0xdefb, 0xdefb, 0xdefb, 0xdefb, 0xdefb, 0xc618, 0x52aa, 0x0862, 
	0x324a, 0x4b90, 0x4b90, 0x4b90, 0x4b90, 0x4b90, 0x4b90, 0x4b90, 0x4b90, 0x4b90, 0x4b90, 0x4b90, 0x4b90, 0x4b90, 0x4b90, 0x4b90, 
	0x4b90, 0x4b90, 0x4b90, 0x4b90, 0x4b90, 0x4b90, 0x4b90, 0x4b90, 0x4b90, 0x4b90, 0x4b90, 0x4b90, 0x4b90, 0x4b90, 0x4b90, 0x4b90, 
	0x4b90, 0x4b90, 0x4b90, 0x4b90, 0x4b90, 0x4b90, 0x4b90, 0x4b90, 0x4b90, 0x4b90, 0x4b90, 0x4b90, 0x4b90, 0x4b90, 0x4b90, 0x4b90, 
	0x4b90, 0x4b90, 0x4b90, 0x4b90, 0x4b90, 0x4b90, 0x4b90, 0x4b90, 0x4b90, 0x4b90, 0x4b90, 0x4b90, 0x4b90, 0x538f, 0x7bef, 0x0000, 
	0x7bcf, 0x5390, 0x4b90, 0x4b90, 0x4b90, 0x4b90, 0x4b90, 0x4b90, 0x4b90, 0x4b90, 0x4b90, 0x4b90, 0x4b90, 0x4b90, 0x4b90, 0x4b90, 
	0x4b90, 0x4b90, 0x4b90, 0x4b90, 0x4b90, 0x4b90, 0x4b90, 0x4b90, 0x4b90, 0x4b90, 0x4b90, 0x4b90, 0x4b90, 0x4b90, 0x4b90, 0x4b90, 
	0x4b90, 0x4b90, 0x4b90, 0x4b90, 0x4b90, 0x4b90, 0x4b90, 0x4b90, 0x4b90, 0x4b90, 0x4b90, 0x4b90, 0x4b90, 0x4b90, 0x4b90, 0x4b90, 
	0x4b90, 0x4b90, 0x4b90, 0x4b90, 0x4b90, 0x4b90, 0x4b90, 0x4b90, 0x4b90, 0x4b90, 0x4b90, 0x4b90, 0x4b90, 0x4b90, 0x4b6f, 0x4b4f, 
	0x2a09, 0x10a2, 0x6b4d, 0xce59, 0xdefb, 0xdefb, 0xdefb, 0xdefb, 0xdefb, 0xdefb, 0xdefb, 0xdefb, 0xdefb, 0xdefb, 0xdefb, 0xdefb, 
	0xdefb, 0xdefb, 0xdefb, 0xdefb, 0xdefb, 0xdefb, 0xdefb, 0xdefb, 0xdefb, 0xdefb, 0xdefb, 0xdefb, 0xdefb, 0xc618, 0x52aa, 0x0862, 
	0x324a, 0x4b90, 0x4b90, 0x4b90, 0x4b90, 0x4b90, 0x4b90, 0x4b90, 0x4b90, 0x4b90, 0x4b90, 0x4b90, 0x4b90, 0x4b90, 0x4b90, 0x4b90, 
	0x4b90, 0x4b90, 0x4b90, 0x4b90, 0x4b90, 0x4b90, 0x4b90, 0x4b90, 0x4b90, 0x4b90, 0x4b90, 0x4b90, 0x4b90, 0x4b90, 0x4b90, 0x4b90, 
	0x4b90, 0x4b90, 0x4b90, 0x4b90, 0x4b90, 0x4b90, 0x4b90, 0x4b90, 0x4b90, 0x4b90, 0x4b90, 0x4b90, 0x4b90, 0x4b90, 0x4b90, 0x4b90, 
	0x4b90, 0x4b90, 0x4b90, 0x4b90, 0x4b90, 0x4b90, 0x4b90, 0x4b90, 0x4b90, 0x4b90, 0x4b90, 0x4b90, 0x4b90, 0x538f, 0x7bef, 0x0000, 
	0x7bef, 0x538f, 0x4b90, 0x4b90, 0x4b90, 0x4b90, 0x4b90, 0x4b90, 0x4b90, 0x4b90, 0x4b90, 0x4b90, 0x4b90, 0x4b90, 0x4b90, 0x4b90, 
	0x4b90, 0x4b90, 0x4b90, 0x4b90, 0x4b90, 0x4b90, 0x4b90, 0x4b90, 0x4b90, 0x4b90, 0x4b90, 0x4b90, 0x4b90, 0x4b90, 0x4b90, 0x4b90, 
	0x4b90, 0x4b90, 0x4b90, 0x4b90, 0x4b90, 0x4b90, 0x4b90, 0x4b90, 0x4b90, 0x4b90, 0x4b90, 0x4b90, 0x4b90, 0x4b90, 0x4b90, 0x4b90, 
	0x4b90, 0x4b90, 0x4b90, 0x4b90, 0x4b90, 0x4b90, 0x4b90, 0x4b90, 0x4b90, 0x4b90, 0x4b90, 0x4b90, 0x4b90, 0x4b90, 0x2a09, 0x0862, 
	0x630c, 0xc638, 0xdefb, 0xdefb, 0xdefb, 0xdefb, 0xdefb, 0xdefb, 0xdefb, 0xdefb, 0xdefb, 0xdefb, 0xdefb, 0xdefb, 0xdefb, 0xdefb, 
	0xdefb, 0xdefb, 0xdefb, 0xdefb, 0xdefb, 0xdefb, 0xdefb, 0xdefb, 0xdefb, 0xdefb, 0xdefb, 0xdefb, 0xdefb, 0xc618, 0x52aa, 0x0862, 
	0x324a, 0x4b90, 0x4b90, 0x4b90, 0x4b90, 0x4b90, 0x4b90, 0x4b90, 0x4b90, 0x4b90, 0x4b90, 0x4b90, 0x4b90, 0x4b90, 0x4b90, 0x4b90, 
	0x4b90, 0x4b90, 0x4b90, 0x4b90, 0x4b90, 0x4b90, 0x4b90, 0x4b90, 0x4b90, 0x4b90, 0x4b90, 0x4b90, 0x4b90, 0x4b90, 0x4b90, 0x4b90, 
	0x4b90, 0x4b90, 0x4b90, 0x4b90, 0x4b90, 0x4b90, 0x4b90, 0x4b90, 0x4b90, 0x4b90, 0x4b90, 0x4b90, 0x4b90, 0x4b90, 0x4b90, 0x4b90, 
	0x4b90, 0x4b90, 0x4b90, 0x4b90, 0x4b90, 0x4b90, 0x4b90, 0x4b90, 0x4b90, 0x4b90, 0x4b90, 0x4b90, 0x4b90, 0x538f, 0x7bef, 0x0000, 
	0x7bcf, 0x5390, 0x4b90, 0x4b90, 0x4b90, 0x4b90, 0x4b90, 0x4b90, 0x4b90, 0x4b90, 0x4b90, 0x4b90, 0x4b90, 0x4b90, 0x4b90, 0x4b90, 
	0x4b90, 0x4b90, 0x4b90, 0x4b90, 0x4b90, 0x4b90, 0x4b90, 0x4b90, 0x4b90, 0x4b90, 0x4b90, 0x4b90, 0x4b90, 0x4b90, 0x4b90, 0x4b90, 
	0x4b90, 0x4b90, 0x4b90, 0x4b90, 0x4b90, 0x4b90, 0x4b90, 0x4b90, 0x4b90, 0x4b90, 0x4b90, 0x4b90, 0x4b90, 0x4b90, 0x4b90, 0x4b90, 
	0x4b90, 0x4b90, 0x4b90, 0x4b90, 0x4b90, 0x4b90, 0x4b90, 0x4b90, 0x4b90, 0x4b90, 0x4b90, 0x4b90, 0x4b90, 0x4b90, 0x2a09, 0x0861, 
	0x630c, 0xc638, 0xdefb, 0xdefb, 0xdefb, 0xdefb, 0xdefb, 0xdefb, 0xdefb, 0xdefb, 0xdefb, 0xdefb, 0xdefb, 0xdefb, 0xdefb, 0xdefb, 
	0xdefb, 0xdefb, 0xdefb, 0xdefb, 0xdefb, 0xdefb, 0xdefb, 0xdefb, 0xdefb, 0xdefb, 0xdefb, 0xdefb, 0xdefb, 0xc638, 0x630c, 0x10a3, 
	0x2a29, 0x4b6f, 0x4b90, 0x4b90, 0x4b90, 0x4b90, 0x4b90, 0x4b90, 0x4b90, 0x4b90, 0x4b90, 0x4b90, 0x4b90, 0x4b90, 0x4b90, 0x4b90, 
	0x4b90, 0x4b90, 0x4b90, 0x4b90, 0x4b90, 0x4b90, 0x4b90, 0x4b90, 0x4b90, 0x4b90, 0x4b90, 0x4b90, 0x4b90, 0x4b90, 0x4b90, 0x4b90, 
	0x4b90, 0x4b90, 0x4b90, 0x4b90, 0x4b90, 0x4b90, 0x4b90, 0x4b90, 0x4b90, 0x4b90, 0x4b90, 0x4b90, 0x4b90, 0x4b90, 0x4b90, 0x4b90, 
	0x4b90, 0x4b90, 0x4b90, 0x4b90, 0x4b90, 0x4b90, 0x4b90, 0x4b90, 0x4b90, 0x4b90, 0x4b90, 0x4b90, 0x4b90, 0x538f, 0x7bef, 0x0000, 
	0x7bef, 0x538f, 0x4b90, 0x4b90, 0x4b90, 0x4b90, 0x4b90, 0x4b90, 0x4b90, 0x4b90, 0x4b90, 0x4b90, 0x4b90, 0x4b90, 0x4b90, 0x4b90, 
	0x4b90, 0x4b90, 0x4b90, 0x4b90, 0x4b90, 0x4b90, 0x4b90, 0x4b90, 0x4b90, 0x4b90, 0x4b90, 0x4b90, 0x4b90, 0x4b90, 0x4b90, 0x4b90, 
	0x4b90, 0x4b90, 0x4b90, 0x4b90, 0x4b90, 0x4b90, 0x4b90, 0x4b90, 0x4b90, 0x4b90, 0x4b90, 0x4b90, 0x4b90, 0x4b90, 0x4b90, 0x4b90, 
	0x4b90, 0x4b90, 0x4b90, 0x4b90, 0x4b90, 0x4b90, 0x4b90, 0x4b90, 0x4b90, 0x4b90, 0x4b90, 0x4b90, 0x4b90, 0x4b90, 0x2a09, 0x0861, 
	0x630c, 0xc638, 0xdefb, 0xdefb, 0xdefb, 0xdefb, 0xdefb, 0xdefb, 0xdefb, 0xdefb, 0xdefb, 0xdefb, 0xdefb, 0xdefb, 0xdefb, 0xdefb, 
	0xdefb, 0xdefb, 0xdefb, 0xdefb, 0xdefb, 0xdefb, 0xdefb, 0xdefb, 0xdefb, 0xdefb, 0xdefb, 0xdefb, 0xdefb, 0xdefb, 0xc618, 0x528a, 
	0x0862, 0x324a, 0x4b90, 0x4b90, 0x4b90, 0x4b90, 0x4b90, 0x4b90, 0x4b90, 0x4b90, 0x4b90, 0x4b90, 0x4b90, 0x4b90, 0x4b90, 0x4b90, 
	0x4b90, 0x4b90, 0x4b90, 0x4b90, 0x4b90, 0x4b90, 0x4b90, 0x4b90, 0x4b90, 0x4b90, 0x4b90, 0x4b90, 0x4b90, 0x4b90, 0x4b90, 0x4b90, 
	0x4b90, 0x4b90, 0x4b90, 0x4b90, 0x4b90, 0x4b90, 0x4b90, 0x4b90, 0x4b90, 0x4b90, 0x4b90, 0x4b90, 0x4b90, 0x4b90, 0x4b90, 0x4b90, 
	0x4b90, 0x4b90, 0x4b90, 0x4b90, 0x4b90, 0x4b90, 0x4b90, 0x4b90, 0x4b90, 0x4b90, 0x4b90, 0x4b90, 0x4b90, 0x538f, 0x7bef, 0x0000, 
	0x7bcf, 0x5390, 0x4b90, 0x4b90, 0x4b90, 0x4b90, 0x4b90, 0x4b90, 0x4b90, 0x4b90, 0x4b90, 0x4b90, 0x4b90, 0x4b90, 0x4b90, 0x4b90, 
	0x4b90, 0x4b90, 0x4b90, 0x4b90, 0x4b90, 0x4b90, 0x4b90, 0x4b90, 0x4b90, 0x4b90, 0x4b90, 0x4b90, 0x4b90, 0x4b90, 0x4b90, 0x4b90, 
	0x4b90, 0x4b90, 0x4b90, 0x4b90, 0x4b90, 0x4b90, 0x4b90, 0x4b90, 0x4b90, 0x4b90, 0x4b90, 0x4b90, 0x4b90, 0x4b90, 0x4b90, 0x4b90, 
	0x4b90, 0x4b90, 0x4b90, 0x4b90, 0x4b90, 0x4b90, 0x4b90, 0x4b90, 0x4b90, 0x4b90, 0x4b90, 0x4b90, 0x4b90, 0x4b4f, 0x29c8, 0x10c3, 
	0x6b6d, 0xce59, 0xdefb, 0xdefb, 0xdefb, 0xdefb, 0xdefb, 0xdefb, 0xdefb, 0xdefb, 0xdefb, 0xdefb, 0xdefb, 0xdefb, 0xdefb, 0xdefb, 
	0xdefb, 0xdefb, 0xdefb, 0xdefb, 0xdefb, 0xdefb, 0xdefb, 0xdefb, 0xdefb, 0xdefb, 0xdefb, 0xdefb, 0xdefb, 0xdefb, 0xc638, 0x630c, 
	0x10c3, 0x2a09, 0x4b4f, 0x4b90, 0x4b90, 0x4b90, 0x4b90, 0x4b90, 0x4b90, 0x4b90, 0x4b90, 0x4b90, 0x4b90, 0x4b90, 0x4b90, 0x4b90, 
	0x4b90, 0x4b90, 0x4b90, 0x4b90, 0x4b90, 0x4b90, 0x4b90, 0x4b90, 0x4b90, 0x4b90, 0x4b90, 0x4b90, 0x4b90, 0x4b90, 0x4b90, 0x4b90, 
	0x4b90, 0x4b90, 0x4b90, 0x4b90, 0x4b90, 0x4b90, 0x4b90, 0x4b90, 0x4b90, 0x4b90, 0x4b90, 0x4b90, 0x4b90, 0x4b90, 0x4b90, 0x4b90, 
	0x4b90, 0x4b90, 0x4b90, 0x4b90, 0x4b90, 0x4b90, 0x4b90, 0x4b90, 0x4b90, 0x4b90, 0x4b90, 0x4b90, 0x4b90, 0x538f, 0x7bef, 0x0000, 
	0x7bef, 0x538f, 0x4b90, 0x4b90, 0x4b90, 0x4b90, 0x4b90, 0x4b90, 0x4b90, 0x4b90, 0x4b90, 0x4b90, 0x4b90, 0x4b90, 0x4b90, 0x4b90, 
	0x4b90, 0x4b90, 0x4b90, 0x4b90, 0x4b90, 0x4b90, 0x4b90, 0x4b90, 0x4b90, 0x4b90, 0x4b90, 0x4b90, 0x4b90, 0x4b90, 0x4b90, 0x4b90, 
	0x4b90, 0x4b90, 0x4b90, 0x4b90, 0x4b90, 0x4b90, 0x4b90, 0x4b90, 0x4b90, 0x4b90, 0x4b90, 0x4b90, 0x4b90, 0x4b90, 0x4b90, 0x4b90, 
	0x4b90, 0x4b90, 0x4b90, 0x4b90, 0x4b90, 0x4b90, 0x4b90, 0x4b90, 0x4b90, 0x4b90, 0x4b90, 0x4b90, 0x4b90, 0x2a09, 0x0862, 0x5aeb, 
	0xc638, 0xdefb, 0xdefb, 0xdefb, 0xdefb, 0xdefb, 0xdefb, 0xdefb, 0xdefb, 0xdefb, 0xdefb, 0xdefb, 0xdefb, 0xdefb, 0xdefb, 0xdefb, 
	0xdefb, 0xdefb, 0xdefb, 0xdefb, 0xdefb, 0xdefb, 0xdefb, 0xdefb, 0xdefb, 0xdefb, 0xdefb, 0xdefb, 0xdefb, 0xdefb, 0xdefb, 0xc618, 
	0x4a69, 0x0862, 0x326a, 0x4b90, 0x4b90, 0x4b90, 0x4b90, 0x4b90, 0x4b90, 0x4b90, 0x4b90, 0x4b90, 0x4b90, 0x4b90, 0x4b90, 0x4b90, 
	0x4b90, 0x4b90, 0x4b90, 0x4b90, 0x4b90, 0x4b90, 0x4b90, 0x4b90, 0x4b90, 0x4b90, 0x4b90, 0x4b90, 0x4b90, 0x4b90, 0x4b90, 0x4b90, 
	0x4b90, 0x4b90, 0x4b90, 0x4b90, 0x4b90, 0x4b90, 0x4b90, 0x4b90, 0x4b90, 0x4b90, 0x4b90, 0x4b90, 0x4b90, 0x4b90, 0x4b90, 0x4b90, 
	0x4b90, 0x4b90, 0x4b90, 0x4b90, 0x4b90, 0x4b90, 0x4b90, 0x4b90, 0x4b90, 0x4b90, 0x4b90, 0x4b90, 0x4b90, 0x538f, 0x7bef, 0x0000, 
	0x7bcf, 0x5390, 0x4b90, 0x4b90, 0x4b90, 0x4b90, 0x4b90, 0x4b90, 0x4b90, 0x4b90, 0x4b90, 0x4b90, 0x4b90, 0x4b90, 0x4b90, 0x4b90, 
	0x4b90, 0x4b90, 0x4b90, 0x4b90, 0x4b90, 0x4b90, 0x4b90, 0x4b90, 0x4b90, 0x4b90, 0x4b90, 0x4b90, 0x4b90, 0x4b90, 0x4b90, 0x4b90, 
	0x4b90, 0x4b90, 0x4b90, 0x4b90, 0x4b90, 0x4b90, 0x4b90, 0x4b90, 0x4b90, 0x4b90, 0x4b90, 0x4b90, 0x4b90, 0x4b90, 0x4b90, 0x4b90, 
	0x4b90, 0x4b90, 0x4b90, 0x4b90, 0x4b90, 0x4b90, 0x4b90, 0x4b90, 0x4b90, 0x4b90, 0x4b90, 0x434f, 0x42ed, 0x3229, 0x2986, 0x73ae, 
	0xce59, 0xdefb, 0xdefb, 0xdefb, 0xdefb, 0xdefb, 0xdefb, 0xdefb, 0xdefb, 0xdefb, 0xdefb, 0xdefb, 0xdefb, 0xdefb, 0xdefb, 0xdefb, 
	0xdefb, 0xdefb, 0xdefb, 0xdefb, 0xdefb, 0xdefb, 0xdefb, 0xdefb, 0xdefb, 0xdefb, 0xdefb, 0xdefb, 0xdefb, 0xdefb, 0xdefb, 0xc618, 
	0x4a69, 0x0862, 0x326a, 0x4b90, 0x4b90, 0x4b90, 0x4b90, 0x4b90, 0x4b90, 0x4b90, 0x4b90, 0x4b90, 0x4b90, 0x4b90, 0x4b90, 0x4b90, 
	0x4b90, 0x4b90, 0x4b90, 0x4b90, 0x4b90, 0x4b90, 0x4b90, 0x4b90, 0x4b90, 0x4b90, 0x4b90, 0x4b90, 0x4b90, 0x4b90, 0x4b90, 0x4b90, 
	0x4b90, 0x4b90, 0x4b90, 0x4b90, 0x4b90, 0x4b90, 0x4b90, 0x4b90, 0x4b90, 0x4b90, 0x4b90, 0x4b90, 0x4b90, 0x4b90, 0x4b90, 0x4b90, 
	0x4b90, 0x4b90, 0x4b90, 0x4b90, 0x4b90, 0x4b90, 0x4b90, 0x4b90, 0x4b90, 0x4b90, 0x4b90, 0x4b90, 0x4b90, 0x538f, 0x7bef, 0x0000, 
	0x7bef, 0x538f, 0x4b90, 0x4b90, 0x4b90, 0x4b90, 0x4b90, 0x4b90, 0x4b90, 0x4b90, 0x4b90, 0x4b90, 0x4b90, 0x4b90, 0x4b90, 0x4b90, 
	0x4b90, 0x4b90, 0x4b90, 0x4b90, 0x4b90, 0x4b90, 0x4b90, 0x4b90, 0x4b90, 0x4b90, 0x4b90, 0x4b90, 0x4b90, 0x4b90, 0x4b90, 0x4b90, 
	0x4b90, 0x4b90, 0x4b90, 0x4b90, 0x4b90, 0x4b90, 0x4b90, 0x4b90, 0x4b90, 0x4b90, 0x4b90, 0x4b90, 0x4b90, 0x4b90, 0x4b90, 0x4b90, 
	0x4b90, 0x4b90, 0x4b90, 0x4b90, 0x4b90, 0x4b90, 0x4b90, 0x4b90, 0x4b90, 0x4b90, 0x4b90, 0x322a, 0x0862, 0x5acb, 0xc618, 0xdefb, 
	0xdefb, 0xdefb, 0xdefb, 0xdefb, 0xdefb, 0xdefb, 0xdefb, 0xdefb, 0xdefb, 0xdefb, 0xdefb, 0xdefb, 0xdefb, 0xdefb, 0xdefb, 0xdefb, 
	0xdefb, 0xdefb, 0xdefb, 0xdefb, 0xdefb, 0xdefb, 0xdefb, 0xdefb, 0xdefb, 0xdefb, 0xdefb, 0xdefb, 0xdefb, 0xdefb, 0xdefb, 0xc618, 
	0x528a, 0x0862, 0x326a, 0x4b90, 0x4b90, 0x4b90, 0x4b90, 0x4b90, 0x4b90, 0x4b90, 0x4b90, 0x4b90, 0x4b90, 0x4b90, 0x4b90, 0x4b90, 
	0x4b90, 0x4b90, 0x4b90, 0x4b90, 0x4b90, 0x4b90, 0x4b90, 0x4b90, 0x4b90, 0x4b90, 0x4b90, 0x4b90, 0x4b90, 0x4b90, 0x4b90, 0x4b90, 
	0x4b90, 0x4b90, 0x4b90, 0x4b90, 0x4b90, 0x4b90, 0x4b90, 0x4b90, 0x4b90, 0x4b90, 0x4b90, 0x4b90, 0x4b90, 0x4b90, 0x4b90, 0x4b90, 
	0x4b90, 0x4b90, 0x4b90, 0x4b90, 0x4b90, 0x4b90, 0x4b90, 0x4b90, 0x4b90, 0x4b90, 0x4b90, 0x4b90, 0x4b90, 0x538f, 0x7bef, 0x0000, 
	0x7bcf, 0x5390, 0x4b90, 0x4b90, 0x4b90, 0x4b90, 0x4b90, 0x4b90, 0x4b90, 0x4b90, 0x4b90, 0x4b90, 0x4b90, 0x4b90, 0x4b90, 0x4b90, 
	0x4b90, 0x4b90, 0x4b90, 0x4b90, 0x4b90, 0x4b90, 0x4b90, 0x4b90, 0x4b90, 0x4b90, 0x4b90, 0x4b90, 0x4b90, 0x4b90, 0x4b90, 0x4b90, 
	0x4b90, 0x4b90, 0x4b90, 0x4b90, 0x4b90, 0x4b90, 0x4b90, 0x4b90, 0x4b90, 0x4b90, 0x4b90, 0x4b90, 0x4b90, 0x4b90, 0x4b90, 0x4b90, 
	0x4b90, 0x4b90, 0x4b90, 0x4b90, 0x4b90, 0x4b90, 0x4b90, 0x4b90, 0x4b90, 0x4b90, 0x4b90, 0x322a, 0x0862, 0x5acb, 0xc618, 0xdefb, 
	0xdefb, 0xdefb, 0xdefb, 0xdefb, 0xdefb, 0xdefb, 0xdefb, 0xdefb, 0xdefb, 0xdefb, 0xdefb, 0xdefb, 0xdefb, 0xdefb, 0xdefb, 0xdefb, 
	0xdefb, 0xdefb, 0xdefb, 0xdefb, 0xdefb, 0xdefb, 0xdefb, 0xdefb, 0xdefb, 0xdefb, 0xdefb, 0xdefb, 0xdefb, 0xdefb, 0xdefb, 0xce59, 
	0x6b4d, 0x18e4, 0x29e8, 0x434e, 0x4b90, 0x4b90, 0x4b90, 0x4b90, 0x4b90, 0x4b90, 0x4b90, 0x4b90, 0x4b90, 0x4b90, 0x4b90, 0x4b90, 
	0x4b90, 0x4b90, 0x4b90, 0x4b90, 0x4b90, 0x4b90, 0x4b90, 0x4b90, 0x4b90, 0x4b90, 0x4b90, 0x4b90, 0x4b90, 0x4b90, 0x4b90, 0x4b90, 
	0x4b90, 0x4b90, 0x4b90, 0x4b90, 0x4b90, 0x4b90, 0x4b90, 0x4b90, 0x4b90, 0x4b90, 0x4b90, 0x4b90, 0x4b90, 0x4b90, 0x4b90, 0x4b90, 
	0x4b90, 0x4b90, 0x4b90, 0x4b90, 0x4b90, 0x4b90, 0x4b90, 0x4b90, 0x4b90, 0x4b90, 0x4b90, 0x4b90, 0x4b90, 0x538f, 0x7bef, 0x0000, 
	0x7bef, 0x5390, 0x4b90, 0x4b90, 0x4b90, 0x4b90, 0x4b90, 0x4b90, 0x4b90, 0x4b90, 0x4b90, 0x4b90, 0x4b90, 0x4b90, 0x4b90, 0x4b90, 
	0x4b90, 0x4b90, 0x4b90, 0x4b90, 0x4b90, 0x4b90, 0x4b90, 0x4b90, 0x4b90, 0x4b90, 0x4b90, 0x4b90, 0x4b90, 0x4b90, 0x4b90, 0x4b90, 
	0x4b90, 0x4b90, 0x4b90, 0x4b90, 0x4b90, 0x4b90, 0x4b90, 0x4b90, 0x4b90, 0x4b90, 0x4b90, 0x4b90, 0x4b90, 0x4b90, 0x4b90, 0x4b90, 
	0x4b90, 0x4b90, 0x4b90, 0x4b90, 0x4b90, 0x4b90, 0x4b90, 0x4b90, 0x4b90, 0x4b90, 0x4b90, 0x322a, 0x0862, 0x5acb, 0xc618, 0xdefb, 
	0xdefb, 0xdefb, 0xdefb, 0xdefb, 0xdefb, 0xdefb, 0xdefb, 0xdefb, 0xdefb, 0xdefb, 0xdefb, 0xdefb, 0xdefb, 0xd6ba, 0xd69a, 0xd6ba, 
	0xdefb, 0xdefb, 0xdefb, 0xdefb, 0xdefb, 0xdefb, 0xdefb, 0xdefb, 0xdefb, 0xdefb, 0xdefb, 0xdefb, 0xdefb, 0xdefb, 0xdefb, 0xdefb, 
	0xc618, 0x4a69, 0x0862, 0x326b, 0x4b90, 0x4b90, 0x4b90, 0x4b90, 0x4b90, 0x4b90, 0x4b90, 0x4b90, 0x4b90, 0x4b90, 0x4b90, 0x4b90, 
	0x4b90, 0x4b90, 0x4b90, 0x4b90, 0x4b90, 0x4b90, 0x4b90, 0x4b90, 0x4b90, 0x4b90, 0x4b90, 0x4b90, 0x4b90, 0x4b90, 0x4b90, 0x4b90, 
	0x4b90, 0x4b90, 0x4b90, 0x4b90, 0x4b90, 0x4b90, 0x4b90, 0x4b90, 0x4b90, 0x4b90, 0x4b90, 0x4b90, 0x4b90, 0x4b90, 0x4b90, 0x4b90, 
	0x4b90, 0x4b90, 0x4b90, 0x4b90, 0x4b90, 0x4b90, 0x4b90, 0x4b90, 0x4b90, 0x4b90, 0x4b90, 0x4b90, 0x4b90, 0x538f, 0x7bef, 0x0000, 
	0x7bcf, 0x5390, 0x4b90, 0x4b90, 0x4b90, 0x4b90, 0x4b90, 0x4b90, 0x4b90, 0x4b90, 0x4b90, 0x4b90, 0x4b90, 0x4b90, 0x4b90, 0x4b90, 
	0x4b90, 0x4b90, 0x4b90, 0x4b90, 0x4b90, 0x4b90, 0x4b90, 0x4b90, 0x4b90, 0x4b90, 0x4b90, 0x4b90, 0x4b90, 0x4b90, 0x4b90, 0x4b90, 
	0x4b90, 0x4b90, 0x4b90, 0x4b90, 0x4b90, 0x4b90, 0x4b90, 0x4b90, 0x4b90, 0x4b90, 0x4b90, 0x4b90, 0x4b90, 0x4b90, 0x4b90, 0x4b90, 
	0x4b90, 0x4b90, 0x4b90, 0x4b90, 0x4b90, 0x4b90, 0x4b90, 0x4b90, 0x4b90, 0x432e, 0x3aac, 0x2187, 0x0041, 0x4208, 0x8c71, 0xa514, 
	0xa514, 0xa514, 0xa514, 0xbdf7, 0xdedb, 0xdefb, 0xdefb, 0xdefb, 0xdefb, 0xdefb, 0xdefb, 0xdefb, 0xdefb, 0xc618, 0xa534, 0xc618, 
	0xdefb, 0xdefb, 0xdefb, 0xdefb, 0xdefb, 0xdefb, 0xdefb, 0xdefb, 0xdefb, 0xdefb, 0xdefb, 0xdefb, 0xdefb, 0xdefb, 0xdefb, 0xdefb, 
	0xce59, 0x6b6d, 0x18e4, 0x29c8, 0x432e, 0x4b90, 0x4b90, 0x4b90, 0x4b90, 0x4b90, 0x4b90, 0x4b90, 0x4b90, 0x4b90, 0x4b90, 0x4b90, 
	0x4b90, 0x4b90, 0x4b90, 0x4b90, 0x4b90, 0x4b90, 0x4b90, 0x4b90, 0x4b90, 0x4b90, 0x4b90, 0x4b90, 0x4b90, 0x4b90, 0x4b90, 0x4b90, 
	0x4b90, 0x4b90, 0x4b90, 0x4b90, 0x4b90, 0x4b90, 0x4b90, 0x4b90, 0x4b90, 0x4b90, 0x4b90, 0x4b90, 0x4b90, 0x4b90, 0x4b90, 0x4b90, 
	0x4b90, 0x4b90, 0x4b90, 0x4b90, 0x4b90, 0x4b90, 0x4b90, 0x4b90, 0x4b90, 0x4b90, 0x4b90, 0x4b90, 0x4b90, 0x538f, 0x7bef, 0x0000, 
	0x7bef, 0x5390, 0x4b90, 0x4b90, 0x4b90, 0x4b90, 0x4b90, 0x4b90, 0x4b90, 0x4b90, 0x4b90, 0x4b90, 0x4b90, 0x4b90, 0x4b90, 0x4b90, 
	0x4b90, 0x4b90, 0x4b90, 0x4b90, 0x4b90, 0x4b90, 0x4b90, 0x4b90, 0x4b90, 0x4b90, 0x4b90, 0x4b90, 0x4b90, 0x4b90, 0x4b90, 0x4b90, 
	0x4b90, 0x4b90, 0x4b90, 0x4b90, 0x4b90, 0x4b90, 0x4b90, 0x4b90, 0x4b90, 0x4b90, 0x4b90, 0x4b90, 0x4b90, 0x4b90, 0x4b90, 0x4b90, 
	0x4b90, 0x4b90, 0x4b90, 0x4b90, 0x4b90, 0x4b90, 0x4b90, 0x4b90, 0x4b90, 0x324a, 0x0862, 0x0000, 0x0000, 0x0000, 0x0000, 0x0000, 
	0x0000, 0x0000, 0x0000, 0x632c, 0xce59, 0xdefb, 0xdefb, 0xdefb, 0xdefb, 0xdefb, 0xdefb, 0xdefb, 0xdefb, 0xc618, 0xa534, 0xc618, 
	0xdefb, 0xdefb, 0xdefb, 0xdefb, 0xdefb, 0xdefb, 0xdefb, 0xdefb, 0xdefb, 0xdefb, 0xdefb, 0xdefb, 0xdefb, 0xdefb, 0xdefb, 0xdefb, 
	0xdefb, 0xc618, 0x4a49, 0x0862, 0x326b, 0x4b90, 0x4b90, 0x4b90, 0x4b90, 0x4b90, 0x4b90, 0x4b90, 0x4b90, 0x4b90, 0x4b90, 0x4b90, 
	0x4b90, 0x4b90, 0x4b90, 0x4b90, 0x4b90, 0x4b90, 0x4b90, 0x4b90, 0x4b90, 0x4b90, 0x4b90, 0x4b90, 0x4b90, 0x4b90, 0x4b90, 0x4b90, 
	0x4b90, 0x4b90, 0x4b90, 0x4b90, 0x4b90, 0x4b90, 0x4b90, 0x4b90, 0x4b90, 0x4b90, 0x4b90, 0x4b90, 0x4b90, 0x4b90, 0x4b90, 0x4b90, 
	0x4b90, 0x4b90, 0x4b90, 0x4b90, 0x4b90, 0x4b90, 0x4b90, 0x4b90, 0x4b90, 0x4b90, 0x4b90, 0x4b90, 0x4b90, 0x538f, 0x7bef, 0x0000, 
	0x7bcf, 0x5390, 0x4b90, 0x4b90, 0x4b90, 0x4b90, 0x4b90, 0x4b90, 0x4b90, 0x4b90, 0x4b90, 0x4b90, 0x4b90, 0x4b90, 0x4b90, 0x4b90, 
	0x4b90, 0x4b90, 0x4b90, 0x4b90, 0x4b90, 0x4b90, 0x4b90, 0x4b90, 0x4b90, 0x4b90, 0x4b90, 0x4b90, 0x4b90, 0x4b90, 0x4b90, 0x4b90, 
	0x4b90, 0x4b90, 0x4b90, 0x4b90, 0x4b90, 0x4b90, 0x4b90, 0x4b90, 0x4b90, 0x4b90, 0x4b90, 0x4b90, 0x4b90, 0x4b90, 0x4b90, 0x4b90, 
	0x4b90, 0x4b90, 0x4b90, 0x4b90, 0x4b90, 0x4b90, 0x4b90, 0x4b90, 0x4b90, 0x324a, 0x0862, 0x0041, 0x08a4, 0x08a4, 0x08a4, 0x08a4, 
	0x08a4, 0x08a4, 0x08a4, 0x4a8b, 0x8c51, 0xbdd7, 0xdedb, 0xdefb, 0xdefb, 0xdefb, 0xdefb, 0xbdd7, 0x94b2, 0x9cf3, 0xa534, 0xc618, 
	0xdefb, 0xdefb, 0xdefb, 0xdefb, 0xdefb, 0xdefb, 0xdefb, 0xdefb, 0xdefb, 0xdefb, 0xdefb, 0xdefb, 0xdefb, 0xdefb, 0xdefb, 0xdefb, 
	0xdefb, 0xc618, 0x4a49, 0x0862, 0x328b, 0x4b90, 0x4b90, 0x4b90, 0x4b90, 0x4b90, 0x4b90, 0x4b90, 0x4b90, 0x4b90, 0x4b90, 0x4b90, 
	0x4b90, 0x4b90, 0x4b90, 0x4b90, 0x4b90, 0x4b90, 0x4b90, 0x4b90, 0x4b90, 0x4b90, 0x4b90, 0x4b90, 0x4b90, 0x4b90, 0x4b90, 0x4b90, 
	0x4b90, 0x4b90, 0x4b90, 0x4b90, 0x4b90, 0x4b90, 0x4b90, 0x4b90, 0x4b90, 0x4b90, 0x4b90, 0x4b90, 0x4b90, 0x4b90, 0x4b90, 0x4b90, 
	0x4b90, 0x4b90, 0x4b90, 0x4b90, 0x4b90, 0x4b90, 0x4b90, 0x4b90, 0x4b90, 0x4b90, 0x4b90, 0x4b90, 0x4b90, 0x538f, 0x7bef, 0x0000, 
	0x7bef, 0x5390, 0x4b90, 0x4b90, 0x4b90, 0x4b90, 0x4b90, 0x4b90, 0x4b90, 0x4b90, 0x4b90, 0x4b90, 0x4b90, 0x4b90, 0x4b90, 0x4b90, 
	0x4b90, 0x4b90, 0x4b90, 0x4b90, 0x4b90, 0x4b90, 0x4b90, 0x4b90, 0x4b90, 0x4b90, 0x4b90, 0x4b90, 0x4b90, 0x4b90, 0x4b90, 0x4b90, 
	0x4b90, 0x4b90, 0x4b90, 0x4b90, 0x4b90, 0x4b90, 0x4b90, 0x4b90, 0x4b90, 0x4b90, 0x4b90, 0x4b90, 0x4b90, 0x4b90, 0x4b90, 0x4b90, 
	0x4b90, 0x4b90, 0x4b90, 0x4b90, 0x4b90, 0x4b90, 0x4b90, 0x4b90, 0x4b90, 0x324a, 0x0862, 0x08c5, 0x19ec, 0x222e, 0x222e, 0x222e, 
	0x222e, 0x222e, 0x222e, 0x1128, 0x0021, 0x6b4d, 0xce79, 0xdefb, 0xdefb, 0xdefb, 0xdefb, 0x738e, 0x0000, 0x528a, 0xa534, 0xc618, 
	0xdefb, 0xdefb, 0xdefb, 0xdefb, 0xdefb, 0xdefb, 0xdefb, 0xdefb, 0xdefb, 0xdefb, 0xdefb, 0xdefb, 0xdefb, 0xdefb, 0xdefb, 0xdefb, 
	0xdefb, 0xc618, 0x4a49, 0x0862, 0x326b, 0x4b90, 0x4b90, 0x4b90, 0x4b90, 0x4b90, 0x4b90, 0x4b90, 0x4b90, 0x4b90, 0x4b90, 0x4b90, 
	0x4b90, 0x4b90, 0x4b90, 0x4b90, 0x4b90, 0x4b90, 0x4b90, 0x4b90, 0x4b90, 0x4b90, 0x4b90, 0x4b90, 0x4b90, 0x4b90, 0x4b90, 0x4b90, 
	0x4b90, 0x4b90, 0x4b90, 0x4b90, 0x4b90, 0x4b90, 0x4b90, 0x4b90, 0x4b90, 0x4b90, 0x4b90, 0x4b90, 0x4b90, 0x4b90, 0x4b90, 0x4b90, 
	0x4b90, 0x4b90, 0x4b90, 0x4b90, 0x4b90, 0x4b90, 0x4b90, 0x4b90, 0x4b90, 0x4b90, 0x4b90, 0x4b90, 0x4b90, 0x538f, 0x7bef, 0x0000, 
	0x7bcf, 0x5390, 0x4b90, 0x4b90, 0x4b90, 0x4b90, 0x4b90, 0x4b90, 0x4b90, 0x4b90, 0x4b90, 0x4b90, 0x4b90, 0x4b90, 0x4b90, 0x4b90, 
	0x4b90, 0x4b90, 0x4b90, 0x4b90, 0x4b90, 0x4b90, 0x4b90, 0x4b90, 0x4b90, 0x4b90, 0x4b90, 0x4b90, 0x4b90, 0x4b90, 0x4b90, 0x4b90, 
	0x4b90, 0x4b90, 0x4b90, 0x4b90, 0x4b90, 0x4b90, 0x4b90, 0x4b90, 0x4b90, 0x4b90, 0x4b90, 0x4b90, 0x4b90, 0x4b90, 0x4b90, 0x4b90, 
	0x4b90, 0x4b90, 0x4b90, 0x4b90, 0x4b90, 0x4b90, 0x4b90, 0x4b90, 0x4b90, 0x324a, 0x0862, 0x08c5, 0x19ec, 0x222e, 0x222e, 0x222e, 
	0x222e, 0x222e, 0x222e, 0x118a, 0x08e6, 0x4a8b, 0x8430, 0xb596, 0xdedb, 0xdefb, 0xdefb, 0x738e, 0x0000, 0x528a, 0xa534, 0xc618, 
	0xdefb, 0xdefb, 0xdefb, 0xdefb, 0xdefb, 0xdefb, 0xdefb, 0xdefb, 0xdefb, 0xd69a, 0xce79, 0xd6ba, 0xdefb, 0xdefb, 0xdefb, 0xdefb, 
	0xdefb, 0xce79, 0x8410, 0x4a8a, 0x3a4a, 0x326b, 0x432e, 0x4b90, 0x4b90, 0x4b90, 0x4b90, 0x4b90, 0x4b90, 0x4b90, 0x4b90, 0x4b90, 
	0x4b90, 0x4b90, 0x4b90, 0x4b90, 0x4b90, 0x4b90, 0x4b90, 0x4b90, 0x4b90, 0x4b90, 0x4b90, 0x4b90, 0x4b90, 0x4b90, 0x4b90, 0x4b90, 
	0x4b90, 0x4b90, 0x4b90, 0x4b90, 0x4b90, 0x4b90, 0x4b90, 0x4b90, 0x4b90, 0x4b90, 0x4b90, 0x4b90, 0x4b90, 0x4b90, 0x4b90, 0x4b90, 
	0x4b90, 0x4b90, 0x4b90, 0x4b90, 0x4b90, 0x4b90, 0x4b90, 0x4b90, 0x4b90, 0x4b90, 0x4b90, 0x4b90, 0x4b90, 0x538f, 0x7bef, 0x0000, 
	0x7bcf, 0x5390, 0x4b90, 0x4b90, 0x4b90, 0x4b90, 0x4b90, 0x4b90, 0x4b90, 0x4b90, 0x4b90, 0x4b90, 0x4b90, 0x4b90, 0x4b90, 0x4b90, 
	0x4b90, 0x4b90, 0x4b90, 0x4b90, 0x4b90, 0x4b90, 0x4b90, 0x4b90, 0x4b90, 0x4b90, 0x4b90, 0x4b90, 0x4b90, 0x4b90, 0x4b90, 0x4b90, 
	0x4b90, 0x4b90, 0x4b90, 0x4b90, 0x4b90, 0x4b90, 0x4b90, 0x4b90, 0x4b90, 0x4b90, 0x4b90, 0x4b90, 0x4b90, 0x4b90, 0x4b90, 0x4b90, 
	0x4b90, 0x4b90, 0x4b90, 0x4b90, 0x4b90, 0x4b90, 0x4b90, 0x430e, 0x324a, 0x1966, 0x0041, 0x0883, 0x1127, 0x1149, 0x1149, 0x1149, 
	0x1149, 0x19cb, 0x1a2e, 0x222e, 0x222e, 0x1127, 0x0021, 0x6b4d, 0xd69a, 0xdefb, 0xdefb, 0x738e, 0x0000, 0x528a, 0xa534, 0xc618, 
	0xdefb, 0xdefb, 0xdefb, 0xdefb, 0xdefb, 0xdefb, 0xdefb, 0xdefb, 0xdedb, 0xbdf7, 0xad75, 0xc638, 0xdefb, 0xdefb, 0xdefb, 0xdefb, 
	0xdefb, 0xdefb, 0xdefb, 0xc618, 0x4208, 0x0862, 0x3a8c, 0x4b90, 0x4b90, 0x4b90, 0x4b90, 0x4b90, 0x4b90, 0x4b90, 0x4b90, 0x4b90, 
	0x4b90, 0x4b90, 0x4b90, 0x4b90, 0x4b90, 0x4b90, 0x4b90, 0x4b90, 0x4b90, 0x4b90, 0x4b90, 0x4b90, 0x4b90, 0x4b90, 0x4b90, 0x4b90, 
	0x4b90, 0x4b90, 0x4b90, 0x4b90, 0x4b90, 0x4b90, 0x4b90, 0x4b90, 0x4b90, 0x4b90, 0x4b90, 0x4b90, 0x4b90, 0x4b90, 0x4b90, 0x4b90, 
	0x4b90, 0x4b90, 0x4b90, 0x4b90, 0x4b90, 0x4b90, 0x4b90, 0x4b90, 0x4b90, 0x4b90, 0x4b90, 0x4b90, 0x4b90, 0x538f, 0x7bef, 0x0000, 
	0x7bcf, 0x5390, 0x4b90, 0x4b90, 0x4b90, 0x4b90, 0x4b90, 0x4b90, 0x4b90, 0x4b90, 0x4b90, 0x4b90, 0x4b90, 0x4b90, 0x4b90, 0x4b90, 
	0x4b90, 0x4b90, 0x4b90, 0x4b90, 0x4b90, 0x4b90, 0x4b90, 0x4b90, 0x4b90, 0x4b90, 0x4b90, 0x4b90, 0x4b90, 0x4b90, 0x4b90, 0x4b90, 
	0x4b90, 0x4b90, 0x4b90, 0x4b90, 0x4b90, 0x4b90, 0x4b90, 0x4b90, 0x4b90, 0x4b90, 0x4b90, 0x4b90, 0x4b90, 0x4b90, 0x4b90, 0x4b90, 
	0x4b90, 0x4b90, 0x4b90, 0x4b90, 0x4b90, 0x4b90, 0x4b90, 0x324a, 0x0882, 0x2104, 0x528a, 0x39c7, 0x0861, 0x0000, 0x0000, 0x0000, 
	0x0000, 0x1106, 0x1a0d, 0x222e, 0x222e, 0x19aa, 0x0906, 0x426a, 0x7bef, 0xad75, 0xdedb, 0x738e, 0x0000, 0x528a, 0xa534, 0xc618, 
	0xdefb, 0xdefb, 0xdefb, 0xdefb, 0xdefb, 0xdefb, 0xdefb, 0xdefb, 0xd69a, 0x9cd3, 0x6b6d, 0x9cf3, 0xce59, 0xd6ba, 0xdefb, 0xdefb, 
	0xdefb, 0xdefb, 0xdefb, 0xc618, 0x4208, 0x0862, 0x328b, 0x4b90, 0x4b90, 0x4b90, 0x4b90, 0x4b90, 0x4b90, 0x4b90, 0x4b90, 0x4b90, 
	0x4b90, 0x4b90, 0x4b90, 0x4b90, 0x4b90, 0x4b90, 0x4b90, 0x4b90, 0x4b90, 0x4b90, 0x4b90, 0x4b90, 0x4b90, 0x4b90, 0x4b90, 0x4b90, 
	0x4b90, 0x4b90, 0x4b90, 0x4b90, 0x4b90, 0x4b90, 0x4b90, 0x4b90, 0x4b90, 0x4b90, 0x4b90, 0x4b90, 0x4b90, 0x4b90, 0x4b90, 0x4b90, 
	0x4b90, 0x4b90, 0x4b90, 0x4b90, 0x4b90, 0x4b90, 0x4b90, 0x4b90, 0x4b90, 0x4b90, 0x4b90, 0x4b90, 0x4b90, 0x538f, 0x7bef, 0x0000, 
	0x7bcf, 0x5390, 0x4b90, 0x4b90, 0x4b90, 0x4b90, 0x4b90, 0x4b90, 0x4b90, 0x4b90, 0x4b90, 0x4b90, 0x4b90, 0x4b90, 0x4b90, 0x4b90, 
	0x4b90, 0x4b90, 0x4b90, 0x4b90, 0x4b90, 0x4b90, 0x4b90, 0x4b90, 0x4b90, 0x4b90, 0x4b90, 0x4b90, 0x4b90, 0x4b90, 0x4b90, 0x4b90, 
	0x4b90, 0x4b90, 0x4b90, 0x4b90, 0x4b90, 0x4b90, 0x4b90, 0x4b90, 0x4b90, 0x4b90, 0x4b90, 0x4b90, 0x4b90, 0x4b90, 0x4b90, 0x4b90, 
	0x4b90, 0x4b90, 0x4b90, 0x4b90, 0x4b90, 0x4b90, 0x4b90, 0x324a, 0x0862, 0x4a69, 0xc618, 0xad75, 0x738e, 0x630c, 0x630c, 0x630c, 
	0x630c, 0x424a, 0x1968, 0x19ab, 0x1a2e, 0x222e, 0x222e, 0x1127, 0x0020, 0x6b6d, 0xdedb, 0x738e, 0x0000, 0x528a, 0xa534, 0xc618, 
	0xdefb, 0xdefb, 0xdefb, 0xdefb, 0xdefb, 0xdefb, 0xdefb, 0xdefb, 0xc638, 0x630c, 0x1082, 0x630c, 0xad75, 0xce59, 0xdefb, 0xdefb, 
	0xdefb, 0xdefb, 0xdefb, 0xc618, 0x4208, 0x0862, 0x328b, 0x4b90, 0x4b90, 0x4b90, 0x4b90, 0x4b90, 0x4b90, 0x4b90, 0x4b90, 0x4b90, 
	0x4b90, 0x4b90, 0x4b90, 0x4b90, 0x4b90, 0x4b90, 0x4b90, 0x4b90, 0x4b90, 0x4b90, 0x4b90, 0x4b90, 0x4b90, 0x4b90, 0x4b90, 0x4b90, 
	0x4b90, 0x4b90, 0x4b90, 0x4b90, 0x4b90, 0x4b90, 0x4b90, 0x4b90, 0x4b90, 0x4b90, 0x4b90, 0x4b90, 0x4b90, 0x4b90, 0x4b90, 0x4b90, 
	0x4b90, 0x4b90, 0x4b90, 0x4b90, 0x4b90, 0x4b90, 0x4b90, 0x4b90, 0x4b90, 0x4b90, 0x4b90, 0x4b90, 0x4b90, 0x538f, 0x7bef, 0x0000, 
	0x7bcf, 0x5390, 0x4b90, 0x4b90, 0x4b90, 0x4b90, 0x4b90, 0x4b90, 0x4b90, 0x4b90, 0x4b90, 0x4b90, 0x4b90, 0x4b90, 0x4b90, 0x4b90, 
	0x4b90, 0x4b90, 0x4b90, 0x4b90, 0x4b90, 0x4b90, 0x4b90, 0x4b90, 0x4b90, 0x4b90, 0x4b90, 0x4b90, 0x4b90, 0x4b90, 0x4b90, 0x4b90, 
	0x4b90, 0x4b90, 0x4b90, 0x4b90, 0x4b90, 0x4b90, 0x4b90, 0x4b90, 0x4b90, 0x4b90, 0x4b90, 0x4b90, 0x4b90, 0x4b90, 0x4b90, 0x4b90, 
	0x4b90, 0x4b90, 0x4b90, 0x4b90, 0x4b90, 0x4b90, 0x4b90, 0x324a, 0x0862, 0x4a69, 0xc618, 0xdefb, 0xdefb, 0xdefb, 0xdefb, 0xdefb, 
	0xdefb, 0x7bef, 0x10a3, 0x1106, 0x1a0d, 0x222e, 0x222e, 0x1127, 0x0020, 0x6b6d, 0xdedb, 0x738e, 0x0000, 0x528a, 0xa534, 0xc618, 
	0xdefb, 0xdefb, 0xdefb, 0xdefb, 0xdefb, 0xdefb, 0xdefb, 0xdefb, 0xd69a, 0x9492, 0x31a6, 0x39e7, 0x8c51, 0xbdf7, 0xd6ba, 0xdefb, 
	0xdefb, 0xdefb, 0xdefb, 0xc618, 0x4208, 0x0041, 0x1966, 0x2a09, 0x432e, 0x4b90, 0x4b90, 0x4b90, 0x4b90, 0x4b90, 0x4b90, 0x4b90, 
	0x4b90, 0x4b90, 0x4b90, 0x4b90, 0x4b90, 0x4b90, 0x4b90, 0x4b90, 0x4b90, 0x4b90, 0x4b90, 0x4b90, 0x4b90, 0x4b90, 0x4b90, 0x4b90, 
	0x4b90, 0x4b90, 0x4b90, 0x4b90, 0x4b90, 0x4b90, 0x4b90, 0x4b90, 0x4b90, 0x4b90, 0x4b90, 0x4b90, 0x4b90, 0x4b90, 0x4b90, 0x4b90, 
	0x4b90, 0x4b90, 0x4b90, 0x4b90, 0x4b90, 0x4b90, 0x4b90, 0x4b90, 0x4b90, 0x4b90, 0x4b90, 0x4b90, 0x4b90, 0x538f, 0x7bef, 0x0000, 
	0x7bcf, 0x5390, 0x4b90, 0x4b90, 0x4b90, 0x4b90, 0x4b90, 0x4b90, 0x4b90, 0x4b90, 0x4b90, 0x4b90, 0x4b90, 0x4b90, 0x4b90, 0x4b90, 
	0x4b90, 0x4b90, 0x4b90, 0x4b90, 0x4b90, 0x4b90, 0x4b90, 0x4b90, 0x4b90, 0x4b90, 0x4b90, 0x4b90, 0x4b90, 0x4b90, 0x4b90, 0x4b90, 
	0x4b90, 0x4b90, 0x4b90, 0x4b90, 0x4b90, 0x4b90, 0x4b90, 0x4b90, 0x4b90, 0x4b90, 0x4b90, 0x4b90, 0x4b90, 0x4b90, 0x4b90, 0x4b90, 
	0x4b90, 0x4b90, 0x4b90, 0x4b90, 0x4b90, 0x4b90, 0x42ed, 0x2166, 0x2965, 0x8430, 0xce79, 0xdefb, 0xdefb, 0xdefb, 0xdefb, 0xdefb, 
	0xdefb, 0xad75, 0x7bcf, 0x426a, 0x1948, 0x19aa, 0x222e, 0x1127, 0x0020, 0x6b6d, 0xdedb, 0x738e, 0x0000, 0x528a, 0xa534, 0xc618, 
	0xdefb, 0xdefb, 0xdefb, 0xdefb, 0xdefb, 0xdefb, 0xdefb, 0xdefb, 0xdefb, 0xc638, 0x5aeb, 0x10a2, 0x630c, 0xad55, 0xbdd7, 0xc618, 
	0xc618, 0xc638, 0xd6ba, 0xc618, 0x4208, 0x0000, 0x0000, 0x0862, 0x3aac, 0x4b90, 0x4b90, 0x4b90, 0x4b90, 0x4b90, 0x4b90, 0x4b90, 
	0x4b90, 0x4b90, 0x4b90, 0x4b90, 0x4b90, 0x4b90, 0x4b90, 0x4b90, 0x4b90, 0x4b90, 0x4b90, 0x4b90, 0x4b90, 0x4b90, 0x4b90, 0x4b90, 
	0x4b90, 0x4b90, 0x4b90, 0x4b90, 0x4b90, 0x4b90, 0x4b90, 0x4b90, 0x4b90, 0x4b90, 0x4b90, 0x4b90, 0x4b90, 0x4b90, 0x4b90, 0x4b90, 
	0x4b90, 0x4b90, 0x4b90, 0x4b90, 0x4b90, 0x4b90, 0x4b90, 0x4b90, 0x4b90, 0x4b90, 0x4b90, 0x4b90, 0x4b90, 0x538f, 0x7bef, 0x0000, 
	0x7bcf, 0x5390, 0x4b90, 0x4b90, 0x4b90, 0x4b90, 0x4b90, 0x4b90, 0x4b90, 0x4b90, 0x4b90, 0x4b90, 0x4b90, 0x4b90, 0x4b90, 0x4b90, 
	0x4b90, 0x4b90, 0x4b90, 0x4b90, 0x4b90, 0x4b90, 0x4b90, 0x4b90, 0x4b90, 0x4b90, 0x4b90, 0x4b90, 0x4b90, 0x4b90, 0x4b90, 0x4b90, 
	0x4b90, 0x4b90, 0x4b90, 0x4b90, 0x4b90, 0x4b90, 0x4b90, 0x4b90, 0x4b90, 0x4b90, 0x4b90, 0x4b90, 0x4b90, 0x4b90, 0x4b90, 0x4b90, 
	0x4b90, 0x4b90, 0x4b90, 0x4b90, 0x4b90, 0x4b90, 0x326b, 0x0882, 0x4a69, 0xc618, 0xdefb, 0xdefb, 0xdefb, 0xdefb, 0xdefb, 0xdefb, 
	0xdefb, 0xdefb, 0xdefb, 0x7bcf, 0x1082, 0x1107, 0x1a0d, 0x1127, 0x0020, 0x6b6d, 0xa514, 0x39c7, 0x2945, 0x7bef, 0xa534, 0xc618, 
	0xdefb, 0xdefb, 0xdefb, 0xdefb, 0xdefb, 0xdefb, 0xdefb, 0xdefb, 0xdefb, 0xd69a, 0xa514, 0x6b6d, 0x5aeb, 0x5aeb, 0x8430, 0xa534, 
	0xa534, 0x9cf3, 0x8410, 0x632c, 0x29c9, 0x1127, 0x0906, 0x0882, 0x2187, 0x432e, 0x4b90, 0x4b90, 0x4b90, 0x4b90, 0x4b90, 0x4b90, 
	0x4b90, 0x4b90, 0x4b90, 0x4b90, 0x4b90, 0x4b90, 0x4b90, 0x4b90, 0x4b90, 0x4b90, 0x4b90, 0x4b90, 0x4b90, 0x4b90, 0x4b90, 0x4b90, 
	0x4b90, 0x4b90, 0x4b90, 0x4b90, 0x4b90, 0x4b90, 0x4b90, 0x4b90, 0x4b90, 0x4b90, 0x4b90, 0x4b90, 0x4b90, 0x4b90, 0x4b90, 0x4b90, 
	0x4b90, 0x4b90, 0x4b90, 0x4b90, 0x4b90, 0x4b90, 0x4b90, 0x4b90, 0x4b90, 0x4b90, 0x4b90, 0x4b90, 0x4b90, 0x538f, 0x7bef, 0x0000, 
	0x7bcf, 0x5390, 0x4b90, 0x4b90, 0x4b90, 0x4b90, 0x4b90, 0x4b90, 0x4b90, 0x4b90, 0x4b90, 0x4b90, 0x4b90, 0x4b90, 0x4b90, 0x4b90, 
	0x4b90, 0x4b90, 0x4b90, 0x4b90, 0x4b90, 0x4b90, 0x4b90, 0x4b90, 0x4b90, 0x4b90, 0x4b90, 0x4b90, 0x4b90, 0x4b90, 0x4b90, 0x4b90, 
	0x4b90, 0x4b90, 0x4b90, 0x4b90, 0x4b90, 0x4b90, 0x4b90, 0x4b90, 0x4b90, 0x4b90, 0x4b90, 0x4b90, 0x4b90, 0x4b90, 0x4b90, 0x4b90, 
	0x4b90, 0x4b90, 0x4b90, 0x4b90, 0x4b90, 0x42ed, 0x1966, 0x2966, 0x8c51, 0xd69a, 0xdefb, 0xdefb, 0xdefb, 0xdefb, 0xdefb, 0xdefb, 
	0xdefb, 0xdefb, 0xdefb, 0x7bcf, 0x1082, 0x1106, 0x1a0d, 0x1127, 0x0020, 0x6b6d, 0x6b4d, 0x0020, 0x528a, 0xa534, 0xb5b6, 0xd69a, 
	0xdefb, 0xdefb, 0xdefb, 0xdefb, 0xdefb, 0xdefb, 0xdefb, 0xdefb, 0xdefb, 0xdefb, 0xdefb, 0xc618, 0x5acb, 0x10a2, 0x632c, 0xa534, 
	0xa534, 0x9492, 0x31a6, 0x0042, 0x118a, 0x222e, 0x19ec, 0x0883, 0x0862, 0x3acc, 0x4b90, 0x4b90, 0x4b90, 0x4b90, 0x4b90, 0x4b90, 
	0x4b90, 0x4b90, 0x4b90, 0x4b90, 0x4b90, 0x4b90, 0x4b90, 0x4b90, 0x4b90, 0x4b90, 0x4b90, 0x4b90, 0x4b90, 0x4b90, 0x4b90, 0x4b90, 
	0x4b90, 0x4b90, 0x4b90, 0x4b90, 0x4b90, 0x4b90, 0x4b90, 0x4b90, 0x4b90, 0x4b90, 0x4b90, 0x4b90, 0x4b90, 0x4b90, 0x4b90, 0x4b90, 
	0x4b90, 0x4b90, 0x4b90, 0x4b90, 0x4b90, 0x4b90, 0x4b90, 0x4b90, 0x4b90, 0x4b90, 0x4b90, 0x4b90, 0x4b90, 0x538f, 0x7bef, 0x0000, 
	0x7bcf, 0x5390, 0x4b90, 0x4b90, 0x4b90, 0x4b90, 0x4b90, 0x4b90, 0x4b90, 0x4b90, 0x4b90, 0x4b90, 0x4b90, 0x4b90, 0x4b90, 0x4b90, 
	0x4b90, 0x4b90, 0x4b90, 0x4b90, 0x4b90, 0x4b90, 0x4b90, 0x4b90, 0x4b90, 0x4b90, 0x4b90, 0x4b90, 0x4b90, 0x4b90, 0x4b90, 0x4b90, 
	0x4b90, 0x4b90, 0x4b90, 0x4b90, 0x4b90, 0x4b90, 0x4b90, 0x4b90, 0x4b90, 0x4b90, 0x4b90, 0x4b90, 0x4b90, 0x4b90, 0x4b90, 0x4b90, 
	0x4b90, 0x4b90, 0x4b90, 0x4b90, 0x4b90, 0x326b, 0x0882, 0x4a49, 0xbdf7, 0xdefb, 0xdefb, 0xdefb, 0xdefb, 0xdefb, 0xdefb, 0xdefb, 
	0xdefb, 0xdefb, 0xdefb, 0x7bcf, 0x1082, 0x1106, 0x1a0d, 0x19cb, 0x08a4, 0x3186, 0x3186, 0x0000, 0x528a, 0xa534, 0xc618, 0xdefb, 
	0xdefb, 0xdefb, 0xdefb, 0xdefb, 0xdefb, 0xdefb, 0xdefb, 0xdefb, 0xdefb, 0xdefb, 0xdefb, 0xc638, 0x5acb, 0x10a2, 0x632c, 0x9cd3, 
	0x6b6d, 0x4229, 0x2188, 0x1169, 0x19ec, 0x222e, 0x19ec, 0x0883, 0x0021, 0x1945, 0x29c8, 0x432e, 0x4b90, 0x4b90, 0x4b90, 0x4b90, 
	0x4b90, 0x4b90, 0x4b90, 0x4b90, 0x4b90, 0x4b90, 0x4b90, 0x4b90, 0x4b90, 0x4b90, 0x4b90, 0x4b90, 0x4b90, 0x4b90, 0x4b90, 0x4b90, 
	0x4b90, 0x4b90, 0x4b90, 0x4b90, 0x4b90, 0x4b90, 0x4b90, 0x4b90, 0x4b90, 0x4b90, 0x4b90, 0x4b90, 0x4b90, 0x4b90, 0x4b90, 0x4b90, 
	0x4b90, 0x4b90, 0x4b90, 0x4b90, 0x4b90, 0x4b90, 0x4b90, 0x4b90, 0x4b90, 0x4b90, 0x4b90, 0x4b90, 0x4b90, 0x538f, 0x7bef, 0x0000, 
	0x7bcf, 0x5390, 0x4b90, 0x4b90, 0x4b90, 0x4b90, 0x4b90, 0x4b90, 0x4b90, 0x4b90, 0x4b90, 0x4b90, 0x4b90, 0x4b90, 0x4b90, 0x4b90, 
	0x4b90, 0x4b90, 0x4b90, 0x4b90, 0x4b90, 0x4b90, 0x4b90, 0x4b90, 0x4b90, 0x4b90, 0x4b90, 0x4b90, 0x4b90, 0x4b90, 0x4b90, 0x4b90, 
	0x4b90, 0x4b90, 0x4b90, 0x4b90, 0x4b90, 0x4b90, 0x4b90, 0x4b90, 0x4b90, 0x4b90, 0x4b90, 0x4b90, 0x4b90, 0x4b90, 0x4b90, 0x4b90, 
	0x4b90, 0x4b90, 0x4b90, 0x4b90, 0x42ed, 0x1946, 0x2966, 0x8c71, 0xd69a, 0xdefb, 0xdefb, 0xdefb, 0xdefb, 0xdefb, 0xdefb, 0xdefb, 
	0xdefb, 0xdefb, 0xdefb, 0xb596, 0x8430, 0x4a8b, 0x1127, 0x198a, 0x1107, 0x0020, 0x0000, 0x0000, 0x528a, 0xa534, 0xc618, 0xdefb, 
	0xdefb, 0xdefb, 0xdefb, 0xdefb, 0xdefb, 0xdefb, 0xdefb, 0xdefb, 0xdefb, 0xdefb, 0xdefb, 0xc638, 0x5acb, 0x10a2, 0x632c, 0x9492, 
	0x39e7, 0x0042, 0x118a, 0x222e, 0x222e, 0x222e, 0x19ec, 0x0883, 0x0000, 0x0000, 0x0862, 0x42ed, 0x4b90, 0x4b90, 0x4b90, 0x4b90, 
	0x4b90, 0x4b90, 0x4b90, 0x4b90, 0x4b90, 0x4b90, 0x4b90, 0x4b90, 0x4b90, 0x4b90, 0x4b90, 0x4b90, 0x4b90, 0x4b90, 0x4b90, 0x4b90, 
	0x4b90, 0x4b90, 0x4b90, 0x4b90, 0x4b90, 0x4b90, 0x4b90, 0x4b90, 0x4b90, 0x4b90, 0x4b90, 0x4b90, 0x4b90, 0x4b90, 0x4b90, 0x4b90, 
	0x4b90, 0x4b90, 0x4b90, 0x4b90, 0x4b90, 0x4b90, 0x4b90, 0x4b90, 0x4b90, 0x4b90, 0x4b90, 0x4b90, 0x4b90, 0x538f, 0x7bef, 0x0000, 
	0x7bcf, 0x5390, 0x4b90, 0x4b90, 0x4b90, 0x4b90, 0x4b90, 0x4b90, 0x4b90, 0x4b90, 0x4b90, 0x4b90, 0x4b90, 0x4b90, 0x4b90, 0x4b90, 
	0x4b90, 0x4b90, 0x4b90, 0x4b90, 0x4b90, 0x4b90, 0x4b90, 0x4b90, 0x4b90, 0x4b90, 0x4b90, 0x4b90, 0x4b90, 0x4b90, 0x4b90, 0x4b90, 
	0x4b90, 0x4b90, 0x4b90, 0x4b90, 0x4b90, 0x4b90, 0x4b90, 0x4b90, 0x4b90, 0x4b90, 0x4b90, 0x4b90, 0x4b90, 0x4b90, 0x4b90, 0x4b90, 
	0x4b90, 0x4b90, 0x4b90, 0x4b90, 0x328b, 0x0882, 0x4228, 0xbdf7, 0xdefb, 0xdefb, 0xdefb, 0xdefb, 0xdefb, 0xdefb, 0xdefb, 0xdefb, 
	0xdefb, 0xdefb, 0xdefb, 0xdefb, 0xdefb, 0x73ae, 0x1082, 0x1107, 0x19ab, 0x1148, 0x08a4, 0x0000, 0x528a, 0xa534, 0xc618, 0xdefb, 
	0xdefb, 0xdefb, 0xdefb, 0xdefb, 0xdefb, 0xdefb, 0xdefb, 0xdefb, 0xdefb, 0xdefb, 0xdefb, 0xc638, 0x5acb, 0x10a2, 0x5acb, 0x630c, 
	0x18e4, 0x08e6, 0x19ec, 0x222e, 0x1a0d, 0x1148, 0x1947, 0x634d, 0x8410, 0x738e, 0x18e4, 0x1966, 0x432e, 0x4b90, 0x4b90, 0x4b90, 
	0x4b90, 0x4b90, 0x4b90, 0x4b90, 0x4b90, 0x4b90, 0x4b90, 0x4b90, 0x4b90, 0x4b90, 0x4b90, 0x4b90, 0x4b90, 0x4b90, 0x4b90, 0x4b90, 
	0x4b90, 0x4b90, 0x4b90, 0x4b90, 0x4b90, 0x4b90, 0x4b90, 0x4b90, 0x4b90, 0x4b90, 0x4b90, 0x4b90, 0x4b90, 0x4b90, 0x4b90, 0x4b90, 
	0x4b90, 0x4b90, 0x4b90, 0x4b90, 0x4b90, 0x4b90, 0x4b90, 0x4b90, 0x4b90, 0x4b90, 0x4b90, 0x4b90, 0x4b90, 0x538f, 0x7bef, 0x0000, 
	0x7bcf, 0x5390, 0x4b90, 0x4b90, 0x4b90, 0x4b90, 0x4b90, 0x4b90, 0x4b90, 0x4b90, 0x4b90, 0x4b90, 0x4b90, 0x4b90, 0x4b90, 0x4b90, 
	0x4b90, 0x4b90, 0x4b90, 0x4b90, 0x4b90, 0x4b90, 0x4b90, 0x4b90, 0x4b90, 0x4b90, 0x4b90, 0x4b90, 0x4b90, 0x4b90, 0x4b90, 0x4b90, 
	0x4b90, 0x4b90, 0x4b90, 0x4b90, 0x4b90, 0x4b90, 0x4b90, 0x4b90, 0x4b90, 0x4b90, 0x4b90, 0x4b90, 0x4b90, 0x4b90, 0x4b90, 0x4b90, 
	0x4b90, 0x4b90, 0x42ed, 0x21a7, 0x3a29, 0x73cf, 0xa514, 0xd69a, 0xdefb, 0xdefb, 0xdefb, 0xdefb, 0xdefb, 0xdefb, 0xdefb, 0xdefb, 
	0xdefb, 0xdefb, 0xdefb, 0xdefb, 0xdefb, 0x73ae, 0x0861, 0x1107, 0x1a0d, 0x222e, 0x1127, 0x0000, 0x528a, 0xa534, 0xc618, 0xdefb, 
	0xdefb, 0xdefb, 0xdefb, 0xdefb, 0xdefb, 0xdefb, 0xdefb, 0xdefb, 0xdefb, 0xdefb, 0xdefb, 0xc638, 0x5acb, 0x10a2, 0x528a, 0x39e7, 
	0x0042, 0x1169, 0x222e, 0x222e, 0x19ec, 0x08a4, 0x18e3, 0xa534, 0xdefb, 0xc618, 0x2945, 0x0862, 0x430d, 0x4b90, 0x4b90, 0x4b90, 
	0x4b90, 0x4b90, 0x4b90, 0x4b90, 0x4b90, 0x4b90, 0x4b90, 0x4b90, 0x4b90, 0x4b90, 0x4b90, 0x4b90, 0x4b90, 0x4b90, 0x4b90, 0x4b90, 
	0x4b90, 0x4b90, 0x4b90, 0x4b90, 0x4b90, 0x4b90, 0x4b90, 0x4b90, 0x4b90, 0x4b90, 0x4b90, 0x4b90, 0x4b90, 0x4b90, 0x4b90, 0x4b90, 
	0x4b90, 0x4b90, 0x4b90, 0x4b90, 0x4b90, 0x4b90, 0x4b90, 0x4b90, 0x4b90, 0x4b90, 0x4b90, 0x4b90, 0x4b90, 0x538f, 0x7bef, 0x0000, 
	0x7bef, 0x5390, 0x4b90, 0x4b90, 0x4b90, 0x4b90, 0x4b90, 0x4b90, 0x4b90, 0x4b90, 0x4b90, 0x4b90, 0x4b90, 0x4b90, 0x4b90, 0x4b90, 
	0x4b90, 0x4b90, 0x4b90, 0x4b90, 0x4b90, 0x4b90, 0x4b90, 0x4b90, 0x4b90, 0x4b90, 0x4b90, 0x4b90, 0x4b90, 0x4b90, 0x4b90, 0x4b90, 
	0x4b90, 0x4b90, 0x4b90, 0x4b90, 0x4b90, 0x4b90, 0x4b90, 0x4b90, 0x4b90, 0x4b90, 0x4b90, 0x4b90, 0x4b90, 0x4b90, 0x4b90, 0x4b90, 
	0x4b90, 0x4b90, 0x3aac, 0x0882, 0x39e7, 0xbdf7, 0xdefb, 0xdefb, 0xdefb, 0xdefb, 0xdefb, 0xdefb, 0xdefb, 0xdefb, 0xdefb, 0xdefb, 
	0xdefb, 0xdefb, 0xdefb, 0xdefb, 0xdefb, 0x73ae, 0x0861, 0x1107, 0x220d, 0x118a, 0x0063, 0x3186, 0x8430, 0xa534, 0xb596, 0xbdd7, 
	0xbdf7, 0xce79, 0xdefb, 0xdefb, 0xdefb, 0xdefb, 0xdefb, 0xdefb, 0xdefb, 0xdefb, 0xdefb, 0xc638, 0x5acb, 0x10a2, 0x528a, 0x39e7, 
	0x0042, 0x1169, 0x222e, 0x222e, 0x19ec, 0x08a4, 0x18e3, 0xad55, 0xdefb, 0xd6ba, 0x8c51, 0x18e3, 0x1966, 0x434e, 0x4b90, 0x4b90, 
	0x4b90, 0x4b90, 0x4b90, 0x4b90, 0x4b90, 0x4b90, 0x4b90, 0x4b90, 0x4b90, 0x4b90, 0x4b90, 0x4b90, 0x4b90, 0x4b90, 0x4b90, 0x4b90, 
	0x4b90, 0x4b90, 0x4b90, 0x4b90, 0x4b90, 0x4b90, 0x4b90, 0x4b90, 0x4b90, 0x4b90, 0x4b90, 0x4b90, 0x4b90, 0x4b90, 0x4b90, 0x4b90, 
	0x4b90, 0x4b90, 0x4b90, 0x4b90, 0x4b90, 0x4b90, 0x4b90, 0x4b90, 0x4b90, 0x4b90, 0x4b90, 0x4b90, 0x4b90, 0x538f, 0x7bef, 0x0000, 
	0x7bcf, 0x5390, 0x4b90, 0x4b90, 0x4b90, 0x4b90, 0x4b90, 0x4b90, 0x4b90, 0x4b90, 0x4b90, 0x4b90, 0x4b90, 0x4b90, 0x4b90, 0x4b90, 
	0x4b90, 0x4b90, 0x4b90, 0x4b90, 0x4b90, 0x4b90, 0x4b90, 0x4b90, 0x4b90, 0x4b90, 0x4b90, 0x4b90, 0x4b90, 0x4b90, 0x4b90, 0x4b90, 
	0x4b90, 0x4b90, 0x4b90, 0x4b90, 0x4b90, 0x4b90, 0x4b90, 0x4b90, 0x4b90, 0x4b90, 0x4b90, 0x4b90, 0x4b90, 0x4b90, 0x4b90, 0x4b90, 
	0x4b90, 0x4b90, 0x3aac, 0x0862, 0x39e7, 0xc618, 0xdefb, 0xb596, 0x632c, 0x528a, 0x528a, 0x8430, 0xce79, 0xdefb, 0xdefb, 0xdefb, 
	0xdefb, 0xdefb, 0xdefb, 0xdefb, 0xdefb, 0x73ae, 0x0861, 0x1107, 0x220d, 0x1127, 0x0000, 0x528a, 0xa534, 0xa534, 0xa534, 0xa534, 
	0xad55, 0xc618, 0xdefb, 0xdefb, 0xdefb, 0xdefb, 0xdefb, 0xdefb, 0xdefb, 0xdefb, 0xdefb, 0xc638, 0x5acb, 0x10a2, 0x528a, 0x39e7, 
	0x0042, 0x1169, 0x222e, 0x222e, 0x19ec, 0x08a4, 0x18e3, 0xad55, 0xdefb, 0xdefb, 0xc618, 0x2124, 0x0862, 0x430e, 0x4b90, 0x4b90, 
	0x4b90, 0x4b90, 0x4b90, 0x4b90, 0x4b90, 0x4b90, 0x4b90, 0x4b90, 0x4b90, 0x4b90, 0x4b90, 0x4b90, 0x4b90, 0x4b90, 0x4b90, 0x4b90, 
	0x4b90, 0x4b90, 0x4b90, 0x4b90, 0x4b90, 0x4b90, 0x4b90, 0x4b90, 0x4b90, 0x4b90, 0x4b90, 0x4b90, 0x4b90, 0x4b90, 0x4b90, 0x4b90, 
	0x4b90, 0x4b90, 0x4b90, 0x4b90, 0x4b90, 0x4b90, 0x4b90, 0x4b90, 0x4b90, 0x4b90, 0x4b90, 0x4b90, 0x4b90, 0x538f, 0x7bef, 0x0000, 
	0x7bef, 0x5390, 0x4b90, 0x4b90, 0x4b90, 0x4b90, 0x4b90, 0x4b90, 0x4b90, 0x4b90, 0x4b90, 0x4b90, 0x4b90, 0x4b90, 0x4b90, 0x4b90, 
	0x4b90, 0x4b90, 0x4b90, 0x4b90, 0x4b90, 0x4b90, 0x4b90, 0x4b90, 0x4b90, 0x4b90, 0x4b90, 0x4b90, 0x4b90, 0x4b90, 0x4b90, 0x4b90, 
	0x4b90, 0x4b90, 0x4b90, 0x4b90, 0x4b90, 0x4b90, 0x4b90, 0x4b90, 0x4b90, 0x4b90, 0x4b90, 0x4b90, 0x4b90, 0x4b90, 0x4b90, 0x4b90, 
	0x4b90, 0x4b90, 0x3aac, 0x0862, 0x39e7, 0xc618, 0xdefb, 0x94b2, 0x2104, 0x0020, 0x0020, 0x52aa, 0xc618, 0xdefb, 0xdefb, 0xdefb, 
	0xdefb, 0xdefb, 0xdefb, 0xdefb, 0xdefb, 0x73ae, 0x0861, 0x1107, 0x220d, 0x1127, 0x0000, 0x528a, 0xa534, 0xa534, 0xa534, 0x6b6d, 
	0x39c7, 0x4208, 0x4a69, 0x4a69, 0x4a69, 0x4a69, 0x5acb, 0x9cf3, 0xdefb, 0xdefb, 0xdefb, 0xc638, 0x5acb, 0x0020, 0x18e3, 0x18c4, 
	0x1107, 0x19ed, 0x1a0d, 0x1128, 0x1946, 0x6b6e, 0x9cd3, 0xce79, 0xdefb, 0xdefb, 0xd6ba, 0x9492, 0x18c3, 0x1946, 0x434f, 0x4b90, 
	0x4b90, 0x4b90, 0x4b90, 0x4b90, 0x4b90, 0x4b90, 0x4b90, 0x4b90, 0x4b90, 0x4b90, 0x4b90, 0x4b90, 0x4b90, 0x4b90, 0x4b90, 0x4b90, 
	0x4b90, 0x4b90, 0x4b90, 0x4b90, 0x4b90, 0x4b90, 0x4b90, 0x4b90, 0x4b90, 0x4b90, 0x4b90, 0x4b90, 0x4b90, 0x4b90, 0x4b90, 0x4b90, 
	0x4b90, 0x4b90, 0x4b90, 0x4b90, 0x4b90, 0x4b90, 0x4b90, 0x4b90, 0x4b90, 0x4b90, 0x4b90, 0x4b90, 0x4b90, 0x538f, 0x7bef, 0x0000, 
	0x7bcf, 0x5390, 0x4b90, 0x4b90, 0x4b90, 0x4b90, 0x4b90, 0x4b90, 0x4b90, 0x4b90, 0x4b90, 0x4b90, 0x4b90, 0x4b90, 0x4b90, 0x4b90, 
	0x4b90, 0x4b90, 0x4b90, 0x4b90, 0x4b90, 0x4b90, 0x4b90, 0x4b90, 0x4b90, 0x4b90, 0x4b90, 0x4b90, 0x4b90, 0x4b90, 0x4b90, 0x4b90, 
	0x4b90, 0x4b90, 0x4b90, 0x4b90, 0x4b90, 0x4b90, 0x4b90, 0x4b90, 0x4b90, 0x4b90, 0x4b90, 0x4b90, 0x4b90, 0x4b90, 0x4b90, 0x4b90, 
	0x430d, 0x2166, 0x3a08, 0x8431, 0xad55, 0xad55, 0x5aeb, 0x4228, 0x39c7, 0x39c7, 0x2104, 0x2104, 0x7bcf, 0xce59, 0xdefb, 0xdefb, 
	0xdefb, 0xdefb, 0xdefb, 0xdefb, 0xdefb, 0x73ae, 0x0861, 0x1107, 0x220d, 0x1127, 0x0000, 0x18c3, 0x31a6, 0x31a6, 0x31a6, 0x18e3, 
	0x0000, 0x0000, 0x0020, 0x0020, 0x0020, 0x0020, 0x18c3, 0x7bef, 0xdefb, 0xdefb, 0xdefb, 0xc638, 0x5acb, 0x0000, 0x0000, 0x0042, 
	0x1169, 0x222e, 0x19ec, 0x08a4, 0x18e3, 0x9cf3, 0xdedb, 0xdefb, 0xdefb, 0xdefb, 0xdefb, 0xc638, 0x2104, 0x0861, 0x432e, 0x4b90, 
	0x4b90, 0x4b90, 0x4b90, 0x4b90, 0x4b90, 0x4b90, 0x4b90, 0x4b90, 0x4b90, 0x4b90, 0x4b90, 0x4b90, 0x4b90, 0x4b90, 0x4b90, 0x4b90, 
	0x4b90, 0x4b90, 0x4b90, 0x4b90, 0x4b90, 0x4b90, 0x4b90, 0x4b90, 0x4b90, 0x4b90, 0x4b90, 0x4b90, 0x4b90, 0x4b90, 0x4b90, 0x4b90, 
	0x4b90, 0x4b90, 0x4b90, 0x4b90, 0x4b90, 0x4b90, 0x4b90, 0x4b90, 0x4b90, 0x4b90, 0x4b90, 0x4b90, 0x4b90, 0x538f, 0x7bef, 0x0000, 
	0x7bef, 0x5390, 0x4b90, 0x4b90, 0x4b90, 0x4b90, 0x4b90, 0x4b90, 0x4b90, 0x4b90, 0x4b90, 0x4b90, 0x4b90, 0x4b90, 0x4b90, 0x4b90, 
	0x4b90, 0x4b90, 0x4b90, 0x4b90, 0x4b90, 0x4b90, 0x4b90, 0x4b90, 0x4b90, 0x4b90, 0x4b90, 0x4b90, 0x4b90, 0x4b90, 0x4b90, 0x4b90, 
	0x4b90, 0x4b90, 0x4b90, 0x4b90, 0x4b90, 0x4b90, 0x4b90, 0x4b90, 0x4b90, 0x4b90, 0x4b90, 0x4b90, 0x4b90, 0x4b90, 0x4b90, 0x4b90, 
	0x3acc, 0x0882, 0x39c7, 0xbdf7, 0xdedb, 0x9cf3, 0x2104, 0x18e3, 0x4a49, 0x528a, 0x31a6, 0x0861, 0x18e3, 0x39e7, 0x8430, 0xce79, 
	0xdefb, 0xdefb, 0xdefb, 0xdefb, 0xdefb, 0x73ae, 0x0861, 0x1107, 0x1a0e, 0x19ec, 0x118a, 0x08c5, 0x0000, 0x0000, 0x0020, 0x08c5, 
	0x118a, 0x118a, 0x118a, 0x118a, 0x118a, 0x118a, 0x1989, 0x31e9, 0x52aa, 0x9cf3, 0xdefb, 0xd6ba, 0xa514, 0x39e7, 0x0021, 0x1107, 
	0x19ed, 0x222e, 0x19ec, 0x08a4, 0x18e3, 0xa514, 0xdefb, 0xdefb, 0xdefb, 0xdefb, 0xdefb, 0xc638, 0x2104, 0x0841, 0x432e, 0x4b90, 
	0x4b90, 0x4b90, 0x4b90, 0x4b90, 0x4b90, 0x4b90, 0x4b90, 0x4b90, 0x4b90, 0x4b90, 0x4b90, 0x4b90, 0x4b90, 0x4b90, 0x4b90, 0x4b90, 
	0x4b90, 0x4b90, 0x4b90, 0x4b90, 0x4b90, 0x4b90, 0x4b90, 0x4b90, 0x4b90, 0x4b90, 0x4b90, 0x4b90, 0x4b90, 0x4b90, 0x4b90, 0x4b90, 
	0x4b90, 0x4b90, 0x4b90, 0x4b90, 0x4b90, 0x4b90, 0x4b90, 0x4b90, 0x4b90, 0x4b90, 0x4b90, 0x4b90, 0x4b90, 0x538f, 0x7bef, 0x0000, 
	0x7bcf, 0x5390, 0x4b90, 0x4b90, 0x4b90, 0x4b90, 0x4b90, 0x4b90, 0x4b90, 0x4b90, 0x4b90, 0x4b90, 0x4b90, 0x4b90, 0x4b90, 0x4b90, 
	0x4b90, 0x4b90, 0x4b90, 0x4b90, 0x4b90, 0x4b90, 0x4b90, 0x4b90, 0x4b90, 0x4b90, 0x4b90, 0x4b90, 0x4b90, 0x4b90, 0x4b90, 0x4b90, 
	0x4b90, 0x4b90, 0x4b90, 0x4b90, 0x4b90, 0x4b90, 0x4b90, 0x4b90, 0x4b90, 0x4b90, 0x4b90, 0x4b90, 0x4b90, 0x4b90, 0x4b90, 0x4b90, 
	0x3acc, 0x0862, 0x39c7, 0x94b2, 0x52aa, 0x4208, 0x39e7, 0x4208, 0x528a, 0x52aa, 0x4a49, 0x39e7, 0x2124, 0x0841, 0x5aeb, 0xc638, 
	0xdefb, 0xdefb, 0xdefb, 0xdefb, 0xdefb, 0x73ae, 0x0861, 0x1107, 0x1a0d, 0x222e, 0x222e, 0x19ec, 0x198a, 0x198a, 0x118a, 0x19ec, 
	0x222e, 0x1a2e, 0x222e, 0x1a2e, 0x1a2e, 0x1a2e, 0x1a0d, 0x1106, 0x18c3, 0x7bef, 0xdefb, 0xdefb, 0xc618, 0x52aa, 0x0041, 0x1169, 
	0x222e, 0x222e, 0x19ec, 0x08a4, 0x18e3, 0xa514, 0xdefb, 0xdefb, 0xdefb, 0xdefb, 0xdefb, 0xc638, 0x2104, 0x0841, 0x432e, 0x4b90, 
	0x4b90, 0x4b90, 0x4b90, 0x4b90, 0x4b90, 0x4b90, 0x4b90, 0x4b90, 0x4b90, 0x4b90, 0x4b90, 0x4b90, 0x4b90, 0x4b90, 0x4b90, 0x4b90, 
	0x4b90, 0x4b90, 0x4b90, 0x4b90, 0x4b90, 0x4b90, 0x4b90, 0x4b90, 0x4b90, 0x4b90, 0x4b90, 0x4b90, 0x4b90, 0x4b90, 0x4b90, 0x4b90, 
	0x4b90, 0x4b90, 0x4b90, 0x4b90, 0x4b90, 0x4b90, 0x4b90, 0x4b90, 0x4b90, 0x4b90, 0x4b90, 0x4b90, 0x4b90, 0x538f, 0x7bef, 0x0000, 
	0x7bef, 0x538f, 0x4b90, 0x4b90, 0x4b90, 0x4b90, 0x4b90, 0x4b90, 0x4b90, 0x4b90, 0x4b90, 0x4b90, 0x4b90, 0x4b90, 0x4b90, 0x4b90, 
	0x4b90, 0x4b90, 0x4b90, 0x4b90, 0x4b90, 0x4b90, 0x4b90, 0x4b90, 0x4b90, 0x4b90, 0x4b90, 0x4b90, 0x4b90, 0x4b90, 0x4b90, 0x4b90, 
	0x4b90, 0x4b90, 0x4b90, 0x4b90, 0x4b90, 0x4b90, 0x4b90, 0x4b90, 0x4b90, 0x4b90, 0x4b90, 0x4b90, 0x4b90, 0x4b90, 0x4b90, 0x4b90, 
	0x3acc, 0x0862, 0x39c7, 0x8430, 0x2104, 0x18e3, 0x4a49, 0x528a, 0x52aa, 0x52aa, 0x528a, 0x528a, 0x3186, 0x0841, 0x5aeb, 0xc638, 
	0xdefb, 0xdefb, 0xdefb, 0xdefb, 0xdefb, 0x73ae, 0x0861, 0x1107, 0x1a2e, 0x1a4e, 0x222e, 0x1a2e, 0x222e, 0x222e, 0x222e, 0x222e, 
	0x222e, 0x222e, 0x1a4e, 0x1a4e, 0x1a2e, 0x1a2e, 0x1a2e, 0x19ec, 0x19aa, 0x29c8, 0x528a, 0x9cf3, 0xc618, 0x5acb, 0x0042, 0x1169, 
	0x1a0d, 0x1127, 0x1926, 0x73af, 0xad55, 0xce79, 0xdefb, 0xdefb, 0xdefb, 0xdefb, 0xdefb, 0xc638, 0x2104, 0x0841, 0x432e, 0x4b90, 
	0x4b90, 0x4b90, 0x4b90, 0x4b90, 0x4b90, 0x4b90, 0x4b90, 0x4b90, 0x4b90, 0x4b90, 0x4b90, 0x4b90, 0x4b90, 0x4b90, 0x4b90, 0x4b90, 
	0x4b90, 0x4b90, 0x4b90, 0x4b90, 0x4b90, 0x4b90, 0x4b90, 0x4b90, 0x4b90, 0x4b90, 0x4b90, 0x4b90, 0x4b90, 0x4b90, 0x4b90, 0x4b90, 
	0x4b90, 0x4b90, 0x4b90, 0x4b90, 0x4b90, 0x4b90, 0x4b90, 0x4b90, 0x4b90, 0x4b90, 0x4b90, 0x4b90, 0x4b90, 0x538f, 0x7bef, 0x0000, 
	0x7bcf, 0x5390, 0x4b90, 0x4b90, 0x4b90, 0x4b90, 0x4b90, 0x4b90, 0x4b90, 0x4b90, 0x4b90, 0x4b90, 0x4b90, 0x4b90, 0x4b90, 0x4b90, 
	0x4b90, 0x4b90, 0x4b90, 0x4b90, 0x4b90, 0x4b90, 0x4b90, 0x4b90, 0x4b90, 0x4b90, 0x4b90, 0x4b90, 0x4b90, 0x4b90, 0x4b90, 0x4b90, 
	0x4b90, 0x4b90, 0x4b90, 0x4b90, 0x4b90, 0x4b90, 0x4b90, 0x4b90, 0x4b90, 0x4b90, 0x4b90, 0x4b90, 0x4b90, 0x4b90, 0x4b90, 0x4b90, 
	0x4b4f, 0x3209, 0x10c3, 0x31a6, 0x39e7, 0x4228, 0x528a, 0x52aa, 0x52aa, 0x52aa, 0x52aa, 0x52aa, 0x3186, 0x0841, 0x5aeb, 0xc638, 
	0xdefb, 0xdefb, 0xdefb, 0xdefb, 0xdefb, 0x73ae, 0x0861, 0x1107, 0x1a2d, 0x222e, 0x222e, 0x222e, 0x1169, 0x0884, 0x0884, 0x0884, 
	0x0884, 0x08a4, 0x1169, 0x222e, 0x222e, 0x222e, 0x222e, 0x222e, 0x19ed, 0x1106, 0x18e3, 0x8430, 0xc618, 0x5acb, 0x0042, 0x1169, 
	0x19ec, 0x08c5, 0x18e4, 0x94b2, 0xdefb, 0xdefb, 0xdefb, 0xdefb, 0xdefb, 0xdefb, 0xdefb, 0xc638, 0x2104, 0x0841, 0x432e, 0x4b90, 
	0x4b90, 0x4b90, 0x4b90, 0x4b90, 0x4b90, 0x4b90, 0x4b90, 0x4b90, 0x4b90, 0x4b90, 0x4b90, 0x4b90, 0x4b90, 0x4b90, 0x4b90, 0x4b90, 
	0x4b90, 0x4b90, 0x4b90, 0x4b90, 0x4b90, 0x4b90, 0x4b90, 0x4b90, 0x4b90, 0x4b90, 0x4b90, 0x4b90, 0x4b90, 0x4b90, 0x4b90, 0x4b90, 
	0x4b90, 0x4b90, 0x4b90, 0x4b90, 0x4b90, 0x4b90, 0x4b90, 0x4b90, 0x4b90, 0x4b90, 0x4b90, 0x4b90, 0x4b90, 0x538f, 0x7bef, 0x0000, 
	0x7bef, 0x538f, 0x4b90, 0x4b90, 0x4b90, 0x4b90, 0x4b90, 0x4b90, 0x4b90, 0x4b90, 0x4b90, 0x4b90, 0x4b90, 0x4b90, 0x4b90, 0x4b90, 
	0x4b90, 0x4b90, 0x4b90, 0x4b90, 0x4b90, 0x4b90, 0x4b90, 0x4b90, 0x4b90, 0x4b90, 0x4b90, 0x4b90, 0x4b90, 0x4b90, 0x4b90, 0x4b90, 
	0x4b90, 0x4b90, 0x4b90, 0x4b90, 0x4b90, 0x4b90, 0x4b90, 0x4b90, 0x4b90, 0x4b90, 0x4b90, 0x4b90, 0x4b90, 0x4b90, 0x4b90, 0x4b90, 
	0x4b90, 0x3aac, 0x0882, 0x18c3, 0x4a49, 0x528a, 0x52aa, 0x52aa, 0x39e7, 0x18e3, 0x10a2, 0x10a2, 0x0861, 0x0000, 0x10a2, 0x73ae, 
	0xce59, 0xdefb, 0xdefb, 0xdefb, 0xdefb, 0xc638, 0x5aeb, 0x0883, 0x0883, 0x0883, 0x0883, 0x0883, 0x0042, 0x0000, 0x0000, 0x0000, 
	0x0000, 0x0000, 0x0042, 0x08a4, 0x1169, 0x222e, 0x222e, 0x1a4e, 0x1a2e, 0x19ab, 0x10e5, 0x31a6, 0x8410, 0x5acb, 0x0042, 0x1169, 
	0x19ec, 0x08c5, 0x18e3, 0x9cd3, 0xdefb, 0xdefb, 0xdefb, 0xdefb, 0xdefb, 0xce79, 0x5acb, 0x39c7, 0x3a8b, 0x3aac, 0x4b6f, 0x4b90, 
	0x4b90, 0x4b90, 0x4b90, 0x4b90, 0x4b90, 0x4b90, 0x4b90, 0x4b90, 0x4b90, 0x4b90, 0x4b90, 0x4b90, 0x4b90, 0x4b90, 0x4b90, 0x4b90, 
	0x4b90, 0x4b90, 0x4b90, 0x4b90, 0x4b90, 0x4b90, 0x4b90, 0x4b90, 0x4b90, 0x4b90, 0x4b90, 0x4b90, 0x4b90, 0x4b90, 0x4b90, 0x4b90, 
	0x4b90, 0x4b90, 0x4b90, 0x4b90, 0x4b90, 0x4b90, 0x4b90, 0x4b90, 0x4b90, 0x4b90, 0x4b90, 0x4b90, 0x4b90, 0x538f, 0x7bef, 0x0000, 
	0x7bcf, 0x5390, 0x4b90, 0x4b90, 0x4b90, 0x4b90, 0x4b90, 0x4b90, 0x4b90, 0x4b90, 0x4b90, 0x4b90, 0x4b90, 0x4b90, 0x4b90, 0x4b90, 
	0x4b90, 0x4b90, 0x4b90, 0x4b90, 0x4b90, 0x4b90, 0x4b90, 0x4b90, 0x4b90, 0x4b90, 0x4b90, 0x4b90, 0x4b90, 0x4b90, 0x4b90, 0x4b90, 
	0x4b90, 0x4b90, 0x4b90, 0x4b90, 0x4b90, 0x4b90, 0x4b90, 0x4b90, 0x4b90, 0x4b90, 0x4b90, 0x4b90, 0x4b90, 0x4b90, 0x4b90, 0x4b90, 
	0x4b90, 0x4b4f, 0x2a29, 0x0882, 0x1082, 0x10a2, 0x10a2, 0x10a2, 0x0861, 0x0020, 0x0000, 0x0000, 0x0000, 0x0000, 0x0000, 0x5aeb, 
	0xc638, 0xdefb, 0xdefb, 0xdefb, 0xdefb, 0xdefb, 0x738e, 0x0861, 0x0000, 0x0000, 0x0000, 0x0000, 0x52aa, 0xad55, 0xad55, 0xad55, 
	0xad55, 0xa514, 0x528a, 0x0000, 0x0042, 0x08a4, 0x1169, 0x222e, 0x222e, 0x19ed, 0x08e6, 0x18e3, 0x6b4d, 0x5acb, 0x0042, 0x1169, 
	0x19ec, 0x08c5, 0x18e3, 0x9cd3, 0xdefb, 0xdefb, 0xdefb, 0xce59, 0x5acb, 0x2965, 0x0861, 0x0862, 0x3b0d, 0x4b6f, 0x4b90, 0x4b90, 
	0x4b90, 0x4b90, 0x4b90, 0x4b90, 0x4b90, 0x4b90, 0x4b90, 0x4b90, 0x4b90, 0x4b90, 0x4b90, 0x4b90, 0x4b90, 0x4b90, 0x4b90, 0x4b90, 
	0x4b90, 0x4b90, 0x4b90, 0x4b90, 0x4b90, 0x4b90, 0x4b90, 0x4b90, 0x4b90, 0x4b90, 0x4b90, 0x4b90, 0x4b90, 0x4b90, 0x4b90, 0x4b90, 
	0x4b90, 0x4b90, 0x4b90, 0x4b90, 0x4b90, 0x4b90, 0x4b90, 0x4b90, 0x4b90, 0x4b90, 0x4b90, 0x4b90, 0x4b90, 0x538f, 0x7bef, 0x0000, 
	0x7bef, 0x538f, 0x4b90, 0x4b90, 0x4b90, 0x4b90, 0x4b90, 0x4b90, 0x4b90, 0x4b90, 0x4b90, 0x4b90, 0x4b90, 0x4b90, 0x4b90, 0x4b90, 
	0x4b90, 0x4b90, 0x4b90, 0x4b90, 0x4b90, 0x4b90, 0x4b90, 0x4b90, 0x4b90, 0x4b90, 0x4b90, 0x4b90, 0x4b90, 0x4b90, 0x4b90, 0x4b90, 
	0x4b90, 0x4b90, 0x4b90, 0x4b90, 0x4b90, 0x4b90, 0x4b90, 0x4b90, 0x4b90, 0x4b90, 0x4b90, 0x4b90, 0x4b90, 0x4b90, 0x4b90, 0x4b90, 
	0x4b90, 0x4b90, 0x3aac, 0x0862, 0x0000, 0x0000, 0x0000, 0x0000, 0x10e4, 0x326a, 0x3aac, 0x3aac, 0x3aac, 0x21a7, 0x0841, 0x5aeb, 
	0xc638, 0xdefb, 0xdefb, 0xdefb, 0xdefb, 0x8c71, 0x2124, 0x4208, 0x7bcf, 0x94b2, 0xad75, 0xad75, 0xc638, 0xdedb, 0xdedb, 0xdedb, 
	0xdedb, 0xdedb, 0xc638, 0xa514, 0x528a, 0x0021, 0x1128, 0x222e, 0x1a2e, 0x1a2e, 0x19ec, 0x19aa, 0x2167, 0x10c3, 0x1127, 0x19cc, 
	0x0906, 0x18e4, 0x7bcf, 0xce79, 0xdefb, 0xdefb, 0xdefb, 0xc638, 0x31a6, 0x0861, 0x322a, 0x3acc, 0x4b6f, 0x4b90, 0x4b90, 0x4b90, 
	0x4b90, 0x4b90, 0x4b90, 0x4b90, 0x4b90, 0x4b90, 0x4b90, 0x4b90, 0x4b90, 0x4b90, 0x4b90, 0x4b90, 0x4b90, 0x4b90, 0x4b90, 0x4b90, 
	0x4b90, 0x4b90, 0x4b90, 0x4b90, 0x4b90, 0x4b90, 0x4b90, 0x4b90, 0x4b90, 0x4b90, 0x4b90, 0x4b90, 0x4b90, 0x4b90, 0x4b90, 0x4b90, 
	0x4b90, 0x4b90, 0x4b90, 0x4b90, 0x4b90, 0x4b90, 0x4b90, 0x4b90, 0x4b90, 0x4b90, 0x4b90, 0x4b90, 0x4b90, 0x538f, 0x7bef, 0x0000, 
	0x7bcf, 0x5390, 0x4b90, 0x4b90, 0x4b90, 0x4b90, 0x4b90, 0x4b90, 0x4b90, 0x4b90, 0x4b90, 0x4b90, 0x4b90, 0x4b90, 0x4b90, 0x4b90, 
	0x4b90, 0x4b90, 0x4b90, 0x4b90, 0x4b90, 0x4b90, 0x4b90, 0x4b90, 0x4b90, 0x4b90, 0x4b90, 0x4b90, 0x4b90, 0x4b90, 0x4b90, 0x4b90, 
	0x4b90, 0x4b90, 0x4b90, 0x4b90, 0x4b90, 0x4b90, 0x4b90, 0x4b90, 0x4b90, 0x4b90, 0x4b90, 0x4b90, 0x4b90, 0x4b90, 0x4b90, 0x4b90, 
	0x4b90, 0x4b90, 0x4b4f, 0x42ed, 0x3acc, 0x3acc, 0x3acc, 0x3acc, 0x430d, 0x4b6f, 0x4b70, 0x4b70, 0x4b6f, 0x2a09, 0x0862, 0x5aeb, 
	0xc638, 0xdefb, 0xdefb, 0xdefb, 0xdefb, 0x73ae, 0x1082, 0x4a69, 0x9cf3, 0xbdf7, 0xdedb, 0xdefb, 0xdefb, 0xdefb, 0xdefb, 0xdefb, 
	0xdefb, 0xdefb, 0xdefb, 0xdedb, 0xc638, 0xa514, 0x52cc, 0x08a4, 0x1169, 0x222e, 0x222e, 0x19ec, 0x08e6, 0x0042, 0x1169, 0x19ec, 
	0x08c5, 0x18e3, 0x94b2, 0xdefb, 0xdefb, 0xce59, 0x5aeb, 0x31a6, 0x3a6b, 0x3aed, 0x4b4f, 0x4b90, 0x4b90, 0x4b90, 0x4b90, 0x4b90, 
	0x4b90, 0x4b90, 0x4b90, 0x4b90, 0x4b90, 0x4b90, 0x4b90, 0x4b90, 0x4b90, 0x4b90, 0x4b90, 0x4b90, 0x4b90, 0x4b90, 0x4b90, 0x4b90, 
	0x4b90, 0x4b90, 0x4b90, 0x4b90, 0x4b90, 0x4b90, 0x4b90, 0x4b90, 0x4b90, 0x4b90, 0x4b90, 0x4b90, 0x4b90, 0x4b90, 0x4b90, 0x4b90, 
	0x4b90, 0x4b90, 0x4b90, 0x4b90, 0x4b90, 0x4b90, 0x4b90, 0x4b90, 0x4b90, 0x4b90, 0x4b90, 0x4b90, 0x4b90, 0x538f, 0x7bef, 0x0000, 
	0x7bef, 0x538f, 0x4b90, 0x4b90, 0x4b90, 0x4b90, 0x4b90, 0x4b90, 0x4b90, 0x4b90, 0x4b90, 0x4b90, 0x4b90, 0x4b90, 0x4b90, 0x4b90, 
	0x4b90, 0x4b90, 0x4b90, 0x4b90, 0x4b90, 0x4b90, 0x4b90, 0x4b90, 0x4b90, 0x4b90, 0x4b90, 0x4b90, 0x4b90, 0x4b90, 0x4b90, 0x4b90, 
	0x4b90, 0x4b90, 0x4b90, 0x4b90, 0x4b90, 0x4b90, 0x4b90, 0x4b90, 0x4b90, 0x4b90, 0x4b90, 0x4b90, 0x4b90, 0x4b90, 0x4b90, 0x4b90, 
	0x4b90, 0x4b90, 0x4b90, 0x4b90, 0x4b90, 0x4b70, 0x4b90, 0x4b70, 0x4b90, 0x4b90, 0x4b90, 0x4b90, 0x4b90, 0x2a09, 0x0862, 0x5aeb, 
	0xc638, 0xdefb, 0xdefb, 0x8c71, 0x39c7, 0x52aa, 0x7bef, 0xad55, 0xce79, 0xdedb, 0xdefb, 0xdefb, 0xdefb, 0xdefb, 0xdefb, 0xdefb, 
	0xdefb, 0xdefb, 0xdefb, 0xdefb, 0xdefb, 0xce59, 0x632c, 0x0041, 0x1148, 0x222e, 0x1a2e, 0x1a2e, 0x19ed, 0x19cc, 0x1a0d, 0x19ec, 
	0x08c5, 0x18e3, 0x94b2, 0xdefb, 0xdefb, 0xc618, 0x39e7, 0x0862, 0x3aac, 0x4b70, 0x4b90, 0x4b90, 0x4b90, 0x4b90, 0x4b90, 0x4b90, 
	0x4b90, 0x4b90, 0x4b90, 0x4b90, 0x4b90, 0x4b90, 0x4b90, 0x4b90, 0x4b90, 0x4b90, 0x4b90, 0x4b90, 0x4b90, 0x4b90, 0x4b90, 0x4b90, 
	0x4b90, 0x4b90, 0x4b90, 0x4b90, 0x4b90, 0x4b90, 0x4b90, 0x4b90, 0x4b90, 0x4b90, 0x4b90, 0x4b90, 0x4b90, 0x4b90, 0x4b90, 0x4b90, 
	0x4b90, 0x4b90, 0x4b90, 0x4b90, 0x4b90, 0x4b90, 0x4b90, 0x4b90, 0x4b90, 0x4b90, 0x4b90, 0x4b90, 0x4b90, 0x538f, 0x7bef, 0x0000, 
	0x7bcf, 0x5390, 0x4b90, 0x4b90, 0x4b90, 0x4b90, 0x4b90, 0x4b90, 0x4b90, 0x4b90, 0x4b90, 0x4b90, 0x4b90, 0x4b90, 0x4b90, 0x4b90, 
	0x4b90, 0x4b90, 0x4b90, 0x4b90, 0x4b90, 0x4b90, 0x4b90, 0x4b90, 0x4b90, 0x4b90, 0x4b90, 0x4b90, 0x4b90, 0x4b90, 0x4b90, 0x4b90, 
	0x4b90, 0x4b90, 0x4b90, 0x4b90, 0x4b90, 0x4b90, 0x4b90, 0x4b90, 0x4b90, 0x4b90, 0x4b90, 0x4b90, 0x4b90, 0x4b90, 0x4b90, 0x4b90, 
	0x4b90, 0x4b90, 0x4b90, 0x4b90, 0x4b90, 0x4b90, 0x4b90, 0x4b90, 0x4b90, 0x4b90, 0x4b90, 0x4b90, 0x4b90, 0x2a09, 0x0862, 0x5aeb, 
	0xc638, 0xdefb, 0xdefb, 0x7bcf, 0x10a2, 0x4a69, 0x9cd3, 0xc618, 0xdedb, 0xdefb, 0xdefb, 0xdefb, 0xdefb, 0xdefb, 0xdefb, 0xdefb, 
	0xdefb, 0xdefb, 0xdefb, 0xdefb, 0xdefb, 0xdedb, 0xce59, 0xa534, 0x52cb, 0x0884, 0x1169, 0x222e, 0x222e, 0x222e, 0x222e, 0x19ec, 
	0x08c5, 0x18e3, 0x94b2, 0xdefb, 0xdefb, 0xc618, 0x39c7, 0x0862, 0x3acc, 0x4b90, 0x4b90, 0x4b90, 0x4b90, 0x4b90, 0x4b90, 0x4b90, 
	0x4b90, 0x4b90, 0x4b90, 0x4b90, 0x4b90, 0x4b90, 0x4b90, 0x4b90, 0x4b90, 0x4b90, 0x4b90, 0x4b90, 0x4b90, 0x4b90, 0x4b90, 0x4b90, 
	0x4b90, 0x4b90, 0x4b90, 0x4b90, 0x4b90, 0x4b90, 0x4b90, 0x4b90, 0x4b90, 0x4b90, 0x4b90, 0x4b90, 0x4b90, 0x4b90, 0x4b90, 0x4b90, 
	0x4b90, 0x4b90, 0x4b90, 0x4b90, 0x4b90, 0x4b90, 0x4b90, 0x4b90, 0x4b90, 0x4b90, 0x4b90, 0x4b90, 0x4b90, 0x538f, 0x7bef, 0x0000, 
	0x7bef, 0x538f, 0x4b90, 0x4b90, 0x4b90, 0x4b90, 0x4b90, 0x4b90, 0x4b90, 0x4b90, 0x4b90, 0x4b90, 0x4b90, 0x4b90, 0x4b90, 0x4b90, 
	0x4b90, 0x4b90, 0x4b90, 0x4b90, 0x4b90, 0x4b90, 0x4b90, 0x4b90, 0x4b90, 0x4b90, 0x4b90, 0x4b90, 0x4b90, 0x4b90, 0x4b90, 0x4b90, 
	0x4b90, 0x4b90, 0x4b90, 0x4b90, 0x4b90, 0x4b90, 0x4b90, 0x4b90, 0x4b90, 0x4b90, 0x4b90, 0x4b90, 0x4b90, 0x4b90, 0x4b90, 0x4b90, 
	0x4b90, 0x4b90, 0x4b90, 0x4b90, 0x4b90, 0x4b90, 0x4b90, 0x4b90, 0x4b90, 0x4b90, 0x4b90, 0x4b90, 0x4b90, 0x4b4f, 0x29c8, 0x18c3, 
	0x738e, 0xce59, 0xdefb, 0x7bcf, 0x1082, 0x4a69, 0x9cd3, 0xc618, 0xdedb, 0xdefb, 0xdefb, 0xdefb, 0xdefb, 0xdefb, 0xdefb, 0xdefb, 
	0xdefb, 0xdefb, 0xdefb, 0xdefb, 0xdefb, 0xdefb, 0xdefb, 0xce59, 0x630c, 0x0041, 0x1148, 0x1a2e, 0x1a4e, 0x1a2e, 0x222e, 0x19ec, 
	0x08c5, 0x18e3, 0x94b2, 0xdefb, 0xdefb, 0xc618, 0x39c7, 0x0862, 0x3aac, 0x4b90, 0x4b90, 0x4b90, 0x4b90, 0x4b90, 0x4b90, 0x4b90, 
	0x4b90, 0x4b90, 0x4b90, 0x4b90, 0x4b90, 0x4b90, 0x4b90, 0x4b90, 0x4b90, 0x4b90, 0x4b90, 0x4b90, 0x4b90, 0x4b90, 0x4b90, 0x4b90, 
	0x4b90, 0x4b90, 0x4b90, 0x4b90, 0x4b90, 0x4b90, 0x4b90, 0x4b90, 0x4b90, 0x4b90, 0x4b90, 0x4b90, 0x4b90, 0x4b90, 0x4b90, 0x4b90, 
	0x4b90, 0x4b90, 0x4b90, 0x4b90, 0x4b90, 0x4b90, 0x4b90, 0x4b90, 0x4b90, 0x4b90, 0x4b90, 0x4b90, 0x4b90, 0x538f, 0x7bef, 0x0000, 
	0x7bcf, 0x5390, 0x4b90, 0x4b90, 0x4b90, 0x4b90, 0x4b90, 0x4b90, 0x4b90, 0x4b90, 0x4b90, 0x4b90, 0x4b90, 0x4b90, 0x4b90, 0x4b90, 
	0x4b90, 0x4b90, 0x4b90, 0x4b90, 0x4b90, 0x4b90, 0x4b90, 0x4b90, 0x4b90, 0x4b90, 0x4b90, 0x4b90, 0x4b90, 0x4b90, 0x4b90, 0x4b90, 
	0x4b90, 0x4b90, 0x4b90, 0x4b90, 0x4b90, 0x4b90, 0x4b90, 0x4b90, 0x4b90, 0x4b90, 0x4b90, 0x4b90, 0x4b90, 0x4b90, 0x4b90, 0x4b90, 
	0x4b90, 0x4b90, 0x4b90, 0x4b90, 0x4b90, 0x4b90, 0x4b90, 0x4b90, 0x4b90, 0x4b90, 0x4b90, 0x4b90, 0x4b90, 0x4b90, 0x2a09, 0x0862, 
	0x0861, 0x738e, 0xce59, 0x7bcf, 0x10a2, 0x4a69, 0x9cd3, 0xc618, 0xdedb, 0xdefb, 0xdefb, 0xdefb, 0xdefb, 0xdefb, 0xdefb, 0xdefb, 
	0xdefb, 0xdefb, 0xdefb, 0xdefb, 0xdefb, 0xdefb, 0xdefb, 0xdedb, 0xb5b6, 0x528a, 0x0063, 0x1169, 0x222e, 0x222e, 0x222e, 0x19ec, 
	0x08c5, 0x18e3, 0x94b2, 0xdefb, 0xdefb, 0xc618, 0x39c7, 0x0862, 0x3acc, 0x4b90, 0x4b90, 0x4b90, 0x4b90, 0x4b90, 0x4b90, 0x4b90, 
	0x4b90, 0x4b90, 0x4b90, 0x4b90, 0x4b90, 0x4b90, 0x4b90, 0x4b90, 0x4b90, 0x4b90, 0x4b90, 0x4b90, 0x4b90, 0x4b90, 0x4b90, 0x4b90, 
	0x4b90, 0x4b90, 0x4b90, 0x4b90, 0x4b90, 0x4b90, 0x4b90, 0x4b90, 0x4b90, 0x4b90, 0x4b90, 0x4b90, 0x4b90, 0x4b90, 0x4b90, 0x4b90, 
	0x4b90, 0x4b90, 0x4b90, 0x4b90, 0x4b90, 0x4b90, 0x4b90, 0x4b90, 0x4b90, 0x4b90, 0x4b90, 0x4b90, 0x4b90, 0x5390, 0x7bef, 0x0000, 
	0x7bef, 0x538f, 0x4b90, 0x4b90, 0x4b90, 0x4b90, 0x4b90, 0x4b90, 0x4b90, 0x4b90, 0x4b90, 0x4b90, 0x4b90, 0x4b90, 0x4b90, 0x4b90, 
	0x4b90, 0x4b90, 0x4b90, 0x4b90, 0x4b90, 0x4b90, 0x4b90, 0x4b90, 0x4b90, 0x4b90, 0x4b90, 0x4b90, 0x4b90, 0x4b90, 0x4b90, 0x4b90, 
	0x4b90, 0x4b90, 0x4b90, 0x4b90, 0x4b90, 0x4b90, 0x4b90, 0x4b90, 0x4b90, 0x4b90, 0x4b90, 0x4b90, 0x4b90, 0x4b90, 0x4b90, 0x4b90, 
	0x4b90, 0x4b90, 0x4b90, 0x4b90, 0x4b90, 0x4b90, 0x4b90, 0x4b90, 0x4b90, 0x4b90, 0x4b90, 0x4b90, 0x4b90, 0x4b90, 0x4b4f, 0x29c8, 
	0x0041, 0x630c, 0xce59, 0xce79, 0xbdf7, 0xce59, 0xd69a, 0xdedb, 0xdefb, 0xdefb, 0xdefb, 0xdefb, 0xdefb, 0xdefb, 0xdefb, 0xdefb, 
	0xdefb, 0xdefb, 0xdefb, 0xdefb, 0xdefb, 0xdefb, 0xdefb, 0xdefb, 0xce59, 0x632c, 0x0862, 0x1148, 0x1a2e, 0x222e, 0x222e, 0x19ec, 
	0x08c5, 0x18e3, 0x94b2, 0xdefb, 0xdefb, 0xc618, 0x39e7, 0x0862, 0x3aac, 0x4b70, 0x4b90, 0x4b90, 0x4b90, 0x4b90, 0x4b90, 0x4b90, 
	0x4b90, 0x4b90, 0x4b90, 0x4b90, 0x4b90, 0x4b90, 0x4b90, 0x4b90, 0x4b90, 0x4b90, 0x4b90, 0x4b90, 0x4b90, 0x4b90, 0x4b90, 0x4b90, 
	0x4b90, 0x4b90, 0x4b90, 0x4b90, 0x4b90, 0x4b90, 0x4b90, 0x4b90, 0x4b90, 0x4b90, 0x4b90, 0x4b90, 0x4b90, 0x4b90, 0x4b90, 0x4b90, 
	0x4b90, 0x4b90, 0x4b90, 0x4b90, 0x4b90, 0x4b90, 0x4b90, 0x4b90, 0x4b90, 0x4b90, 0x4b90, 0x4b90, 0x4b90, 0x5390, 0x7bef, 0x0000, 
	0x7bcf, 0x5390, 0x4b90, 0x4b90, 0x4b90, 0x4b90, 0x4b90, 0x4b90, 0x4b90, 0x4b90, 0x4b90, 0x4b90, 0x4b90, 0x4b90, 0x4b90, 0x4b90, 
	0x4b90, 0x4b90, 0x4b90, 0x4b90, 0x4b90, 0x4b90, 0x4b90, 0x4b90, 0x4b90, 0x4b90, 0x4b90, 0x4b90, 0x4b90, 0x4b90, 0x4b90, 0x4b90, 
	0x4b90, 0x4b90, 0x4b90, 0x4b90, 0x4b90, 0x4b90, 0x4b90, 0x4b90, 0x4b90, 0x4b90, 0x4b90, 0x4b90, 0x4b90, 0x4b90, 0x4b90, 0x4b90, 
	0x4b90, 0x4b90, 0x4b90, 0x4b90, 0x4b90, 0x4b90, 0x4b90, 0x4b90, 0x4b90, 0x4b90, 0x4b90, 0x4b90, 0x4b90, 0x4b90, 0x4b90, 0x2a09, 
	0x0861, 0x5aeb, 0xbdf7, 0xdedb, 0xdefb, 0xdefb, 0xdefb, 0xdefb, 0xdefb, 0xdefb, 0xdedb, 0xd6ba, 0xdedb, 0xdefb, 0xdefb, 0xdefb, 
	0xdefb, 0xdefb, 0xdefb, 0xdefb, 0xdefb, 0xdefb, 0xdefb, 0xdefb, 0xdedb, 0xce59, 0xa534, 0x52ab, 0x0884, 0x1169, 0x1a2e, 0x19cc, 
	0x08c5, 0x2104, 0x9cd3, 0xdefb, 0xdefb, 0xdedb, 0xad75, 0x3186, 0x10c3, 0x42ed, 0x4b90, 0x4b90, 0x4b90, 0x4b90, 0x4b90, 0x4b90, 
	0x4b90, 0x4b90, 0x4b90, 0x4b90, 0x4b90, 0x4b90, 0x4b90, 0x4b90, 0x4b90, 0x4b90, 0x4b90, 0x4b90, 0x4b90, 0x4b90, 0x4b90, 0x4b90, 
	0x4b90, 0x4b90, 0x4b90, 0x4b90, 0x4b90, 0x4b90, 0x4b90, 0x4b90, 0x4b90, 0x4b90, 0x4b90, 0x4b90, 0x4b90, 0x4b90, 0x4b90, 0x4b90, 
	0x4b90, 0x4b90, 0x4b90, 0x4b90, 0x4b90, 0x4b90, 0x4b90, 0x4b90, 0x4b90, 0x4b90, 0x4b90, 0x4b90, 0x4b90, 0x5390, 0x7bef, 0x0000, 
	0x7bef, 0x538f, 0x4b90, 0x4b90, 0x4b90, 0x4b90, 0x4b90, 0x4b90, 0x4b90, 0x4b90, 0x4b90, 0x4b90, 0x4b90, 0x4b90, 0x4b90, 0x4b90, 
	0x4b90, 0x4b90, 0x4b90, 0x4b90, 0x4b90, 0x4b90, 0x4b90, 0x4b90, 0x4b90, 0x4b90, 0x4b90, 0x4b90, 0x4b90, 0x4b90, 0x4b90, 0x4b90, 
	0x4b90, 0x4b90, 0x4b90, 0x4b90, 0x4b90, 0x4b90, 0x4b90, 0x4b90, 0x4b90, 0x4b90, 0x4b90, 0x4b90, 0x4b90, 0x4b90, 0x4b90, 0x4b90, 
	0x4b90, 0x4b90, 0x4b90, 0x4b90, 0x4b90, 0x4b90, 0x4b90, 0x4b90, 0x4b90, 0x4b90, 0x4b90, 0x4b90, 0x4b90, 0x4b90, 0x4b90, 0x2a09, 
	0x0882, 0x10a2, 0x2104, 0x7bcf, 0xce79, 0xdefb, 0xdefb, 0xdefb, 0xdedb, 0xd69a, 0x7bef, 0x2945, 0x7bcf, 0xd69a, 0xd6ba, 0xdefb, 
	0xdefb, 0xdefb, 0xdefb, 0xdefb, 0xdefb, 0xdefb, 0xdefb, 0xdefb, 0xdefb, 0xdefb, 0xc638, 0x632c, 0x0861, 0x0862, 0x0062, 0x0042, 
	0x18e4, 0x7bef, 0xd69a, 0xdefb, 0xdefb, 0xdefb, 0xc618, 0x31a6, 0x0862, 0x3acc, 0x4b90, 0x4b90, 0x4b90, 0x4b90, 0x4b90, 0x4b90, 
	0x4b90, 0x4b90, 0x4b90, 0x4b90, 0x4b90, 0x4b90, 0x4b90, 0x4b90, 0x4b90, 0x4b90, 0x4b90, 0x4b90, 0x4b90, 0x4b90, 0x4b90, 0x4b90, 
	0x4b90, 0x4b90, 0x4b90, 0x4b90, 0x4b90, 0x4b90, 0x4b90, 0x4b90, 0x4b90, 0x4b90, 0x4b90, 0x4b90, 0x4b90, 0x4b90, 0x4b90, 0x4b90, 
	0x4b90, 0x4b90, 0x4b90, 0x4b90, 0x4b90, 0x4b90, 0x4b90, 0x4b90, 0x4b90, 0x4b90, 0x4b90, 0x4b90, 0x4b90, 0x5390, 0x7bef, 0x0000, 
	0x7bcf, 0x5390, 0x4b90, 0x4b90, 0x4b90, 0x4b90, 0x4b90, 0x4b90, 0x4b90, 0x4b90, 0x4b90, 0x4b90, 0x4b90, 0x4b90, 0x4b90, 0x4b90, 
	0x4b90, 0x4b90, 0x4b90, 0x4b90, 0x4b90, 0x4b90, 0x4b90, 0x4b90, 0x4b90, 0x4b90, 0x4b90, 0x4b90, 0x4b90, 0x4b90, 0x4b90, 0x4b90, 
	0x4b90, 0x4b90, 0x4b90, 0x4b90, 0x4b90, 0x4b90, 0x4b90, 0x4b90, 0x4b90, 0x4b90, 0x4b90, 0x4b90, 0x4b90, 0x4b90, 0x4b90, 0x4b90, 
	0x4b90, 0x4b90, 0x4b90, 0x4b90, 0x4b90, 0x4b90, 0x4b90, 0x4b90, 0x4b90, 0x4b90, 0x4b90, 0x4b90, 0x4b90, 0x4b90, 0x4b90, 0x4b4e, 
	0x42ed, 0x21c8, 0x0861, 0x5aeb, 0xbdd7, 0xce79, 0xce79, 0xce79, 0x7bef, 0x2965, 0x10a2, 0x0020, 0x10a2, 0x2124, 0x7bcf, 0xce79, 
	0xd6ba, 0xdefb, 0xdefb, 0xdefb, 0xdefb, 0xdefb, 0xdefb, 0xdefb, 0xdefb, 0xdefb, 0xdedb, 0xce59, 0xa534, 0x528a, 0x0841, 0x0020, 
	0x18e3, 0x9492, 0xdefb, 0xdefb, 0xdefb, 0xdefb, 0xc618, 0x31a6, 0x0862, 0x3acc, 0x4b90, 0x4b90, 0x4b90, 0x4b90, 0x4b90, 0x4b90, 
	0x4b90, 0x4b90, 0x4b90, 0x4b90, 0x4b90, 0x4b90, 0x4b90, 0x4b90, 0x4b90, 0x4b90, 0x4b90, 0x4b90, 0x4b90, 0x4b90, 0x4b90, 0x4b90, 
	0x4b90, 0x4b90, 0x4b90, 0x4b90, 0x4b90, 0x4b90, 0x4b90, 0x4b90, 0x4b90, 0x4b90, 0x4b90, 0x4b90, 0x4b90, 0x4b90, 0x4b90, 0x4b90, 
	0x4b90, 0x4b90, 0x4b90, 0x4b90, 0x4b90, 0x4b90, 0x4b90, 0x4b90, 0x4b90, 0x4b90, 0x4b90, 0x4b90, 0x4b90, 0x5390, 0x7bef, 0x0000, 
	0x7bef, 0x538f, 0x4b90, 0x4b90, 0x4b90, 0x4b90, 0x4b90, 0x4b90, 0x4b90, 0x4b90, 0x4b90, 0x4b90, 0x4b90, 0x4b90, 0x4b90, 0x4b90, 
	0x4b90, 0x4b90, 0x4b90, 0x4b90, 0x4b90, 0x4b90, 0x4b90, 0x4b90, 0x4b90, 0x4b90, 0x4b90, 0x4b90, 0x4b90, 0x4b90, 0x4b90, 0x4b90, 
	0x4b90, 0x4b90, 0x4b90, 0x4b90, 0x4b90, 0x4b90, 0x4b90, 0x4b90, 0x4b90, 0x4b90, 0x4b90, 0x4b90, 0x4b90, 0x4b90, 0x4b90, 0x4b90, 
	0x4b90, 0x4b90, 0x4b90, 0x4b90, 0x4b90, 0x4b90, 0x4b90, 0x4b90, 0x4b90, 0x4b90, 0x4b90, 0x4b90, 0x4b90, 0x4b90, 0x4b90, 0x4b90, 
	0x4b90, 0x434e, 0x21a7, 0x10c3, 0x2104, 0x2124, 0x2124, 0x2124, 0x1082, 0x0000, 0x2104, 0x4228, 0x2124, 0x0841, 0x10a2, 0x2945, 
	0x7bcf, 0xce59, 0xd6ba, 0xdefb, 0xdefb, 0xdefb, 0xdefb, 0xdefb, 0xdefb, 0xdefb, 0xdefb, 0xdefb, 0xd6ba, 0xad55, 0x7bcf, 0x3186, 
	0x18e3, 0x9492, 0xdefb, 0xdefb, 0xdefb, 0xdefb, 0xc638, 0x4228, 0x0882, 0x3a8b, 0x4b6f, 0x4b90, 0x4b90, 0x4b90, 0x4b90, 0x4b90, 
	0x4b90, 0x4b90, 0x4b90, 0x4b90, 0x4b90, 0x4b90, 0x4b90, 0x4b90, 0x4b90, 0x4b90, 0x4b90, 0x4b90, 0x4b90, 0x4b90, 0x4b90, 0x4b90, 
	0x4b90, 0x4b90, 0x4b90, 0x4b90, 0x4b90, 0x4b90, 0x4b90, 0x4b90, 0x4b90, 0x4b90, 0x4b90, 0x4b90, 0x4b90, 0x4b90, 0x4b90, 0x4b90, 
	0x4b90, 0x4b90, 0x4b90, 0x4b90, 0x4b90, 0x4b90, 0x4b90, 0x4b90, 0x4b90, 0x4b90, 0x4b90, 0x4b90, 0x4b90, 0x5390, 0x7bef, 0x0000, 
	0x7bcf, 0x5390, 0x4b90, 0x4b90, 0x4b90, 0x4b90, 0x4b90, 0x4b90, 0x4b90, 0x4b90, 0x4b90, 0x4b90, 0x4b90, 0x4b90, 0x4b90, 0x4b90, 
	0x4b90, 0x4b90, 0x4b90, 0x4b90, 0x4b90, 0x4b90, 0x4b90, 0x4b90, 0x4b90, 0x4b90, 0x4b90, 0x4b90, 0x4b90, 0x4b90, 0x4b90, 0x4b90, 
	0x4b90, 0x4b90, 0x4b90, 0x4b90, 0x4b90, 0x4b90, 0x4b90, 0x4b90, 0x4b90, 0x4b90, 0x4b90, 0x4b90, 0x4b90, 0x4b90, 0x4b90, 0x4b90, 
	0x4b90, 0x4b90, 0x4b90, 0x4b90, 0x4b90, 0x4b90, 0x4b90, 0x4b90, 0x4b90, 0x4b90, 0x4b90, 0x4b90, 0x4b90, 0x4b90, 0x4b90, 0x4b90, 
	0x4b90, 0x4b90, 0x2a09, 0x08a3, 0x0861, 0x0861, 0x0861, 0x0861, 0x0021, 0x0000, 0x2945, 0x528a, 0x4a69, 0x4228, 0x2945, 0x0841, 
	0x18c3, 0x2965, 0x8430, 0xdefb, 0xdefb, 0xdefb, 0xdefb, 0xdefb, 0xdefb, 0xdefb, 0xdefb, 0xdefb, 0xdedb, 0xbdf7, 0x9492, 0x39e7, 
	0x18e3, 0x9492, 0xdefb, 0xdefb, 0xdefb, 0xdefb, 0xdedb, 0xad55, 0x2965, 0x10c4, 0x3aed, 0x4b90, 0x4b90, 0x4b90, 0x4b90, 0x4b90, 
	0x4b90, 0x4b90, 0x4b90, 0x4b90, 0x4b90, 0x4b90, 0x4b90, 0x4b90, 0x4b90, 0x4b90, 0x4b90, 0x4b90, 0x4b90, 0x4b90, 0x4b90, 0x4b90, 
	0x4b90, 0x4b90, 0x4b90, 0x4b90, 0x4b90, 0x4b90, 0x4b90, 0x4b90, 0x4b90, 0x4b90, 0x4b90, 0x4b90, 0x4b90, 0x4b90, 0x4b90, 0x4b90, 
	0x4b90, 0x4b90, 0x4b90, 0x4b90, 0x4b90, 0x4b90, 0x4b90, 0x4b90, 0x4b90, 0x4b90, 0x4b90, 0x4b90, 0x4b90, 0x5390, 0x7bef, 0x0000, 
	0x7bef, 0x538f, 0x4b90, 0x4b90, 0x4b90, 0x4b90, 0x4b90, 0x4b90, 0x4b90, 0x4b90, 0x4b90, 0x4b90, 0x4b90, 0x4b90, 0x4b90, 0x4b90, 
	0x4b90, 0x4b90, 0x4b90, 0x4b90, 0x4b90, 0x4b90, 0x4b90, 0x4b90, 0x4b90, 0x4b90, 0x4b90, 0x4b90, 0x4b90, 0x4b90, 0x4b90, 0x4b90, 
	0x4b90, 0x4b90, 0x4b90, 0x4b90, 0x4b90, 0x4b90, 0x4b90, 0x4b90, 0x4b90, 0x4b90, 0x4b90, 0x4b90, 0x4b90, 0x4b90, 0x4b90, 0x4b90, 
	0x4b90, 0x4b90, 0x4b90, 0x4b90, 0x4b90, 0x4b90, 0x4b90, 0x4b90, 0x4b90, 0x4b90, 0x4b90, 0x4b90, 0x4b90, 0x4b90, 0x4b90, 0x4b90, 
	0x4b90, 0x4b90, 0x434e, 0x42ed, 0x42ed, 0x42ed, 0x42ed, 0x42ed, 0x21a8, 0x0882, 0x2945, 0x4a49, 0x4a69, 0x52aa, 0x4a69, 0x4228, 
	0x2104, 0x0861, 0x738e, 0xdefb, 0xdefb, 0xdefb, 0xdefb, 0xdefb, 0xdefb, 0xdefb, 0xdefb, 0xdefb, 0xdedb, 0xbdf7, 0x9492, 0x39e7, 
	0x18e3, 0x9492, 0xdefb, 0xdefb, 0xdefb, 0xdefb, 0xdefb, 0xc618, 0x3186, 0x0862, 0x3acd, 0x4b90, 0x4b90, 0x4b90, 0x4b90, 0x4b90, 
	0x4b90, 0x4b90, 0x4b90, 0x4b90, 0x4b90, 0x4b90, 0x4b90, 0x4b90, 0x4b90, 0x4b90, 0x4b90, 0x4b90, 0x4b90, 0x4b90, 0x4b90, 0x4b90, 
	0x4b90, 0x4b90, 0x4b90, 0x4b90, 0x4b90, 0x4b90, 0x4b90, 0x4b90, 0x4b90, 0x4b90, 0x4b90, 0x4b90, 0x4b90, 0x4b90, 0x4b90, 0x4b90, 
	0x4b90, 0x4b90, 0x4b90, 0x4b90, 0x4b90, 0x4b90, 0x4b90, 0x4b90, 0x4b90, 0x4b90, 0x4b90, 0x4b90, 0x4b90, 0x5390, 0x7bef, 0x0000, 
	0x7bcf, 0x5390, 0x4b90, 0x4b90, 0x4b90, 0x4b90, 0x4b90, 0x4b90, 0x4b90, 0x4b90, 0x4b90, 0x4b90, 0x4b90, 0x4b90, 0x4b90, 0x4b90, 
	0x4b90, 0x4b90, 0x4b90, 0x4b90, 0x4b90, 0x4b90, 0x4b90, 0x4b90, 0x4b90, 0x4b90, 0x4b90, 0x4b90, 0x4b90, 0x4b90, 0x4b90, 0x4b90, 
	0x4b90, 0x4b90, 0x4b90, 0x4b90, 0x4b90, 0x4b90, 0x4b90, 0x4b90, 0x4b90, 0x4b90, 0x4b90, 0x4b90, 0x4b90, 0x4b90, 0x4b90, 0x4b90, 
	0x4b90, 0x4b90, 0x4b90, 0x4b90, 0x4b90, 0x4b90, 0x4b90, 0x4b90, 0x4b90, 0x4b90, 0x4b90, 0x4b90, 0x4b90, 0x4b90, 0x4b90, 0x4b90, 
	0x4b90, 0x4b90, 0x4b90, 0x4b90, 0x4b90, 0x4b90, 0x4b90, 0x4b90, 0x432e, 0x42ed, 0x29a7, 0x0882, 0x3186, 0x52aa, 0x52aa, 0x528a, 
	0x2945, 0x0841, 0x630c, 0xbdf7, 0xce79, 0xdefb, 0xdefb, 0xdefb, 0xdefb, 0xdefb, 0xdefb, 0xdefb, 0xdedb, 0xbdf7, 0x94b2, 0x4a69, 
	0x2965, 0x8430, 0xc618, 0xd6ba, 0xdefb, 0xdefb, 0xdefb, 0xc618, 0x3186, 0x0862, 0x3acd, 0x4b90, 0x4b90, 0x4b90, 0x4b90, 0x4b90, 
	0x4b90, 0x4b90, 0x4b90, 0x4b90, 0x4b90, 0x4b90, 0x4b90, 0x4b90, 0x4b90, 0x4b90, 0x4b90, 0x4b90, 0x4b90, 0x4b90, 0x4b90, 0x4b90, 
	0x4b90, 0x4b90, 0x4b90, 0x4b90, 0x4b90, 0x4b90, 0x4b90, 0x4b90, 0x4b90, 0x4b90, 0x4b90, 0x4b90, 0x4b90, 0x4b90, 0x4b90, 0x4b90, 
	0x4b90, 0x4b90, 0x4b90, 0x4b90, 0x4b90, 0x4b90, 0x4b90, 0x4b90, 0x4b90, 0x4b90, 0x4b90, 0x4b90, 0x4b90, 0x5390, 0x7bef, 0x0000, 
	0x7bef, 0x538f, 0x4b90, 0x4b90, 0x4b90, 0x4b90, 0x4b90, 0x4b90, 0x4b90, 0x4b90, 0x4b90, 0x4b90, 0x4b90, 0x4b90, 0x4b90, 0x4b90, 
	0x4b90, 0x4b90, 0x4b90, 0x4b90, 0x4b90, 0x4b90, 0x4b90, 0x4b90, 0x4b90, 0x4b90, 0x4b90, 0x4b90, 0x4b90, 0x4b90, 0x4b90, 0x4b90, 
	0x4b90, 0x4b90, 0x4b90, 0x4b90, 0x4b90, 0x4b90, 0x4b90, 0x4b90, 0x4b90, 0x4b90, 0x4b90, 0x4b90, 0x4b90, 0x4b90, 0x4b90, 0x4b90, 
	0x4b90, 0x4b90, 0x4b90, 0x4b90, 0x4b90, 0x4b90, 0x4b90, 0x4b90, 0x4b90, 0x4b90, 0x4b90, 0x4b90, 0x4b90, 0x4b90, 0x4b90, 0x4b90, 
	0x4b90, 0x4b90, 0x4b90, 0x4b90, 0x4b90, 0x4b90, 0x4b90, 0x4b90, 0x4b90, 0x4b90, 0x2a09, 0x08a2, 0x2965, 0x4228, 0x4a69, 0x528a, 
	0x3186, 0x0861, 0x18c3, 0x3186, 0x8430, 0xdefb, 0xdefb, 0xdefb, 0xdefb, 0xdefb, 0xdefb, 0xdefb, 0xdedb, 0xc618, 0xad55, 0x94b2, 
	0x7bef, 0x4a49, 0x39e7, 0xa534, 0xdefb, 0xdefb, 0xdefb, 0xc618, 0x3186, 0x0862, 0x3acd, 0x4b90, 0x4b90, 0x4b90, 0x4b90, 0x4b90, 
	0x4b90, 0x4b90, 0x4b90, 0x4b90, 0x4b90, 0x4b90, 0x4b90, 0x4b90, 0x4b90, 0x4b90, 0x4b90, 0x4b90, 0x4b90, 0x4b90, 0x4b90, 0x4b90, 
	0x4b90, 0x4b90, 0x4b90, 0x4b90, 0x4b90, 0x4b90, 0x4b90, 0x4b90, 0x4b90, 0x4b90, 0x4b90, 0x4b90, 0x4b90, 0x4b90, 0x4b90, 0x4b90, 
	0x4b90, 0x4b90, 0x4b90, 0x4b90, 0x4b90, 0x4b90, 0x4b90, 0x4b90, 0x4b90, 0x4b90, 0x4b90, 0x4b90, 0x4b90, 0x5390, 0x7bef, 0x0000, 
	0x7bcf, 0x5390, 0x4b90, 0x4b90, 0x4b90, 0x4b90, 0x4b90, 0x4b90, 0x4b90, 0x4b90, 0x4b90, 0x4b90, 0x4b90, 0x4b90, 0x4b90, 0x4b90, 
	0x4b90, 0x4b90, 0x4b90, 0x4b90, 0x4b90, 0x4b90, 0x4b90, 0x4b90, 0x4b90, 0x4b90, 0x4b90, 0x4b90, 0x4b90, 0x4b90, 0x4b90, 0x4b90, 
	0x4b90, 0x4b90, 0x4b90, 0x4b90, 0x4b90, 0x4b90, 0x4b90, 0x4b90, 0x4b90, 0x4b90, 0x4b90, 0x4b90, 0x4b90, 0x4b90, 0x4b90, 0x4b90, 
	0x4b90, 0x4b90, 0x4b90, 0x4b90, 0x4b90, 0x4b90, 0x4b90, 0x4b90, 0x4b90, 0x4b90, 0x4b90, 0x4b90, 0x4b90, 0x4b90, 0x4b90, 0x4b90, 
	0x4b90, 0x4b90, 0x4b90, 0x4b90, 0x4b90, 0x4b90, 0x4b90, 0x4b90, 0x4b90, 0x4b90, 0x432e, 0x42ed, 0x29a7, 0x0861, 0x2945, 0x4228, 
	0x39e7, 0x3186, 0x18c3, 0x1082, 0x73ae, 0xdefb, 0xdefb, 0xdefb, 0xdefb, 0xdefb, 0xdefb, 0xdefb, 0xdefb, 0xdedb, 0xce79, 0xbdd7, 
	0x9492, 0x39c7, 0x18e3, 0x9cd3, 0xdefb, 0xdefb, 0xdefb, 0xc618, 0x3186, 0x0862, 0x3acd, 0x4b90, 0x4b90, 0x4b90, 0x4b90, 0x4b90, 
	0x4b90, 0x4b90, 0x4b90, 0x4b90, 0x4b90, 0x4b90, 0x4b90, 0x4b90, 0x4b90, 0x4b90, 0x4b90, 0x4b90, 0x4b90, 0x4b90, 0x4b90, 0x4b90, 
	0x4b90, 0x4b90, 0x4b90, 0x4b90, 0x4b90, 0x4b90, 0x4b90, 0x4b90, 0x4b90, 0x4b90, 0x4b90, 0x4b90, 0x4b90, 0x4b90, 0x4b90, 0x4b90, 
	0x4b90, 0x4b90, 0x4b90, 0x4b90, 0x4b90, 0x4b90, 0x4b90, 0x4b90, 0x4b90, 0x4b90, 0x4b90, 0x4b90, 0x4b90, 0x5390, 0x7bef, 0x0000, 
	0x7bef, 0x4b8f, 0x4b90, 0x4b90, 0x4b90, 0x4b90, 0x4b90, 0x4b90, 0x4b90, 0x4b90, 0x4b90, 0x4b90, 0x4b90, 0x4b90, 0x4b90, 0x4b90, 
	0x4b90, 0x4b90, 0x4b90, 0x4b90, 0x4b90, 0x4b90, 0x4b90, 0x4b90, 0x4b90, 0x4b90, 0x4b90, 0x4b90, 0x4b90, 0x4b90, 0x4b90, 0x4b90, 
	0x4b90, 0x4b90, 0x4b90, 0x4b90, 0x4b90, 0x4b90, 0x4b90, 0x4b90, 0x4b90, 0x4b90, 0x4b90, 0x4b90, 0x4b90, 0x4b90, 0x4b90, 0x4b90, 
	0x4b90, 0x4b90, 0x4b90, 0x4b90, 0x4b90, 0x4b90, 0x4b90, 0x4b90, 0x4b90, 0x4b90, 0x4b90, 0x4b90, 0x4b90, 0x4b90, 0x4b90, 0x4b90, 
	0x4b90, 0x4b90, 0x4b90, 0x4b90, 0x4b90, 0x4b90, 0x4b90, 0x4b90, 0x4b90, 0x4b90, 0x4b90, 0x4b90, 0x2a29, 0x08a3, 0x0882, 0x0861, 
	0x0861, 0x0861, 0x0020, 0x1082, 0x73ae, 0xdefb, 0xdefb, 0xdefb, 0xdefb, 0xdefb, 0xdefb, 0xdefb, 0xdefb, 0xdefb, 0xdedb, 0xbdd7, 
	0x9492, 0x39c7, 0x18e3, 0x9cd3, 0xdefb, 0xdefb, 0xdefb, 0xc618, 0x3186, 0x0862, 0x3acd, 0x4b90, 0x4b90, 0x4b90, 0x4b90, 0x4b90, 
	0x4b90, 0x4b90, 0x4b90, 0x4b90, 0x4b90, 0x4b90, 0x4b90, 0x4b90, 0x4b90, 0x4b90, 0x4b90, 0x4b90, 0x4b90, 0x4b90, 0x4b90, 0x4b90, 
	0x4b90, 0x4b90, 0x4b90, 0x4b90, 0x4b90, 0x4b90, 0x4b90, 0x4b90, 0x4b90, 0x4b90, 0x4b90, 0x4b90, 0x4b90, 0x4b90, 0x4b90, 0x4b90, 
	0x4b90, 0x4b90, 0x4b90, 0x4b90, 0x4b90, 0x4b90, 0x4b90, 0x4b90, 0x4b90, 0x4b90, 0x4b90, 0x4b90, 0x4b90, 0x5390, 0x7bef, 0x0000, 
	0x7bcf, 0x5390, 0x4b90, 0x4b90, 0x4b90, 0x4b90, 0x4b90, 0x4b90, 0x4b90, 0x4b90, 0x4b90, 0x4b90, 0x4b90, 0x4b90, 0x4b90, 0x4b90, 
	0x4b90, 0x4b90, 0x4b90, 0x4b90, 0x4b90, 0x4b90, 0x4b90, 0x4b90, 0x4b90, 0x4b90, 0x4b90, 0x4b90, 0x4b90, 0x4b90, 0x4b90, 0x4b90, 
	0x4b90, 0x4b90, 0x4b90, 0x4b90, 0x4b90, 0x4b90, 0x4b90, 0x4b90, 0x4b90, 0x4b90, 0x4b90, 0x4b90, 0x4b90, 0x4b90, 0x4b90, 0x4b90, 
	0x4b90, 0x4b90, 0x4b90, 0x4b90, 0x4b90, 0x4b90, 0x4b90, 0x4b90, 0x4b90, 0x4b90, 0x4b90, 0x4b90, 0x4b90, 0x4b90, 0x4b90, 0x4b90, 
	0x4b90, 0x4b90, 0x4b90, 0x4b90, 0x4b90, 0x4b90, 0x4b90, 0x4b90, 0x4b90, 0x4b90, 0x4b90, 0x4b90, 0x432e, 0x3aed, 0x29c8, 0x10c3, 
	0x10c3, 0x10c3, 0x10a3, 0x10c3, 0x630c, 0xce59, 0xdefb, 0xdefb, 0xdefb, 0xdefb, 0xdefb, 0xdefb, 0xdefb, 0xdefb, 0xdedb, 0xbdd7, 
	0x9492, 0x39c7, 0x18e3, 0x9cd3, 0xdefb, 0xdefb, 0xdefb, 0xc618, 0x3186, 0x0862, 0x3acd, 0x4b90, 0x4b90, 0x4b90, 0x4b90, 0x4b90, 
	0x4b90, 0x4b90, 0x4b90, 0x4b90, 0x4b90, 0x4b90, 0x4b90, 0x4b90, 0x4b90, 0x4b90, 0x4b90, 0x4b90, 0x4b90, 0x4b90, 0x4b90, 0x4b90, 
	0x4b90, 0x4b90, 0x4b90, 0x4b90, 0x4b90, 0x4b90, 0x4b90, 0x4b90, 0x4b90, 0x4b90, 0x4b90, 0x4b90, 0x4b90, 0x4b90, 0x4b90, 0x4b90, 
	0x4b90, 0x4b90, 0x4b90, 0x4b90, 0x4b90, 0x4b90, 0x4b90, 0x4b90, 0x4b90, 0x4b90, 0x4b90, 0x4b90, 0x4b90, 0x5390, 0x7bef, 0x0000, 
	0x7bef, 0x4b90, 0x4b90, 0x4b90, 0x4b90, 0x4b90, 0x4b90, 0x4b90, 0x4b90, 0x4b90, 0x4b90, 0x4b90, 0x4b90, 0x4b90, 0x4b90, 0x4b90, 
	0x4b90, 0x4b90, 0x4b90, 0x4b90, 0x4b90, 0x4b90, 0x4b90, 0x4b90, 0x4b90, 0x4b90, 0x4b90, 0x4b90, 0x4b90, 0x4b90, 0x4b90, 0x4b90, 
	0x4b90, 0x4b90, 0x4b90, 0x4b90, 0x4b90, 0x4b90, 0x4b90, 0x4b90, 0x4b90, 0x4b90, 0x4b90, 0x4b90, 0x4b90, 0x4b90, 0x4b90, 0x4b90, 
	0x4b90, 0x4b90, 0x4b90, 0x4b90, 0x4b90, 0x4b90, 0x4b90, 0x4b90, 0x4b90, 0x4b90, 0x4b90, 0x4b90, 0x4b90, 0x4b90, 0x4b90, 0x4b90, 
	0x4b90, 0x4b90, 0x4b90, 0x4b90, 0x4b90, 0x4b90, 0x4b90, 0x4b90, 0x4b90, 0x4b90, 0x4b90, 0x4b90, 0x4b90, 0x4b90, 0x432e, 0x3aed, 
	0x3aed, 0x3aed, 0x3aac, 0x2166, 0x2104, 0x8c51, 0xdefb, 0xdefb, 0xdefb, 0xdefb, 0xdefb, 0xdefb, 0xdefb, 0xdefb, 0xdedb, 0xbdd7, 
	0x9492, 0x39c7, 0x18e3, 0x9cd3, 0xdefb, 0xdefb, 0xdedb, 0xa514, 0x2945, 0x10e4, 0x430d, 0x4b90, 0x4b90, 0x4b90, 0x4b90, 0x4b90, 
	0x4b90, 0x4b90, 0x4b90, 0x4b90, 0x4b90, 0x4b90, 0x4b90, 0x4b90, 0x4b90, 0x4b90, 0x4b90, 0x4b90, 0x4b90, 0x4b90, 0x4b90, 0x4b90, 
	0x4b90, 0x4b90, 0x4b90, 0x4b90, 0x4b90, 0x4b90, 0x4b90, 0x4b90, 0x4b90, 0x4b90, 0x4b90, 0x4b90, 0x4b90, 0x4b90, 0x4b90, 0x4b90, 
	0x4b90, 0x4b90, 0x4b90, 0x4b90, 0x4b90, 0x4b90, 0x4b90, 0x4b90, 0x4b90, 0x4b90, 0x4b90, 0x4b90, 0x4b90, 0x5390, 0x7bef, 0x0000, 
	0x7bcf, 0x5390, 0x4b90, 0x4b90, 0x4b90, 0x4b90, 0x4b90, 0x4b90, 0x4b90, 0x4b90, 0x4b90, 0x4b90, 0x4b90, 0x4b90, 0x4b90, 0x4b90, 
	0x4b90, 0x4b90, 0x4b90, 0x4b90, 0x4b90, 0x4b90, 0x4b90, 0x4b90, 0x4b90, 0x4b90, 0x4b90, 0x4b90, 0x4b90, 0x4b90, 0x4b90, 0x4b90, 
	0x4b90, 0x4b90, 0x4b90, 0x4b90, 0x4b90, 0x4b90, 0x4b90, 0x4b90, 0x4b90, 0x4b90, 0x4b90, 0x4b90, 0x4b90, 0x4b90, 0x4b90, 0x4b90, 
	0x4b90, 0x4b90, 0x4b90, 0x4b90, 0x4b90, 0x4b90, 0x4b90, 0x4b90, 0x4b90, 0x4b90, 0x4b90, 0x4b90, 0x4b90, 0x4b90, 0x4b90, 0x4b90, 
	0x4b90, 0x4b90, 0x4b90, 0x4b90, 0x4b90, 0x4b90, 0x4b90, 0x4b90, 0x4b90, 0x4b90, 0x4b90, 0x4b90, 0x4b90, 0x4b90, 0x4b90, 0x4b90, 
	0x4b90, 0x4b90, 0x4b4f, 0x2a09, 0x10c3, 0x5aeb, 0xc638, 0xdefb, 0xdefb, 0xdefb, 0xdefb, 0xdefb, 0xdefb, 0xdefb, 0xdedb, 0xc638, 
	0xa514, 0x630c, 0x4a69, 0xad55, 0xdedb, 0xbdd7, 0x9cd3, 0x4208, 0x10a2, 0x326a, 0x4b6f, 0x4b90, 0x4b90, 0x4b90, 0x4b90, 0x4b90, 
	0x4b90, 0x4b90, 0x4b90, 0x4b90, 0x4b90, 0x4b90, 0x4b90, 0x4b90, 0x4b90, 0x4b90, 0x4b90, 0x4b90, 0x4b90, 0x4b90, 0x4b90, 0x4b90, 
	0x4b90, 0x4b90, 0x4b90, 0x4b90, 0x4b90, 0x4b90, 0x4b90, 0x4b90, 0x4b90, 0x4b90, 0x4b90, 0x4b90, 0x4b90, 0x4b90, 0x4b90, 0x4b90, 
	0x4b90, 0x4b90, 0x4b90, 0x4b90, 0x4b90, 0x4b90, 0x4b90, 0x4b90, 0x4b90, 0x4b90, 0x4b90, 0x4b90, 0x4b90, 0x5390, 0x7bef, 0x0000, 
	0x7bcf, 0x4b90, 0x4b90, 0x4b90, 0x4b90, 0x4b90, 0x4b90, 0x4b90, 0x4b90, 0x4b90, 0x4b90, 0x4b90, 0x4b90, 0x4b90, 0x4b90, 0x4b90, 
	0x4b90, 0x4b90, 0x4b90, 0x4b90, 0x4b90, 0x4b90, 0x4b90, 0x4b90, 0x4b90, 0x4b90, 0x4b90, 0x4b90, 0x4b90, 0x4b90, 0x4b90, 0x4b90, 
	0x4b90, 0x4b90, 0x4b90, 0x4b90, 0x4b90, 0x4b90, 0x4b90, 0x4b90, 0x4b90, 0x4b90, 0x4b90, 0x4b90, 0x4b90, 0x4b90, 0x4b90, 0x4b90, 
	0x4b90, 0x4b90, 0x4b90, 0x4b90, 0x4b90, 0x4b90, 0x4b90, 0x4b90, 0x4b90, 0x4b90, 0x4b90, 0x4b90, 0x4b90, 0x4b90, 0x4b90, 0x4b90, 
	0x4b90, 0x4b90, 0x4b90, 0x4b90, 0x4b90, 0x4b90, 0x4b90, 0x4b90, 0x4b90, 0x4b90, 0x4b90, 0x4b90, 0x4b90, 0x4b90, 0x4b90, 0x4b90, 
	0x4b90, 0x4b90, 0x4b70, 0x430d, 0x2166, 0x2124, 0x8c51, 0xdefb, 0xdefb, 0xdefb, 0xdefb, 0xdefb, 0xdefb, 0xdefb, 0xdefb, 0xdedb, 
	0xd69a, 0xc618, 0xbdf7, 0xd69a, 0xc638, 0x5acb, 0x2124, 0x18e4, 0x1925, 0x42ed, 0x4b90, 0x4b90, 0x4b90, 0x4b90, 0x4b90, 0x4b90, 
	0x4b90, 0x4b90, 0x4b90, 0x4b90, 0x4b90, 0x4b90, 0x4b90, 0x4b90, 0x4b90, 0x4b90, 0x4b90, 0x4b90, 0x4b90, 0x4b90, 0x4b90, 0x4b90, 
	0x4b90, 0x4b90, 0x4b90, 0x4b90, 0x4b90, 0x4b90, 0x4b90, 0x4b90, 0x4b90, 0x4b90, 0x4b90, 0x4b90, 0x4b90, 0x4b90, 0x4b90, 0x4b90, 
	0x4b90, 0x4b90, 0x4b90, 0x4b90, 0x4b90, 0x4b90, 0x4b90, 0x4b90, 0x4b90, 0x4b90, 0x4b90, 0x4b90, 0x4b90, 0x5390, 0x7bef, 0x0000, 
	0x7bcf, 0x5390, 0x4b90, 0x4b90, 0x4b90, 0x4b90, 0x4b90, 0x4b90, 0x4b90, 0x4b90, 0x4b90, 0x4b90, 0x4b90, 0x4b90, 0x4b90, 0x4b90, 
	0x4b90, 0x4b90, 0x4b90, 0x4b90, 0x4b90, 0x4b90, 0x4b90, 0x4b90, 0x4b90, 0x4b90, 0x4b90, 0x4b90, 0x4b90, 0x4b90, 0x4b90, 0x4b90, 
	0x4b90, 0x4b90, 0x4b90, 0x4b90, 0x4b90, 0x4b90, 0x4b90, 0x4b90, 0x4b90, 0x4b90, 0x4b90, 0x4b90, 0x4b90, 0x4b90, 0x4b90, 0x4b90, 
	0x4b90, 0x4b90, 0x4b90, 0x4b90, 0x4b90, 0x4b90, 0x4b90, 0x4b90, 0x4b90, 0x4b90, 0x4b90, 0x4b90, 0x4b90, 0x4b90, 0x4b90, 0x4b90, 
	0x4b90, 0x4b90, 0x4b90, 0x4b90, 0x4b90, 0x4b90, 0x4b90, 0x4b90, 0x4b90, 0x4b90, 0x4b90, 0x4b90, 0x4b90, 0x4b90, 0x4b90, 0x4b90, 
	0x4b90, 0x4b90, 0x4b90, 0x4b4f, 0x2a09, 0x18e3, 0x5aeb, 0xc618, 0xdefb, 0xdefb, 0xdefb, 0xdefb, 0xdefb, 0xdefb, 0xd6ba, 0xbdd7, 
	0xa514, 0xa514, 0xa514, 0xa514, 0x8c92, 0x3a28, 0x1925, 0x326b, 0x42ed, 0x4b6f, 0x4b90, 0x4b90, 0x4b90, 0x4b90, 0x4b90, 0x4b90, 
	0x4b90, 0x4b90, 0x4b90, 0x4b90, 0x4b90, 0x4b90, 0x4b90, 0x4b90, 0x4b90, 0x4b90, 0x4b90, 0x4b90, 0x4b90, 0x4b90, 0x4b90, 0x4b90, 
	0x4b90, 0x4b90, 0x4b90, 0x4b90, 0x4b90, 0x4b90, 0x4b90, 0x4b90, 0x4b90, 0x4b90, 0x4b90, 0x4b90, 0x4b90, 0x4b90, 0x4b90, 0x4b90, 
	0x4b90, 0x4b90, 0x4b90, 0x4b90, 0x4b90, 0x4b90, 0x4b90, 0x4b90, 0x4b90, 0x4b90, 0x4b90, 0x4b90, 0x4b90, 0x5390, 0x7bef, 0x0000, 
	0x7bcf, 0x4b90, 0x4b90, 0x4b90, 0x4b90, 0x4b90, 0x4b90, 0x4b90, 0x4b90, 0x4b90, 0x4b90, 0x4b90, 0x4b90, 0x4b90, 0x4b90, 0x4b90, 
	0x4b90, 0x4b90, 0x4b90, 0x4b90, 0x4b90, 0x4b90, 0x4b90, 0x4b90, 0x4b90, 0x4b90, 0x4b90, 0x4b90, 0x4b90, 0x4b90, 0x4b90, 0x4b90, 
	0x4b90, 0x4b90, 0x4b90, 0x4b90, 0x4b90, 0x4b90, 0x4b90, 0x4b90, 0x4b90, 0x4b90, 0x4b90, 0x4b90, 0x4b90, 0x4b90, 0x4b90, 0x4b90, 
	0x4b90, 0x4b90, 0x4b90, 0x4b90, 0x4b90, 0x4b90, 0x4b90, 0x4b90, 0x4b90, 0x4b90, 0x4b90, 0x4b90, 0x4b90, 0x4b90, 0x4b90, 0x4b90, 
	0x4b90, 0x4b90, 0x4b90, 0x4b90, 0x4b90, 0x4b90, 0x4b90, 0x4b90, 0x4b90, 0x4b90, 0x4b90, 0x4b90, 0x4b90, 0x4b90, 0x4b90, 0x4b90, 
	0x4b90, 0x4b90, 0x4b90, 0x4b70, 0x42ed, 0x2166, 0x18e3, 0x632c, 0x9cf3, 0x9cf3, 0xa534, 0xc618, 0xd6ba, 0xb5b6, 0x8c71, 0x528a, 
	0x2124, 0x2124, 0x2124, 0x2124, 0x2965, 0x3a6b, 0x430d, 0x4b6f, 0x4b90, 0x4b90, 0x4b90, 0x4b90, 0x4b90, 0x4b90, 0x4b90, 0x4b90, 
	0x4b90, 0x4b90, 0x4b90, 0x4b90, 0x4b90, 0x4b90, 0x4b90, 0x4b90, 0x4b90, 0x4b90, 0x4b90, 0x4b90, 0x4b90, 0x4b90, 0x4b90, 0x4b90, 
	0x4b90, 0x4b90, 0x4b90, 0x4b90, 0x4b90, 0x4b90, 0x4b90, 0x4b90, 0x4b90, 0x4b90, 0x4b90, 0x4b90, 0x4b90, 0x4b90, 0x4b90, 0x4b90, 
	0x4b90, 0x4b90, 0x4b90, 0x4b90, 0x4b90, 0x4b90, 0x4b90, 0x4b90, 0x4b90, 0x4b90, 0x4b90, 0x4b90, 0x4b90, 0x5390, 0x7bef, 0x0000, 
	0x7bcf, 0x4b90, 0x4b90, 0x4b90, 0x4b90, 0x4b90, 0x4b90, 0x4b90, 0x4b90, 0x4b90, 0x4b90, 0x4b90, 0x4b90, 0x4b90, 0x4b90, 0x4b90, 
	0x4b90, 0x4b90, 0x4b90, 0x4b90, 0x4b90, 0x4b90, 0x4b90, 0x4b90, 0x4b90, 0x4b90, 0x4b90, 0x4b90, 0x4b90, 0x4b90, 0x4b90, 0x4b90, 
	0x4b90, 0x4b90, 0x4b90, 0x4b90, 0x4b90, 0x4b90, 0x4b90, 0x4b90, 0x4b90, 0x4b90, 0x4b90, 0x4b90, 0x4b90, 0x4b90, 0x4b90, 0x4b90, 
	0x4b90, 0x4b90, 0x4b90, 0x4b90, 0x4b90, 0x4b90, 0x4b90, 0x4b90, 0x4b90, 0x4b90, 0x4b90, 0x4b90, 0x4b90, 0x4b90, 0x4b90, 0x4b90, 
	0x4b90, 0x4b90, 0x4b90, 0x4b90, 0x4b90, 0x4b90, 0x4b90, 0x4b90, 0x4b90, 0x4b90, 0x4b90, 0x4b90, 0x4b90, 0x4b90, 0x4b90, 0x4b90, 
	0x4b90, 0x4b90, 0x4b90, 0x4b90, 0x4b4f, 0x322a, 0x1904, 0x1904, 0x2124, 0x2124, 0x3186, 0x6b4d, 0x8c71, 0x528a, 0x2124, 0x1904, 
	0x1104, 0x1104, 0x1104, 0x1104, 0x1966, 0x3acd, 0x4b90, 0x4b90, 0x4b90, 0x4b90, 0x4b90, 0x4b90, 0x4b90, 0x4b90, 0x4b90, 0x4b90, 
	0x4b90, 0x4b90, 0x4b90, 0x4b90, 0x4b90, 0x4b90, 0x4b90, 0x4b90, 0x4b90, 0x4b90, 0x4b90, 0x4b90, 0x4b90, 0x4b90, 0x4b90, 0x4b90, 
	0x4b90, 0x4b90, 0x4b90, 0x4b90, 0x4b90, 0x4b90, 0x4b90, 0x4b90, 0x4b90, 0x4b90, 0x4b90, 0x4b90, 0x4b90, 0x4b90, 0x4b90, 0x4b90, 
	0x4b90, 0x4b90, 0x4b90, 0x4b90, 0x4b90, 0x4b90, 0x4b90, 0x4b90, 0x4b90, 0x4b90, 0x4b90, 0x4b90, 0x4b90, 0x5390, 0x7bef, 0x0000, 
	0x7bcf, 0x4b90, 0x4b90, 0x4b90, 0x4b90, 0x4b90, 0x4b90, 0x4b90, 0x4b90, 0x4b90, 0x4b90, 0x4b90, 0x4b90, 0x4b90, 0x4b90, 0x4b90, 
	0x4b90, 0x4b90, 0x4b90, 0x4b90, 0x4b90, 0x4b90, 0x4b90, 0x4b90, 0x4b90, 0x4b90, 0x4b90, 0x4b90, 0x4b90, 0x4b90, 0x4b90, 0x4b90, 
	0x4b90, 0x4b90, 0x4b90, 0x4b90, 0x4b90, 0x4b90, 0x4b90, 0x4b90, 0x4b90, 0x4b90, 0x4b90, 0x4b90, 0x4b90, 0x4b90, 0x4b90, 0x4b90, 
	0x4b90, 0x4b90, 0x4b90, 0x4b90, 0x4b90, 0x4b90, 0x4b90, 0x4b90, 0x4b90, 0x4b90, 0x4b90, 0x4b90, 0x4b90, 0x4b90, 0x4b90, 0x4b90, 
	0x4b90, 0x4b90, 0x4b90, 0x4b90, 0x4b90, 0x4b90, 0x4b90, 0x4b90, 0x4b90, 0x4b90, 0x4b90, 0x4b90, 0x4b90, 0x4b90, 0x4b90, 0x4b90, 
	0x4b90, 0x4b90, 0x4b90, 0x4b90, 0x4b70, 0x432e, 0x3acc, 0x29e8, 0x1905, 0x1905, 0x1905, 0x1924, 0x2124, 0x1924, 0x1946, 0x324a, 
	0x42ed, 0x42ed, 0x42ed, 0x42ed, 0x430d, 0x4b4f, 0x4b90, 0x4b90, 0x4b90, 0x4b90, 0x4b90, 0x4b90, 0x4b90, 0x4b90, 0x4b90, 0x4b90, 
	0x4b90, 0x4b90, 0x4b90, 0x4b90, 0x4b90, 0x4b90, 0x4b90, 0x4b90, 0x4b90, 0x4b90, 0x4b90, 0x4b90, 0x4b90, 0x4b90, 0x4b90, 0x4b90, 
	0x4b90, 0x4b90, 0x4b90, 0x4b90, 0x4b90, 0x4b90, 0x4b90, 0x4b90, 0x4b90, 0x4b90, 0x4b90, 0x4b90, 0x4b90, 0x4b90, 0x4b90, 0x4b90, 
	0x4b90, 0x4b90, 0x4b90, 0x4b90, 0x4b90, 0x4b90, 0x4b90, 0x4b90, 0x4b90, 0x4b90, 0x4b90, 0x4b90, 0x4b90, 0x5390, 0x7bef, 0x0000, 
	0x7bcf, 0x4b90, 0x4b90, 0x4b90, 0x4b90, 0x4b90, 0x4b90, 0x4b90, 0x4b90, 0x4b90, 0x4b90, 0x4b90, 0x4b90, 0x4b90, 0x4b90, 0x4b90, 
	0x4b90, 0x4b90, 0x4b90, 0x4b90, 0x4b90, 0x4b90, 0x4b90, 0x4b90, 0x4b90, 0x4b90, 0x4b90, 0x4b90, 0x4b90, 0x4b90, 0x4b90, 0x4b90, 
	0x4b90, 0x4b90, 0x4b90, 0x4b90, 0x4b90, 0x4b90, 0x4b90, 0x4b90, 0x4b90, 0x4b90, 0x4b90, 0x4b90, 0x4b90, 0x4b90, 0x4b90, 0x4b90, 
	0x4b90, 0x4b90, 0x4b90, 0x4b90, 0x4b90, 0x4b90, 0x4b90, 0x4b90, 0x4b90, 0x4b90, 0x4b90, 0x4b90, 0x4b90, 0x4b90, 0x4b90, 0x4b90, 
	0x4b90, 0x4b90, 0x4b90, 0x4b90, 0x4b90, 0x4b90, 0x4b90, 0x4b90, 0x4b90, 0x4b90, 0x4b90, 0x4b90, 0x4b90, 0x4b90, 0x4b90, 0x4b90, 
	0x4b90, 0x4b90, 0x4b90, 0x4b90, 0x4b90, 0x4b90, 0x4b70, 0x432e, 0x42ed, 0x42ed, 0x3acc, 0x29e8, 0x1966, 0x324a, 0x430e, 0x4b4f, 
	0x4b90, 0x4b90, 0x4b90, 0x4b90, 0x4b90, 0x4b90, 0x4b90, 0x4b90, 0x4b90, 0x4b90, 0x4b90, 0x4b90, 0x4b90, 0x4b90, 0x4b90, 0x4b90, 
	0x4b90, 0x4b90, 0x4b90, 0x4b90, 0x4b90, 0x4b90, 0x4b90, 0x4b90, 0x4b90, 0x4b90, 0x4b90, 0x4b90, 0x4b90, 0x4b90, 0x4b90, 0x4b90, 
	0x4b90, 0x4b90, 0x4b90, 0x4b90, 0x4b90, 0x4b90, 0x4b90, 0x4b90, 0x4b90, 0x4b90, 0x4b90, 0x4b90, 0x4b90, 0x4b90, 0x4b90, 0x4b90, 
	0x4b90, 0x4b90, 0x4b90, 0x4b90, 0x4b90, 0x4b90, 0x4b90, 0x4b90, 0x4b90, 0x4b90, 0x4b90, 0x4b90, 0x4b90, 0x5390, 0x7bef, 0x0000, 
	0x7bcf, 0x4b90, 0x4b90, 0x4b90, 0x4b90, 0x4b90, 0x4b90, 0x4b90, 0x4b90, 0x4b90, 0x4b90, 0x4b90, 0x4b90, 0x4b90, 0x4b90, 0x4b90, 
	0x4b90, 0x4b90, 0x4b90, 0x4b90, 0x4b90, 0x4b90, 0x4b90, 0x4b90, 0x4b90, 0x4b90, 0x4b90, 0x4b90, 0x4b90, 0x4b90, 0x4b90, 0x4b90, 
	0x4b90, 0x4b90, 0x4b90, 0x4b90, 0x4b90, 0x4b90, 0x4b90, 0x4b90, 0x4b90, 0x4b90, 0x4b90, 0x4b90, 0x4b90, 0x4b90, 0x4b90, 0x4b90, 
	0x4b90, 0x4b90, 0x4b90, 0x4b90, 0x4b90, 0x4b90, 0x4b90, 0x4b90, 0x4b90, 0x4b90, 0x4b90, 0x4b90, 0x4b90, 0x4b90, 0x4b90, 0x4b90, 
	0x4b90, 0x4b90, 0x4b90, 0x4b90, 0x4b90, 0x4b90, 0x4b90, 0x4b90, 0x4b90, 0x4b90, 0x4b90, 0x4b90, 0x4b90, 0x4b90, 0x4b90, 0x4b90, 
	0x4b90, 0x4b90, 0x4b90, 0x4b90, 0x4b90, 0x4b90, 0x4b90, 0x4b90, 0x4b90, 0x4b90, 0x4b6f, 0x432e, 0x430e, 0x4b4f, 0x4b90, 0x4b90, 
	0x4b90, 0x4b90, 0x4b90, 0x4b90, 0x4b90, 0x4b90, 0x4b90, 0x4b90, 0x4b90, 0x4b90, 0x4b90, 0x4b90, 0x4b90, 0x4b90, 0x4b90, 0x4b90, 
	0x4b90, 0x4b90, 0x4b90, 0x4b90, 0x4b90, 0x4b90, 0x4b90, 0x4b90, 0x4b90, 0x4b90, 0x4b90, 0x4b90, 0x4b90, 0x4b90, 0x4b90, 0x4b90, 
	0x4b90, 0x4b90, 0x4b90, 0x4b90, 0x4b90, 0x4b90, 0x4b90, 0x4b90, 0x4b90, 0x4b90, 0x4b90, 0x4b90, 0x4b90, 0x4b90, 0x4b90, 0x4b90, 
	0x4b90, 0x4b90, 0x4b90, 0x4b90, 0x4b90, 0x4b90, 0x4b90, 0x4b90, 0x4b90, 0x4b90, 0x4b90, 0x4b90, 0x4b90, 0x5390, 0x7bef, 0x0000, 
	0x7bcf, 0x4b90, 0x4b90, 0x4b90, 0x4b90, 0x4b90, 0x4b90, 0x4b90, 0x4b90, 0x4b90, 0x4b90, 0x4b90, 0x4b90, 0x4b90, 0x4b90, 0x4b90, 
	0x4b90, 0x4b90, 0x4b90, 0x4b90, 0x4b90, 0x4b90, 0x4b90, 0x4b90, 0x4b90, 0x4b90, 0x4b90, 0x4b90, 0x4b90, 0x4b90, 0x4b90, 0x4b90, 
	0x4b90, 0x4b90, 0x4b90, 0x4b90, 0x4b90, 0x4b90, 0x4b90, 0x4b90, 0x4b90, 0x4b90, 0x4b90, 0x4b90, 0x4b90, 0x4b90, 0x4b90, 0x4b90, 
	0x4b90, 0x4b90, 0x4b90, 0x4b90, 0x4b90, 0x4b90, 0x4b90, 0x4b90, 0x4b90, 0x4b90, 0x4b90, 0x4b90, 0x4b90, 0x4b90, 0x4b90, 0x4b90, 
	0x4b90, 0x4b90, 0x4b90, 0x4b90, 0x4b90, 0x4b90, 0x4b90, 0x4b90, 0x4b90, 0x4b90, 0x4b90, 0x4b90, 0x4b90, 0x4b90, 0x4b90, 0x4b90, 
	0x4b90, 0x4b90, 0x4b90, 0x4b90, 0x4b90, 0x4b90, 0x4b90, 0x4b90, 0x4b90, 0x4b90, 0x4b90, 0x4b90, 0x4b90, 0x4b90, 0x4b90, 0x4b90, 
	0x4b90, 0x4b90, 0x4b90, 0x4b90, 0x4b90, 0x4b90, 0x4b90, 0x4b90, 0x4b90, 0x4b90, 0x4b90, 0x4b90, 0x4b90, 0x4b90, 0x4b90, 0x4b90, 
	0x4b90, 0x4b90, 0x4b90, 0x4b90, 0x4b90, 0x4b90, 0x4b90, 0x4b90, 0x4b90, 0x4b90, 0x4b90, 0x4b90, 0x4b90, 0x4b90, 0x4b90, 0x4b90, 
	0x4b90, 0x4b90, 0x4b90, 0x4b90, 0x4b90, 0x4b90, 0x4b90, 0x4b90, 0x4b90, 0x4b90, 0x4b90, 0x4b90, 0x4b90, 0x4b90, 0x4b90, 0x4b90, 
	0x4b90, 0x4b90, 0x4b90, 0x4b90, 0x4b90, 0x4b90, 0x4b90, 0x4b90, 0x4b90, 0x4b90, 0x4b90, 0x4b90, 0x4b90, 0x5390, 0x7bef, 0x0000, 
	0x7bcf, 0x4b90, 0x4b90, 0x4b90, 0x4b90, 0x4b90, 0x4b90, 0x4b90, 0x4b90, 0x4b90, 0x4b90, 0x4b90, 0x4b90, 0x4b90, 0x4b90, 0x4b90, 
	0x4b90, 0x4b90, 0x4b90, 0x4b90, 0x4b90, 0x4b90, 0x4b90, 0x4b90, 0x4b90, 0x4b90, 0x4b90, 0x4b90, 0x4b90, 0x4b90, 0x4b90, 0x4b90, 
	0x4b90, 0x4b90, 0x4b90, 0x4b90, 0x4b90, 0x4b90, 0x4b90, 0x4b90, 0x4b90, 0x4b90, 0x4b90, 0x4b90, 0x4b90, 0x4b90, 0x4b90, 0x4b90, 
	0x4b90, 0x4b90, 0x4b90, 0x4b90, 0x4b90, 0x4b90, 0x4b90, 0x4b90, 0x4b90, 0x4b90, 0x4b90, 0x4b90, 0x4b90, 0x4b90, 0x4b90, 0x4b90, 
	0x4b90, 0x4b90, 0x4b90, 0x4b90, 0x4b90, 0x4b90, 0x4b90, 0x4b90, 0x4b90, 0x4b90, 0x4b90, 0x4b90, 0x4b90, 0x4b90, 0x4b90, 0x4b90, 
	0x4b90, 0x4b90, 0x4b90, 0x4b90, 0x4b90, 0x4b90, 0x4b90, 0x4b90, 0x4b90, 0x4b90, 0x4b90, 0x4b90, 0x4b90, 0x4b90, 0x4b90, 0x4b90, 
	0x4b90, 0x4b90, 0x4b90, 0x4b90, 0x4b90, 0x4b90, 0x4b90, 0x4b90, 0x4b90, 0x4b90, 0x4b90, 0x4b90, 0x4b90, 0x4b90, 0x4b90, 0x4b90, 
	0x4b90, 0x4b90, 0x4b90, 0x4b90, 0x4b90, 0x4b90, 0x4b90, 0x4b90, 0x4b90, 0x4b90, 0x4b90, 0x4b90, 0x4b90, 0x4b90, 0x4b90, 0x4b90, 
	0x4b90, 0x4b90, 0x4b90, 0x4b90, 0x4b90, 0x4b90, 0x4b90, 0x4b90, 0x4b90, 0x4b90, 0x4b90, 0x4b90, 0x4b90, 0x4b90, 0x4b90, 0x4b90, 
	0x4b90, 0x4b90, 0x4b90, 0x4b90, 0x4b90, 0x4b90, 0x4b90, 0x4b90, 0x4b90, 0x4b90, 0x4b90, 0x4b90, 0x4b90, 0x5390, 0x7bef, 0x0000, 
	0x7bcf, 0x4b90, 0x4b90, 0x4b90, 0x4b90, 0x4b90, 0x4b90, 0x4b90, 0x4b90, 0x4b90, 0x4b90, 0x4b90, 0x4b90, 0x4b90, 0x4b90, 0x4b90, 
	0x4b90, 0x4b90, 0x4b90, 0x4b90, 0x4b90, 0x4b90, 0x4b90, 0x4b90, 0x4b90, 0x4b90, 0x4b90, 0x4b90, 0x4b90, 0x4b90, 0x4b90, 0x4b90, 
	0x4b90, 0x4b90, 0x4b90, 0x4b90, 0x4b90, 0x4b90, 0x4b90, 0x4b90, 0x4b90, 0x4b90, 0x4b90, 0x4b90, 0x4b90, 0x4b90, 0x4b90, 0x4b90, 
	0x4b90, 0x4b90, 0x4b90, 0x4b90, 0x4b90, 0x4b90, 0x4b90, 0x4b90, 0x4b90, 0x4b90, 0x4b90, 0x4b90, 0x4b90, 0x4b90, 0x4b90, 0x4b90, 
	0x4b90, 0x4b90, 0x4b90, 0x4b90, 0x4b90, 0x4b90, 0x4b90, 0x4b90, 0x4b90, 0x4b90, 0x4b90, 0x4b90, 0x4b90, 0x4b90, 0x4b90, 0x4b90, 
	0x4b90, 0x4b90, 0x4b90, 0x4b90, 0x4b90, 0x4b90, 0x4b90, 0x4b90, 0x4b90, 0x4b90, 0x4b90, 0x4b90, 0x4b90, 0x4b90, 0x4b90, 0x4b90, 
	0x4b90, 0x4b90, 0x4b90, 0x4b90, 0x4b90, 0x4b90, 0x4b90, 0x4b90, 0x4b90, 0x4b90, 0x4b90, 0x4b90, 0x4b90, 0x4b90, 0x4b90, 0x4b90, 
	0x4b90, 0x4b90, 0x4b90, 0x4b90, 0x4b90, 0x4b90, 0x4b90, 0x4b90, 0x4b90, 0x4b90, 0x4b90, 0x4b90, 0x4b90, 0x4b90, 0x4b90, 0x4b90, 
	0x4b90, 0x4b90, 0x4b90, 0x4b90, 0x4b90, 0x4b90, 0x4b90, 0x4b90, 0x4b90, 0x4b90, 0x4b90, 0x4b90, 0x4b90, 0x4b90, 0x4b90, 0x4b90, 
	0x4b90, 0x4b90, 0x4b90, 0x4b90, 0x4b90, 0x4b90, 0x4b90, 0x4b90, 0x4b90, 0x4b90, 0x4b90, 0x4b90, 0x4b90, 0x5390, 0x7bef, 0x0000, 
	0x7bcf, 0x4b90, 0x4b90, 0x4b90, 0x4b90, 0x4b90, 0x4b90, 0x4b90, 0x4b90, 0x4b90, 0x4b90, 0x4b90, 0x4b90, 0x4b90, 0x4b90, 0x4b90, 
	0x4b90, 0x4b90, 0x4b90, 0x4b90, 0x4b90, 0x4b90, 0x4b90, 0x4b90, 0x4b90, 0x4b90, 0x4b90, 0x4b90, 0x4b90, 0x4b90, 0x4b90, 0x4b90, 
	0x4b90, 0x4b90, 0x4b90, 0x4b90, 0x4b90, 0x4b90, 0x4b90, 0x4b90, 0x4b90, 0x4b90, 0x4b90, 0x4b90, 0x4b90, 0x4b90, 0x4b90, 0x4b90, 
	0x4b90, 0x4b90, 0x4b90, 0x4b90, 0x4b90, 0x4b90, 0x4b90, 0x4b90, 0x4b90, 0x4b90, 0x4b90, 0x4b90, 0x4b90, 0x4b90, 0x4b90, 0x4b90, 
	0x4b90, 0x4b90, 0x4b90, 0x4b90, 0x4b90, 0x4b90, 0x4b90, 0x4b90, 0x4b90, 0x4b90, 0x4b90, 0x4b90, 0x4b90, 0x4b90, 0x4b90, 0x4b90, 
	0x4b90, 0x4b90, 0x4b90, 0x4b90, 0x4b90, 0x4b90, 0x4b90, 0x4b90, 0x4b90, 0x4b90, 0x4b90, 0x4b90, 0x4b90, 0x4b90, 0x4b90, 0x4b90, 
	0x4b90, 0x4b90, 0x4b90, 0x4b90, 0x4b90, 0x4b90, 0x4b90, 0x4b90, 0x4b90, 0x4b90, 0x4b90, 0x4b90, 0x4b90, 0x4b90, 0x4b90, 0x4b90, 
	0x4b90, 0x4b90, 0x4b90, 0x4b90, 0x4b90, 0x4b90, 0x4b90, 0x4b90, 0x4b90, 0x4b90, 0x4b90, 0x4b90, 0x4b90, 0x4b90, 0x4b90, 0x4b90, 
	0x4b90, 0x4b90, 0x4b90, 0x4b90, 0x4b90, 0x4b90, 0x4b90, 0x4b90, 0x4b90, 0x4b90, 0x4b90, 0x4b90, 0x4b90, 0x4b90, 0x4b90, 0x4b90, 
	0x4b90, 0x4b90, 0x4b90, 0x4b90, 0x4b90, 0x4b90, 0x4b90, 0x4b90, 0x4b90, 0x4b90, 0x4b90, 0x4b90, 0x4b90, 0x5390, 0x7bef, 0x0000, 
	0x7bcf, 0x4b90, 0x4b90, 0x4b90, 0x4b90, 0x4b90, 0x4b90, 0x4b90, 0x4b90, 0x4b90, 0x4b90, 0x4b90, 0x4b90, 0x4b90, 0x4b90, 0x4b90, 
	0x4b90, 0x4b90, 0x4b90, 0x4b90, 0x4b90, 0x4b90, 0x4b90, 0x4b90, 0x4b90, 0x4b90, 0x4b90, 0x4b90, 0x4b90, 0x4b90, 0x4b90, 0x4b90, 
	0x4b90, 0x4b90, 0x4b90, 0x4b90, 0x4b90, 0x4b90, 0x4b90, 0x4b90, 0x4b90, 0x4b90, 0x4b90, 0x4b90, 0x4b90, 0x4b90, 0x4b90, 0x4b90, 
	0x4b90, 0x4b90, 0x4b90, 0x4b90, 0x4b90, 0x4b90, 0x4b90, 0x4b90, 0x4b90, 0x4b90, 0x4b90, 0x4b90, 0x4b90, 0x4b90, 0x4b90, 0x4b90, 
	0x4b90, 0x4b90, 0x4b90, 0x4b90, 0x4b90, 0x4b90, 0x4b90, 0x4b90, 0x4b90, 0x4b90, 0x4b90, 0x4b90, 0x4b90, 0x4b90, 0x4b90, 0x4b90, 
	0x4b90, 0x4b90, 0x4b90, 0x4b90, 0x4b90, 0x4b90, 0x4b90, 0x4b90, 0x4b90, 0x4b90, 0x4b90, 0x4b90, 0x4b90, 0x4b90, 0x4b90, 0x4b90, 
	0x4b90, 0x4b90, 0x4b90, 0x4b90, 0x4b90, 0x4b90, 0x4b90, 0x4b90, 0x4b90, 0x4b90, 0x4b90, 0x4b90, 0x4b90, 0x4b90, 0x4b90, 0x4b90, 
	0x4b90, 0x4b90, 0x4b90, 0x4b90, 0x4b90, 0x4b90, 0x4b90, 0x4b90, 0x4b90, 0x4b90, 0x4b90, 0x4b90, 0x4b90, 0x4b90, 0x4b90, 0x4b90, 
	0x4b90, 0x4b90, 0x4b90, 0x4b90, 0x4b90, 0x4b90, 0x4b90, 0x4b90, 0x4b90, 0x4b90, 0x4b90, 0x4b90, 0x4b90, 0x4b90, 0x4b90, 0x4b90, 
	0x4b90, 0x4b90, 0x4b90, 0x4b90, 0x4b90, 0x4b90, 0x4b90, 0x4b90, 0x4b90, 0x4b90, 0x4b90, 0x4b90, 0x4b90, 0x5390, 0x7bef, 0x0000, 
	0x7bcf, 0x4b90, 0x4b90, 0x4b90, 0x4b90, 0x4b90, 0x4b90, 0x4b90, 0x4b90, 0x4b90, 0x4b90, 0x4b90, 0x4b90, 0x4b90, 0x4b90, 0x4b90, 
	0x4b90, 0x4b90, 0x4b90, 0x4b90, 0x4b90, 0x4b90, 0x4b90, 0x4b90, 0x4b90, 0x4b90, 0x4b90, 0x4b90, 0x4b90, 0x4b90, 0x4b90, 0x4b90, 
	0x4b90, 0x4b90, 0x4b90, 0x4b90, 0x4b90, 0x4b90, 0x4b90, 0x4b90, 0x4b90, 0x4b90, 0x4b90, 0x4b90, 0x4b90, 0x4b90, 0x4b90, 0x4b90, 
	0x4b90, 0x4b90, 0x4b90, 0x4b90, 0x4b90, 0x4b90, 0x4b90, 0x4b90, 0x4b90, 0x4b90, 0x4b90, 0x4b90, 0x4b90, 0x4b90, 0x4b90, 0x4b90, 
	0x4b90, 0x4b90, 0x4b90, 0x4b90, 0x4b90, 0x4b90, 0x4b90, 0x4b90, 0x4b90, 0x4b90, 0x4b90, 0x4b90, 0x4b90, 0x4b90, 0x4b90, 0x4b90, 
	0x4b90, 0x4b90, 0x4b90, 0x4b90, 0x4b90, 0x4b90, 0x4b90, 0x4b90, 0x4b90, 0x4b90, 0x4b90, 0x4b90, 0x4b90, 0x4b90, 0x4b90, 0x4b90, 
	0x4b90, 0x4b90, 0x4b90, 0x4b90, 0x4b90, 0x4b90, 0x4b90, 0x4b90, 0x4b90, 0x4b90, 0x4b90, 0x4b90, 0x4b90, 0x4b90, 0x4b90, 0x4b90, 
	0x4b90, 0x4b90, 0x4b90, 0x4b90, 0x4b90, 0x4b90, 0x4b90, 0x4b90, 0x4b90, 0x4b90, 0x4b90, 0x4b90, 0x4b90, 0x4b90, 0x4b90, 0x4b90, 
	0x4b90, 0x4b90, 0x4b90, 0x4b90, 0x4b90, 0x4b90, 0x4b90, 0x4b90, 0x4b90, 0x4b90, 0x4b90, 0x4b90, 0x4b90, 0x4b90, 0x4b90, 0x4b90, 
	0x4b90, 0x4b90, 0x4b90, 0x4b90, 0x4b90, 0x4b90, 0x4b90, 0x4b90, 0x4b90, 0x4b90, 0x4b90, 0x4b90, 0x4b90, 0x5390, 0x7bef, 0x0000, 
	0x7bef, 0x4b90, 0x4b90, 0x4b90, 0x4b90, 0x4b90, 0x4b90, 0x4b90, 0x4b90, 0x4b90, 0x4b90, 0x4b90, 0x4b90, 0x4b90, 0x4b90, 0x4b90, 
	0x4b90, 0x4b90, 0x4b90, 0x4b90, 0x4b90, 0x4b90, 0x4b90, 0x4b90, 0x4b90, 0x4b90, 0x4b90, 0x4b90, 0x4b90, 0x4b90, 0x4b90, 0x4b90, 
	0x4b90, 0x4b90, 0x4b90, 0x4b90, 0x4b90, 0x4b90, 0x4b90, 0x4b90, 0x4b90, 0x4b90, 0x4b90, 0x4b90, 0x4b90, 0x4b90, 0x4b90, 0x4b90, 
	0x4b90, 0x4b90, 0x4b90, 0x4b90, 0x4b90, 0x4b90, 0x4b90, 0x4b90, 0x4b90, 0x4b90, 0x4b90, 0x4b90, 0x4b90, 0x4b90, 0x4b90, 0x4b90, 
	0x4b90, 0x4b90, 0x4b90, 0x4b90, 0x4b90, 0x4b90, 0x4b90, 0x4b90, 0x4b90, 0x4b90, 0x4b90, 0x4b90, 0x4b90, 0x4b90, 0x4b90, 0x4b90, 
	0x4b90, 0x4b90, 0x4b90, 0x4b90, 0x4b90, 0x4b90, 0x4b90, 0x4b90, 0x4b90, 0x4b90, 0x4b90, 0x4b90, 0x4b90, 0x4b90, 0x4b90, 0x4b90, 
	0x4b90, 0x4b90, 0x4b90, 0x4b90, 0x4b90, 0x4b90, 0x4b90, 0x4b90, 0x4b90, 0x4b90, 0x4b90, 0x4b90, 0x4b90, 0x4b90, 0x4b90, 0x4b90, 
	0x4b90, 0x4b90, 0x4b90, 0x4b90, 0x4b90, 0x4b90, 0x4b90, 0x4b90, 0x4b90, 0x4b90, 0x4b90, 0x4b90, 0x4b90, 0x4b90, 0x4b90, 0x4b90, 
	0x4b90, 0x4b90, 0x4b90, 0x4b90, 0x4b90, 0x4b90, 0x4b90, 0x4b90, 0x4b90, 0x4b90, 0x4b90, 0x4b90, 0x4b90, 0x4b90, 0x4b90, 0x4b90, 
	0x4b90, 0x4b90, 0x4b90, 0x4b90, 0x4b90, 0x4b90, 0x4b90, 0x4b90, 0x4b90, 0x4b90, 0x4b90, 0x4b90, 0x4b90, 0x5390, 0x7bef, 0x0000, 
	0x7bcf, 0x4b90, 0x4b90, 0x4b90, 0x4b90, 0x4b90, 0x4b90, 0x4b90, 0x4b90, 0x4b90, 0x4b90, 0x4b90, 0x4b90, 0x4b90, 0x4b90, 0x4b90, 
	0x4b90, 0x4b90, 0x4b90, 0x4b90, 0x4b90, 0x4b90, 0x4b90, 0x4b90, 0x4b90, 0x4b90, 0x4b90, 0x4b90, 0x4b90, 0x4b90, 0x4b90, 0x4b90, 
	0x4b90, 0x4b90, 0x4b90, 0x4b90, 0x4b90, 0x4b90, 0x4b90, 0x4b90, 0x4b90, 0x4b90, 0x4b90, 0x4b90, 0x4b90, 0x4b90, 0x4b90, 0x4b90, 
	0x4b90, 0x4b90, 0x4b90, 0x4b90, 0x4b90, 0x4b90, 0x4b90, 0x4b90, 0x4b90, 0x4b90, 0x4b90, 0x4b90, 0x4b90, 0x4b90, 0x4b90, 0x4b90, 
	0x4b90, 0x4b90, 0x4b90, 0x4b90, 0x4b90, 0x4b90, 0x4b90, 0x4b90, 0x4b90, 0x4b90, 0x4b90, 0x4b90, 0x4b90, 0x4b90, 0x4b90, 0x4b90, 
	0x4b90, 0x4b90, 0x4b90, 0x4b90, 0x4b90, 0x4b90, 0x4b90, 0x4b90, 0x4b90, 0x4b90, 0x4b90, 0x4b90, 0x4b90, 0x4b90, 0x4b90, 0x4b90, 
	0x4b90, 0x4b90, 0x4b90, 0x4b90, 0x4b90, 0x4b90, 0x4b90, 0x4b90, 0x4b90, 0x4b90, 0x4b90, 0x4b90, 0x4b90, 0x4b90, 0x4b90, 0x4b90, 
	0x4b90, 0x4b90, 0x4b90, 0x4b90, 0x4b90, 0x4b90, 0x4b90, 0x4b90, 0x4b90, 0x4b90, 0x4b90, 0x4b90, 0x4b90, 0x4b90, 0x4b90, 0x4b90, 
	0x4b90, 0x4b90, 0x4b90, 0x4b90, 0x4b90, 0x4b90, 0x4b90, 0x4b90, 0x4b90, 0x4b90, 0x4b90, 0x4b90, 0x4b90, 0x4b90, 0x4b90, 0x4b90, 
	0x4b90, 0x4b90, 0x4b90, 0x4b90, 0x4b90, 0x4b90, 0x4b90, 0x4b90, 0x4b90, 0x4b90, 0x4b90, 0x4b90, 0x4b90, 0x5390, 0x7bef, 0x0000, 
	0x7bef, 0x4b90, 0x4b90, 0x4b90, 0x4b90, 0x4b90, 0x4b90, 0x4b90, 0x4b90, 0x4b90, 0x4b90, 0x4b90, 0x4b90, 0x4b90, 0x4b90, 0x4b90, 
	0x4b90, 0x4b90, 0x4b90, 0x4b90, 0x4b90, 0x4b90, 0x4b90, 0x4b90, 0x4b90, 0x4b90, 0x4b90, 0x4b90, 0x4b90, 0x4b90, 0x4b90, 0x4b90, 
	0x4b90, 0x4b90, 0x4b90, 0x4b90, 0x4b90, 0x4b90, 0x4b90, 0x4b90, 0x4b90, 0x4b90, 0x4b90, 0x4b90, 0x4b90, 0x4b90, 0x4b90, 0x4b90, 
	0x4b90, 0x4b90, 0x4b90, 0x4b90, 0x4b90, 0x4b90, 0x4b90, 0x4b90, 0x4b90, 0x4b90, 0x4b90, 0x4b90, 0x4b90, 0x4b90, 0x4b90, 0x4b90, 
	0x4b90, 0x4b90, 0x4b90, 0x4b90, 0x4b90, 0x4b90, 0x4b90, 0x4b90, 0x4b90, 0x4b90, 0x4b90, 0x4b90, 0x4b90, 0x4b90, 0x4b90, 0x4b90, 
	0x4b90, 0x4b90, 0x4b90, 0x4b90, 0x4b90, 0x4b90, 0x4b90, 0x4b90, 0x4b90, 0x4b90, 0x4b90, 0x4b90, 0x4b90, 0x4b90, 0x4b90, 0x4b90, 
	0x4b90, 0x4b90, 0x4b90, 0x4b90, 0x4b90, 0x4b90, 0x4b90, 0x4b90, 0x4b90, 0x4b90, 0x4b90, 0x4b90, 0x4b90, 0x4b90, 0x4b90, 0x4b90, 
	0x4b90, 0x4b90, 0x4b90, 0x4b90, 0x4b90, 0x4b90, 0x4b90, 0x4b90, 0x4b90, 0x4b90, 0x4b90, 0x4b90, 0x4b90, 0x4b90, 0x4b90, 0x4b90, 
	0x4b90, 0x4b90, 0x4b90, 0x4b90, 0x4b90, 0x4b90, 0x4b90, 0x4b90, 0x4b90, 0x4b90, 0x4b90, 0x4b90, 0x4b90, 0x4b90, 0x4b90, 0x4b90, 
	0x4b90, 0x4b90, 0x4b90, 0x4b90, 0x4b90, 0x4b90, 0x4b90, 0x4b90, 0x4b90, 0x4b90, 0x4b90, 0x4b90, 0x4b90, 0x5390, 0x7bef, 0x0000, 
	0x7bcf, 0x4b90, 0x4b90, 0x4b90, 0x4b90, 0x4b90, 0x4b90, 0x4b90, 0x4b90, 0x4b90, 0x4b90, 0x4b90, 0x4b90, 0x4b90, 0x4b90, 0x4b90, 
	0x4b90, 0x4b90, 0x4b90, 0x4b90, 0x4b90, 0x4b90, 0x4b90, 0x4b90, 0x4b90, 0x4b90, 0x4b90, 0x4b90, 0x4b90, 0x4b90, 0x4b90, 0x4b90, 
	0x4b90, 0x4b90, 0x4b90, 0x4b90, 0x4b90, 0x4b90, 0x4b90, 0x4b90, 0x4b90, 0x4b90, 0x4b90, 0x4b90, 0x4b90, 0x4b90, 0x4b90, 0x4b90, 
	0x4b90, 0x4b90, 0x4b90, 0x4b90, 0x4b90, 0x4b90, 0x4b90, 0x4b90, 0x4b90, 0x4b90, 0x4b90, 0x4b90, 0x4b90, 0x4b90, 0x4b90, 0x4b90, 
	0x4b90, 0x4b90, 0x4b90, 0x4b90, 0x4b90, 0x4b90, 0x4b90, 0x4b90, 0x4b90, 0x4b90, 0x4b90, 0x4b90, 0x4b90, 0x4b90, 0x4b90, 0x4b90, 
	0x4b90, 0x4b90, 0x4b90, 0x4b90, 0x4b90, 0x4b90, 0x4b90, 0x4b90, 0x4b90, 0x4b90, 0x4b90, 0x4b90, 0x4b90, 0x4b90, 0x4b90, 0x4b90, 
	0x4b90, 0x4b90, 0x4b90, 0x4b90, 0x4b90, 0x4b90, 0x4b90, 0x4b90, 0x4b90, 0x4b90, 0x4b90, 0x4b90, 0x4b90, 0x4b90, 0x4b90, 0x4b90, 
	0x4b90, 0x4b90, 0x4b90, 0x4b90, 0x4b90, 0x4b90, 0x4b90, 0x4b90, 0x4b90, 0x4b90, 0x4b90, 0x4b90, 0x4b90, 0x4b90, 0x4b90, 0x4b90, 
	0x4b90, 0x4b90, 0x4b90, 0x4b90, 0x4b90, 0x4b90, 0x4b90, 0x4b90, 0x4b90, 0x4b90, 0x4b90, 0x4b90, 0x4b90, 0x4b90, 0x4b90, 0x4b90, 
	0x4b90, 0x4b90, 0x4b90, 0x4b90, 0x4b90, 0x4b90, 0x4b90, 0x4b90, 0x4b90, 0x4b90, 0x4b90, 0x4b90, 0x4b90, 0x5390, 0x7bef, 0x0000, 
	0x7bef, 0x4b90, 0x4b90, 0x4b90, 0x4b90, 0x4b90, 0x4b90, 0x4b90, 0x4b90, 0x4b90, 0x4b90, 0x4b90, 0x4b90, 0x4b90, 0x4b90, 0x4b90, 
	0x4b90, 0x4b90, 0x4b90, 0x4b90, 0x4b90, 0x4b90, 0x4b90, 0x4b90, 0x4b90, 0x4b90, 0x4b90, 0x4b90, 0x4b90, 0x4b90, 0x4b90, 0x4b90, 
	0x4b90, 0x4b90, 0x4b90, 0x4b90, 0x4b90, 0x4b90, 0x4b90, 0x4b90, 0x4b90, 0x4b90, 0x4b90, 0x4b90, 0x4b90, 0x4b90, 0x4b90, 0x4b90, 
	0x4b90, 0x4b90, 0x4b90, 0x4b90, 0x4b90, 0x4b90, 0x4b90, 0x4b90, 0x4b90, 0x4b90, 0x4b90, 0x4b90, 0x4b90, 0x4b90, 0x4b90, 0x4b90, 
	0x4b90, 0x4b90, 0x4b90, 0x4b90, 0x4b90, 0x4b90, 0x4b90, 0x4b90, 0x4b90, 0x4b90, 0x4b90, 0x4b90, 0x4b90, 0x4b90, 0x4b90, 0x4b90, 
	0x4b90, 0x4b90, 0x4b90, 0x4b90, 0x4b90, 0x4b90, 0x4b90, 0x4b90, 0x4b90, 0x4b90, 0x4b90, 0x4b90, 0x4b90, 0x4b90, 0x4b90, 0x4b90, 
	0x4b90, 0x4b90, 0x4b90, 0x4b90, 0x4b90, 0x4b90, 0x4b90, 0x4b90, 0x4b90, 0x4b90, 0x4b90, 0x4b90, 0x4b90, 0x4b90, 0x4b90, 0x4b90, 
	0x4b90, 0x4b90, 0x4b90, 0x4b90, 0x4b90, 0x4b90, 0x4b90, 0x4b90, 0x4b90, 0x4b90, 0x4b90, 0x4b90, 0x4b90, 0x4b90, 0x4b90, 0x4b90, 
	0x4b90, 0x4b90, 0x4b90, 0x4b90, 0x4b90, 0x4b90, 0x4b90, 0x4b90, 0x4b90, 0x4b90, 0x4b90, 0x4b90, 0x4b90, 0x4b90, 0x4b90, 0x4b90, 
	0x4b90, 0x4b90, 0x4b90, 0x4b90, 0x4b90, 0x4b90, 0x4b90, 0x4b90, 0x4b90, 0x4b90, 0x4b90, 0x4b90, 0x4b90, 0x5390, 0x7bef, 0x0000, 
	0x7bcf, 0x4b90, 0x4b90, 0x4b90, 0x4b90, 0x4b90, 0x4b90, 0x4b90, 0x4b90, 0x4b90, 0x4b90, 0x4b90, 0x4b90, 0x4b90, 0x4b90, 0x4b90, 
	0x4b90, 0x4b90, 0x4b90, 0x4b90, 0x4b90, 0x4b90, 0x4b90, 0x4b90, 0x4b90, 0x4b90, 0x4b90, 0x4b90, 0x4b90, 0x4b90, 0x4b90, 0x4b90, 
	0x4b90, 0x4b90, 0x4b90, 0x4b90, 0x4b90, 0x4b90, 0x4b90, 0x4b90, 0x4b90, 0x4b90, 0x4b90, 0x4b90, 0x4b90, 0x4b90, 0x4b90, 0x4b90, 
	0x4b90, 0x4b90, 0x4b90, 0x4b90, 0x4b90, 0x4b90, 0x4b90, 0x4b90, 0x4b90, 0x4b90, 0x4b90, 0x4b90, 0x4b90, 0x4b90, 0x4b90, 0x4b90, 
	0x4b90, 0x4b90, 0x4b90, 0x4b90, 0x4b90, 0x4b90, 0x4b90, 0x4b90, 0x4b90, 0x4b90, 0x4b90, 0x4b90, 0x4b90, 0x4b90, 0x4b90, 0x4b90, 
	0x4b90, 0x4b90, 0x4b90, 0x4b90, 0x4b90, 0x4b90, 0x4b90, 0x4b90, 0x4b90, 0x4b90, 0x4b90, 0x4b90, 0x4b90, 0x4b90, 0x4b90, 0x4b90, 
	0x4b90, 0x4b90, 0x4b90, 0x4b90, 0x4b90, 0x4b90, 0x4b90, 0x4b90, 0x4b90, 0x4b90, 0x4b90, 0x4b90, 0x4b90, 0x4b90, 0x4b90, 0x4b90, 
	0x4b90, 0x4b90, 0x4b90, 0x4b90, 0x4b90, 0x4b90, 0x4b90, 0x4b90, 0x4b90, 0x4b90, 0x4b90, 0x4b90, 0x4b90, 0x4b90, 0x4b90, 0x4b90, 
	0x4b90, 0x4b90, 0x4b90, 0x4b90, 0x4b90, 0x4b90, 0x4b90, 0x4b90, 0x4b90, 0x4b90, 0x4b90, 0x4b90, 0x4b90, 0x4b90, 0x4b90, 0x4b90, 
	0x4b90, 0x4b90, 0x4b90, 0x4b90, 0x4b90, 0x4b90, 0x4b90, 0x4b90, 0x4b90, 0x4b90, 0x4b90, 0x4b90, 0x4b90, 0x5390, 0x7bef, 0x0000, 
	0x7bef, 0x4b90, 0x4b90, 0x4b90, 0x4b90, 0x4b90, 0x4b90, 0x4b90, 0x4b90, 0x4b90, 0x4b90, 0x4b90, 0x4b90, 0x4b90, 0x4b90, 0x4b90, 
	0x4b90, 0x4b90, 0x4b90, 0x4b90, 0x4b90, 0x4b90, 0x4b90, 0x4b90, 0x4b90, 0x4b90, 0x4b90, 0x4b90, 0x4b90, 0x4b90, 0x4b90, 0x4b90, 
	0x4b90, 0x4b90, 0x4b90, 0x4b90, 0x4b90, 0x4b90, 0x4b90, 0x4b90, 0x4b90, 0x4b90, 0x4b90, 0x4b90, 0x4b90, 0x4b90, 0x4b90, 0x4b90, 
	0x4b90, 0x4b90, 0x4b90, 0x4b90, 0x4b90, 0x4b90, 0x4b90, 0x4b90, 0x4b90, 0x4b90, 0x4b90, 0x4b90, 0x4b90, 0x4b90, 0x4b90, 0x4b90, 
	0x4b90, 0x4b90, 0x4b90, 0x4b90, 0x4b90, 0x4b90, 0x4b90, 0x4b90, 0x4b90, 0x4b90, 0x4b90, 0x4b90, 0x4b90, 0x4b90, 0x4b90, 0x4b90, 
	0x4b90, 0x4b90, 0x4b90, 0x4b90, 0x4b90, 0x4b90, 0x4b90, 0x4b90, 0x4b90, 0x4b90, 0x4b90, 0x4b90, 0x4b90, 0x4b90, 0x4b90, 0x4b90, 
	0x4b90, 0x4b90, 0x4b90, 0x4b90, 0x4b90, 0x4b90, 0x4b90, 0x4b90, 0x4b90, 0x4b90, 0x4b90, 0x4b90, 0x4b90, 0x4b90, 0x4b90, 0x4b90, 
	0x4b90, 0x4b90, 0x4b90, 0x4b90, 0x4b90, 0x4b90, 0x4b90, 0x4b90, 0x4b90, 0x4b90, 0x4b90, 0x4b90, 0x4b90, 0x4b90, 0x4b90, 0x4b90, 
	0x4b90, 0x4b90, 0x4b90, 0x4b90, 0x4b90, 0x4b90, 0x4b90, 0x4b90, 0x4b90, 0x4b90, 0x4b90, 0x4b90, 0x4b90, 0x4b90, 0x4b90, 0x4b90, 
	0x4b90, 0x4b90, 0x4b90, 0x4b90, 0x4b90, 0x4b90, 0x4b90, 0x4b90, 0x4b90, 0x4b90, 0x4b90, 0x4b90, 0x4b90, 0x5390, 0x7bef, 0x0000, 
	0x7bcf, 0x4b90, 0x4b90, 0x4b90, 0x4b90, 0x4b90, 0x4b90, 0x4b90, 0x4b90, 0x4b90, 0x4b90, 0x4b90, 0x4b90, 0x4b90, 0x4b90, 0x4b90, 
	0x4b90, 0x4b90, 0x4b90, 0x4b90, 0x4b90, 0x4b90, 0x4b90, 0x4b90, 0x4b90, 0x4b90, 0x4b90, 0x4b90, 0x4b90, 0x4b90, 0x4b90, 0x4b90, 
	0x4b90, 0x4b90, 0x4b90, 0x4b90, 0x4b90, 0x4b90, 0x4b90, 0x4b90, 0x4b90, 0x4b90, 0x4b90, 0x4b90, 0x4b90, 0x4b90, 0x4b90, 0x4b90, 
	0x4b90, 0x4b90, 0x4b90, 0x4b90, 0x4b90, 0x4b90, 0x4b90, 0x4b90, 0x4b90, 0x4b90, 0x4b90, 0x4b90, 0x4b90, 0x4b90, 0x4b90, 0x4b90, 
	0x4b90, 0x4b90, 0x4b90, 0x4b90, 0x4b90, 0x4b90, 0x4b90, 0x4b90, 0x4b90, 0x4b90, 0x4b90, 0x4b90, 0x4b90, 0x4b90, 0x4b90, 0x4b90, 
	0x4b90, 0x4b90, 0x4b90, 0x4b90, 0x4b90, 0x4b90, 0x4b90, 0x4b90, 0x4b90, 0x4b90, 0x4b90, 0x4b90, 0x4b90, 0x4b90, 0x4b90, 0x4b90, 
	0x4b90, 0x4b90, 0x4b90, 0x4b90, 0x4b90, 0x4b90, 0x4b90, 0x4b90, 0x4b90, 0x4b90, 0x4b90, 0x4b90, 0x4b90, 0x4b90, 0x4b90, 0x4b90, 
	0x4b90, 0x4b90, 0x4b90, 0x4b90, 0x4b90, 0x4b90, 0x4b90, 0x4b90, 0x4b90, 0x4b90, 0x4b90, 0x4b90, 0x4b90, 0x4b90, 0x4b90, 0x4b90, 
	0x4b90, 0x4b90, 0x4b90, 0x4b90, 0x4b90, 0x4b90, 0x4b90, 0x4b90, 0x4b90, 0x4b90, 0x4b90, 0x4b90, 0x4b90, 0x4b90, 0x4b90, 0x4b90, 
	0x4b90, 0x4b90, 0x4b90, 0x4b90, 0x4b90, 0x4b90, 0x4b90, 0x4b90, 0x4b90, 0x4b90, 0x4b90, 0x4b90, 0x4b90, 0x5390, 0x7bef, 0x0000, 
	0x7bef, 0x4b90, 0x4b90, 0x4b90, 0x4b90, 0x4b90, 0x4b90, 0x4b90, 0x4b90, 0x4b90, 0x4b90, 0x4b90, 0x4b90, 0x4b90, 0x4b90, 0x4b90, 
	0x4b90, 0x4b90, 0x4b90, 0x4b90, 0x4b90, 0x4b90, 0x4b90, 0x4b90, 0x4b90, 0x4b90, 0x4b90, 0x4b90, 0x4b90, 0x4b90, 0x4b90, 0x4b90, 
	0x4b90, 0x4b90, 0x4b90, 0x4b90, 0x4b90, 0x4b90, 0x4b90, 0x4b90, 0x4b90, 0x4b90, 0x4b90, 0x4b90, 0x4b90, 0x4b90, 0x4b90, 0x4b90, 
	0x4b90, 0x4b90, 0x4b90, 0x4b90, 0x4b90, 0x4b90, 0x4b90, 0x4b90, 0x4b90, 0x4b90, 0x4b90, 0x4b90, 0x4b90, 0x4b90, 0x4b90, 0x4b90, 
	0x4b90, 0x4b90, 0x4b90, 0x4b90, 0x4b90, 0x4b90, 0x4b90, 0x4b90, 0x4b90, 0x4b90, 0x4b90, 0x4b90, 0x4b90, 0x4b90, 0x4b90, 0x4b90, 
	0x4b90, 0x4b90, 0x4b90, 0x4b90, 0x4b90, 0x4b90, 0x4b90, 0x4b90, 0x4b90, 0x4b90, 0x4b90, 0x4b90, 0x4b90, 0x4b90, 0x4b90, 0x4b90, 
	0x4b90, 0x4b90, 0x4b90, 0x4b90, 0x4b90, 0x4b90, 0x4b90, 0x4b90, 0x4b90, 0x4b90, 0x4b90, 0x4b90, 0x4b90, 0x4b90, 0x4b90, 0x4b90, 
	0x4b90, 0x4b90, 0x4b90, 0x4b90, 0x4b90, 0x4b90, 0x4b90, 0x4b90, 0x4b90, 0x4b90, 0x4b90, 0x4b90, 0x4b90, 0x4b90, 0x4b90, 0x4b90, 
	0x4b90, 0x4b90, 0x4b90, 0x4b90, 0x4b90, 0x4b90, 0x4b90, 0x4b90, 0x4b90, 0x4b90, 0x4b90, 0x4b90, 0x4b90, 0x4b90, 0x4b90, 0x4b90, 
	0x4b90, 0x4b90, 0x4b90, 0x4b90, 0x4b90, 0x4b90, 0x4b90, 0x4b90, 0x4b90, 0x4b90, 0x4b90, 0x4b90, 0x4b90, 0x5390, 0x7bef, 0x0000, 
	0x7bcf, 0x4b90, 0x4b90, 0x4b90, 0x4b90, 0x4b90, 0x4b90, 0x4b90, 0x4b90, 0x4b90, 0x4b90, 0x4b90, 0x4b90, 0x4b90, 0x4b90, 0x4b90, 
	0x4b90, 0x4b90, 0x4b90, 0x4b90, 0x4b90, 0x4b90, 0x4b90, 0x4b90, 0x4b90, 0x4b90, 0x4b90, 0x4b90, 0x4b90, 0x4b90, 0x4b90, 0x4b90, 
	0x4b90, 0x4b90, 0x4b90, 0x4b90, 0x4b90, 0x4b90, 0x4b90, 0x4b90, 0x4b90, 0x4b90, 0x4b90, 0x4b90, 0x4b90, 0x4b90, 0x4b90, 0x4b90, 
	0x4b90, 0x4b90, 0x4b90, 0x4b90, 0x4b90, 0x4b90, 0x4b90, 0x4b90, 0x4b90, 0x4b90, 0x4b90, 0x4b90, 0x4b90, 0x4b90, 0x4b90, 0x4b90, 
	0x4b90, 0x4b90, 0x4b90, 0x4b90, 0x4b90, 0x4b90, 0x4b90, 0x4b90, 0x4b90, 0x4b90, 0x4b90, 0x4b90, 0x4b90, 0x4b90, 0x4b90, 0x4b90, 
	0x4b90, 0x4b90, 0x4b90, 0x4b90, 0x4b90, 0x4b90, 0x4b90, 0x4b90, 0x4b90, 0x4b90, 0x4b90, 0x4b90, 0x4b90, 0x4b90, 0x4b90, 0x4b90, 
	0x4b90, 0x4b90, 0x4b90, 0x4b90, 0x4b90, 0x4b90, 0x4b90, 0x4b90, 0x4b90, 0x4b90, 0x4b90, 0x4b90, 0x4b90, 0x4b90, 0x4b90, 0x4b90, 
	0x4b90, 0x4b90, 0x4b90, 0x4b90, 0x4b90, 0x4b90, 0x4b90, 0x4b90, 0x4b90, 0x4b90, 0x4b90, 0x4b90, 0x4b90, 0x4b90, 0x4b90, 0x4b90, 
	0x4b90, 0x4b90, 0x4b90, 0x4b90, 0x4b90, 0x4b90, 0x4b90, 0x4b90, 0x4b90, 0x4b90, 0x4b90, 0x4b90, 0x4b90, 0x4b90, 0x4b90, 0x4b90, 
	0x4b90, 0x4b90, 0x4b90, 0x4b90, 0x4b90, 0x4b90, 0x4b90, 0x4b90, 0x4b90, 0x4b90, 0x4b90, 0x4b90, 0x4b90, 0x5390, 0x7bef, 0x0000, 
	0x7bef, 0x4b90, 0x4b90, 0x4b90, 0x4b90, 0x4b90, 0x4b90, 0x4b90, 0x4b90, 0x4b90, 0x4b90, 0x4b90, 0x4b90, 0x4b90, 0x4b90, 0x4b90, 
	0x4b90, 0x4b90, 0x4b90, 0x4b90, 0x4b90, 0x4b90, 0x4b90, 0x4b90, 0x4b90, 0x4b90, 0x4b90, 0x4b90, 0x4b90, 0x4b90, 0x4b90, 0x4b90, 
	0x4b90, 0x4b90, 0x4b90, 0x4b90, 0x4b90, 0x4b90, 0x4b90, 0x4b90, 0x4b90, 0x4b90, 0x4b90, 0x4b90, 0x4b90, 0x4b90, 0x4b90, 0x4b90, 
	0x4b90, 0x4b90, 0x4b90, 0x4b90, 0x4b90, 0x4b90, 0x4b90, 0x4b90, 0x4b90, 0x4b90, 0x4b90, 0x4b90, 0x4b90, 0x4b90, 0x4b90, 0x4b90, 
	0x4b90, 0x4b90, 0x4b90, 0x4b90, 0x4b90, 0x4b90, 0x4b90, 0x4b90, 0x4b90, 0x4b90, 0x4b90, 0x4b90, 0x4b90, 0x4b90, 0x4b90, 0x4b90, 
	0x4b90, 0x4b90, 0x4b90, 0x4b90, 0x4b90, 0x4b90, 0x4b90, 0x4b90, 0x4b90, 0x4b90, 0x4b90, 0x4b90, 0x4b90, 0x4b90, 0x4b90, 0x4b90, 
	0x4b90, 0x4b90, 0x4b90, 0x4b90, 0x4b90, 0x4b90, 0x4b90, 0x4b90, 0x4b90, 0x4b90, 0x4b90, 0x4b90, 0x4b90, 0x4b90, 0x4b90, 0x4b90, 
	0x4b90, 0x4b90, 0x4b90, 0x4b90, 0x4b90, 0x4b90, 0x4b90, 0x4b90, 0x4b90, 0x4b90, 0x4b90, 0x4b90, 0x4b90, 0x4b90, 0x4b90, 0x4b90, 
	0x4b90, 0x4b90, 0x4b90, 0x4b90, 0x4b90, 0x4b90, 0x4b90, 0x4b90, 0x4b90, 0x4b90, 0x4b90, 0x4b90, 0x4b90, 0x4b90, 0x4b90, 0x4b90, 
	0x4b90, 0x4b90, 0x4b90, 0x4b90, 0x4b90, 0x4b90, 0x4b90, 0x4b90, 0x4b90, 0x4b90, 0x4b90, 0x4b90, 0x4b90, 0x5390, 0x7bef, 0x0000, 
	0x7bef, 0x4b90, 0x4b90, 0x4b90, 0x4b90, 0x4b90, 0x4b90, 0x4b90, 0x4b90, 0x4b90, 0x4b90, 0x4b90, 0x4b90, 0x4b90, 0x4b90, 0x4b90, 
	0x4b90, 0x4b90, 0x4b90, 0x4b90, 0x4b90, 0x4b90, 0x4b90, 0x4b90, 0x4b90, 0x4b90, 0x4b90, 0x4b90, 0x4b90, 0x4b90, 0x4b90, 0x4b90, 
	0x4b90, 0x4b90, 0x4b90, 0x4b90, 0x4b90, 0x4b90, 0x4b90, 0x4b90, 0x4b90, 0x4b90, 0x4b90, 0x4b90, 0x4b90, 0x4b90, 0x4b90, 0x4b90, 
	0x4b90, 0x4b90, 0x4b90, 0x4b90, 0x4b90, 0x4b90, 0x4b90, 0x4b90, 0x4b90, 0x4b90, 0x4b90, 0x4b90, 0x4b90, 0x4b90, 0x4b90, 0x4b90, 
	0x4b90, 0x4b90, 0x4b90, 0x4b90, 0x4b90, 0x4b90, 0x4b90, 0x4b90, 0x4b90, 0x4b90, 0x4b90, 0x4b90, 0x4b90, 0x4b90, 0x4b90, 0x4b90, 
	0x4b90, 0x4b90, 0x4b90, 0x4b90, 0x4b90, 0x4b90, 0x4b90, 0x4b90, 0x4b90, 0x4b90, 0x4b90, 0x4b90, 0x4b90, 0x4b90, 0x4b90, 0x4b90, 
	0x4b90, 0x4b90, 0x4b90, 0x4b90, 0x4b90, 0x4b90, 0x4b90, 0x4b90, 0x4b90, 0x4b90, 0x4b90, 0x4b90, 0x4b90, 0x4b90, 0x4b90, 0x4b90, 
	0x4b90, 0x4b90, 0x4b90, 0x4b90, 0x4b90, 0x4b90, 0x4b90, 0x4b90, 0x4b90, 0x4b90, 0x4b90, 0x4b90, 0x4b90, 0x4b90, 0x4b90, 0x4b90, 
	0x4b90, 0x4b90, 0x4b90, 0x4b90, 0x4b90, 0x4b90, 0x4b90, 0x4b90, 0x4b90, 0x4b90, 0x4b90, 0x4b90, 0x4b90, 0x4b90, 0x4b90, 0x4b90, 
	0x4b90, 0x4b90, 0x4b90, 0x4b90, 0x4b90, 0x4b90, 0x4b90, 0x4b90, 0x4b90, 0x4b90, 0x4b90, 0x4b90, 0x4b90, 0x5390, 0x7bef, 0x0000, 
	0x7bef, 0x4b90, 0x4b90, 0x4b90, 0x4b90, 0x4b90, 0x4b90, 0x4b90, 0x4b90, 0x4b90, 0x4b90, 0x4b90, 0x4b90, 0x4b90, 0x4b90, 0x4b90, 
	0x4b90, 0x4b90, 0x4b90, 0x4b90, 0x4b90, 0x4b90, 0x4b90, 0x4b90, 0x4b90, 0x4b90, 0x4b90, 0x4b90, 0x4b90, 0x4b90, 0x4b90, 0x4b90, 
	0x4b90, 0x4b90, 0x4b90, 0x4b90, 0x4b90, 0x4b90, 0x4b90, 0x4b90, 0x4b90, 0x4b90, 0x4b90, 0x4b90, 0x4b90, 0x4b90, 0x4b90, 0x4b90, 
	0x4b90, 0x4b90, 0x4b90, 0x4b90, 0x4b90, 0x4b90, 0x4b90, 0x4b90, 0x4b90, 0x4b90, 0x4b90, 0x4b90, 0x4b90, 0x4b90, 0x4b90, 0x4b90, 
	0x4b90, 0x4b90, 0x4b90, 0x4b90, 0x4b90, 0x4b90, 0x4b90, 0x4b90, 0x4b90, 0x4b90, 0x4b90, 0x4b90, 0x4b90, 0x4b90, 0x4b90, 0x4b90, 
	0x4b90, 0x4b90, 0x4b90, 0x4b90, 0x4b90, 0x4b90, 0x4b90, 0x4b90, 0x4b90, 0x4b90, 0x4b90, 0x4b90, 0x4b90, 0x4b90, 0x4b90, 0x4b90, 
	0x4b90, 0x4b90, 0x4b90, 0x4b90, 0x4b90, 0x4b90, 0x4b90, 0x4b90, 0x4b90, 0x4b90, 0x4b90, 0x4b90, 0x4b90, 0x4b90, 0x4b90, 0x4b90, 
	0x4b90, 0x4b90, 0x4b90, 0x4b90, 0x4b90, 0x4b90, 0x4b90, 0x4b90, 0x4b90, 0x4b90, 0x4b90, 0x4b90, 0x4b90, 0x4b90, 0x4b90, 0x4b90, 
	0x4b90, 0x4b90, 0x4b90, 0x4b90, 0x4b90, 0x4b90, 0x4b90, 0x4b90, 0x4b90, 0x4b90, 0x4b90, 0x4b90, 0x4b90, 0x4b90, 0x4b90, 0x4b90, 
	0x4b90, 0x4b90, 0x4b90, 0x4b90, 0x4b90, 0x4b90, 0x4b90, 0x4b90, 0x4b90, 0x4b90, 0x4b90, 0x4b90, 0x4b90, 0x5390, 0x7bef, 0x0000, 
	0x7bef, 0x63af, 0x63af, 0x63af, 0x63af, 0x63af, 0x63af, 0x63af, 0x63af, 0x63af, 0x63af, 0x63af, 0x63af, 0x63af, 0x63af, 0x63af, 
	0x63af, 0x63af, 0x63af, 0x63af, 0x63af, 0x63af, 0x63af, 0x63af, 0x63af, 0x63af, 0x63af, 0x63af, 0x63af, 0x63af, 0x63af, 0x63af, 
	0x63af, 0x63af, 0x63af, 0x63af, 0x63af, 0x63af, 0x63af, 0x63af, 0x63af, 0x63af, 0x63af, 0x63af, 0x63af, 0x63af, 0x63af, 0x63af, 
	0x63af, 0x63af, 0x63af, 0x63af, 0x63af, 0x63af, 0x63af, 0x63af, 0x63af, 0x63af, 0x63af, 0x63af, 0x63af, 0x63af, 0x63af, 0x63af, 
	0x63af, 0x63af, 0x63af, 0x63af, 0x63af, 0x63af, 0x63af, 0x63af, 0x63af, 0x63af, 0x63af, 0x63af, 0x63af, 0x63af, 0x63af, 0x63af, 
	0x63af, 0x63af, 0x63af, 0x63af, 0x63af, 0x63af, 0x63af, 0x63af, 0x63af, 0x63af, 0x63af, 0x63af, 0x63af, 0x63af, 0x63af, 0x63af, 
	0x63af, 0x63af, 0x63af, 0x63af, 0x63af, 0x63af, 0x63af, 0x63af, 0x63af, 0x63af, 0x63af, 0x63af, 0x63af, 0x63af, 0x63af, 0x63af, 
	0x63af, 0x63af, 0x63af, 0x63af, 0x63af, 0x63af, 0x63af, 0x63af, 0x63af, 0x63af, 0x63af, 0x63af, 0x63af, 0x63af, 0x63af, 0x63af, 
	0x63af, 0x63af, 0x63af, 0x63af, 0x63af, 0x63af, 0x63af, 0x63af, 0x63af, 0x63af, 0x63af, 0x63af, 0x63af, 0x63af, 0x63af, 0x63af, 
	0x63af, 0x63af, 0x63af, 0x63af, 0x63af, 0x63af, 0x63af, 0x63af, 0x63af, 0x63af, 0x63af, 0x63af, 0x63af, 0x63af, 0x7bef, 0x0000, 
	0x8410, 0x7c0f, 0x7c10, 0x83ef, 0x7c10, 0x83ef, 0x7c10, 0x7bef, 0x7c10, 0x7bef, 0x7c10, 0x7bef, 0x7c10, 0x7bef, 0x7bf0, 0x7bef, 
	0x7bf0, 0x7bef, 0x7bef, 0x7bef, 0x7bef, 0x7bf0, 0x7bef, 0x7bf0, 0x7bef, 0x7c10, 0x7bef, 0x7c10, 0x7bef, 0x7c10, 0x7bef, 0x7c10, 
	0x83ef, 0x7c10, 0x83ef, 0x7c10, 0x83ef, 0x7c10, 0x83ef, 0x8410, 0x83ef, 0x8410, 0x83ef, 0x8410, 0x83ef, 0x8410, 0x83ef, 0x8410, 
	0x83ef, 0x8410, 0x83ef, 0x8410, 0x83ef, 0x83f0, 0x83ef, 0x83f0, 0x83ef, 0x83ef, 0x83ef, 0x83ef, 0x83f0, 0x83ef, 0x83f0, 0x83ef, 
	0x8410, 0x83ef, 0x8410, 0x83f0, 0x8410, 0x83f0, 0x8410, 0x83f0, 0x8410, 0x83f0, 0x8410, 0x83f0, 0x8410, 0x83f0, 0x8410, 0x83f0, 
	0x8410, 0x7bf0, 0x8410, 0x7bf0, 0x7c10, 0x7bf0, 0x7c10, 0x7bf0, 0x7c10, 0x7bf0, 0x7c10, 0x7bf0, 0x7bf0, 0x7bf0, 0x7bf0, 0x7bf0, 
	0x7bf0, 0x7bf0, 0x7bf0, 0x7bf0, 0x7bf0, 0x7c10, 0x7bf0, 0x7c10, 0x7bf0, 0x7c10, 0x7bf0, 0x7c10, 0x7bf0, 0x8410, 0x7bf0, 0x8410, 
	0x7bf0, 0x8410, 0x7bf0, 0x8410, 0x7bf0, 0x8410, 0x7c10, 0x8410, 0x7c10, 0x83f0, 0x7c10, 0x7bf0, 0x7c10, 0x7bf0, 0x7c10, 0x7bf0, 
	0x7c10, 0x7bf0, 0x7bf0, 0x7bf0, 0x7bf0, 0x7bf0, 0x7bf0, 0x7bf0, 0x7bf0, 0x7bf0, 0x7bf0, 0x7bf0, 0x7bf0, 0x7c10, 0x7bf0, 0x7c10, 
	0x7bf0, 0x7c10, 0x7bf0, 0x7c10, 0x83f0, 0x7c10, 0x83f0, 0x7c10, 0x83f0, 0x7c10, 0x83f0, 0x7c10, 0x83f0, 0x7bef, 0x8410, 0x0000
};

// Array of all bitmaps for convenience. (Total bytes used to store images in PROGMEM = 20496)
const int secar_imgallArray_LEN = 1;
const uint16_t* secar_imgallArray[1] = {
	secar_img
};
