// 'water_img', 160x128px
const uint16_t water_img [] PROGMEM = {
	0x8410, 0x8410, 0x8410, 0x8410, 0x8410, 0x8410, 0x8410, 0x8410, 0x8410, 0x8410, 0x8410, 0x8410, 0x8410, 0x8410, 0x8410, 0x8410, 
	0x8410, 0x8410, 0x8410, 0x8410, 0x8410, 0x8410, 0x8410, 0x8410, 0x8410, 0x8410, 0x8410, 0x8410, 0x8410, 0x8410, 0x8410, 0x8410, 
	0x8410, 0x8410, 0x8410, 0x8410, 0x8410, 0x8410, 0x8410, 0x8410, 0x8410, 0x8410, 0x8410, 0x8410, 0x8410, 0x8410, 0x8410, 0x8410, 
	0x8410, 0x8410, 0x8410, 0x8410, 0x8410, 0x8410, 0x8410, 0x8410, 0x8410, 0x8410, 0x8410, 0x8410, 0x8410, 0x8410, 0x8410, 0x8410, 
	0x8410, 0x8410, 0x8410, 0x8410, 0x8410, 0x8410, 0x8410, 0x8410, 0x8410, 0x8410, 0x8410, 0x8410, 0x8410, 0x8410, 0x8410, 0x8410, 
	0x8410, 0x8410, 0x8410, 0x8410, 0x8410, 0x8410, 0x8410, 0x8410, 0x8410, 0x8410, 0x8410, 0x8410, 0x8410, 0x8410, 0x8410, 0x8410, 
	0x8410, 0x8410, 0x8410, 0x8410, 0x8410, 0x8410, 0x8410, 0x8410, 0x8410, 0x8410, 0x8410, 0x8410, 0x8410, 0x8410, 0x8410, 0x8410, 
	0x8410, 0x8410, 0x8410, 0x8410, 0x8410, 0x8410, 0x8410, 0x8410, 0x8410, 0x8410, 0x8410, 0x8410, 0x8410, 0x8410, 0x8410, 0x8410, 
	0x8410, 0x8410, 0x8410, 0x8410, 0x8410, 0x8410, 0x8410, 0x8410, 0x8410, 0x8410, 0x8410, 0x8410, 0x8410, 0x8410, 0x8410, 0x8410, 
	0x8410, 0x8410, 0x8410, 0x8410, 0x8410, 0x8410, 0x8410, 0x8410, 0x8410, 0x8410, 0x8410, 0x8410, 0x8410, 0x8410, 0x8410, 0x8410, 
	0x8410, 0x8410, 0x7bef, 0x7bef, 0x7bef, 0x7bef, 0x7bef, 0x7bef, 0x7bef, 0x7bef, 0x7bef, 0x7bef, 0x7bef, 0x7bef, 0x7bef, 0x7bef, 
	0x7bef, 0x7bef, 0x7bef, 0x7bef, 0x7bef, 0x7bef, 0x7bef, 0x7bef, 0x7bef, 0x7bef, 0x7bef, 0x7bef, 0x7bef, 0x7bef, 0x7bef, 0x7bef, 
	0x7bef, 0x7bef, 0x7bef, 0x7bef, 0x7bef, 0x7bef, 0x7bef, 0x7bef, 0x7bef, 0x7bef, 0x7bef, 0x7bef, 0x7bef, 0x7bef, 0x7bef, 0x7bef, 
	0x7bef, 0x7bef, 0x7bef, 0x7bef, 0x7bef, 0x7bef, 0x7bef, 0x7bef, 0x7bef, 0x7bef, 0x7bef, 0x7bef, 0x7bef, 0x7bef, 0x7bef, 0x7bef, 
	0x7bef, 0x7bef, 0x7bef, 0x7bef, 0x7bef, 0x7bef, 0x7bef, 0x7bef, 0x7bef, 0x7bef, 0x7bef, 0x7bef, 0x7bef, 0x7bef, 0x7bef, 0x7bef, 
	0x7bef, 0x7bef, 0x7bef, 0x7bef, 0x7bef, 0x7bef, 0x7bef, 0x7bef, 0x7bef, 0x7bef, 0x7bef, 0x7bef, 0x7bef, 0x7bef, 0x7bef, 0x7bef, 
	0x7bef, 0x7bef, 0x7bef, 0x7bef, 0x7bef, 0x7bef, 0x7bef, 0x7bef, 0x7bef, 0x7bef, 0x7bef, 0x7bef, 0x7bef, 0x7bef, 0x7bef, 0x7bef, 
	0x7bef, 0x7bef, 0x7bef, 0x7bef, 0x7bef, 0x7bef, 0x7bef, 0x7bef, 0x7bef, 0x7bef, 0x7bef, 0x7bef, 0x7bef, 0x7bef, 0x7bef, 0x7bef, 
	0x7bef, 0x7bef, 0x7bef, 0x7bef, 0x7bef, 0x7bef, 0x7bef, 0x7bef, 0x7bef, 0x7bef, 0x7bef, 0x7bef, 0x7bef, 0x7bef, 0x7bef, 0x7bef, 
	0x7bef, 0x7bef, 0x7bef, 0x7bef, 0x7bef, 0x7bef, 0x7bef, 0x7bef, 0x7bef, 0x7bef, 0x7bef, 0x7bef, 0x7bef, 0x7bef, 0x7bef, 0x7c0f, 
	0x8410, 0x7c10, 0x6bcf, 0x5bb0, 0x5bb0, 0x5bb0, 0x5bb0, 0x5bb0, 0x5bb0, 0x5bb0, 0x5bb0, 0x5bb0, 0x5bb0, 0x5bb0, 0x5bb0, 0x5bb0, 
	0x5bb0, 0x5bb0, 0x5bb0, 0x5bb0, 0x5bb0, 0x5bb0, 0x5bb0, 0x5bb0, 0x5bb0, 0x5bb0, 0x5bb0, 0x5bb0, 0x5bb0, 0x5bb0, 0x5bb0, 0x5bb0, 
	0x5bb0, 0x5bb0, 0x5bb0, 0x5bb0, 0x5bb0, 0x5bb0, 0x5bb0, 0x5bb0, 0x5bb0, 0x5bb0, 0x5bb0, 0x5bb0, 0x5bb0, 0x5bb0, 0x5bb0, 0x5bb0, 
	0x5bb0, 0x5bb0, 0x5bb0, 0x5bb0, 0x5bb0, 0x5bb0, 0x5bb0, 0x5bb0, 0x5bb0, 0x5bb0, 0x5bb0, 0x5bb0, 0x5bb0, 0x5bb0, 0x5bb0, 0x5bb0, 
	0x5bb0, 0x5bb0, 0x5bb0, 0x5bb0, 0x5bb0, 0x5bb0, 0x5bb0, 0x5bb0, 0x5bb0, 0x5bb0, 0x5bb0, 0x5bb0, 0x5bb0, 0x5bb0, 0x5bb0, 0x5bb0, 
	0x5bb0, 0x5bb0, 0x5bb0, 0x5bb0, 0x5bb0, 0x5bb0, 0x5bb0, 0x5bb0, 0x5bb0, 0x5bb0, 0x5bb0, 0x5bb0, 0x5bb0, 0x5bb0, 0x5bb0, 0x5bb0, 
	0x5bb0, 0x5bb0, 0x5bb0, 0x5bb0, 0x5bb0, 0x5bb0, 0x5bb0, 0x5bb0, 0x5bb0, 0x5bb0, 0x5bb0, 0x5bb0, 0x5bb0, 0x5bb0, 0x5bb0, 0x5bb0, 
	0x5bb0, 0x5bb0, 0x5bb0, 0x5bb0, 0x5bb0, 0x5bb0, 0x5bb0, 0x5bb0, 0x5bb0, 0x5bb0, 0x5bb0, 0x5bb0, 0x5bb0, 0x5bb0, 0x5bb0, 0x5bb0, 
	0x5bb0, 0x5bb0, 0x5bb0, 0x5bb0, 0x5bb0, 0x5bb0, 0x5bb0, 0x5bb0, 0x5bb0, 0x5bb0, 0x5bb0, 0x5bb0, 0x5bb0, 0x5bb0, 0x5bb0, 0x5bb0, 
	0x5bb0, 0x5bb0, 0x5bb0, 0x5bb0, 0x5bb0, 0x5bb0, 0x5bb0, 0x5bb0, 0x5bb0, 0x5bb0, 0x5bb0, 0x5bb0, 0x5bb0, 0x5bb0, 0x5bb0, 0x7bef, 
	0x8410, 0x7c10, 0x6bcf, 0x5bb0, 0x5bb0, 0x5bb0, 0x5bb0, 0x5bb0, 0x5bb0, 0x5bb0, 0x5bb0, 0x5bb0, 0x5bb0, 0x5bb0, 0x5bb0, 0x5bb0, 
	0x5bb0, 0x5bb0, 0x5bb0, 0x5bb0, 0x5bb0, 0x5bb0, 0x5bb0, 0x5bb0, 0x5bb0, 0x5bb0, 0x5bb0, 0x5bb0, 0x5bb0, 0x5bb0, 0x5bb0, 0x5bb0, 
	0x5bb0, 0x5bb0, 0x5bb0, 0x5bb0, 0x5bb0, 0x5bb0, 0x5bb0, 0x5bb0, 0x5bb0, 0x5bb0, 0x5bb0, 0x5bb0, 0x5bb0, 0x5bb0, 0x5bb0, 0x5bb0, 
	0x5bb0, 0x5bb0, 0x5bb0, 0x5bb0, 0x5bb0, 0x5bb0, 0x5bb0, 0x5bb0, 0x5bb0, 0x5bb0, 0x5bb0, 0x5bb0, 0x5bb0, 0x5bb0, 0x5bb0, 0x5bb0, 
	0x5bb0, 0x5bb0, 0x5bb0, 0x5bb0, 0x5bb0, 0x5bb0, 0x5bb0, 0x5bb0, 0x5bb0, 0x5bb0, 0x5bb0, 0x5bb0, 0x5bb0, 0x5bb0, 0x5bb0, 0x5bb0, 
	0x5bb0, 0x5bb0, 0x5bb0, 0x5bb0, 0x5bb0, 0x5bb0, 0x5bb0, 0x5bb0, 0x5bb0, 0x5bb0, 0x5bb0, 0x5bb0, 0x5bb0, 0x5bb0, 0x5bb0, 0x5bb0, 
	0x5bb0, 0x5bb0, 0x5bb0, 0x5bb0, 0x5bb0, 0x5bb0, 0x5bb0, 0x5bb0, 0x5bb0, 0x5bb0, 0x5bb0, 0x5bb0, 0x5bb0, 0x5bb0, 0x5bb0, 0x5bb0, 
	0x5bb0, 0x5bb0, 0x5bb0, 0x5bb0, 0x5bb0, 0x5bb0, 0x5bb0, 0x5bb0, 0x5bb0, 0x5bb0, 0x5bb0, 0x5bb0, 0x5bb0, 0x5bb0, 0x5bb0, 0x5bb0, 
	0x5bb0, 0x5bb0, 0x5bb0, 0x5bb0, 0x5bb0, 0x5bb0, 0x5bb0, 0x5bb0, 0x5bb0, 0x5bb0, 0x5bb0, 0x5bb0, 0x5bb0, 0x5bb0, 0x5bb0, 0x5bb0, 
	0x5bb0, 0x5bb0, 0x5bb0, 0x5bb0, 0x5bb0, 0x5bb0, 0x5bb0, 0x5bb0, 0x5bb0, 0x5bb0, 0x5bb0, 0x5bb0, 0x5bb0, 0x5bb0, 0x5bb0, 0x7bef, 
	0x8410, 0x7c10, 0x6bcf, 0x5bb0, 0x5bb0, 0x5bb0, 0x5bb0, 0x5bb0, 0x5bb0, 0x5bb0, 0x5bb0, 0x5bb0, 0x5bb0, 0x5bb0, 0x5bb0, 0x5bb0, 
	0x5bb0, 0x5bb0, 0x5bb0, 0x5bb0, 0x5bb0, 0x5bb0, 0x5bb0, 0x5bb0, 0x5bb0, 0x5bb0, 0x5bb0, 0x5bb0, 0x5bb0, 0x5bb0, 0x5bb0, 0x5bb0, 
	0x5bb0, 0x5bb0, 0x5bb0, 0x5bb0, 0x5bb0, 0x5bb0, 0x5bb0, 0x5bb0, 0x5bb0, 0x5bb0, 0x5bb0, 0x5bb0, 0x5bb0, 0x5bb0, 0x5bb0, 0x5bb0, 
	0x5bb0, 0x5bb0, 0x5bb0, 0x5bb0, 0x5bb0, 0x5bb0, 0x5bb0, 0x5bb0, 0x5bb0, 0x5bb0, 0x5bb0, 0x5bb0, 0x5bb0, 0x5bb0, 0x5bb0, 0x5bb0, 
	0x5bb0, 0x5bb0, 0x5bb0, 0x5bb0, 0x5bb0, 0x5bb0, 0x5bb0, 0x5bb0, 0x5bb0, 0x5bb0, 0x5bb0, 0x5bb0, 0x5bb0, 0x5bb0, 0x5bb0, 0x5bb0, 
	0x5bb0, 0x5bb0, 0x5bb0, 0x5bb0, 0x5bb0, 0x5bb0, 0x5bb0, 0x5bb0, 0x5bb0, 0x5bb0, 0x5bb0, 0x5bb0, 0x5bb0, 0x5bb0, 0x5bb0, 0x5bb0, 
	0x5bb0, 0x5bb0, 0x5bb0, 0x5bb0, 0x5bb0, 0x5bb0, 0x5bb0, 0x5bb0, 0x5bb0, 0x5bb0, 0x5bb0, 0x5bb0, 0x5bb0, 0x5bb0, 0x5bb0, 0x5bb0, 
	0x5bb0, 0x5bb0, 0x5bb0, 0x5bb0, 0x5bb0, 0x5bb0, 0x5bb0, 0x5bb0, 0x5bb0, 0x5bb0, 0x5bb0, 0x5bb0, 0x5bb0, 0x5bb0, 0x5bb0, 0x5bb0, 
	0x5bb0, 0x5bb0, 0x5bb0, 0x5bb0, 0x5bb0, 0x5bb0, 0x5bb0, 0x5bb0, 0x5bb0, 0x5bb0, 0x5bb0, 0x5bb0, 0x5bb0, 0x5bb0, 0x5bb0, 0x5bb0, 
	0x5bb0, 0x5bb0, 0x5bb0, 0x5bb0, 0x5bb0, 0x5bb0, 0x5bb0, 0x5bb0, 0x5bb0, 0x5bb0, 0x5bb0, 0x5bb0, 0x5bb0, 0x5bb0, 0x5bb0, 0x7bef, 
	0x8410, 0x7c10, 0x6bcf, 0x5bb0, 0x5bb0, 0x5bb0, 0x5bb0, 0x5bb0, 0x5bb0, 0x5bb0, 0x5bb0, 0x5bb0, 0x5bb0, 0x5bb0, 0x5bb0, 0x5bb0, 
	0x5bb0, 0x5bb0, 0x5bb0, 0x5bb0, 0x5bb0, 0x5bb0, 0x5bb0, 0x5bb0, 0x5bb0, 0x5bb0, 0x5bb0, 0x5bb0, 0x5bb0, 0x5bb0, 0x5bb0, 0x5bb0, 
	0x5bb0, 0x5bb0, 0x5bb0, 0x5bb0, 0x5bb0, 0x5bb0, 0x5bb0, 0x5bb0, 0x5bb0, 0x5bb0, 0x5bb0, 0x5bb0, 0x5bb0, 0x5bb0, 0x5bb0, 0x5bb0, 
	0x5bb0, 0x5bb0, 0x5bb0, 0x5bb0, 0x5bb0, 0x5bb0, 0x5bb0, 0x5bb0, 0x5bb0, 0x5bb0, 0x5bb0, 0x5bb0, 0x5bb0, 0x5bb0, 0x5bb0, 0x5bb0, 
	0x5bb0, 0x5bb0, 0x5bb0, 0x5bb0, 0x5bb0, 0x5bb0, 0x5bb0, 0x5bb0, 0x5bb0, 0x5bb0, 0x5bb0, 0x5bb0, 0x5bb0, 0x5bb0, 0x5bb0, 0x5bb0, 
	0x5bb0, 0x5bb0, 0x5bb0, 0x5bb0, 0x5bb0, 0x5bb0, 0x5bb0, 0x5bb0, 0x5bb0, 0x5bb0, 0x5bb0, 0x5bb0, 0x5bb0, 0x5bb0, 0x5bb0, 0x5bb0, 
	0x5bb0, 0x5bb0, 0x5bb0, 0x5bb0, 0x5bb0, 0x5bb0, 0x5bb0, 0x5bb0, 0x5bb0, 0x5bb0, 0x5bb0, 0x5bb0, 0x5bb0, 0x5bb0, 0x5bb0, 0x5bb0, 
	0x5bb0, 0x5bb0, 0x5bb0, 0x5bb0, 0x5bb0, 0x5bb0, 0x5bb0, 0x5bb0, 0x5bb0, 0x5bb0, 0x5bb0, 0x5bb0, 0x5bb0, 0x5bb0, 0x5bb0, 0x5bb0, 
	0x5bb0, 0x5bb0, 0x5bb0, 0x5bb0, 0x5bb0, 0x5bb0, 0x5bb0, 0x5bb0, 0x5bb0, 0x5bb0, 0x5bb0, 0x5bb0, 0x5bb0, 0x5bb0, 0x5bb0, 0x5bb0, 
	0x5bb0, 0x5bb0, 0x5bb0, 0x5bb0, 0x5bb0, 0x5bb0, 0x5bb0, 0x5bb0, 0x5bb0, 0x5bb0, 0x5bb0, 0x5bb0, 0x5bb0, 0x5bb0, 0x5bb0, 0x7bef, 
	0x8410, 0x7c10, 0x6bcf, 0x5bb0, 0x5bb0, 0x5bb0, 0x5bb0, 0x5bb0, 0x5bb0, 0x5bb0, 0x5bb0, 0x5bb0, 0x5bb0, 0x5bb0, 0x5bb0, 0x5bb0, 
	0x5bb0, 0x5bb0, 0x5bb0, 0x5bb0, 0x5bb0, 0x5bb0, 0x5bb0, 0x5bb0, 0x5bb0, 0x5bb0, 0x5bb0, 0x5bb0, 0x5bb0, 0x5bb0, 0x5bb0, 0x5bb0, 
	0x5bb0, 0x5bb0, 0x5bb0, 0x5bb0, 0x5bb0, 0x5bb0, 0x5bb0, 0x5bb0, 0x5bb0, 0x5bb0, 0x5bb0, 0x5bb0, 0x5bb0, 0x5bb0, 0x5bb0, 0x5bb0, 
	0x5bb0, 0x5bb0, 0x5bb0, 0x5bb0, 0x5bb0, 0x5bb0, 0x5bb0, 0x5bb0, 0x5bb0, 0x5bb0, 0x5bb0, 0x5bb0, 0x5bb0, 0x5bb0, 0x5bb0, 0x5bb0, 
	0x5bb0, 0x5bb0, 0x5bb0, 0x5bb0, 0x5bb0, 0x5bb0, 0x5bb0, 0x5bb0, 0x5bb0, 0x5bb0, 0x5bb0, 0x5bb0, 0x5bb0, 0x5bb0, 0x5bb0, 0x5bb0, 
	0x5bb0, 0x5bb0, 0x5bb0, 0x5bb0, 0x5bb0, 0x5bb0, 0x5bb0, 0x5bb0, 0x5bb0, 0x5bb0, 0x5bb0, 0x5bb0, 0x5bb0, 0x5bb0, 0x5bb0, 0x5bb0, 
	0x5bb0, 0x5bb0, 0x5bb0, 0x5bb0, 0x5bb0, 0x5bb0, 0x5bb0, 0x5bb0, 0x5bb0, 0x5bb0, 0x5bb0, 0x5bb0, 0x5bb0, 0x5bb0, 0x5bb0, 0x5bb0, 
	0x5bb0, 0x5bb0, 0x5bb0, 0x5bb0, 0x5bb0, 0x5bb0, 0x5bb0, 0x5bb0, 0x5bb0, 0x5bb0, 0x5bb0, 0x5bb0, 0x5bb0, 0x5bb0, 0x5bb0, 0x5bb0, 
	0x5bb0, 0x5bb0, 0x5bb0, 0x5bb0, 0x5bb0, 0x5bb0, 0x5bb0, 0x5bb0, 0x5bb0, 0x5bb0, 0x5bb0, 0x5bb0, 0x5bb0, 0x5bb0, 0x5bb0, 0x5bb0, 
	0x5bb0, 0x5bb0, 0x5bb0, 0x5bb0, 0x5bb0, 0x5bb0, 0x5bb0, 0x5bb0, 0x5bb0, 0x5bb0, 0x5bb0, 0x5bb0, 0x5bb0, 0x5bb0, 0x5bb0, 0x7bef, 
	0x8410, 0x7c10, 0x6bcf, 0x5bb0, 0x5bb0, 0x5bb0, 0x5bb0, 0x5bb0, 0x5bb0, 0x5bb0, 0x5bb0, 0x5bb0, 0x5bb0, 0x5bb0, 0x5bb0, 0x5bb0, 
	0x5bb0, 0x5bb0, 0x5bb0, 0x5bb0, 0x5bb0, 0x5bb0, 0x5bb0, 0x5bb0, 0x5bb0, 0x5bb0, 0x5bb0, 0x5bb0, 0x5bb0, 0x5bb0, 0x5bb0, 0x5bb0, 
	0x5bb0, 0x5bb0, 0x5bb0, 0x5bb0, 0x5bb0, 0x5bb0, 0x5bb0, 0x5bb0, 0x5bb0, 0x5bb0, 0x5bb0, 0x5bb0, 0x5bb0, 0x5bb0, 0x5bb0, 0x5bb0, 
	0x5bb0, 0x5bb0, 0x5bb0, 0x5bb0, 0x5bb0, 0x5bb0, 0x5bb0, 0x5bb0, 0x5bb0, 0x5bb0, 0x5bb0, 0x5bb0, 0x5bb0, 0x5bb0, 0x5bb0, 0x5bb0, 
	0x5bb0, 0x5bb0, 0x5bb0, 0x5bb0, 0x5bb0, 0x5bb0, 0x5bb0, 0x5bb0, 0x5bb0, 0x5bb0, 0x5bb0, 0x5bb0, 0x5bb0, 0x5bb0, 0x5bb0, 0x5bb0, 
	0x5bb0, 0x5bb0, 0x5bb0, 0x5bb0, 0x5bb0, 0x5bb0, 0x5bb0, 0x5bb0, 0x5bb0, 0x5bb0, 0x5bb0, 0x5bb0, 0x5bb0, 0x5bb0, 0x5bb0, 0x5bb0, 
	0x5bb0, 0x5bb0, 0x5bb0, 0x5bb0, 0x5bb0, 0x5bb0, 0x5bb0, 0x5bb0, 0x5bb0, 0x5bb0, 0x5bb0, 0x5bb0, 0x5bb0, 0x5bb0, 0x5bb0, 0x5bb0, 
	0x5bb0, 0x5bb0, 0x5bb0, 0x5bb0, 0x5bb0, 0x5bb0, 0x5bb0, 0x5bb0, 0x5bb0, 0x5bb0, 0x5bb0, 0x5bb0, 0x5bb0, 0x5bb0, 0x5bb0, 0x5bb0, 
	0x5bb0, 0x5bb0, 0x5bb0, 0x5bb0, 0x5bb0, 0x5bb0, 0x5bb0, 0x5bb0, 0x5bb0, 0x5bb0, 0x5bb0, 0x5bb0, 0x5bb0, 0x5bb0, 0x5bb0, 0x5bb0, 
	0x5bb0, 0x5bb0, 0x5bb0, 0x5bb0, 0x5bb0, 0x5bb0, 0x5bb0, 0x5bb0, 0x5bb0, 0x5bb0, 0x5bb0, 0x5bb0, 0x5bb0, 0x5bb0, 0x5bb0, 0x7bef, 
	0x8410, 0x7c10, 0x6bcf, 0x5bb0, 0x5bb0, 0x5bb0, 0x5bb0, 0x5bb0, 0x5bb0, 0x5bb0, 0x5bb0, 0x5bb0, 0x5bb0, 0x5bb0, 0x5bb0, 0x5bb0, 
	0x5bb0, 0x5bb0, 0x5bb0, 0x5bb0, 0x5bb0, 0x5bb0, 0x5bb0, 0x5bb0, 0x5bb0, 0x5bb0, 0x5bb0, 0x5bb0, 0x5bb0, 0x5bb0, 0x5bb0, 0x5bb0, 
	0x5bb0, 0x5bb0, 0x5bb0, 0x5bb0, 0x5bb0, 0x5bb0, 0x5bb0, 0x5bb0, 0x5bb0, 0x5bb0, 0x5bb0, 0x5bb0, 0x5bb0, 0x5bb0, 0x5bb0, 0x5bb0, 
	0x5bb0, 0x5bb0, 0x5bb0, 0x5bb0, 0x5bb0, 0x5bb0, 0x5bb0, 0x5bb0, 0x5bb0, 0x5bb0, 0x5bb0, 0x5bb0, 0x5bb0, 0x5bb0, 0x5bb0, 0x5bb0, 
	0x5bb0, 0x5bb0, 0x5bb0, 0x5bb0, 0x5bb0, 0x5bb0, 0x5bb0, 0x5bb0, 0x5bb0, 0x5bb0, 0x5bb0, 0x5bb0, 0x5bb0, 0x5bb0, 0x5bb0, 0x5bb0, 
	0x5bb0, 0x5bb0, 0x5bb0, 0x5bb0, 0x5bb0, 0x5bb0, 0x5bb0, 0x5bb0, 0x5bb0, 0x5bb0, 0x5bb0, 0x5bb0, 0x5bb0, 0x5bb0, 0x5bb0, 0x5bb0, 
	0x5bb0, 0x5bb0, 0x5bb0, 0x5bb0, 0x5bb0, 0x5bb0, 0x5bb0, 0x5bb0, 0x5bb0, 0x5bb0, 0x5bb0, 0x5bb0, 0x5bb0, 0x5bb0, 0x5bb0, 0x5bb0, 
	0x5bb0, 0x5bb0, 0x5bb0, 0x5bb0, 0x5bb0, 0x5bb0, 0x5bb0, 0x5bb0, 0x5bb0, 0x5bb0, 0x5bb0, 0x5bb0, 0x5bb0, 0x5bb0, 0x5bb0, 0x5bb0, 
	0x5bb0, 0x5bb0, 0x5bb0, 0x5bb0, 0x5bb0, 0x5bb0, 0x5bb0, 0x5bb0, 0x5bb0, 0x5bb0, 0x5bb0, 0x5bb0, 0x5bb0, 0x5bb0, 0x5bb0, 0x5bb0, 
	0x5bb0, 0x5bb0, 0x5bb0, 0x5bb0, 0x5bb0, 0x5bb0, 0x5bb0, 0x5bb0, 0x5bb0, 0x5bb0, 0x5bb0, 0x5bb0, 0x5bb0, 0x5bb0, 0x5bb0, 0x7bef, 
	0x8410, 0x7c10, 0x6bcf, 0x5bb0, 0x5bb0, 0x5bb0, 0x5bb0, 0x5bb0, 0x5bb0, 0x5bb0, 0x5bb0, 0x5bb0, 0x5bb0, 0x5bb0, 0x5bb0, 0x5bb0, 
	0x5bb0, 0x5bb0, 0x5bb0, 0x5bb0, 0x5bb0, 0x5bb0, 0x5bb0, 0x5bb0, 0x5bb0, 0x5bb0, 0x5bb0, 0x5bb0, 0x5bb0, 0x5bb0, 0x5bb0, 0x5bb0, 
	0x5bb0, 0x5bb0, 0x5bb0, 0x5bb0, 0x5bb0, 0x5bb0, 0x5bb0, 0x5bb0, 0x5bb0, 0x5bb0, 0x5bb0, 0x5bb0, 0x5bb0, 0x5bb0, 0x5bb0, 0x5bb0, 
	0x5bb0, 0x5bb0, 0x5bb0, 0x5bb0, 0x5bb0, 0x5bb0, 0x5bb0, 0x5bb0, 0x5bb0, 0x5bb0, 0x5bb0, 0x5bb0, 0x5bb0, 0x5bb0, 0x5bb0, 0x5bb0, 
	0x5bb0, 0x5bb0, 0x5bb0, 0x5bb0, 0x5bb0, 0x5bb0, 0x5bb0, 0x5bb0, 0x5bb0, 0x5bb0, 0x5bb0, 0x5bb0, 0x5bb0, 0x5bb0, 0x5bb0, 0x5bb0, 
	0x5bb0, 0x5bb0, 0x5bb0, 0x5bb0, 0x5bb0, 0x5bb0, 0x5bb0, 0x5bb0, 0x5bb0, 0x5bb0, 0x5bb0, 0x5bb0, 0x5bb0, 0x5bb0, 0x5bb0, 0x5bb0, 
	0x5bb0, 0x5bb0, 0x5bb0, 0x5bb0, 0x5bb0, 0x5bb0, 0x5bb0, 0x5bb0, 0x5bb0, 0x5bb0, 0x5bb0, 0x5bb0, 0x5bb0, 0x5bb0, 0x5bb0, 0x5bb0, 
	0x5bb0, 0x5bb0, 0x5bb0, 0x5bb0, 0x5bb0, 0x5bb0, 0x5bb0, 0x5bb0, 0x5bb0, 0x5bb0, 0x5bb0, 0x5bb0, 0x5bb0, 0x5bb0, 0x5bb0, 0x5bb0, 
	0x5bb0, 0x5bb0, 0x5bb0, 0x5bb0, 0x5bb0, 0x5bb0, 0x5bb0, 0x5bb0, 0x5bb0, 0x5bb0, 0x5bb0, 0x5bb0, 0x5bb0, 0x5bb0, 0x5bb0, 0x5bb0, 
	0x5bb0, 0x5bb0, 0x5bb0, 0x5bb0, 0x5bb0, 0x5bb0, 0x5bb0, 0x5bb0, 0x5bb0, 0x5bb0, 0x5bb0, 0x5bb0, 0x5bb0, 0x5bb0, 0x5bb0, 0x7bef, 
	0x8410, 0x7c10, 0x6bcf, 0x5bb0, 0x5bb0, 0x5bb0, 0x5bb0, 0x5bb0, 0x5bb0, 0x5bb0, 0x5bb0, 0x5bb0, 0x5bb0, 0x5bb0, 0x5bb0, 0x5bb0, 
	0x5bb0, 0x5bb0, 0x5bb0, 0x5bb0, 0x5bb0, 0x5bb0, 0x5bb0, 0x5bb0, 0x5bb0, 0x5bb0, 0x5bb0, 0x5bb0, 0x5bb0, 0x5bb0, 0x5bb0, 0x5bb0, 
	0x5bb0, 0x5bb0, 0x5bb0, 0x5bb0, 0x5bb0, 0x5bb0, 0x5bb0, 0x5bb0, 0x5bb0, 0x5bb0, 0x5bb0, 0x5bb0, 0x5bb0, 0x5bb0, 0x5bb0, 0x5bb0, 
	0x5bb0, 0x5bb0, 0x5bb0, 0x5bb0, 0x5bb0, 0x5bb0, 0x5bb0, 0x5bb0, 0x5bb0, 0x5bb0, 0x5bb0, 0x5bb0, 0x5bb0, 0x5bb0, 0x5bb0, 0x5bb0, 
	0x5bb0, 0x5bb0, 0x5bb0, 0x5bb0, 0x5bb0, 0x5bb0, 0x5bb0, 0x5bb0, 0x5bb0, 0x5bb0, 0x5bb0, 0x5bb0, 0x5bb0, 0x5bb0, 0x5bb0, 0x5bb0, 
	0x5bb0, 0x5bb0, 0x5bb0, 0x5bb0, 0x5bb0, 0x5bb0, 0x5bb0, 0x5bb0, 0x5bb0, 0x5bb0, 0x5bb0, 0x5bb0, 0x5bb0, 0x5bb0, 0x5bb0, 0x5bb0, 
	0x5bb0, 0x5bb0, 0x5bb0, 0x5bb0, 0x5bb0, 0x5bb0, 0x5bb0, 0x5bb0, 0x5bb0, 0x5bb0, 0x5bb0, 0x5bb0, 0x5bb0, 0x5bb0, 0x5bb0, 0x5bb0, 
	0x5bb0, 0x5bb0, 0x5bb0, 0x5bb0, 0x5bb0, 0x5bb0, 0x5bb0, 0x5bb0, 0x5bb0, 0x5bb0, 0x5bb0, 0x5bb0, 0x5bb0, 0x5bb0, 0x5bb0, 0x5bb0, 
	0x5bb0, 0x5bb0, 0x5bb0, 0x5bb0, 0x5bb0, 0x5bb0, 0x5bb0, 0x5bb0, 0x5bb0, 0x5bb0, 0x5bb0, 0x5bb0, 0x5bb0, 0x5bb0, 0x5bb0, 0x5bb0, 
	0x5bb0, 0x5bb0, 0x5bb0, 0x5bb0, 0x5bb0, 0x5bb0, 0x5bb0, 0x5bb0, 0x5bb0, 0x5bb0, 0x5bb0, 0x5bb0, 0x5bb0, 0x5bb0, 0x5bb0, 0x7bef, 
	0x8410, 0x7c10, 0x6bcf, 0x5bb0, 0x5bb0, 0x5bb0, 0x5bb0, 0x5bb0, 0x5bb0, 0x5bb0, 0x5bb0, 0x5bb0, 0x5bb0, 0x5bb0, 0x5bb0, 0x5bb0, 
	0x5bb0, 0x5bb0, 0x5bb0, 0x5bb0, 0x5bb0, 0x5bb0, 0x5bb0, 0x5bb0, 0x5bb0, 0x5bb0, 0x5bb0, 0x5bb0, 0x5bb0, 0x5bb0, 0x5bb0, 0x5bb0, 
	0x5bb0, 0x5bb0, 0x5bb0, 0x5bb0, 0x5bb0, 0x5bb0, 0x5bb0, 0x5bb0, 0x5bb0, 0x5bb0, 0x5bb0, 0x5bb0, 0x5bb0, 0x5bb0, 0x5bb0, 0x5bb0, 
	0x5bb0, 0x5bb0, 0x5bb0, 0x5bb0, 0x5bb0, 0x5bb0, 0x5bb0, 0x5bb0, 0x5bb0, 0x5bb0, 0x5bb0, 0x5bb0, 0x5bb0, 0x5bb0, 0x5bb0, 0x5bb0, 
	0x5bb0, 0x5bb0, 0x5bb0, 0x5bb0, 0x5bb0, 0x5bb0, 0x5bb0, 0x5bb0, 0x5bb0, 0x5bb0, 0x5bb0, 0x5bb0, 0x5bb0, 0x5bb0, 0x5bb0, 0x5bb0, 
	0x5bb0, 0x5bb0, 0x5bb0, 0x5bb0, 0x5bb0, 0x5bb0, 0x5bb0, 0x5bb0, 0x5bb0, 0x5bb0, 0x5bb0, 0x5bb0, 0x5bb0, 0x5bb0, 0x5bb0, 0x5bb0, 
	0x5bb0, 0x5bb0, 0x5bb0, 0x5bb0, 0x5bb0, 0x5bb0, 0x5bb0, 0x5bb0, 0x5bb0, 0x5bb0, 0x5bb0, 0x5bb0, 0x5bb0, 0x5bb0, 0x5bb0, 0x5bb0, 
	0x5bb0, 0x5bb0, 0x5bb0, 0x5bb0, 0x5bb0, 0x5bb0, 0x5bb0, 0x5bb0, 0x5bb0, 0x5bb0, 0x5bb0, 0x5bb0, 0x5bb0, 0x5bb0, 0x5bb0, 0x5bb0, 
	0x5bb0, 0x5bb0, 0x5bb0, 0x5bb0, 0x5bb0, 0x5bb0, 0x5bb0, 0x5bb0, 0x5bb0, 0x5bb0, 0x5bb0, 0x5bb0, 0x5bb0, 0x5bb0, 0x5bb0, 0x5bb0, 
	0x5bb0, 0x5bb0, 0x5bb0, 0x5bb0, 0x5bb0, 0x5bb0, 0x5bb0, 0x5bb0, 0x5bb0, 0x5bb0, 0x5bb0, 0x5bb0, 0x5bb0, 0x5bb0, 0x5bb0, 0x7bef, 
	0x8410, 0x7c10, 0x6bcf, 0x5bb0, 0x5bb0, 0x5bb0, 0x5bb0, 0x5bb0, 0x5bb0, 0x5bb0, 0x5bb0, 0x5bb0, 0x5bb0, 0x5bb0, 0x5bb0, 0x5bb0, 
	0x5bb0, 0x5bb0, 0x5bb0, 0x5bb0, 0x5bb0, 0x5bb0, 0x5bb0, 0x5bb0, 0x5bb0, 0x5bb0, 0x5bb0, 0x5bb0, 0x5bb0, 0x5bb0, 0x5bb0, 0x5bb0, 
	0x5bb0, 0x5bb0, 0x5bb0, 0x5bb0, 0x5bb0, 0x5bb0, 0x5bb0, 0x5bb0, 0x5bb0, 0x5bb0, 0x5bb0, 0x5bb0, 0x5bb0, 0x5bb0, 0x5bb0, 0x5bb0, 
	0x5bb0, 0x5bb0, 0x5bb0, 0x5bb0, 0x5bb0, 0x5bb0, 0x5bb0, 0x5bb0, 0x5bb0, 0x5bb0, 0x5bb0, 0x5bb0, 0x5bb0, 0x5bb0, 0x5bb0, 0x5bb0, 
	0x5bb0, 0x5bb0, 0x5bb0, 0x5bb0, 0x5bb0, 0x5bb0, 0x5bb0, 0x5bb0, 0x5bb0, 0x5bb0, 0x5bb0, 0x5bb0, 0x5bb0, 0x5bb0, 0x5bb0, 0x5bb0, 
	0x5bb0, 0x5bb0, 0x5bb0, 0x5bb0, 0x5bb0, 0x5bb0, 0x5bb0, 0x5bb0, 0x5bb0, 0x5bb0, 0x5bb0, 0x5bb0, 0x5bb0, 0x5bb0, 0x5bb0, 0x5bb0, 
	0x5bb0, 0x5bb0, 0x5bb0, 0x5bb0, 0x5bb0, 0x5bb0, 0x5bb0, 0x5bb0, 0x5bb0, 0x5bb0, 0x5bb0, 0x5bb0, 0x5bb0, 0x5bb0, 0x5bb0, 0x5bb0, 
	0x5bb0, 0x5bb0, 0x5bb0, 0x5bb0, 0x5bb0, 0x5bb0, 0x5bb0, 0x5bb0, 0x5bb0, 0x5bb0, 0x5bb0, 0x5bb0, 0x5bb0, 0x5bb0, 0x5bb0, 0x5bb0, 
	0x5bb0, 0x5bb0, 0x5bb0, 0x5bb0, 0x5bb0, 0x5bb0, 0x5bb0, 0x5bb0, 0x5bb0, 0x5bb0, 0x5bb0, 0x5bb0, 0x5bb0, 0x5bb0, 0x5bb0, 0x5bb0, 
	0x5bb0, 0x5bb0, 0x5bb0, 0x5bb0, 0x5bb0, 0x5bb0, 0x5bb0, 0x5bb0, 0x5bb0, 0x5bb0, 0x5bb0, 0x5bb0, 0x5bb0, 0x5bb0, 0x5bb0, 0x7bef, 
	0x8410, 0x7c10, 0x6bcf, 0x5bb0, 0x5bb0, 0x5bb0, 0x5bb0, 0x5bb0, 0x5bb0, 0x5bb0, 0x5bb0, 0x5bb0, 0x5bb0, 0x5bb0, 0x5bb0, 0x5bb0, 
	0x5bb0, 0x5bb0, 0x5bb0, 0x5bb0, 0x5bb0, 0x5bb0, 0x5bb0, 0x5bb0, 0x5bb0, 0x5bb0, 0x5bb0, 0x5bb0, 0x5bb0, 0x5bb0, 0x5bb0, 0x5bb0, 
	0x5bb0, 0x5bb0, 0x5bb0, 0x5bb0, 0x5bb0, 0x5bb0, 0x5bb0, 0x5bb0, 0x5bb0, 0x5bb0, 0x5bb0, 0x5bb0, 0x5bb0, 0x5bb0, 0x5bb0, 0x5bb0, 
	0x5bb0, 0x5bb0, 0x5bb0, 0x5bb0, 0x5bb0, 0x5bb0, 0x5bb0, 0x5bb0, 0x5bb0, 0x5bb0, 0x5bb0, 0x5bb0, 0x5bb0, 0x5bb0, 0x5bb0, 0x5bb0, 
	0x5bb0, 0x5bb0, 0x5bb0, 0x5bb0, 0x5bb0, 0x5bb0, 0x5bb0, 0x5bb0, 0x5bb0, 0x5bb0, 0x5bb0, 0x5bb0, 0x5bb0, 0x5bb0, 0x5bb0, 0x5bb0, 
	0x5bb0, 0x5bb0, 0x5bb0, 0x5bb0, 0x5bb0, 0x5bb0, 0x5bb0, 0x5bb0, 0x5bb0, 0x5bb0, 0x5bb0, 0x5bb0, 0x5bb0, 0x5bb0, 0x5bb0, 0x5bb0, 
	0x5bb0, 0x5bb0, 0x5bb0, 0x5bb0, 0x5bb0, 0x5bb0, 0x5bb0, 0x5bb0, 0x5bb0, 0x5bb0, 0x5bb0, 0x5bb0, 0x5bb0, 0x5bb0, 0x5bb0, 0x5bb0, 
	0x5bb0, 0x5bb0, 0x5bb0, 0x5bb0, 0x5bb0, 0x5bb0, 0x5bb0, 0x5bb0, 0x5bb0, 0x5bb0, 0x5bb0, 0x5bb0, 0x5bb0, 0x5bb0, 0x5bb0, 0x5bb0, 
	0x5bb0, 0x5bb0, 0x5bb0, 0x5bb0, 0x5bb0, 0x5bb0, 0x5bb0, 0x5bb0, 0x5bb0, 0x5bb0, 0x5bb0, 0x5bb0, 0x5bb0, 0x5bb0, 0x5bb0, 0x5bb0, 
	0x5bb0, 0x5bb0, 0x5bb0, 0x5bb0, 0x5bb0, 0x5bb0, 0x5bb0, 0x5bb0, 0x5bb0, 0x5bb0, 0x5bb0, 0x5bb0, 0x5bb0, 0x5bb0, 0x5bb0, 0x7bef, 
	0x8410, 0x7c10, 0x6bcf, 0x5bb0, 0x5bb0, 0x5bb0, 0x5bb0, 0x5bb0, 0x5bb0, 0x5bb0, 0x5bb0, 0x5bb0, 0x5bb0, 0x5bb0, 0x5bb0, 0x5bb0, 
	0x5bb0, 0x5bb0, 0x5bb0, 0x5bb0, 0x5bb0, 0x5bb0, 0x5bb0, 0x5bb0, 0x5bb0, 0x5bb0, 0x5bb0, 0x5bb0, 0x5bb0, 0x5bb0, 0x5bb0, 0x5bb0, 
	0x5bb0, 0x5bb0, 0x5bb0, 0x5bb0, 0x5bb0, 0x5bb0, 0x5bb0, 0x5bb0, 0x5bb0, 0x5bb0, 0x5bb0, 0x5bb0, 0x5bb0, 0x5bb0, 0x5bb0, 0x5bb0, 
	0x5bb0, 0x5bb0, 0x5bb0, 0x5bb0, 0x5bb0, 0x5bb0, 0x5bb0, 0x5bb0, 0x5bb0, 0x5bb0, 0x5bb0, 0x5bb0, 0x5bb0, 0x5bb0, 0x5bb0, 0x5bb0, 
	0x5bb0, 0x5bb0, 0x5bb0, 0x5bb0, 0x5bb0, 0x5bb0, 0x5bb0, 0x5bb0, 0x5bb0, 0x5bb0, 0x5bb0, 0x5bb0, 0x5bb0, 0x5bb0, 0x5bb0, 0x5bb0, 
	0x5bb0, 0x5bb0, 0x5bb0, 0x5bb0, 0x5bb0, 0x5bb0, 0x5bb0, 0x5bb0, 0x5bb0, 0x5bb0, 0x5bb0, 0x5bb0, 0x5bb0, 0x5bb0, 0x5bb0, 0x5bb0, 
	0x5bb0, 0x5bb0, 0x5bb0, 0x5bb0, 0x5bb0, 0x5bb0, 0x5bb0, 0x5bb0, 0x5bb0, 0x5bb0, 0x5bb0, 0x5bb0, 0x5bb0, 0x5bb0, 0x5bb0, 0x5bb0, 
	0x5bb0, 0x5bb0, 0x5bb0, 0x5bb0, 0x5bb0, 0x5bb0, 0x5bb0, 0x5bb0, 0x5bb0, 0x5bb0, 0x5bb0, 0x5bb0, 0x5bb0, 0x5bb0, 0x5bb0, 0x5bb0, 
	0x5bb0, 0x5bb0, 0x5bb0, 0x5bb0, 0x5bb0, 0x5bb0, 0x5bb0, 0x5bb0, 0x5bb0, 0x5bb0, 0x5bb0, 0x5bb0, 0x5bb0, 0x5bb0, 0x5bb0, 0x5bb0, 
	0x5bb0, 0x5bb0, 0x5bb0, 0x5bb0, 0x5bb0, 0x5bb0, 0x5bb0, 0x5bb0, 0x5bb0, 0x5bb0, 0x5bb0, 0x5bb0, 0x5bb0, 0x5bb0, 0x5bb0, 0x7bef, 
	0x8410, 0x7c10, 0x6bcf, 0x5bb0, 0x5bb0, 0x5bb0, 0x5bb0, 0x5bb0, 0x5bb0, 0x5bb0, 0x5bb0, 0x5bb0, 0x5bb0, 0x5bb0, 0x5bb0, 0x5bb0, 
	0x5bb0, 0x5bb0, 0x5bb0, 0x5bb0, 0x5bb0, 0x5bb0, 0x5bb0, 0x5bb0, 0x5bb0, 0x5bb0, 0x5bb0, 0x5bb0, 0x5bb0, 0x5bb0, 0x5bb0, 0x5bb0, 
	0x5bb0, 0x5bb0, 0x5bb0, 0x5bb0, 0x5bb0, 0x5bb0, 0x5bb0, 0x5bb0, 0x5bb0, 0x5bb0, 0x5bb0, 0x5bb0, 0x5bb0, 0x5bb0, 0x5bb0, 0x5bb0, 
	0x5bb0, 0x5bb0, 0x5bb0, 0x5bb0, 0x5bb0, 0x5bb0, 0x5bb0, 0x5bb0, 0x5bb0, 0x5bb0, 0x5bb0, 0x5bb0, 0x5bb0, 0x5bb0, 0x5bb0, 0x5bb0, 
	0x5bb0, 0x5bb0, 0x5bb0, 0x5bb0, 0x5bb0, 0x5bb0, 0x5bb0, 0x5bb0, 0x5bb0, 0x5bb0, 0x5bb0, 0x5bb0, 0x5bb0, 0x5bb0, 0x5bb0, 0x5bb0, 
	0x5bb0, 0x5bb0, 0x5bb0, 0x5bb0, 0x5bb0, 0x5bb0, 0x5bb0, 0x5bb0, 0x5bb0, 0x5bb0, 0x5bb0, 0x5bb0, 0x5bb0, 0x5bb0, 0x5bb0, 0x5bb0, 
	0x5bb0, 0x5bb0, 0x5bb0, 0x5bb0, 0x5bb0, 0x5bb0, 0x5bb0, 0x5bb0, 0x5bb0, 0x5bb0, 0x5bb0, 0x5bb0, 0x5bb0, 0x5bb0, 0x5bb0, 0x5bb0, 
	0x5bb0, 0x5bb0, 0x5bb0, 0x5bb0, 0x5bb0, 0x5bb0, 0x5bb0, 0x5bb0, 0x5bb0, 0x5bb0, 0x5bb0, 0x5bb0, 0x5bb0, 0x5bb0, 0x5bb0, 0x5bb0, 
	0x5bb0, 0x5bb0, 0x5bb0, 0x5bb0, 0x5bb0, 0x5bb0, 0x5bb0, 0x5bb0, 0x5bb0, 0x5bb0, 0x5bb0, 0x5bb0, 0x5bb0, 0x5bb0, 0x5bb0, 0x5bb0, 
	0x5bb0, 0x5bb0, 0x5bb0, 0x5bb0, 0x5bb0, 0x5bb0, 0x5bb0, 0x5bb0, 0x5bb0, 0x5bb0, 0x5bb0, 0x5bb0, 0x5bb0, 0x5bb0, 0x5bb0, 0x7bef, 
	0x8410, 0x7c10, 0x6bcf, 0x5bb0, 0x5bb0, 0x5bb0, 0x5bb0, 0x5bb0, 0x5bb0, 0x5bb0, 0x5bb0, 0x5bb0, 0x5bb0, 0x5bb0, 0x5bb0, 0x5bb0, 
	0x5bb0, 0x5bb0, 0x5bb0, 0x5bb0, 0x5bb0, 0x5bb0, 0x5bb0, 0x5bb0, 0x5bb0, 0x5bb0, 0x5bb0, 0x5bb0, 0x5bb0, 0x5bb0, 0x5bb0, 0x5bb0, 
	0x5bb0, 0x5bb0, 0x5bb0, 0x5bb0, 0x5bb0, 0x5bb0, 0x5bb0, 0x5bb0, 0x5bb0, 0x5bb0, 0x5bb0, 0x5bb0, 0x5bb0, 0x5bb0, 0x5bb0, 0x5bb0, 
	0x5bb0, 0x5bb0, 0x5bb0, 0x5bb0, 0x5bb0, 0x5bb0, 0x5bb0, 0x5bb0, 0x5bb0, 0x5bb0, 0x5bb0, 0x5bb0, 0x5bb0, 0x5bb0, 0x5bb0, 0x5bb0, 
	0x5bb0, 0x5bb0, 0x5bb0, 0x5bb0, 0x5bb0, 0x5bb0, 0x5bb0, 0x5bb0, 0x5bb0, 0x5bb0, 0x5bb0, 0x5bb0, 0x5bb0, 0x5bb0, 0x5bb0, 0x5bb0, 
	0x5bb0, 0x5bb0, 0x5bb0, 0x5bb0, 0x5bb0, 0x5bb0, 0x5bb0, 0x5bb0, 0x5bb0, 0x5bb0, 0x5bb0, 0x5bb0, 0x5bb0, 0x5bb0, 0x5bb0, 0x5bb0, 
	0x5bb0, 0x5bb0, 0x5bb0, 0x5bb0, 0x5bb0, 0x5bb0, 0x5bb0, 0x5bb0, 0x5bb0, 0x5bb0, 0x5bb0, 0x5bb0, 0x5bb0, 0x5bb0, 0x5bb0, 0x5bb0, 
	0x5bb0, 0x5bb0, 0x5bb0, 0x5bb0, 0x5bb0, 0x5bb0, 0x5bb0, 0x5bb0, 0x5bb0, 0x5bb0, 0x5bb0, 0x5bb0, 0x5bb0, 0x5bb0, 0x5bb0, 0x5bb0, 
	0x5bb0, 0x5bb0, 0x5bb0, 0x5bb0, 0x5bb0, 0x5bb0, 0x5bb0, 0x5bb0, 0x5bb0, 0x5bb0, 0x5bb0, 0x5bb0, 0x5bb0, 0x5bb0, 0x5bb0, 0x5bb0, 
	0x5bb0, 0x5bb0, 0x5bb0, 0x5bb0, 0x5bb0, 0x5bb0, 0x5bb0, 0x5bb0, 0x5bb0, 0x5bb0, 0x5bb0, 0x5bb0, 0x5bb0, 0x5bb0, 0x5bb0, 0x7bef, 
	0x8410, 0x7c10, 0x6bcf, 0x5bb0, 0x5bb0, 0x5bb0, 0x5bb0, 0x5bb0, 0x5bb0, 0x5bb0, 0x5bb0, 0x5bb0, 0x5bb0, 0x5bb0, 0x5bb0, 0x5bb0, 
	0x5bb0, 0x5bb0, 0x5bb0, 0x5bb0, 0x5bb0, 0x5bb0, 0x5bb0, 0x5bb0, 0x5bb0, 0x5bb0, 0x5bb0, 0x5bb0, 0x5bb0, 0x5bb0, 0x5bb0, 0x5bb0, 
	0x5bb0, 0x5bb0, 0x5bb0, 0x5bb0, 0x5bb0, 0x5bb0, 0x5bb0, 0x5bb0, 0x5bb0, 0x5bb0, 0x5bb0, 0x5bb0, 0x5bb0, 0x5bb0, 0x5bb0, 0x5bb0, 
	0x5bb0, 0x5bb0, 0x5bb0, 0x5bb0, 0x5bb0, 0x5bb0, 0x5bb0, 0x5bb0, 0x5bb0, 0x5bb0, 0x5bb0, 0x5bb0, 0x5bb0, 0x5bb0, 0x5bb0, 0x5bb0, 
	0x5bb0, 0x5bb0, 0x5bb0, 0x5bb0, 0x5bb0, 0x5bb0, 0x5bb0, 0x5bb0, 0x5bb0, 0x5bb0, 0x5bb0, 0x5bb0, 0x5bb0, 0x5bb0, 0x5bb0, 0x5bb0, 
	0x5bb0, 0x5bb0, 0x5bb0, 0x536f, 0x2986, 0x31e8, 0x5bb0, 0x5bb0, 0x5bb0, 0x5bb0, 0x5bb0, 0x5bb0, 0x5bb0, 0x5bb0, 0x5bb0, 0x5bb0, 
	0x5bb0, 0x5bb0, 0x5bb0, 0x5bb0, 0x5bb0, 0x5bb0, 0x5bb0, 0x5bb0, 0x5bb0, 0x5bb0, 0x5bb0, 0x5bb0, 0x5bb0, 0x5bb0, 0x5bb0, 0x5bb0, 
	0x5bb0, 0x5bb0, 0x5bb0, 0x5bb0, 0x5bb0, 0x5bb0, 0x5bb0, 0x5bb0, 0x5bb0, 0x5bb0, 0x5bb0, 0x5bb0, 0x5bb0, 0x5bb0, 0x5bb0, 0x5bb0, 
	0x5bb0, 0x5bb0, 0x5bb0, 0x5bb0, 0x5bb0, 0x5bb0, 0x5bb0, 0x5bb0, 0x5bb0, 0x5bb0, 0x5bb0, 0x5bb0, 0x5bb0, 0x5bb0, 0x5bb0, 0x5bb0, 
	0x5bb0, 0x5bb0, 0x5bb0, 0x5bb0, 0x5bb0, 0x5bb0, 0x5bb0, 0x5bb0, 0x5bb0, 0x5bb0, 0x5bb0, 0x5bb0, 0x5bb0, 0x5bb0, 0x5bb0, 0x7bef, 
	0x8410, 0x7c10, 0x6bcf, 0x5bb0, 0x5bb0, 0x5bb0, 0x5bb0, 0x5bb0, 0x5bb0, 0x5bb0, 0x5bb0, 0x5bb0, 0x5bb0, 0x5bb0, 0x5bb0, 0x5bb0, 
	0x5bb0, 0x5bb0, 0x5bb0, 0x5bb0, 0x5bb0, 0x5bb0, 0x5bb0, 0x5bb0, 0x5bb0, 0x5bb0, 0x5bb0, 0x5bb0, 0x5bb0, 0x5bb0, 0x5bb0, 0x5bb0, 
	0x5bb0, 0x5bb0, 0x5bb0, 0x5bb0, 0x5bb0, 0x5bb0, 0x5bb0, 0x5bb0, 0x5bb0, 0x5bb0, 0x5bb0, 0x5bb0, 0x5bb0, 0x5bb0, 0x5bb0, 0x5bb0, 
	0x5bb0, 0x5bb0, 0x5bb0, 0x5bb0, 0x5bb0, 0x5bb0, 0x5bb0, 0x5bb0, 0x5bb0, 0x5bb0, 0x5bb0, 0x5bb0, 0x5bb0, 0x5bb0, 0x5bb0, 0x5bb0, 
	0x5bb0, 0x5bb0, 0x5bb0, 0x5bb0, 0x5bb0, 0x5bb0, 0x5bb0, 0x5bb0, 0x5bb0, 0x5bb0, 0x5bb0, 0x5bb0, 0x5bb0, 0x5bb0, 0x5bb0, 0x5bb0, 
	0x5bb0, 0x5bb0, 0x5bb0, 0x4b2e, 0x0020, 0x10c3, 0x538f, 0x5bb0, 0x5bb0, 0x5bb0, 0x5bb0, 0x5bb0, 0x5bb0, 0x5bb0, 0x5bb0, 0x5bb0, 
	0x5bb0, 0x5bb0, 0x5bb0, 0x5bb0, 0x5bb0, 0x5bb0, 0x5bb0, 0x5bb0, 0x5bb0, 0x5bb0, 0x5bb0, 0x5bb0, 0x5bb0, 0x5bb0, 0x5bb0, 0x5bb0, 
	0x5bb0, 0x5bb0, 0x5bb0, 0x5bb0, 0x5bb0, 0x5bb0, 0x5bb0, 0x5bb0, 0x5bb0, 0x5bb0, 0x5bb0, 0x5bb0, 0x5bb0, 0x5bb0, 0x5bb0, 0x5bb0, 
	0x5bb0, 0x5bb0, 0x5bb0, 0x5bb0, 0x5bb0, 0x5bb0, 0x5bb0, 0x5bb0, 0x5bb0, 0x5bb0, 0x5bb0, 0x5bb0, 0x5bb0, 0x5bb0, 0x5bb0, 0x5bb0, 
	0x5bb0, 0x5bb0, 0x5bb0, 0x5bb0, 0x5bb0, 0x5bb0, 0x5bb0, 0x5bb0, 0x5bb0, 0x5bb0, 0x5bb0, 0x5bb0, 0x5bb0, 0x5bb0, 0x5bb0, 0x7bef, 
	0x8410, 0x7c10, 0x6bcf, 0x5bb0, 0x5bb0, 0x5bb0, 0x5bb0, 0x5bb0, 0x5bb0, 0x5bb0, 0x5bb0, 0x5bb0, 0x5bb0, 0x5bb0, 0x5bb0, 0x5bb0, 
	0x5bb0, 0x5bb0, 0x5bb0, 0x5bb0, 0x5bb0, 0x5bb0, 0x5bb0, 0x5bb0, 0x5bb0, 0x5bb0, 0x5bb0, 0x5bb0, 0x5bb0, 0x5bb0, 0x5bb0, 0x5bb0, 
	0x5bb0, 0x5bb0, 0x5bb0, 0x5bb0, 0x5bb0, 0x5bb0, 0x5bb0, 0x5bb0, 0x5bb0, 0x5bb0, 0x5bb0, 0x5bb0, 0x5bb0, 0x5bb0, 0x5bb0, 0x5bb0, 
	0x5bb0, 0x5bb0, 0x5bb0, 0x5bb0, 0x5bb0, 0x5bb0, 0x5bb0, 0x5bb0, 0x5bb0, 0x5bb0, 0x5bb0, 0x5bb0, 0x5bb0, 0x5bb0, 0x5bb0, 0x5bb0, 
	0x5bb0, 0x5bb0, 0x5bb0, 0x5bb0, 0x5bb0, 0x5bb0, 0x5bb0, 0x5bb0, 0x5bb0, 0x5bb0, 0x5bb0, 0x5bb0, 0x5bb0, 0x5bb0, 0x5bb0, 0x5bb0, 
	0x5bb0, 0x5bb0, 0x536f, 0x2145, 0x0000, 0x0021, 0x29a7, 0x5bb0, 0x5bb0, 0x5bb0, 0x5bb0, 0x5bb0, 0x5bb0, 0x5bb0, 0x5bb0, 0x5bb0, 
	0x5bb0, 0x5bb0, 0x5bb0, 0x5bb0, 0x5bb0, 0x5bb0, 0x5bb0, 0x5bb0, 0x5bb0, 0x5bb0, 0x5bb0, 0x5bb0, 0x5bb0, 0x5bb0, 0x5bb0, 0x5bb0, 
	0x5bb0, 0x5bb0, 0x5bb0, 0x5bb0, 0x5bb0, 0x5bb0, 0x5bb0, 0x5bb0, 0x5bb0, 0x5bb0, 0x5bb0, 0x5bb0, 0x5bb0, 0x5bb0, 0x5bb0, 0x5bb0, 
	0x5bb0, 0x5bb0, 0x5bb0, 0x5bb0, 0x5bb0, 0x5bb0, 0x5bb0, 0x5bb0, 0x5bb0, 0x5bb0, 0x5bb0, 0x5bb0, 0x5bb0, 0x5bb0, 0x5bb0, 0x5bb0, 
	0x5bb0, 0x5bb0, 0x5bb0, 0x5bb0, 0x5bb0, 0x5bb0, 0x5bb0, 0x5bb0, 0x5bb0, 0x5bb0, 0x5bb0, 0x5bb0, 0x5bb0, 0x5bb0, 0x5bb0, 0x7bef, 
	0x8410, 0x7c10, 0x6bcf, 0x5bb0, 0x5bb0, 0x5bb0, 0x5bb0, 0x5bb0, 0x5bb0, 0x5bb0, 0x5bb0, 0x5bb0, 0x5bb0, 0x5bb0, 0x5bb0, 0x5bb0, 
	0x5bb0, 0x5bb0, 0x5bb0, 0x5bb0, 0x5bb0, 0x5bb0, 0x5bb0, 0x5bb0, 0x5bb0, 0x5bb0, 0x5bb0, 0x5bb0, 0x5bb0, 0x5bb0, 0x5bb0, 0x5bb0, 
	0x5bb0, 0x5bb0, 0x5bb0, 0x5bb0, 0x5bb0, 0x5bb0, 0x5bb0, 0x5bb0, 0x5bb0, 0x5bb0, 0x5bb0, 0x5bb0, 0x5bb0, 0x5bb0, 0x5bb0, 0x5bb0, 
	0x5bb0, 0x5bb0, 0x5bb0, 0x5bb0, 0x5bb0, 0x5bb0, 0x5bb0, 0x5bb0, 0x5bb0, 0x5bb0, 0x5bb0, 0x5bb0, 0x5bb0, 0x5bb0, 0x5bb0, 0x5bb0, 
	0x5bb0, 0x5bb0, 0x5bb0, 0x5bb0, 0x5bb0, 0x5bb0, 0x5bb0, 0x5bb0, 0x5bb0, 0x5bb0, 0x5bb0, 0x5bb0, 0x5bb0, 0x5bb0, 0x5bb0, 0x5bb0, 
	0x5bb0, 0x5bb0, 0x534e, 0x0861, 0x0000, 0x0020, 0x18e4, 0x5bb0, 0x5bb0, 0x5bb0, 0x5bb0, 0x5bb0, 0x5bb0, 0x5bb0, 0x5bb0, 0x5bb0, 
	0x5bb0, 0x5bb0, 0x5bb0, 0x5bb0, 0x5bb0, 0x5bb0, 0x5bb0, 0x5bb0, 0x5bb0, 0x5bb0, 0x5bb0, 0x5bb0, 0x5bb0, 0x5bb0, 0x5bb0, 0x5bb0, 
	0x5bb0, 0x5bb0, 0x5bb0, 0x5bb0, 0x5bb0, 0x5bb0, 0x5bb0, 0x5bb0, 0x5bb0, 0x5bb0, 0x5bb0, 0x5bb0, 0x5bb0, 0x5bb0, 0x5bb0, 0x5bb0, 
	0x5bb0, 0x5bb0, 0x5bb0, 0x5bb0, 0x5bb0, 0x5bb0, 0x5bb0, 0x5bb0, 0x5bb0, 0x5bb0, 0x5bb0, 0x5bb0, 0x5bb0, 0x5bb0, 0x5bb0, 0x5bb0, 
	0x5bb0, 0x5bb0, 0x5bb0, 0x5bb0, 0x5bb0, 0x5bb0, 0x5bb0, 0x5bb0, 0x5bb0, 0x5bb0, 0x5bb0, 0x5bb0, 0x5bb0, 0x5bb0, 0x5bb0, 0x7bef, 
	0x8410, 0x7c10, 0x6bcf, 0x5bb0, 0x5bb0, 0x5bb0, 0x5bb0, 0x5bb0, 0x5bb0, 0x5bb0, 0x5bb0, 0x5bb0, 0x5bb0, 0x5bb0, 0x5bb0, 0x5bb0, 
	0x5bb0, 0x5bb0, 0x5bb0, 0x5bb0, 0x5bb0, 0x5bb0, 0x5bb0, 0x5bb0, 0x5bb0, 0x5bb0, 0x5bb0, 0x5bb0, 0x5bb0, 0x5bb0, 0x5bb0, 0x5bb0, 
	0x5bb0, 0x5bb0, 0x5bb0, 0x5bb0, 0x5bb0, 0x5bb0, 0x5bb0, 0x5bb0, 0x5bb0, 0x5bb0, 0x5bb0, 0x5bb0, 0x5bb0, 0x5bb0, 0x5bb0, 0x5bb0, 
	0x5bb0, 0x5bb0, 0x5bb0, 0x5bb0, 0x5bb0, 0x5bb0, 0x5bb0, 0x5bb0, 0x5bb0, 0x5bb0, 0x5bb0, 0x5bb0, 0x5bb0, 0x5bb0, 0x5bb0, 0x5bb0, 
	0x5bb0, 0x5bb0, 0x5bb0, 0x5bb0, 0x5bb0, 0x5bb0, 0x5bb0, 0x5bb0, 0x5bb0, 0x5bb0, 0x5bb0, 0x5bb0, 0x5bb0, 0x5bb0, 0x5bb0, 0x5bb0, 
	0x5bb0, 0x536f, 0x2125, 0x0063, 0x09b1, 0x096f, 0x0041, 0x29c7, 0x5bb0, 0x5bb0, 0x5bb0, 0x5bb0, 0x5bb0, 0x5bb0, 0x5bb0, 0x5bb0, 
	0x5bb0, 0x5bb0, 0x5bb0, 0x5bb0, 0x5bb0, 0x5bb0, 0x5bb0, 0x5bb0, 0x5bb0, 0x5bb0, 0x5bb0, 0x5bb0, 0x5bb0, 0x5bb0, 0x5bb0, 0x5bb0, 
	0x5bb0, 0x5bb0, 0x5bb0, 0x5bb0, 0x5bb0, 0x5bb0, 0x5bb0, 0x5bb0, 0x5bb0, 0x5bb0, 0x5bb0, 0x5bb0, 0x5bb0, 0x5bb0, 0x5bb0, 0x5bb0, 
	0x5bb0, 0x5bb0, 0x5bb0, 0x5bb0, 0x5bb0, 0x5bb0, 0x5bb0, 0x5bb0, 0x5bb0, 0x5bb0, 0x5bb0, 0x5bb0, 0x5bb0, 0x5bb0, 0x5bb0, 0x5bb0, 
	0x5bb0, 0x5bb0, 0x5bb0, 0x5bb0, 0x5bb0, 0x5bb0, 0x5bb0, 0x5bb0, 0x5bb0, 0x5bb0, 0x5bb0, 0x5bb0, 0x5bb0, 0x5bb0, 0x5bb0, 0x7bef, 
	0x8410, 0x7c10, 0x6bcf, 0x5bb0, 0x5bb0, 0x5bb0, 0x5bb0, 0x5bb0, 0x5bb0, 0x5bb0, 0x5bb0, 0x5bb0, 0x5bb0, 0x5bb0, 0x5bb0, 0x5bb0, 
	0x5bb0, 0x5bb0, 0x5bb0, 0x5bb0, 0x5bb0, 0x5bb0, 0x5bb0, 0x5bb0, 0x5bb0, 0x5bb0, 0x5bb0, 0x5bb0, 0x5bb0, 0x5bb0, 0x5bb0, 0x5bb0, 
	0x5bb0, 0x5bb0, 0x5bb0, 0x5bb0, 0x5bb0, 0x5bb0, 0x5bb0, 0x5bb0, 0x5bb0, 0x5bb0, 0x5bb0, 0x5bb0, 0x5bb0, 0x5bb0, 0x5bb0, 0x5bb0, 
	0x5bb0, 0x5bb0, 0x5bb0, 0x5bb0, 0x5bb0, 0x5bb0, 0x5bb0, 0x5bb0, 0x5bb0, 0x5bb0, 0x5bb0, 0x5bb0, 0x5bb0, 0x5bb0, 0x5bb0, 0x5bb0, 
	0x5bb0, 0x5bb0, 0x5bb0, 0x5bb0, 0x5bb0, 0x5bb0, 0x5bb0, 0x5bb0, 0x5bb0, 0x5bb0, 0x5bb0, 0x5bb0, 0x5bb0, 0x5bb0, 0x5bb0, 0x5bb0, 
	0x5bb0, 0x536e, 0x18a3, 0x0043, 0x1256, 0x1213, 0x0020, 0x2145, 0x5bb0, 0x5bb0, 0x5bb0, 0x5bb0, 0x5bb0, 0x5bb0, 0x5bb0, 0x5bb0, 
	0x5bb0, 0x5bb0, 0x5bb0, 0x5bb0, 0x5bb0, 0x5bb0, 0x5bb0, 0x5bb0, 0x5bb0, 0x5bb0, 0x5bb0, 0x5bb0, 0x5bb0, 0x5bb0, 0x5bb0, 0x5bb0, 
	0x5bb0, 0x5bb0, 0x5bb0, 0x5bb0, 0x5bb0, 0x5bb0, 0x5bb0, 0x5bb0, 0x5bb0, 0x5bb0, 0x5bb0, 0x5bb0, 0x5bb0, 0x5bb0, 0x5bb0, 0x5bb0, 
	0x5bb0, 0x5bb0, 0x5bb0, 0x5bb0, 0x5bb0, 0x5bb0, 0x5bb0, 0x5bb0, 0x5bb0, 0x5bb0, 0x5bb0, 0x5bb0, 0x5bb0, 0x5bb0, 0x5bb0, 0x5bb0, 
	0x5bb0, 0x5bb0, 0x5bb0, 0x5bb0, 0x5bb0, 0x5bb0, 0x5bb0, 0x5bb0, 0x5bb0, 0x5bb0, 0x5bb0, 0x5bb0, 0x5bb0, 0x5bb0, 0x5bb0, 0x7bef, 
	0x8410, 0x7c10, 0x6bcf, 0x5bb0, 0x5bb0, 0x5bb0, 0x5bb0, 0x5bb0, 0x5bb0, 0x5bb0, 0x5bb0, 0x5bb0, 0x5bb0, 0x5bb0, 0x5bb0, 0x5bb0, 
	0x5bb0, 0x5bb0, 0x5bb0, 0x5bb0, 0x5bb0, 0x5bb0, 0x5bb0, 0x5bb0, 0x5bb0, 0x5bb0, 0x5bb0, 0x5bb0, 0x5bb0, 0x5bb0, 0x5bb0, 0x5bb0, 
	0x5bb0, 0x5bb0, 0x5bb0, 0x5bb0, 0x5bb0, 0x5bb0, 0x5bb0, 0x5bb0, 0x5bb0, 0x5bb0, 0x5bb0, 0x5bb0, 0x5bb0, 0x5bb0, 0x5bb0, 0x5bb0, 
	0x5bb0, 0x5bb0, 0x5bb0, 0x5bb0, 0x5bb0, 0x5bb0, 0x5bb0, 0x5bb0, 0x5bb0, 0x5bb0, 0x5bb0, 0x5bb0, 0x5bb0, 0x5bb0, 0x5bb0, 0x5bb0, 
	0x5bb0, 0x5bb0, 0x5bb0, 0x5bb0, 0x5bb0, 0x5bb0, 0x5bb0, 0x5bb0, 0x5bb0, 0x5bb0, 0x5bb0, 0x5bb0, 0x5bb0, 0x5bb0, 0x5bb0, 0x5bb0, 
	0x5bb0, 0x536f, 0x0841, 0x0043, 0x1a97, 0x1a33, 0x0020, 0x18e4, 0x5bb0, 0x5bb0, 0x5bb0, 0x5bb0, 0x5bb0, 0x5bb0, 0x5bb0, 0x5bb0, 
	0x5bb0, 0x5bb0, 0x5bb0, 0x5bb0, 0x5bb0, 0x5bb0, 0x5bb0, 0x5bb0, 0x5bb0, 0x5bb0, 0x5bb0, 0x5bb0, 0x5bb0, 0x5bb0, 0x5bb0, 0x5bb0, 
	0x5bb0, 0x5bb0, 0x5bb0, 0x5bb0, 0x5bb0, 0x5bb0, 0x5bb0, 0x5bb0, 0x5bb0, 0x5bb0, 0x5bb0, 0x5bb0, 0x5bb0, 0x5bb0, 0x5bb0, 0x5bb0, 
	0x5bb0, 0x5bb0, 0x5bb0, 0x5bb0, 0x5bb0, 0x5bb0, 0x5bb0, 0x5bb0, 0x5bb0, 0x5bb0, 0x5bb0, 0x5bb0, 0x5bb0, 0x5bb0, 0x5bb0, 0x5bb0, 
	0x5bb0, 0x5bb0, 0x5bb0, 0x5bb0, 0x5bb0, 0x5bb0, 0x5bb0, 0x5bb0, 0x5bb0, 0x5bb0, 0x5bb0, 0x5bb0, 0x5bb0, 0x5bb0, 0x5bb0, 0x7bef, 
	0x8410, 0x7c10, 0x6bcf, 0x5bb0, 0x5bb0, 0x5bb0, 0x5bb0, 0x5bb0, 0x5bb0, 0x5bb0, 0x5bb0, 0x5bb0, 0x5bb0, 0x5bb0, 0x5bb0, 0x5bb0, 
	0x5bb0, 0x5bb0, 0x5bb0, 0x5bb0, 0x5bb0, 0x5bb0, 0x5bb0, 0x5bb0, 0x5bb0, 0x5bb0, 0x5bb0, 0x5bb0, 0x5bb0, 0x5bb0, 0x5bb0, 0x5bb0, 
	0x5bb0, 0x5bb0, 0x5bb0, 0x5bb0, 0x5bb0, 0x5bb0, 0x5bb0, 0x5bb0, 0x5bb0, 0x5bb0, 0x5bb0, 0x5bb0, 0x5bb0, 0x5bb0, 0x5bb0, 0x5bb0, 
	0x5bb0, 0x5bb0, 0x5bb0, 0x5bb0, 0x5bb0, 0x5bb0, 0x5bb0, 0x5bb0, 0x5bb0, 0x5bb0, 0x5bb0, 0x5bb0, 0x5bb0, 0x5bb0, 0x5bb0, 0x5bb0, 
	0x5bb0, 0x5bb0, 0x5bb0, 0x5bb0, 0x5bb0, 0x5bb0, 0x5bb0, 0x5bb0, 0x5bb0, 0x5bb0, 0x5bb0, 0x5bb0, 0x5bb0, 0x5bb0, 0x5bb0, 0x5bb0, 
	0x5bb0, 0x534e, 0x0000, 0x0884, 0x1ab7, 0x1a34, 0x0861, 0x10c3, 0x538f, 0x5bb0, 0x5bb0, 0x5bb0, 0x5bb0, 0x5bb0, 0x5bb0, 0x5bb0, 
	0x5bb0, 0x5bb0, 0x5bb0, 0x5bb0, 0x5bb0, 0x5bb0, 0x5bb0, 0x5bb0, 0x5bb0, 0x5bb0, 0x5bb0, 0x5bb0, 0x5bb0, 0x5bb0, 0x5bb0, 0x5bb0, 
	0x5bb0, 0x5bb0, 0x5bb0, 0x5bb0, 0x5bb0, 0x5bb0, 0x5bb0, 0x5bb0, 0x5bb0, 0x5bb0, 0x5bb0, 0x5bb0, 0x5bb0, 0x5bb0, 0x5bb0, 0x5bb0, 
	0x5bb0, 0x5bb0, 0x5bb0, 0x5bb0, 0x5bb0, 0x5bb0, 0x5bb0, 0x5bb0, 0x5bb0, 0x5bb0, 0x5bb0, 0x5bb0, 0x5bb0, 0x5bb0, 0x5bb0, 0x5bb0, 
	0x5bb0, 0x5bb0, 0x5bb0, 0x5bb0, 0x5bb0, 0x5bb0, 0x5bb0, 0x5bb0, 0x5bb0, 0x5bb0, 0x5bb0, 0x5bb0, 0x5bb0, 0x5bb0, 0x5bb0, 0x7bef, 
	0x8410, 0x7c10, 0x6bcf, 0x5bb0, 0x5bb0, 0x5bb0, 0x5bb0, 0x5bb0, 0x5bb0, 0x5bb0, 0x5bb0, 0x5bb0, 0x5bb0, 0x5bb0, 0x5bb0, 0x5bb0, 
	0x5bb0, 0x5bb0, 0x5bb0, 0x5bb0, 0x5bb0, 0x5bb0, 0x5bb0, 0x5bb0, 0x5bb0, 0x5bb0, 0x5bb0, 0x5bb0, 0x5bb0, 0x5bb0, 0x5bb0, 0x5bb0, 
	0x5bb0, 0x5bb0, 0x5bb0, 0x5bb0, 0x5bb0, 0x5bb0, 0x5bb0, 0x5bb0, 0x5bb0, 0x5bb0, 0x5bb0, 0x5bb0, 0x5bb0, 0x5bb0, 0x5bb0, 0x5bb0, 
	0x5bb0, 0x5bb0, 0x5bb0, 0x5bb0, 0x5bb0, 0x5bb0, 0x5bb0, 0x5bb0, 0x5bb0, 0x5bb0, 0x5bb0, 0x5bb0, 0x5bb0, 0x5bb0, 0x5bb0, 0x5bb0, 
	0x5bb0, 0x5bb0, 0x5bb0, 0x5bb0, 0x5bb0, 0x5bb0, 0x5bb0, 0x5bb0, 0x5bb0, 0x5bb0, 0x5bb0, 0x5bb0, 0x5bb0, 0x5bb0, 0x5bb0, 0x5bb0, 
	0x536f, 0x1082, 0x0043, 0x1a77, 0x1ab8, 0x1a98, 0x1a12, 0x0020, 0x1925, 0x5bb0, 0x5bb0, 0x5bb0, 0x5bb0, 0x5bb0, 0x5bb0, 0x5bb0, 
	0x5bb0, 0x5bb0, 0x5bb0, 0x5bb0, 0x5bb0, 0x5bb0, 0x5bb0, 0x5bb0, 0x5bb0, 0x5bb0, 0x5bb0, 0x5bb0, 0x5bb0, 0x5bb0, 0x5bb0, 0x5bb0, 
	0x5bb0, 0x5bb0, 0x5bb0, 0x5bb0, 0x5bb0, 0x5bb0, 0x5bb0, 0x5bb0, 0x5bb0, 0x5bb0, 0x5bb0, 0x5bb0, 0x5bb0, 0x5bb0, 0x5bb0, 0x5bb0, 
	0x5bb0, 0x5bb0, 0x5bb0, 0x5bb0, 0x5bb0, 0x5bb0, 0x5bb0, 0x5bb0, 0x5bb0, 0x5bb0, 0x5bb0, 0x5bb0, 0x5bb0, 0x5bb0, 0x5bb0, 0x5bb0, 
	0x5bb0, 0x5bb0, 0x5bb0, 0x5bb0, 0x5bb0, 0x5bb0, 0x5bb0, 0x5bb0, 0x5bb0, 0x5bb0, 0x5bb0, 0x5bb0, 0x5bb0, 0x5bb0, 0x5bb0, 0x7bef, 
	0x8410, 0x7c10, 0x6bcf, 0x5bb0, 0x5bb0, 0x5bb0, 0x5bb0, 0x5bb0, 0x5bb0, 0x5bb0, 0x5bb0, 0x5bb0, 0x5bb0, 0x5bb0, 0x5bb0, 0x5bb0, 
	0x5bb0, 0x5bb0, 0x5bb0, 0x5bb0, 0x5bb0, 0x5bb0, 0x5bb0, 0x5bb0, 0x5bb0, 0x5bb0, 0x5bb0, 0x5bb0, 0x5bb0, 0x5bb0, 0x5bb0, 0x5bb0, 
	0x5bb0, 0x5bb0, 0x5bb0, 0x5bb0, 0x5bb0, 0x5bb0, 0x5bb0, 0x5bb0, 0x5bb0, 0x5bb0, 0x5bb0, 0x5bb0, 0x5bb0, 0x5bb0, 0x5bb0, 0x5bb0, 
	0x5bb0, 0x5bb0, 0x5bb0, 0x5bb0, 0x5bb0, 0x5bb0, 0x5bb0, 0x5bb0, 0x5bb0, 0x5bb0, 0x5bb0, 0x5bb0, 0x5bb0, 0x5bb0, 0x5bb0, 0x5bb0, 
	0x5bb0, 0x5bb0, 0x5bb0, 0x5bb0, 0x5bb0, 0x5bb0, 0x5bb0, 0x5bb0, 0x5bb0, 0x5bb0, 0x5bb0, 0x5bb0, 0x5bb0, 0x5bb0, 0x5bb0, 0x5bb0, 
	0x536e, 0x0020, 0x0064, 0x1a98, 0x1ab8, 0x1a98, 0x1a33, 0x0841, 0x10e4, 0x538f, 0x5bb0, 0x5bb0, 0x5bb0, 0x5bb0, 0x5bb0, 0x5bb0, 
	0x5bb0, 0x5bb0, 0x5bb0, 0x5bb0, 0x5bb0, 0x5bb0, 0x5bb0, 0x5bb0, 0x5bb0, 0x5bb0, 0x5bb0, 0x5bb0, 0x5bb0, 0x5bb0, 0x5bb0, 0x5bb0, 
	0x5bb0, 0x5bb0, 0x5bb0, 0x5bb0, 0x5bb0, 0x5bb0, 0x5bb0, 0x5bb0, 0x5bb0, 0x5bb0, 0x5bb0, 0x5bb0, 0x5bb0, 0x5bb0, 0x5bb0, 0x5bb0, 
	0x5bb0, 0x5bb0, 0x5bb0, 0x5bb0, 0x5bb0, 0x5bb0, 0x5bb0, 0x5bb0, 0x5bb0, 0x5bb0, 0x5bb0, 0x5bb0, 0x5bb0, 0x5bb0, 0x5bb0, 0x5bb0, 
	0x5bb0, 0x5bb0, 0x5bb0, 0x5bb0, 0x5bb0, 0x5bb0, 0x5bb0, 0x5bb0, 0x5bb0, 0x5bb0, 0x5bb0, 0x5bb0, 0x5bb0, 0x5bb0, 0x5bb0, 0x7bef, 
	0x8410, 0x7c10, 0x6bcf, 0x5bb0, 0x5bb0, 0x5bb0, 0x5bb0, 0x5bb0, 0x5bb0, 0x5bb0, 0x5bb0, 0x5bb0, 0x5bb0, 0x5bb0, 0x5bb0, 0x5bb0, 
	0x5bb0, 0x5bb0, 0x5bb0, 0x5bb0, 0x5bb0, 0x5bb0, 0x5bb0, 0x5bb0, 0x5bb0, 0x5bb0, 0x5bb0, 0x5bb0, 0x5bb0, 0x5bb0, 0x5bb0, 0x5bb0, 
	0x5bb0, 0x5bb0, 0x5bb0, 0x5bb0, 0x5bb0, 0x5bb0, 0x5bb0, 0x5bb0, 0x5bb0, 0x5bb0, 0x5bb0, 0x5bb0, 0x5bb0, 0x5bb0, 0x5bb0, 0x5bb0, 
	0x5bb0, 0x5bb0, 0x5bb0, 0x5bb0, 0x5bb0, 0x5bb0, 0x5bb0, 0x5bb0, 0x5bb0, 0x5bb0, 0x5bb0, 0x5bb0, 0x5bb0, 0x5bb0, 0x5bb0, 0x5bb0, 
	0x5bb0, 0x5bb0, 0x5bb0, 0x5bb0, 0x5bb0, 0x5bb0, 0x5bb0, 0x5bb0, 0x5bb0, 0x5bb0, 0x5bb0, 0x5bb0, 0x5bb0, 0x5bb0, 0x5bb0, 0x538f, 
	0x18c3, 0x0022, 0x1256, 0x1ab8, 0x1ab8, 0x1ab8, 0x1a97, 0x11f1, 0x0020, 0x2166, 0x5bb0, 0x5bb0, 0x5bb0, 0x5bb0, 0x5bb0, 0x5bb0, 
	0x5bb0, 0x5bb0, 0x5bb0, 0x5bb0, 0x5bb0, 0x5bb0, 0x5bb0, 0x5bb0, 0x5bb0, 0x5bb0, 0x5bb0, 0x5bb0, 0x5bb0, 0x5bb0, 0x5bb0, 0x5bb0, 
	0x5bb0, 0x5bb0, 0x5bb0, 0x5bb0, 0x5bb0, 0x5bb0, 0x5bb0, 0x5bb0, 0x5bb0, 0x5bb0, 0x5bb0, 0x5bb0, 0x5bb0, 0x5bb0, 0x5bb0, 0x5bb0, 
	0x5bb0, 0x5bb0, 0x5bb0, 0x5bb0, 0x5bb0, 0x5bb0, 0x5bb0, 0x5bb0, 0x5bb0, 0x5bb0, 0x5bb0, 0x5bb0, 0x5bb0, 0x5bb0, 0x5bb0, 0x5bb0, 
	0x5bb0, 0x5bb0, 0x5bb0, 0x5bb0, 0x5bb0, 0x5bb0, 0x5bb0, 0x5bb0, 0x5bb0, 0x5bb0, 0x5bb0, 0x5bb0, 0x5bb0, 0x5bb0, 0x5bb0, 0x7bef, 
	0x8410, 0x7c10, 0x6bcf, 0x5bb0, 0x5bb0, 0x5bb0, 0x5bb0, 0x5bb0, 0x5bb0, 0x5bb0, 0x5bb0, 0x5bb0, 0x5bb0, 0x5bb0, 0x5bb0, 0x5bb0, 
	0x5bb0, 0x5bb0, 0x5bb0, 0x5bb0, 0x5bb0, 0x5bb0, 0x5bb0, 0x5bb0, 0x5bb0, 0x5bb0, 0x5bb0, 0x5bb0, 0x5bb0, 0x5bb0, 0x5bb0, 0x5bb0, 
	0x5bb0, 0x5bb0, 0x5bb0, 0x5bb0, 0x5bb0, 0x5bb0, 0x5bb0, 0x5bb0, 0x5bb0, 0x5bb0, 0x5bb0, 0x5bb0, 0x5bb0, 0x5bb0, 0x5bb0, 0x5bb0, 
	0x5bb0, 0x5bb0, 0x5bb0, 0x5bb0, 0x5bb0, 0x5bb0, 0x5bb0, 0x5bb0, 0x5bb0, 0x5bb0, 0x5bb0, 0x5bb0, 0x5bb0, 0x5bb0, 0x5bb0, 0x5bb0, 
	0x5bb0, 0x5bb0, 0x5bb0, 0x5bb0, 0x5bb0, 0x5bb0, 0x5bb0, 0x5bb0, 0x5bb0, 0x5bb0, 0x5bb0, 0x5bb0, 0x5bb0, 0x5bb0, 0x5bb0, 0x532e, 
	0x0841, 0x0064, 0x1a98, 0x1ab8, 0x1ab8, 0x1ab8, 0x1ab8, 0x1a13, 0x0042, 0x18e4, 0x536f, 0x5bb0, 0x5bb0, 0x5bb0, 0x5bb0, 0x5bb0, 
	0x5bb0, 0x5bb0, 0x5bb0, 0x5bb0, 0x5bb0, 0x5bb0, 0x5bb0, 0x5bb0, 0x5bb0, 0x5bb0, 0x5bb0, 0x5bb0, 0x5bb0, 0x5bb0, 0x5bb0, 0x5bb0, 
	0x5bb0, 0x5bb0, 0x5bb0, 0x5bb0, 0x5bb0, 0x5bb0, 0x5bb0, 0x5bb0, 0x5bb0, 0x5bb0, 0x5bb0, 0x5bb0, 0x5bb0, 0x5bb0, 0x5bb0, 0x5bb0, 
	0x5bb0, 0x5bb0, 0x5bb0, 0x5bb0, 0x5bb0, 0x5bb0, 0x5bb0, 0x5bb0, 0x5bb0, 0x5bb0, 0x5bb0, 0x5bb0, 0x5bb0, 0x5bb0, 0x5bb0, 0x5bb0, 
	0x5bb0, 0x5bb0, 0x5bb0, 0x5bb0, 0x5bb0, 0x5bb0, 0x5bb0, 0x5bb0, 0x5bb0, 0x5bb0, 0x5bb0, 0x5bb0, 0x5bb0, 0x5bb0, 0x5bb0, 0x7bef, 
	0x8410, 0x7c10, 0x6bcf, 0x5bb0, 0x5bb0, 0x5bb0, 0x5bb0, 0x5bb0, 0x5bb0, 0x5bb0, 0x5bb0, 0x5bb0, 0x5bb0, 0x5bb0, 0x5bb0, 0x5bb0, 
	0x5bb0, 0x5bb0, 0x5bb0, 0x5bb0, 0x5bb0, 0x5bb0, 0x5bb0, 0x5bb0, 0x5bb0, 0x5bb0, 0x5bb0, 0x5bb0, 0x5bb0, 0x5bb0, 0x5bb0, 0x5bb0, 
	0x5bb0, 0x5bb0, 0x5bb0, 0x5bb0, 0x5bb0, 0x5bb0, 0x5bb0, 0x5bb0, 0x5bb0, 0x5bb0, 0x5bb0, 0x5bb0, 0x5bb0, 0x5bb0, 0x5bb0, 0x5bb0, 
	0x5bb0, 0x5bb0, 0x5bb0, 0x5bb0, 0x5bb0, 0x5bb0, 0x5bb0, 0x5bb0, 0x5bb0, 0x5bb0, 0x5bb0, 0x5bb0, 0x5bb0, 0x5bb0, 0x5bb0, 0x5bb0, 
	0x5bb0, 0x5bb0, 0x5bb0, 0x5bb0, 0x5bb0, 0x5bb0, 0x5bb0, 0x5bb0, 0x5bb0, 0x5bb0, 0x5bb0, 0x5bb0, 0x5bb0, 0x5bb0, 0x536f, 0x18c3, 
	0x0022, 0x0a15, 0x1ab8, 0x1ab8, 0x1ab8, 0x1ab8, 0x1ab8, 0x1a97, 0x11b0, 0x0021, 0x2986, 0x5bb0, 0x5bb0, 0x5bb0, 0x5bb0, 0x5bb0, 
	0x5bb0, 0x5bb0, 0x5bb0, 0x5bb0, 0x5bb0, 0x5bb0, 0x5bb0, 0x5bb0, 0x5bb0, 0x5bb0, 0x5bb0, 0x5bb0, 0x5bb0, 0x5bb0, 0x5bb0, 0x5bb0, 
	0x5bb0, 0x5bb0, 0x5bb0, 0x5bb0, 0x5bb0, 0x5bb0, 0x5bb0, 0x5bb0, 0x5bb0, 0x5bb0, 0x5bb0, 0x5bb0, 0x5bb0, 0x5bb0, 0x5bb0, 0x5bb0, 
	0x5bb0, 0x5bb0, 0x5bb0, 0x5bb0, 0x5bb0, 0x5bb0, 0x5bb0, 0x5bb0, 0x5bb0, 0x5bb0, 0x5bb0, 0x5bb0, 0x5bb0, 0x5bb0, 0x5bb0, 0x5bb0, 
	0x5bb0, 0x5bb0, 0x5bb0, 0x5bb0, 0x5bb0, 0x5bb0, 0x5bb0, 0x5bb0, 0x5bb0, 0x5bb0, 0x5bb0, 0x5bb0, 0x5bb0, 0x5bb0, 0x5bb0, 0x7bef, 
	0x8410, 0x7c10, 0x6bcf, 0x5bb0, 0x5bb0, 0x5bb0, 0x5bb0, 0x5bb0, 0x5bb0, 0x5bb0, 0x5bb0, 0x5bb0, 0x5bb0, 0x5bb0, 0x5bb0, 0x5bb0, 
	0x5bb0, 0x5bb0, 0x5bb0, 0x5bb0, 0x5bb0, 0x5bb0, 0x5bb0, 0x5bb0, 0x5bb0, 0x5bb0, 0x5bb0, 0x5bb0, 0x5bb0, 0x5bb0, 0x5bb0, 0x5bb0, 
	0x5bb0, 0x5bb0, 0x5bb0, 0x5bb0, 0x5bb0, 0x5bb0, 0x5bb0, 0x5bb0, 0x5bb0, 0x5bb0, 0x5bb0, 0x5bb0, 0x5bb0, 0x5bb0, 0x5bb0, 0x5bb0, 
	0x5bb0, 0x5bb0, 0x5bb0, 0x5bb0, 0x5bb0, 0x5bb0, 0x5bb0, 0x5bb0, 0x5bb0, 0x5bb0, 0x5bb0, 0x5bb0, 0x5bb0, 0x5bb0, 0x5bb0, 0x5bb0, 
	0x5bb0, 0x5bb0, 0x5bb0, 0x5bb0, 0x5bb0, 0x5bb0, 0x5bb0, 0x5bb0, 0x5bb0, 0x5bb0, 0x5bb0, 0x5bb0, 0x5bb0, 0x5bb0, 0x538f, 0x0862, 
	0x0085, 0x1a97, 0x1ab8, 0x1ab8, 0x1ab8, 0x1ab8, 0x1ab8, 0x1a98, 0x1a13, 0x0063, 0x1925, 0x5bb0, 0x5bb0, 0x5bb0, 0x5bb0, 0x5bb0, 
	0x5bb0, 0x5bb0, 0x5bb0, 0x5bb0, 0x5bb0, 0x5bb0, 0x5bb0, 0x5bb0, 0x5bb0, 0x5bb0, 0x5bb0, 0x5bb0, 0x5bb0, 0x5bb0, 0x5bb0, 0x5bb0, 
	0x5bb0, 0x5bb0, 0x5bb0, 0x5bb0, 0x5bb0, 0x5bb0, 0x5bb0, 0x5bb0, 0x5bb0, 0x5bb0, 0x5bb0, 0x5bb0, 0x5bb0, 0x5bb0, 0x5bb0, 0x5bb0, 
	0x5bb0, 0x5bb0, 0x5bb0, 0x5bb0, 0x5bb0, 0x5bb0, 0x5bb0, 0x5bb0, 0x5bb0, 0x5bb0, 0x5bb0, 0x5bb0, 0x5bb0, 0x5bb0, 0x5bb0, 0x5bb0, 
	0x5bb0, 0x5bb0, 0x5bb0, 0x5bb0, 0x5bb0, 0x5bb0, 0x5bb0, 0x5bb0, 0x5bb0, 0x5bb0, 0x5bb0, 0x5bb0, 0x5bb0, 0x5bb0, 0x5bb0, 0x7bef, 
	0x8410, 0x7c10, 0x6bcf, 0x5bb0, 0x5bb0, 0x5bb0, 0x5bb0, 0x5bb0, 0x5bb0, 0x5bb0, 0x5bb0, 0x5bb0, 0x5bb0, 0x5bb0, 0x5bb0, 0x5bb0, 
	0x5bb0, 0x5bb0, 0x5bb0, 0x5bb0, 0x5bb0, 0x5bb0, 0x5bb0, 0x5bb0, 0x5bb0, 0x5bb0, 0x5bb0, 0x5bb0, 0x5bb0, 0x5bb0, 0x5bb0, 0x5bb0, 
	0x5bb0, 0x5bb0, 0x5bb0, 0x5bb0, 0x5bb0, 0x5bb0, 0x5bb0, 0x5bb0, 0x5bb0, 0x5bb0, 0x5bb0, 0x5bb0, 0x5bb0, 0x5bb0, 0x5bb0, 0x5bb0, 
	0x5bb0, 0x5bb0, 0x5bb0, 0x5bb0, 0x5bb0, 0x5bb0, 0x5bb0, 0x5bb0, 0x5bb0, 0x5bb0, 0x5bb0, 0x5bb0, 0x5bb0, 0x5bb0, 0x5bb0, 0x5bb0, 
	0x5bb0, 0x5bb0, 0x5bb0, 0x5bb0, 0x5bb0, 0x5bb0, 0x5bb0, 0x5bb0, 0x5bb0, 0x5bb0, 0x5bb0, 0x5bb0, 0x5bb0, 0x5bb0, 0x4acc, 0x0022, 
	0x09f5, 0x1ab8, 0x1ab8, 0x1ab8, 0x1ab8, 0x1ab8, 0x1ab8, 0x1ab8, 0x1a97, 0x09b0, 0x10e4, 0x4b0d, 0x5bb0, 0x5bb0, 0x5bb0, 0x5bb0, 
	0x5bb0, 0x5bb0, 0x5bb0, 0x5bb0, 0x5bb0, 0x5bb0, 0x5bb0, 0x5bb0, 0x5bb0, 0x5bb0, 0x5bb0, 0x5bb0, 0x5bb0, 0x5bb0, 0x5bb0, 0x5bb0, 
	0x5bb0, 0x5bb0, 0x5bb0, 0x5bb0, 0x5bb0, 0x5bb0, 0x5bb0, 0x5bb0, 0x5bb0, 0x5bb0, 0x5bb0, 0x5bb0, 0x5bb0, 0x5bb0, 0x5bb0, 0x5bb0, 
	0x5bb0, 0x5bb0, 0x5bb0, 0x5bb0, 0x5bb0, 0x5bb0, 0x5bb0, 0x5bb0, 0x5bb0, 0x5bb0, 0x5bb0, 0x5bb0, 0x5bb0, 0x5bb0, 0x5bb0, 0x5bb0, 
	0x5bb0, 0x5bb0, 0x5bb0, 0x5bb0, 0x5bb0, 0x5bb0, 0x5bb0, 0x5bb0, 0x5bb0, 0x5bb0, 0x5bb0, 0x5bb0, 0x5bb0, 0x5bb0, 0x5bb0, 0x7bef, 
	0x8410, 0x7c10, 0x6bcf, 0x5bb0, 0x5bb0, 0x5bb0, 0x5bb0, 0x5bb0, 0x5bb0, 0x5bb0, 0x5bb0, 0x5bb0, 0x5bb0, 0x5bb0, 0x5bb0, 0x5bb0, 
	0x5bb0, 0x5bb0, 0x5bb0, 0x5bb0, 0x5bb0, 0x5bb0, 0x5bb0, 0x5bb0, 0x5bb0, 0x5bb0, 0x5bb0, 0x5bb0, 0x5bb0, 0x5bb0, 0x5bb0, 0x5bb0, 
	0x5bb0, 0x5bb0, 0x5bb0, 0x5bb0, 0x5bb0, 0x5bb0, 0x5bb0, 0x5bb0, 0x5bb0, 0x5bb0, 0x5bb0, 0x5bb0, 0x5bb0, 0x5bb0, 0x5bb0, 0x5bb0, 
	0x5bb0, 0x5bb0, 0x5bb0, 0x5bb0, 0x5bb0, 0x5bb0, 0x5bb0, 0x5bb0, 0x5bb0, 0x5bb0, 0x5bb0, 0x5bb0, 0x5bb0, 0x5bb0, 0x5bb0, 0x5bb0, 
	0x5bb0, 0x5bb0, 0x5bb0, 0x5bb0, 0x5bb0, 0x5bb0, 0x5bb0, 0x5bb0, 0x5bb0, 0x5bb0, 0x5bb0, 0x5bb0, 0x5bb0, 0x4aec, 0x10a2, 0x0021, 
	0x1277, 0x1ab8, 0x1ab8, 0x1ab8, 0x1ab8, 0x1ab8, 0x1ab8, 0x1ab8, 0x1a97, 0x11f1, 0x0020, 0x1925, 0x532e, 0x5bb0, 0x5bb0, 0x5bb0, 
	0x5bb0, 0x5bb0, 0x5bb0, 0x5bb0, 0x5bb0, 0x5bb0, 0x5bb0, 0x5bb0, 0x5bb0, 0x5bb0, 0x5bb0, 0x5bb0, 0x5bb0, 0x5bb0, 0x5bb0, 0x5bb0, 
	0x5bb0, 0x5bb0, 0x5bb0, 0x5bb0, 0x5bb0, 0x5bb0, 0x5bb0, 0x5bb0, 0x5bb0, 0x5bb0, 0x5bb0, 0x5bb0, 0x5bb0, 0x5bb0, 0x5bb0, 0x5bb0, 
	0x5bb0, 0x5bb0, 0x5bb0, 0x5bb0, 0x5bb0, 0x5bb0, 0x5bb0, 0x5bb0, 0x5bb0, 0x5bb0, 0x5bb0, 0x5bb0, 0x5bb0, 0x5bb0, 0x5bb0, 0x5bb0, 
	0x5bb0, 0x5bb0, 0x5bb0, 0x5bb0, 0x5bb0, 0x5bb0, 0x5bb0, 0x5bb0, 0x5bb0, 0x5bb0, 0x5bb0, 0x5bb0, 0x5bb0, 0x5bb0, 0x5bb0, 0x7bef, 
	0x8410, 0x7c10, 0x6bcf, 0x5bb0, 0x5bb0, 0x5bb0, 0x5bb0, 0x5bb0, 0x5bb0, 0x5bb0, 0x5bb0, 0x5bb0, 0x5bb0, 0x5bb0, 0x5bb0, 0x5bb0, 
	0x5bb0, 0x5bb0, 0x5bb0, 0x5bb0, 0x5bb0, 0x5bb0, 0x5bb0, 0x5bb0, 0x5bb0, 0x5bb0, 0x5bb0, 0x5bb0, 0x5bb0, 0x5bb0, 0x5bb0, 0x5bb0, 
	0x5bb0, 0x5bb0, 0x5bb0, 0x5bb0, 0x5bb0, 0x5bb0, 0x5bb0, 0x5bb0, 0x5bb0, 0x5bb0, 0x5bb0, 0x5bb0, 0x5bb0, 0x5bb0, 0x5bb0, 0x5bb0, 
	0x5bb0, 0x5bb0, 0x5bb0, 0x5bb0, 0x5bb0, 0x5bb0, 0x5bb0, 0x5bb0, 0x5bb0, 0x5bb0, 0x5bb0, 0x5bb0, 0x5bb0, 0x5bb0, 0x5bb0, 0x5bb0, 
	0x5bb0, 0x5bb0, 0x5bb0, 0x5bb0, 0x5bb0, 0x5bb0, 0x5bb0, 0x5bb0, 0x5bb0, 0x5bb0, 0x5bb0, 0x5bb0, 0x538f, 0x1904, 0x0041, 0x00a7, 
	0x1a98, 0x1ab8, 0x1ab8, 0x1ab8, 0x1ab8, 0x1ab8, 0x1ab8, 0x1ab8, 0x1ab8, 0x1a33, 0x0885, 0x0841, 0x31c7, 0x5bb0, 0x5bb0, 0x5bb0, 
	0x5bb0, 0x5bb0, 0x5bb0, 0x5bb0, 0x5bb0, 0x5bb0, 0x5bb0, 0x5bb0, 0x5bb0, 0x5bb0, 0x5bb0, 0x5bb0, 0x5bb0, 0x5bb0, 0x5bb0, 0x5bb0, 
	0x5bb0, 0x5bb0, 0x5bb0, 0x5bb0, 0x5bb0, 0x5bb0, 0x5bb0, 0x5bb0, 0x5bb0, 0x5bb0, 0x5bb0, 0x5bb0, 0x5bb0, 0x5bb0, 0x5bb0, 0x5bb0, 
	0x5bb0, 0x5bb0, 0x5bb0, 0x5bb0, 0x5bb0, 0x5bb0, 0x5bb0, 0x5bb0, 0x5bb0, 0x5bb0, 0x5bb0, 0x5bb0, 0x5bb0, 0x5bb0, 0x5bb0, 0x5bb0, 
	0x5bb0, 0x5bb0, 0x5bb0, 0x5bb0, 0x5bb0, 0x5bb0, 0x5bb0, 0x5bb0, 0x5bb0, 0x5bb0, 0x5bb0, 0x5bb0, 0x5bb0, 0x5bb0, 0x5bb0, 0x7bef, 
	0x8410, 0x7c10, 0x6bcf, 0x5bb0, 0x5bb0, 0x5bb0, 0x5bb0, 0x5bb0, 0x5bb0, 0x5bb0, 0x5bb0, 0x5bb0, 0x5bb0, 0x5bb0, 0x5bb0, 0x5bb0, 
	0x5bb0, 0x5bb0, 0x5bb0, 0x5bb0, 0x5bb0, 0x5bb0, 0x5bb0, 0x5bb0, 0x5bb0, 0x5bb0, 0x5bb0, 0x5bb0, 0x5bb0, 0x5bb0, 0x5bb0, 0x5bb0, 
	0x5bb0, 0x5bb0, 0x5bb0, 0x5bb0, 0x5bb0, 0x5bb0, 0x5bb0, 0x5bb0, 0x5bb0, 0x5bb0, 0x5bb0, 0x5bb0, 0x5bb0, 0x5bb0, 0x5bb0, 0x5bb0, 
	0x5bb0, 0x5bb0, 0x5bb0, 0x5bb0, 0x5bb0, 0x5bb0, 0x5bb0, 0x5bb0, 0x5bb0, 0x5bb0, 0x5bb0, 0x5bb0, 0x5bb0, 0x5bb0, 0x5bb0, 0x5bb0, 
	0x5bb0, 0x5bb0, 0x5bb0, 0x5bb0, 0x5bb0, 0x5bb0, 0x5bb0, 0x5bb0, 0x5bb0, 0x5bb0, 0x5bb0, 0x5bb0, 0x42ab, 0x18c3, 0x00a7, 0x1235, 
	0x1ab8, 0x1ab8, 0x1ab8, 0x1ab8, 0x1ab8, 0x1ab8, 0x1ab8, 0x1ab8, 0x1ab8, 0x1a97, 0x11d1, 0x0085, 0x2145, 0x4b0d, 0x5bb0, 0x5bb0, 
	0x5bb0, 0x5bb0, 0x5bb0, 0x5bb0, 0x5bb0, 0x5bb0, 0x5bb0, 0x5bb0, 0x5bb0, 0x5bb0, 0x5bb0, 0x5bb0, 0x5bb0, 0x5bb0, 0x5bb0, 0x5bb0, 
	0x5bb0, 0x5bb0, 0x5bb0, 0x5bb0, 0x5bb0, 0x5bb0, 0x5bb0, 0x5bb0, 0x5bb0, 0x5bb0, 0x5bb0, 0x5bb0, 0x5bb0, 0x5bb0, 0x5bb0, 0x5bb0, 
	0x5bb0, 0x5bb0, 0x5bb0, 0x5bb0, 0x5bb0, 0x5bb0, 0x5bb0, 0x5bb0, 0x5bb0, 0x5bb0, 0x5bb0, 0x5bb0, 0x5bb0, 0x5bb0, 0x5bb0, 0x5bb0, 
	0x5bb0, 0x5bb0, 0x5bb0, 0x5bb0, 0x5bb0, 0x5bb0, 0x5bb0, 0x5bb0, 0x5bb0, 0x5bb0, 0x5bb0, 0x5bb0, 0x5bb0, 0x5bb0, 0x5bb0, 0x7bef, 
	0x8410, 0x7c10, 0x6bcf, 0x5bb0, 0x5bb0, 0x5bb0, 0x5bb0, 0x5bb0, 0x5bb0, 0x5bb0, 0x5bb0, 0x5bb0, 0x5bb0, 0x5bb0, 0x5bb0, 0x5bb0, 
	0x5bb0, 0x5bb0, 0x5bb0, 0x5bb0, 0x5bb0, 0x5bb0, 0x5bb0, 0x5bb0, 0x5bb0, 0x5bb0, 0x5bb0, 0x5bb0, 0x5bb0, 0x5bb0, 0x5bb0, 0x5bb0, 
	0x5bb0, 0x5bb0, 0x5bb0, 0x5bb0, 0x5bb0, 0x5bb0, 0x5bb0, 0x5bb0, 0x5bb0, 0x5bb0, 0x5bb0, 0x5bb0, 0x5bb0, 0x5bb0, 0x5bb0, 0x5bb0, 
	0x5bb0, 0x5bb0, 0x5bb0, 0x5bb0, 0x5bb0, 0x5bb0, 0x5bb0, 0x5bb0, 0x5bb0, 0x5bb0, 0x5bb0, 0x5bb0, 0x5bb0, 0x5bb0, 0x5bb0, 0x5bb0, 
	0x5bb0, 0x5bb0, 0x5bb0, 0x5bb0, 0x5bb0, 0x5bb0, 0x5bb0, 0x5bb0, 0x5bb0, 0x5bb0, 0x5bb0, 0x538f, 0x2124, 0x0863, 0x01d3, 0x1a97, 
	0x1ab8, 0x1ab8, 0x1ab8, 0x1ab8, 0x1ab8, 0x1ab8, 0x1ab8, 0x1ab8, 0x1ab8, 0x1ab8, 0x1a76, 0x094e, 0x0861, 0x31e8, 0x5bb0, 0x5bb0, 
	0x5bb0, 0x5bb0, 0x5bb0, 0x5bb0, 0x5bb0, 0x5bb0, 0x5bb0, 0x5bb0, 0x5bb0, 0x5bb0, 0x5bb0, 0x5bb0, 0x5bb0, 0x5bb0, 0x5bb0, 0x5bb0, 
	0x5bb0, 0x5bb0, 0x5bb0, 0x5bb0, 0x5bb0, 0x5bb0, 0x5bb0, 0x5bb0, 0x5bb0, 0x5bb0, 0x5bb0, 0x5bb0, 0x5bb0, 0x5bb0, 0x5bb0, 0x5bb0, 
	0x5bb0, 0x5bb0, 0x5bb0, 0x5bb0, 0x5bb0, 0x5bb0, 0x5bb0, 0x5bb0, 0x5bb0, 0x5bb0, 0x5bb0, 0x5bb0, 0x5bb0, 0x5bb0, 0x5bb0, 0x5bb0, 
	0x5bb0, 0x5bb0, 0x5bb0, 0x5bb0, 0x5bb0, 0x5bb0, 0x5bb0, 0x5bb0, 0x5bb0, 0x5bb0, 0x5bb0, 0x5bb0, 0x5bb0, 0x5bb0, 0x5bb0, 0x7bef, 
	0x8410, 0x7c10, 0x6bcf, 0x5bb0, 0x5bb0, 0x5bb0, 0x5bb0, 0x5bb0, 0x5bb0, 0x5bb0, 0x5bb0, 0x5bb0, 0x5bb0, 0x5bb0, 0x5bb0, 0x5bb0, 
	0x5bb0, 0x5bb0, 0x5bb0, 0x5bb0, 0x5bb0, 0x5bb0, 0x5bb0, 0x5bb0, 0x5bb0, 0x5bb0, 0x5bb0, 0x5bb0, 0x5bb0, 0x5bb0, 0x5bb0, 0x5bb0, 
	0x5bb0, 0x5bb0, 0x5bb0, 0x5bb0, 0x5bb0, 0x5bb0, 0x5bb0, 0x5bb0, 0x5bb0, 0x5bb0, 0x5bb0, 0x5bb0, 0x5bb0, 0x5bb0, 0x5bb0, 0x5bb0, 
	0x5bb0, 0x5bb0, 0x5bb0, 0x5bb0, 0x5bb0, 0x5bb0, 0x5bb0, 0x5bb0, 0x5bb0, 0x5bb0, 0x5bb0, 0x5bb0, 0x5bb0, 0x5bb0, 0x5bb0, 0x5bb0, 
	0x5bb0, 0x5bb0, 0x5bb0, 0x5bb0, 0x5bb0, 0x5bb0, 0x5bb0, 0x5bb0, 0x5bb0, 0x5bb0, 0x5bb0, 0x428b, 0x10a3, 0x00c8, 0x1236, 0x1ab8, 
	0x1ab8, 0x1ab8, 0x1ab8, 0x1ab8, 0x1ab8, 0x1ab8, 0x1ab8, 0x1ab8, 0x1ab8, 0x1ab8, 0x1a97, 0x11d2, 0x00a6, 0x2125, 0x4b0d, 0x5bb0, 
	0x5bb0, 0x5bb0, 0x5bb0, 0x5bb0, 0x5bb0, 0x5bb0, 0x5bb0, 0x5bb0, 0x5bb0, 0x5bb0, 0x5bb0, 0x5bb0, 0x5bb0, 0x5bb0, 0x5bb0, 0x5bb0, 
	0x5bb0, 0x5bb0, 0x5bb0, 0x5bb0, 0x5bb0, 0x5bb0, 0x5bb0, 0x5bb0, 0x5bb0, 0x5bb0, 0x5bb0, 0x5bb0, 0x5bb0, 0x5bb0, 0x5bb0, 0x5bb0, 
	0x5bb0, 0x5bb0, 0x5bb0, 0x5bb0, 0x5bb0, 0x5bb0, 0x5bb0, 0x5bb0, 0x5bb0, 0x5bb0, 0x5bb0, 0x5bb0, 0x5bb0, 0x5bb0, 0x5bb0, 0x5bb0, 
	0x5bb0, 0x5bb0, 0x5bb0, 0x5bb0, 0x5bb0, 0x5bb0, 0x5bb0, 0x5bb0, 0x5bb0, 0x5bb0, 0x5bb0, 0x5bb0, 0x5bb0, 0x5bb0, 0x5bb0, 0x7bef, 
	0x8410, 0x7c10, 0x6bcf, 0x5bb0, 0x5bb0, 0x5bb0, 0x5bb0, 0x5bb0, 0x5bb0, 0x5bb0, 0x5bb0, 0x5bb0, 0x5bb0, 0x5bb0, 0x5bb0, 0x5bb0, 
	0x5bb0, 0x5bb0, 0x5bb0, 0x5bb0, 0x5bb0, 0x5bb0, 0x5bb0, 0x5bb0, 0x5bb0, 0x5bb0, 0x5bb0, 0x5bb0, 0x5bb0, 0x5bb0, 0x5bb0, 0x5bb0, 
	0x5bb0, 0x5bb0, 0x5bb0, 0x5bb0, 0x5bb0, 0x5bb0, 0x5bb0, 0x5bb0, 0x5bb0, 0x5bb0, 0x5bb0, 0x5bb0, 0x5bb0, 0x5bb0, 0x5bb0, 0x5bb0, 
	0x5bb0, 0x5bb0, 0x5bb0, 0x5bb0, 0x5bb0, 0x5bb0, 0x5bb0, 0x5bb0, 0x5bb0, 0x5bb0, 0x5bb0, 0x5bb0, 0x5bb0, 0x5bb0, 0x5bb0, 0x5bb0, 
	0x5bb0, 0x5bb0, 0x5bb0, 0x5bb0, 0x5bb0, 0x5bb0, 0x5bb0, 0x5bb0, 0x5bb0, 0x5bb0, 0x538f, 0x1904, 0x0042, 0x09d3, 0x1a98, 0x1ab8, 
	0x1ab8, 0x1ab8, 0x1ab8, 0x1ab8, 0x1ab8, 0x1ab8, 0x1ab8, 0x1ab8, 0x1ab8, 0x1ab8, 0x1ab8, 0x1a77, 0x096d, 0x0841, 0x31e8, 0x5bb0, 
	0x5bb0, 0x5bb0, 0x5bb0, 0x5bb0, 0x5bb0, 0x5bb0, 0x5bb0, 0x5bb0, 0x5bb0, 0x5bb0, 0x5bb0, 0x5bb0, 0x5bb0, 0x5bb0, 0x5bb0, 0x5bb0, 
	0x5bb0, 0x5bb0, 0x5bb0, 0x5bb0, 0x5bb0, 0x5bb0, 0x5bb0, 0x5bb0, 0x5bb0, 0x5bb0, 0x5bb0, 0x5bb0, 0x5bb0, 0x5bb0, 0x5bb0, 0x5bb0, 
	0x5bb0, 0x5bb0, 0x5bb0, 0x5bb0, 0x5bb0, 0x5bb0, 0x5bb0, 0x5bb0, 0x5bb0, 0x5bb0, 0x5bb0, 0x5bb0, 0x5bb0, 0x5bb0, 0x5bb0, 0x5bb0, 
	0x5bb0, 0x5bb0, 0x5bb0, 0x5bb0, 0x5bb0, 0x5bb0, 0x5bb0, 0x5bb0, 0x5bb0, 0x5bb0, 0x5bb0, 0x5bb0, 0x5bb0, 0x5bb0, 0x5bb0, 0x7bef, 
	0x8410, 0x7c10, 0x6bcf, 0x5bb0, 0x5bb0, 0x5bb0, 0x5bb0, 0x5bb0, 0x5bb0, 0x5bb0, 0x5bb0, 0x5bb0, 0x5bb0, 0x5bb0, 0x5bb0, 0x5bb0, 
	0x5bb0, 0x5bb0, 0x5bb0, 0x5bb0, 0x5bb0, 0x5bb0, 0x5bb0, 0x5bb0, 0x5bb0, 0x5bb0, 0x5bb0, 0x5bb0, 0x5bb0, 0x5bb0, 0x5bb0, 0x5bb0, 
	0x5bb0, 0x5bb0, 0x5bb0, 0x5bb0, 0x5bb0, 0x5bb0, 0x5bb0, 0x5bb0, 0x5bb0, 0x5bb0, 0x5bb0, 0x5bb0, 0x5bb0, 0x5bb0, 0x5bb0, 0x5bb0, 
	0x5bb0, 0x5bb0, 0x5bb0, 0x5bb0, 0x5bb0, 0x5bb0, 0x5bb0, 0x5bb0, 0x5bb0, 0x5bb0, 0x5bb0, 0x5bb0, 0x5bb0, 0x5bb0, 0x5bb0, 0x5bb0, 
	0x5bb0, 0x5bb0, 0x5bb0, 0x5bb0, 0x5bb0, 0x5bb0, 0x5bb0, 0x5bb0, 0x5b90, 0x42ab, 0x3a4a, 0x092a, 0x00ea, 0x1256, 0x1ab8, 0x1ab8, 
	0x1ab8, 0x1ab8, 0x1ab8, 0x1ab8, 0x1ab8, 0x1ab8, 0x1ab8, 0x1ab8, 0x1ab8, 0x1ab8, 0x1ab8, 0x1a98, 0x1213, 0x08e9, 0x1969, 0x3a6a, 
	0x4b0d, 0x5bb0, 0x5bb0, 0x5bb0, 0x5bb0, 0x5bb0, 0x5bb0, 0x5bb0, 0x5bb0, 0x5bb0, 0x5bb0, 0x5bb0, 0x5bb0, 0x5bb0, 0x5bb0, 0x5bb0, 
	0x5bb0, 0x5bb0, 0x5bb0, 0x5bb0, 0x5bb0, 0x5bb0, 0x5bb0, 0x5bb0, 0x5bb0, 0x5bb0, 0x5bb0, 0x5bb0, 0x5bb0, 0x5bb0, 0x5bb0, 0x5bb0, 
	0x5bb0, 0x5bb0, 0x5bb0, 0x5bb0, 0x5bb0, 0x5bb0, 0x5bb0, 0x5bb0, 0x5bb0, 0x5bb0, 0x5bb0, 0x5bb0, 0x5bb0, 0x5bb0, 0x5bb0, 0x5bb0, 
	0x5bb0, 0x5bb0, 0x5bb0, 0x5bb0, 0x5bb0, 0x5bb0, 0x5bb0, 0x5bb0, 0x5bb0, 0x5bb0, 0x5bb0, 0x5bb0, 0x5bb0, 0x5bb0, 0x5bb0, 0x7bef, 
	0x8410, 0x7c10, 0x6bcf, 0x5bb0, 0x5bb0, 0x5bb0, 0x5bb0, 0x5bb0, 0x5bb0, 0x5bb0, 0x5bb0, 0x5bb0, 0x5bb0, 0x5bb0, 0x5bb0, 0x5bb0, 
	0x5bb0, 0x5bb0, 0x5bb0, 0x5bb0, 0x5bb0, 0x5bb0, 0x5bb0, 0x5bb0, 0x5bb0, 0x5bb0, 0x5bb0, 0x5bb0, 0x5bb0, 0x5bb0, 0x5bb0, 0x5bb0, 
	0x5bb0, 0x5bb0, 0x5bb0, 0x5bb0, 0x5bb0, 0x5bb0, 0x5bb0, 0x5bb0, 0x5bb0, 0x5bb0, 0x5bb0, 0x5bb0, 0x5bb0, 0x5bb0, 0x5bb0, 0x5bb0, 
	0x5bb0, 0x5bb0, 0x5bb0, 0x5bb0, 0x5bb0, 0x5bb0, 0x5bb0, 0x5bb0, 0x5bb0, 0x5bb0, 0x5bb0, 0x5bb0, 0x5bb0, 0x5bb0, 0x5bb0, 0x5bb0, 
	0x5bb0, 0x5bb0, 0x5bb0, 0x5bb0, 0x5bb0, 0x5bb0, 0x5bb0, 0x5bb0, 0x538f, 0x2166, 0x10c4, 0x0192, 0x1235, 0x1a98, 0x1ab8, 0x1ab8, 
	0x1ab8, 0x1ab8, 0x1ab8, 0x1ab8, 0x1ab8, 0x1ab8, 0x1ab8, 0x1ab8, 0x1ab8, 0x1ab8, 0x1ab8, 0x1ab8, 0x1a97, 0x1215, 0x092c, 0x10c3, 
	0x3a29, 0x5bb0, 0x5bb0, 0x5bb0, 0x5bb0, 0x5bb0, 0x5bb0, 0x5bb0, 0x5bb0, 0x5bb0, 0x5bb0, 0x5bb0, 0x5bb0, 0x5bb0, 0x5bb0, 0x5bb0, 
	0x5bb0, 0x5bb0, 0x5bb0, 0x5bb0, 0x5bb0, 0x5bb0, 0x5bb0, 0x5bb0, 0x5bb0, 0x5bb0, 0x5bb0, 0x5bb0, 0x5bb0, 0x5bb0, 0x5bb0, 0x5bb0, 
	0x5bb0, 0x5bb0, 0x5bb0, 0x5bb0, 0x5bb0, 0x5bb0, 0x5bb0, 0x5bb0, 0x5bb0, 0x5bb0, 0x5bb0, 0x5bb0, 0x5bb0, 0x5bb0, 0x5bb0, 0x5bb0, 
	0x5bb0, 0x5bb0, 0x5bb0, 0x5bb0, 0x5bb0, 0x5bb0, 0x5bb0, 0x5bb0, 0x5bb0, 0x5bb0, 0x5bb0, 0x5bb0, 0x5bb0, 0x5bb0, 0x5bb0, 0x7bef, 
	0x8410, 0x7c10, 0x6bcf, 0x5bb0, 0x5bb0, 0x5bb0, 0x5bb0, 0x5bb0, 0x5bb0, 0x5bb0, 0x5bb0, 0x5bb0, 0x5bb0, 0x5bb0, 0x5bb0, 0x5bb0, 
	0x5bb0, 0x5bb0, 0x5bb0, 0x5bb0, 0x5bb0, 0x5bb0, 0x5bb0, 0x5bb0, 0x5bb0, 0x5bb0, 0x5bb0, 0x5bb0, 0x5bb0, 0x5bb0, 0x5bb0, 0x5bb0, 
	0x5bb0, 0x5bb0, 0x5bb0, 0x5bb0, 0x5bb0, 0x5bb0, 0x5bb0, 0x5bb0, 0x5bb0, 0x5bb0, 0x5bb0, 0x5bb0, 0x5bb0, 0x5bb0, 0x5bb0, 0x5bb0, 
	0x5bb0, 0x5bb0, 0x5bb0, 0x5bb0, 0x5bb0, 0x5bb0, 0x5bb0, 0x5bb0, 0x5bb0, 0x5bb0, 0x5bb0, 0x5bb0, 0x5bb0, 0x5bb0, 0x5bb0, 0x5bb0, 
	0x5bb0, 0x5bb0, 0x5bb0, 0x5bb0, 0x5bb0, 0x5bb0, 0x5bb0, 0x5bb0, 0x536f, 0x2124, 0x0042, 0x09d3, 0x1a98, 0x1ab8, 0x1ab8, 0x1ab8, 
	0x1ab8, 0x1ab8, 0x1ab8, 0x1ab8, 0x1ab8, 0x1ab8, 0x1ab8, 0x1ab8, 0x1ab8, 0x1ab8, 0x1ab8, 0x1ab8, 0x1ab8, 0x1a77, 0x094d, 0x0841, 
	0x31e8, 0x5bb0, 0x5bb0, 0x5bb0, 0x5bb0, 0x5bb0, 0x5bb0, 0x5bb0, 0x5bb0, 0x5bb0, 0x5bb0, 0x5bb0, 0x5bb0, 0x5bb0, 0x5bb0, 0x5bb0, 
	0x5bb0, 0x5bb0, 0x5bb0, 0x5bb0, 0x5bb0, 0x5bb0, 0x5bb0, 0x5bb0, 0x5bb0, 0x5bb0, 0x5bb0, 0x5bb0, 0x5bb0, 0x5bb0, 0x5bb0, 0x5bb0, 
	0x5bb0, 0x5bb0, 0x5bb0, 0x5bb0, 0x5bb0, 0x5bb0, 0x5bb0, 0x5bb0, 0x5bb0, 0x5bb0, 0x5bb0, 0x5bb0, 0x5bb0, 0x5bb0, 0x5bb0, 0x5bb0, 
	0x5bb0, 0x5bb0, 0x5bb0, 0x5bb0, 0x5bb0, 0x5bb0, 0x5bb0, 0x5bb0, 0x5bb0, 0x5bb0, 0x5bb0, 0x5bb0, 0x5bb0, 0x5bb0, 0x5bb0, 0x7bef, 
	0x8410, 0x7c10, 0x6bcf, 0x5bb0, 0x5bb0, 0x5bb0, 0x5bb0, 0x5bb0, 0x5bb0, 0x5bb0, 0x5bb0, 0x5bb0, 0x5bb0, 0x5bb0, 0x5bb0, 0x5bb0, 
	0x5bb0, 0x5bb0, 0x5bb0, 0x5bb0, 0x5bb0, 0x5bb0, 0x5bb0, 0x5bb0, 0x5bb0, 0x5bb0, 0x5bb0, 0x5bb0, 0x5bb0, 0x5bb0, 0x5bb0, 0x5bb0, 
	0x5bb0, 0x5bb0, 0x5bb0, 0x5bb0, 0x5bb0, 0x5bb0, 0x5bb0, 0x5bb0, 0x5bb0, 0x5bb0, 0x5bb0, 0x5bb0, 0x5bb0, 0x5bb0, 0x5bb0, 0x5bb0, 
	0x5bb0, 0x5bb0, 0x5bb0, 0x5bb0, 0x5bb0, 0x5bb0, 0x5bb0, 0x5bb0, 0x5bb0, 0x5bb0, 0x5bb0, 0x5bb0, 0x5bb0, 0x5bb0, 0x5bb0, 0x5bb0, 
	0x5bb0, 0x5bb0, 0x5bb0, 0x5bb0, 0x5bb0, 0x5bb0, 0x5bb0, 0x5bb0, 0x536f, 0x10c3, 0x0042, 0x1235, 0x1ab8, 0x1ab8, 0x1ab8, 0x1ab8, 
	0x1ab8, 0x1ab8, 0x1ab8, 0x1ab8, 0x1ab8, 0x1ab8, 0x1ab8, 0x1ab8, 0x1ab8, 0x1ab8, 0x1ab8, 0x1ab8, 0x1ab8, 0x1a97, 0x118e, 0x0041, 
	0x29a7, 0x5b90, 0x5bb0, 0x5bb0, 0x5bb0, 0x5bb0, 0x5bb0, 0x5bb0, 0x5bb0, 0x5bb0, 0x5bb0, 0x5bb0, 0x5bb0, 0x5bb0, 0x5bb0, 0x5bb0, 
	0x5bb0, 0x5bb0, 0x5bb0, 0x5bb0, 0x5bb0, 0x5bb0, 0x5bb0, 0x5bb0, 0x5bb0, 0x5bb0, 0x5bb0, 0x5bb0, 0x5bb0, 0x5bb0, 0x5bb0, 0x5bb0, 
	0x5bb0, 0x5bb0, 0x5bb0, 0x5bb0, 0x5bb0, 0x5bb0, 0x5bb0, 0x5bb0, 0x5bb0, 0x5bb0, 0x5bb0, 0x5bb0, 0x5bb0, 0x5bb0, 0x5bb0, 0x5bb0, 
	0x5bb0, 0x5bb0, 0x5bb0, 0x5bb0, 0x5bb0, 0x5bb0, 0x5bb0, 0x5bb0, 0x5bb0, 0x5bb0, 0x5bb0, 0x5bb0, 0x5bb0, 0x5bb0, 0x5bb0, 0x7bef, 
	0x8410, 0x7c10, 0x6bcf, 0x5bb0, 0x5bb0, 0x5bb0, 0x5bb0, 0x5bb0, 0x5bb0, 0x5bb0, 0x5bb0, 0x5bb0, 0x5bb0, 0x5bb0, 0x5bb0, 0x5bb0, 
	0x5bb0, 0x5bb0, 0x5bb0, 0x5bb0, 0x5bb0, 0x5bb0, 0x5bb0, 0x5bb0, 0x5bb0, 0x5bb0, 0x5bb0, 0x5bb0, 0x5bb0, 0x5bb0, 0x5bb0, 0x5bb0, 
	0x5bb0, 0x5bb0, 0x5bb0, 0x5bb0, 0x5bb0, 0x5bb0, 0x5bb0, 0x5bb0, 0x5bb0, 0x5bb0, 0x5bb0, 0x5bb0, 0x5bb0, 0x5bb0, 0x5bb0, 0x5bb0, 
	0x5bb0, 0x5bb0, 0x5bb0, 0x5bb0, 0x5bb0, 0x5bb0, 0x5bb0, 0x5bb0, 0x5bb0, 0x5bb0, 0x5bb0, 0x5bb0, 0x5bb0, 0x5bb0, 0x5bb0, 0x5bb0, 
	0x5bb0, 0x5bb0, 0x5bb0, 0x5bb0, 0x5bb0, 0x5bb0, 0x5b8f, 0x3a6a, 0x29a8, 0x092b, 0x118e, 0x1a97, 0x1ab8, 0x1ab8, 0x1ab8, 0x1ab8, 
	0x1ab8, 0x1ab8, 0x1ab8, 0x1ab8, 0x1ab8, 0x1ab8, 0x1ab8, 0x1ab8, 0x1ab8, 0x1ab8, 0x1ab8, 0x1ab8, 0x1ab8, 0x1ab8, 0x1a34, 0x116c, 
	0x1149, 0x29c8, 0x4aec, 0x5bb0, 0x5bb0, 0x5bb0, 0x5bb0, 0x5bb0, 0x5bb0, 0x5bb0, 0x5bb0, 0x5bb0, 0x5bb0, 0x5bb0, 0x5bb0, 0x5bb0, 
	0x5bb0, 0x5bb0, 0x5bb0, 0x5bb0, 0x5bb0, 0x5bb0, 0x5bb0, 0x5bb0, 0x5bb0, 0x5bb0, 0x5bb0, 0x5bb0, 0x5bb0, 0x5bb0, 0x5bb0, 0x5bb0, 
	0x5bb0, 0x5bb0, 0x5bb0, 0x5bb0, 0x5bb0, 0x5bb0, 0x5bb0, 0x5bb0, 0x5bb0, 0x5bb0, 0x5bb0, 0x5bb0, 0x5bb0, 0x5bb0, 0x5bb0, 0x5bb0, 
	0x5bb0, 0x5bb0, 0x5bb0, 0x5bb0, 0x5bb0, 0x5bb0, 0x5bb0, 0x5bb0, 0x5bb0, 0x5bb0, 0x5bb0, 0x5bb0, 0x5bb0, 0x5bb0, 0x5bb0, 0x7bef, 
	0x8410, 0x7c10, 0x6bcf, 0x5bb0, 0x5bb0, 0x5bb0, 0x5bb0, 0x5bb0, 0x5bb0, 0x5bb0, 0x5bb0, 0x5bb0, 0x5bb0, 0x5bb0, 0x5bb0, 0x5bb0, 
	0x5bb0, 0x5bb0, 0x5bb0, 0x5bb0, 0x5bb0, 0x5bb0, 0x5bb0, 0x5bb0, 0x5bb0, 0x5bb0, 0x5bb0, 0x5bb0, 0x5bb0, 0x5bb0, 0x5bb0, 0x5bb0, 
	0x5bb0, 0x5bb0, 0x5bb0, 0x5bb0, 0x5bb0, 0x5bb0, 0x5bb0, 0x5bb0, 0x5bb0, 0x5bb0, 0x5bb0, 0x5bb0, 0x5bb0, 0x5bb0, 0x5bb0, 0x5bb0, 
	0x5bb0, 0x5bb0, 0x5bb0, 0x5bb0, 0x5bb0, 0x5bb0, 0x5bb0, 0x5bb0, 0x5bb0, 0x5bb0, 0x5bb0, 0x5bb0, 0x5bb0, 0x5bb0, 0x5bb0, 0x5bb0, 
	0x5bb0, 0x5bb0, 0x5bb0, 0x5bb0, 0x5bb0, 0x5bb0, 0x538f, 0x2145, 0x0863, 0x09d2, 0x1a77, 0x1ab8, 0x1ab8, 0x1ab8, 0x1ab8, 0x1ab8, 
	0x1ab8, 0x1ab8, 0x1ab8, 0x1ab8, 0x1ab8, 0x1ab8, 0x1ab8, 0x1ab8, 0x1ab8, 0x1ab8, 0x1ab8, 0x1ab8, 0x1ab8, 0x1ab8, 0x1a98, 0x1a56, 
	0x094c, 0x0862, 0x3209, 0x5bb0, 0x5bb0, 0x5bb0, 0x5bb0, 0x5bb0, 0x5bb0, 0x5bb0, 0x5bb0, 0x5bb0, 0x5bb0, 0x5bb0, 0x5bb0, 0x5bb0, 
	0x5bb0, 0x5bb0, 0x5bb0, 0x5bb0, 0x5bb0, 0x5bb0, 0x5bb0, 0x5bb0, 0x5bb0, 0x5bb0, 0x5bb0, 0x5bb0, 0x5bb0, 0x5bb0, 0x5bb0, 0x5bb0, 
	0x5bb0, 0x5bb0, 0x5bb0, 0x5bb0, 0x5bb0, 0x5bb0, 0x5bb0, 0x5bb0, 0x5bb0, 0x5bb0, 0x5bb0, 0x5bb0, 0x5bb0, 0x5bb0, 0x5bb0, 0x5bb0, 
	0x5bb0, 0x5bb0, 0x5bb0, 0x5bb0, 0x5bb0, 0x5bb0, 0x5bb0, 0x5bb0, 0x5bb0, 0x5bb0, 0x5bb0, 0x5bb0, 0x5bb0, 0x5bb0, 0x5bb0, 0x7bef, 
	0x8410, 0x7c10, 0x6bcf, 0x5bb0, 0x5bb0, 0x5bb0, 0x5bb0, 0x5bb0, 0x5bb0, 0x5bb0, 0x5bb0, 0x5bb0, 0x5bb0, 0x5bb0, 0x5bb0, 0x5bb0, 
	0x5bb0, 0x5bb0, 0x5bb0, 0x5bb0, 0x5bb0, 0x5bb0, 0x5bb0, 0x5bb0, 0x5bb0, 0x5bb0, 0x5bb0, 0x5bb0, 0x5bb0, 0x5bb0, 0x5bb0, 0x5bb0, 
	0x5bb0, 0x5bb0, 0x5bb0, 0x5bb0, 0x5bb0, 0x5bb0, 0x5bb0, 0x5bb0, 0x5bb0, 0x5bb0, 0x5bb0, 0x5bb0, 0x5bb0, 0x5bb0, 0x5bb0, 0x5bb0, 
	0x5bb0, 0x5bb0, 0x5bb0, 0x5bb0, 0x5bb0, 0x5bb0, 0x5bb0, 0x5bb0, 0x5bb0, 0x5bb0, 0x5bb0, 0x5bb0, 0x5bb0, 0x5bb0, 0x5bb0, 0x5bb0, 
	0x5bb0, 0x5bb0, 0x5bb0, 0x5bb0, 0x5b8f, 0x3a6a, 0x31e9, 0x094c, 0x094d, 0x1256, 0x1ab8, 0x1ab8, 0x1ab8, 0x1ab8, 0x1ab8, 0x1ab8, 
	0x1ab8, 0x1ab8, 0x1ab8, 0x1ab8, 0x1ab8, 0x1ab8, 0x1ab8, 0x1ab8, 0x1ab8, 0x1ab8, 0x1ab8, 0x1ab8, 0x1ab8, 0x1ab8, 0x1ab8, 0x1a98, 
	0x1213, 0x094d, 0x196a, 0x31e8, 0x4aec, 0x5bb0, 0x5bb0, 0x5bb0, 0x5bb0, 0x5bb0, 0x5bb0, 0x5bb0, 0x5bb0, 0x5bb0, 0x5bb0, 0x5bb0, 
	0x5bb0, 0x5bb0, 0x5bb0, 0x5bb0, 0x5bb0, 0x5bb0, 0x5bb0, 0x5bb0, 0x5bb0, 0x5bb0, 0x5bb0, 0x5bb0, 0x5bb0, 0x5bb0, 0x5bb0, 0x5bb0, 
	0x5bb0, 0x5bb0, 0x5bb0, 0x5bb0, 0x5bb0, 0x5bb0, 0x5bb0, 0x5bb0, 0x5bb0, 0x5bb0, 0x5bb0, 0x5bb0, 0x5bb0, 0x5bb0, 0x5bb0, 0x5bb0, 
	0x5bb0, 0x5bb0, 0x5bb0, 0x5bb0, 0x5bb0, 0x5bb0, 0x5bb0, 0x5bb0, 0x5bb0, 0x5bb0, 0x5bb0, 0x5bb0, 0x5bb0, 0x5bb0, 0x5bb0, 0x7bef, 
	0x8410, 0x7c10, 0x6bcf, 0x5bb0, 0x5bb0, 0x5bb0, 0x5bb0, 0x5bb0, 0x5bb0, 0x5bb0, 0x5bb0, 0x5bb0, 0x5bb0, 0x5bb0, 0x5bb0, 0x5bb0, 
	0x5bb0, 0x5bb0, 0x5bb0, 0x5bb0, 0x5bb0, 0x5bb0, 0x5bb0, 0x5bb0, 0x5bb0, 0x5bb0, 0x5bb0, 0x5bb0, 0x5bb0, 0x5bb0, 0x5bb0, 0x5bb0, 
	0x5bb0, 0x5bb0, 0x5bb0, 0x5bb0, 0x5bb0, 0x5bb0, 0x5bb0, 0x5bb0, 0x5bb0, 0x5bb0, 0x5bb0, 0x5bb0, 0x5bb0, 0x5bb0, 0x5bb0, 0x5bb0, 
	0x5bb0, 0x5bb0, 0x5bb0, 0x5bb0, 0x5bb0, 0x5bb0, 0x5bb0, 0x5bb0, 0x5bb0, 0x5bb0, 0x5bb0, 0x5bb0, 0x5bb0, 0x5bb0, 0x5bb0, 0x5bb0, 
	0x5bb0, 0x5bb0, 0x5bb0, 0x5bb0, 0x536f, 0x29a6, 0x10c4, 0x0190, 0x1236, 0x1a98, 0x1ab8, 0x1ab8, 0x1ab8, 0x1ab8, 0x1ab8, 0x1ab8, 
	0x1ab8, 0x1ab8, 0x1ab8, 0x1ab8, 0x1ab8, 0x1ab8, 0x1ab8, 0x1ab8, 0x1ab8, 0x1ab8, 0x1ab8, 0x1ab8, 0x1ab8, 0x1ab8, 0x1ab8, 0x1ab8, 
	0x1a97, 0x1215, 0x090b, 0x10c3, 0x3a6a, 0x5bb0, 0x5bb0, 0x5bb0, 0x5bb0, 0x5bb0, 0x5bb0, 0x5bb0, 0x5bb0, 0x5bb0, 0x5bb0, 0x5bb0, 
	0x5bb0, 0x5bb0, 0x5bb0, 0x5bb0, 0x5bb0, 0x5bb0, 0x5bb0, 0x5bb0, 0x5bb0, 0x5bb0, 0x5bb0, 0x5bb0, 0x5bb0, 0x5bb0, 0x5bb0, 0x5bb0, 
	0x5bb0, 0x5bb0, 0x5bb0, 0x5bb0, 0x5bb0, 0x5bb0, 0x5bb0, 0x5bb0, 0x5bb0, 0x5bb0, 0x5bb0, 0x5bb0, 0x5bb0, 0x5bb0, 0x5bb0, 0x5bb0, 
	0x5bb0, 0x5bb0, 0x5bb0, 0x5bb0, 0x5bb0, 0x5bb0, 0x5bb0, 0x5bb0, 0x5bb0, 0x5bb0, 0x5bb0, 0x5bb0, 0x5bb0, 0x5bb0, 0x5bb0, 0x7bef, 
	0x8410, 0x7c10, 0x6bcf, 0x5bb0, 0x5bb0, 0x5bb0, 0x5bb0, 0x5bb0, 0x5bb0, 0x5bb0, 0x5bb0, 0x5bb0, 0x5bb0, 0x5bb0, 0x5bb0, 0x5bb0, 
	0x5bb0, 0x5bb0, 0x5bb0, 0x5bb0, 0x5bb0, 0x5bb0, 0x5bb0, 0x5bb0, 0x5bb0, 0x5bb0, 0x5bb0, 0x5bb0, 0x5bb0, 0x5bb0, 0x5bb0, 0x5bb0, 
	0x5bb0, 0x5bb0, 0x5bb0, 0x5bb0, 0x5bb0, 0x5bb0, 0x5bb0, 0x5bb0, 0x5bb0, 0x5bb0, 0x5bb0, 0x5bb0, 0x5bb0, 0x5bb0, 0x5bb0, 0x5bb0, 
	0x5bb0, 0x5bb0, 0x5bb0, 0x5bb0, 0x5bb0, 0x5bb0, 0x5bb0, 0x5bb0, 0x5bb0, 0x5bb0, 0x5bb0, 0x5bb0, 0x5bb0, 0x5bb0, 0x5bb0, 0x5bb0, 
	0x5bb0, 0x5bb0, 0x5bb0, 0x5bb0, 0x536f, 0x2166, 0x0062, 0x09b2, 0x1a98, 0x1ab8, 0x1ab8, 0x1ab8, 0x1ab8, 0x1ab8, 0x1ab8, 0x1ab8, 
	0x1ab8, 0x1ab8, 0x1ab8, 0x1ab8, 0x1ab8, 0x1ab8, 0x1ab8, 0x1ab8, 0x1ab8, 0x1ab8, 0x1ab8, 0x1ab8, 0x1ab8, 0x1ab8, 0x1ab8, 0x1ab8, 
	0x1ab8, 0x1277, 0x092b, 0x0861, 0x3a49, 0x5bb0, 0x5bb0, 0x5bb0, 0x5bb0, 0x5bb0, 0x5bb0, 0x5bb0, 0x5bb0, 0x5bb0, 0x5bb0, 0x5bb0, 
	0x5bb0, 0x5bb0, 0x5bb0, 0x5bb0, 0x5bb0, 0x5bb0, 0x5bb0, 0x5bb0, 0x5bb0, 0x5bb0, 0x5bb0, 0x5bb0, 0x5bb0, 0x5bb0, 0x5bb0, 0x5bb0, 
	0x5bb0, 0x5bb0, 0x5bb0, 0x5bb0, 0x5bb0, 0x5bb0, 0x5bb0, 0x5bb0, 0x5bb0, 0x5bb0, 0x5bb0, 0x5bb0, 0x5bb0, 0x5bb0, 0x5bb0, 0x5bb0, 
	0x5bb0, 0x5bb0, 0x5bb0, 0x5bb0, 0x5bb0, 0x5bb0, 0x5bb0, 0x5bb0, 0x5bb0, 0x5bb0, 0x5bb0, 0x5bb0, 0x5bb0, 0x5bb0, 0x5bb0, 0x7bef, 
	0x8410, 0x7c10, 0x6bcf, 0x5bb0, 0x5bb0, 0x5bb0, 0x5bb0, 0x5bb0, 0x5bb0, 0x5bb0, 0x5bb0, 0x5bb0, 0x5bb0, 0x5bb0, 0x5bb0, 0x5bb0, 
	0x5bb0, 0x5bb0, 0x5bb0, 0x5bb0, 0x5bb0, 0x5bb0, 0x5bb0, 0x5bb0, 0x5bb0, 0x5bb0, 0x5bb0, 0x5bb0, 0x5bb0, 0x5bb0, 0x5bb0, 0x5bb0, 
	0x5bb0, 0x5bb0, 0x5bb0, 0x5bb0, 0x5bb0, 0x5bb0, 0x5bb0, 0x5bb0, 0x5bb0, 0x5bb0, 0x5bb0, 0x5bb0, 0x5bb0, 0x5bb0, 0x5bb0, 0x5bb0, 
	0x5bb0, 0x5bb0, 0x5bb0, 0x5bb0, 0x5bb0, 0x5bb0, 0x5bb0, 0x5bb0, 0x5bb0, 0x5bb0, 0x5bb0, 0x5bb0, 0x5bb0, 0x5bb0, 0x5bb0, 0x5bb0, 
	0x5bb0, 0x5bb0, 0x5bb0, 0x5bb0, 0x536f, 0x1904, 0x0042, 0x1213, 0x1ab8, 0x1ab8, 0x1ab8, 0x1ab8, 0x1ab8, 0x1ab8, 0x1ab8, 0x1ab8, 
	0x1ab8, 0x1ab8, 0x1ab8, 0x1ab8, 0x1ab8, 0x1ab8, 0x1ab8, 0x1ab8, 0x1ab8, 0x1ab8, 0x1ab8, 0x1ab8, 0x1ab8, 0x1ab8, 0x1ab8, 0x1ab8, 
	0x1ab8, 0x1a97, 0x116c, 0x0041, 0x31e8, 0x5bb0, 0x5bb0, 0x5bb0, 0x5bb0, 0x5bb0, 0x5bb0, 0x5bb0, 0x5bb0, 0x5bb0, 0x5bb0, 0x5bb0, 
	0x5bb0, 0x5bb0, 0x5bb0, 0x5bb0, 0x5bb0, 0x5bb0, 0x5bb0, 0x5bb0, 0x5bb0, 0x5bb0, 0x5bb0, 0x5bb0, 0x5bb0, 0x5bb0, 0x5bb0, 0x5bb0, 
	0x5bb0, 0x5bb0, 0x5bb0, 0x5bb0, 0x5bb0, 0x5bb0, 0x5bb0, 0x5bb0, 0x5bb0, 0x5bb0, 0x5bb0, 0x5bb0, 0x5bb0, 0x5bb0, 0x5bb0, 0x5bb0, 
	0x5bb0, 0x5bb0, 0x5bb0, 0x5bb0, 0x5bb0, 0x5bb0, 0x5bb0, 0x5bb0, 0x5bb0, 0x5bb0, 0x5bb0, 0x5bb0, 0x5bb0, 0x5bb0, 0x5bb0, 0x7bef, 
	0x8410, 0x7c10, 0x6bcf, 0x5bb0, 0x5bb0, 0x5bb0, 0x5bb0, 0x5bb0, 0x5bb0, 0x5bb0, 0x5bb0, 0x5bb0, 0x5bb0, 0x5bb0, 0x5bb0, 0x5bb0, 
	0x5bb0, 0x5bb0, 0x5bb0, 0x5bb0, 0x5bb0, 0x5bb0, 0x5bb0, 0x5bb0, 0x5bb0, 0x5bb0, 0x5bb0, 0x5bb0, 0x5bb0, 0x5bb0, 0x5bb0, 0x5bb0, 
	0x5bb0, 0x5bb0, 0x5bb0, 0x5bb0, 0x5bb0, 0x5bb0, 0x5bb0, 0x5bb0, 0x5bb0, 0x5bb0, 0x5bb0, 0x5bb0, 0x5bb0, 0x5bb0, 0x5bb0, 0x5bb0, 
	0x5bb0, 0x5bb0, 0x5bb0, 0x5bb0, 0x5bb0, 0x5bb0, 0x5bb0, 0x5bb0, 0x5bb0, 0x5bb0, 0x5bb0, 0x5bb0, 0x5bb0, 0x5bb0, 0x5bb0, 0x5bb0, 
	0x5bb0, 0x5bb0, 0x5b8f, 0x3a4a, 0x21a7, 0x094c, 0x09b0, 0x1a76, 0x1ab8, 0x1ab8, 0x1ab8, 0x1ab8, 0x1ab8, 0x1ab8, 0x1ab8, 0x1ab8, 
	0x1ab8, 0x1ab8, 0x1ab8, 0x1ab8, 0x1ab8, 0x1ab8, 0x1ab8, 0x1ab8, 0x1ab8, 0x1ab8, 0x1ab8, 0x1ab8, 0x1ab8, 0x1ab8, 0x1ab8, 0x1ab8, 
	0x1ab8, 0x1ab8, 0x1a54, 0x098f, 0x1149, 0x29a7, 0x4aec, 0x5bb0, 0x5bb0, 0x5bb0, 0x5bb0, 0x5bb0, 0x5bb0, 0x5bb0, 0x5bb0, 0x5bb0, 
	0x5bb0, 0x5bb0, 0x5bb0, 0x5bb0, 0x5bb0, 0x5bb0, 0x5bb0, 0x5bb0, 0x5bb0, 0x5bb0, 0x5bb0, 0x5bb0, 0x5bb0, 0x5bb0, 0x5bb0, 0x5bb0, 
	0x5bb0, 0x5bb0, 0x5bb0, 0x5bb0, 0x5bb0, 0x5bb0, 0x5bb0, 0x5bb0, 0x5bb0, 0x5bb0, 0x5bb0, 0x5bb0, 0x5bb0, 0x5bb0, 0x5bb0, 0x5bb0, 
	0x5bb0, 0x5bb0, 0x5bb0, 0x5bb0, 0x5bb0, 0x5bb0, 0x5bb0, 0x5bb0, 0x5bb0, 0x5bb0, 0x5bb0, 0x5bb0, 0x5bb0, 0x5bb0, 0x5bb0, 0x7bef, 
	0x8410, 0x7c10, 0x6bcf, 0x5bb0, 0x5bb0, 0x5bb0, 0x5bb0, 0x5bb0, 0x5bb0, 0x5bb0, 0x5bb0, 0x5bb0, 0x5bb0, 0x5bb0, 0x5bb0, 0x5bb0, 
	0x5bb0, 0x5bb0, 0x5bb0, 0x5bb0, 0x5bb0, 0x5bb0, 0x5bb0, 0x5bb0, 0x5bb0, 0x5bb0, 0x5bb0, 0x5bb0, 0x5bb0, 0x5bb0, 0x5bb0, 0x5bb0, 
	0x5bb0, 0x5bb0, 0x5bb0, 0x5bb0, 0x5bb0, 0x5bb0, 0x5bb0, 0x5bb0, 0x5bb0, 0x5bb0, 0x5bb0, 0x5bb0, 0x5bb0, 0x5bb0, 0x5bb0, 0x5bb0, 
	0x5bb0, 0x5bb0, 0x5bb0, 0x5bb0, 0x5bb0, 0x5bb0, 0x5bb0, 0x5bb0, 0x5bb0, 0x5bb0, 0x5bb0, 0x5bb0, 0x5bb0, 0x5bb0, 0x5bb0, 0x5bb0, 
	0x5bb0, 0x5bb0, 0x536f, 0x29a7, 0x0883, 0x0170, 0x1277, 0x1ab8, 0x1ab8, 0x1ab8, 0x1ab8, 0x1ab8, 0x1ab8, 0x1ab8, 0x1ab8, 0x1ab8, 
	0x1ab8, 0x1ab8, 0x1ab8, 0x1ab8, 0x1ab8, 0x1ab8, 0x1ab8, 0x1ab8, 0x1ab8, 0x1ab8, 0x1ab8, 0x1ab8, 0x1ab8, 0x1ab8, 0x1ab8, 0x1ab8, 
	0x1ab8, 0x1ab8, 0x1a98, 0x1236, 0x00ea, 0x1082, 0x426b, 0x5bb0, 0x5bb0, 0x5bb0, 0x5bb0, 0x5bb0, 0x5bb0, 0x5bb0, 0x5bb0, 0x5bb0, 
	0x5bb0, 0x5bb0, 0x5bb0, 0x5bb0, 0x5bb0, 0x5bb0, 0x5bb0, 0x5bb0, 0x5bb0, 0x5bb0, 0x5bb0, 0x5bb0, 0x5bb0, 0x5bb0, 0x5bb0, 0x5bb0, 
	0x5bb0, 0x5bb0, 0x5bb0, 0x5bb0, 0x5bb0, 0x5bb0, 0x5bb0, 0x5bb0, 0x5bb0, 0x5bb0, 0x5bb0, 0x5bb0, 0x5bb0, 0x5bb0, 0x5bb0, 0x5bb0, 
	0x5bb0, 0x5bb0, 0x5bb0, 0x5bb0, 0x5bb0, 0x5bb0, 0x5bb0, 0x5bb0, 0x5bb0, 0x5bb0, 0x5bb0, 0x5bb0, 0x5bb0, 0x5bb0, 0x5bb0, 0x7bef, 
	0x8410, 0x7c10, 0x6bcf, 0x5bb0, 0x5bb0, 0x5bb0, 0x5bb0, 0x5bb0, 0x5bb0, 0x5bb0, 0x5bb0, 0x5bb0, 0x5bb0, 0x5bb0, 0x5bb0, 0x5bb0, 
	0x5bb0, 0x5bb0, 0x5bb0, 0x5bb0, 0x5bb0, 0x5bb0, 0x5bb0, 0x5bb0, 0x5bb0, 0x5bb0, 0x5bb0, 0x5bb0, 0x5bb0, 0x5bb0, 0x5bb0, 0x5bb0, 
	0x5bb0, 0x5bb0, 0x5bb0, 0x5bb0, 0x5bb0, 0x5bb0, 0x5bb0, 0x5bb0, 0x5bb0, 0x5bb0, 0x5bb0, 0x5bb0, 0x5bb0, 0x5bb0, 0x5bb0, 0x5bb0, 
	0x5bb0, 0x5bb0, 0x5bb0, 0x5bb0, 0x5bb0, 0x5bb0, 0x5bb0, 0x5bb0, 0x5bb0, 0x5bb0, 0x5bb0, 0x5bb0, 0x5bb0, 0x5bb0, 0x5bb0, 0x5bb0, 
	0x5bb0, 0x5bb0, 0x536f, 0x2166, 0x0042, 0x09d1, 0x1a98, 0x1ab8, 0x1ab8, 0x1ab8, 0x1ab8, 0x1ab8, 0x1ab8, 0x1ab8, 0x1ab8, 0x1ad8, 
	0x1bd8, 0x1bd8, 0x1bd8, 0x1bb8, 0x1ab8, 0x1ab8, 0x1ab8, 0x1ab8, 0x1ab8, 0x1ab8, 0x1ab8, 0x1ab8, 0x1ab8, 0x1ab8, 0x1ab8, 0x1ab8, 
	0x1ab8, 0x1ab8, 0x1ab8, 0x1a77, 0x092b, 0x0841, 0x3a4a, 0x5bb0, 0x5bb0, 0x5bb0, 0x5bb0, 0x5bb0, 0x5bb0, 0x5bb0, 0x5bb0, 0x5bb0, 
	0x5bb0, 0x5bb0, 0x5bb0, 0x5bb0, 0x5bb0, 0x5bb0, 0x5bb0, 0x5bb0, 0x5bb0, 0x5bb0, 0x5bb0, 0x5bb0, 0x5bb0, 0x5bb0, 0x5bb0, 0x5bb0, 
	0x5bb0, 0x5bb0, 0x5bb0, 0x5bb0, 0x5bb0, 0x5bb0, 0x5bb0, 0x5bb0, 0x5bb0, 0x5bb0, 0x5bb0, 0x5bb0, 0x5bb0, 0x5bb0, 0x5bb0, 0x5bb0, 
	0x5bb0, 0x5bb0, 0x5bb0, 0x5bb0, 0x5bb0, 0x5bb0, 0x5bb0, 0x5bb0, 0x5bb0, 0x5bb0, 0x5bb0, 0x5bb0, 0x5bb0, 0x5bb0, 0x5bb0, 0x7bef, 
	0x8410, 0x7c10, 0x6bcf, 0x5bb0, 0x5bb0, 0x5bb0, 0x5bb0, 0x5bb0, 0x5bb0, 0x5bb0, 0x5bb0, 0x5bb0, 0x5bb0, 0x5bb0, 0x5bb0, 0x5bb0, 
	0x5bb0, 0x5bb0, 0x5bb0, 0x5bb0, 0x5bb0, 0x5bb0, 0x5bb0, 0x5bb0, 0x5bb0, 0x5bb0, 0x5bb0, 0x5bb0, 0x5bb0, 0x5bb0, 0x5bb0, 0x5bb0, 
	0x5bb0, 0x5bb0, 0x5bb0, 0x5bb0, 0x5bb0, 0x5bb0, 0x5bb0, 0x5bb0, 0x5bb0, 0x5bb0, 0x5bb0, 0x5bb0, 0x5bb0, 0x5bb0, 0x5bb0, 0x5bb0, 
	0x5bb0, 0x5bb0, 0x5bb0, 0x5bb0, 0x5bb0, 0x5bb0, 0x5bb0, 0x5bb0, 0x5bb0, 0x5bb0, 0x5bb0, 0x5bb0, 0x5bb0, 0x5bb0, 0x5bb0, 0x5bb0, 
	0x5bb0, 0x5bb0, 0x536f, 0x1904, 0x0042, 0x1212, 0x1ab8, 0x1ab8, 0x1ab8, 0x1ab8, 0x1ab8, 0x1ab8, 0x1ab8, 0x1ad8, 0x1bd8, 0x1bd8, 
	0x1c58, 0x1c58, 0x1c58, 0x1c38, 0x1b98, 0x1ab8, 0x1ab8, 0x1ab8, 0x1ab8, 0x1ab8, 0x1ab8, 0x1ab8, 0x1ab8, 0x1ab8, 0x1ab8, 0x1ab8, 
	0x1ab8, 0x1ab8, 0x1ab8, 0x1a97, 0x116c, 0x0041, 0x3209, 0x5b90, 0x5bb0, 0x5bb0, 0x5bb0, 0x5bb0, 0x5bb0, 0x5bb0, 0x5bb0, 0x5bb0, 
	0x5bb0, 0x5bb0, 0x5bb0, 0x5bb0, 0x5bb0, 0x5bb0, 0x5bb0, 0x5bb0, 0x5bb0, 0x5bb0, 0x5bb0, 0x5bb0, 0x5bb0, 0x5bb0, 0x5bb0, 0x5bb0, 
	0x5bb0, 0x5bb0, 0x5bb0, 0x5bb0, 0x5bb0, 0x5bb0, 0x5bb0, 0x5bb0, 0x5bb0, 0x5bb0, 0x5bb0, 0x5bb0, 0x5bb0, 0x5bb0, 0x5bb0, 0x5bb0, 
	0x5bb0, 0x5bb0, 0x5bb0, 0x5bb0, 0x5bb0, 0x5bb0, 0x5bb0, 0x5bb0, 0x5bb0, 0x5bb0, 0x5bb0, 0x5bb0, 0x5bb0, 0x5bb0, 0x5bb0, 0x7bef, 
	0x8410, 0x7c10, 0x6bcf, 0x5bb0, 0x5bb0, 0x5bb0, 0x5bb0, 0x5bb0, 0x5bb0, 0x5bb0, 0x5bb0, 0x5bb0, 0x5bb0, 0x5bb0, 0x5bb0, 0x5bb0, 
	0x5bb0, 0x5bb0, 0x5bb0, 0x5bb0, 0x5bb0, 0x5bb0, 0x5bb0, 0x5bb0, 0x5bb0, 0x5bb0, 0x5bb0, 0x5bb0, 0x5bb0, 0x5bb0, 0x5bb0, 0x5bb0, 
	0x5bb0, 0x5bb0, 0x5bb0, 0x5bb0, 0x5bb0, 0x5bb0, 0x5bb0, 0x5bb0, 0x5bb0, 0x5bb0, 0x5bb0, 0x5bb0, 0x5bb0, 0x5bb0, 0x5bb0, 0x5bb0, 
	0x5bb0, 0x5bb0, 0x5bb0, 0x5bb0, 0x5bb0, 0x5bb0, 0x5bb0, 0x5bb0, 0x5bb0, 0x5bb0, 0x5bb0, 0x5bb0, 0x5bb0, 0x5bb0, 0x5bb0, 0x5bb0, 
	0x5b8f, 0x3a4a, 0x2167, 0x094c, 0x11d1, 0x1a76, 0x1ab8, 0x1ab8, 0x1ab8, 0x1ab8, 0x1ab8, 0x1ad8, 0x1bb8, 0x1bd8, 0x1c58, 0x1c58, 
	0x1c58, 0x1c58, 0x1c58, 0x1c18, 0x1b18, 0x1ab8, 0x1ab8, 0x1ab8, 0x1ab8, 0x1ab8, 0x1ab8, 0x1ab8, 0x1ab8, 0x1ab8, 0x1ab8, 0x1ab8, 
	0x1ab8, 0x1ab8, 0x1ab8, 0x1ab8, 0x1a54, 0x09b0, 0x1129, 0x2986, 0x4aec, 0x5bb0, 0x5bb0, 0x5bb0, 0x5bb0, 0x5bb0, 0x5bb0, 0x5bb0, 
	0x5bb0, 0x5bb0, 0x5bb0, 0x5bb0, 0x5bb0, 0x5bb0, 0x5bb0, 0x5bb0, 0x5bb0, 0x5bb0, 0x5bb0, 0x5bb0, 0x5bb0, 0x5bb0, 0x5bb0, 0x5bb0, 
	0x5bb0, 0x5bb0, 0x5bb0, 0x5bb0, 0x5bb0, 0x5bb0, 0x5bb0, 0x5bb0, 0x5bb0, 0x5bb0, 0x5bb0, 0x5bb0, 0x5bb0, 0x5bb0, 0x5bb0, 0x5bb0, 
	0x5bb0, 0x5bb0, 0x5bb0, 0x5bb0, 0x5bb0, 0x5bb0, 0x5bb0, 0x5bb0, 0x5bb0, 0x5bb0, 0x5bb0, 0x5bb0, 0x5bb0, 0x5bb0, 0x5bb0, 0x7bef, 
	0x8410, 0x7c10, 0x6bcf, 0x5bb0, 0x5bb0, 0x5bb0, 0x5bb0, 0x5bb0, 0x5bb0, 0x5bb0, 0x5bb0, 0x5bb0, 0x5bb0, 0x5bb0, 0x5bb0, 0x5bb0, 
	0x5bb0, 0x5bb0, 0x5bb0, 0x5bb0, 0x5bb0, 0x5bb0, 0x5bb0, 0x5bb0, 0x5bb0, 0x5bb0, 0x5bb0, 0x5bb0, 0x5bb0, 0x5bb0, 0x5bb0, 0x5bb0, 
	0x5bb0, 0x5bb0, 0x5bb0, 0x5bb0, 0x5bb0, 0x5bb0, 0x5bb0, 0x5bb0, 0x5bb0, 0x5bb0, 0x5bb0, 0x5bb0, 0x5bb0, 0x5bb0, 0x5bb0, 0x5bb0, 
	0x5bb0, 0x5bb0, 0x5bb0, 0x5bb0, 0x5bb0, 0x5bb0, 0x5bb0, 0x5bb0, 0x5bb0, 0x5bb0, 0x5bb0, 0x5bb0, 0x5bb0, 0x5bb0, 0x5bb0, 0x5bb0, 
	0x536f, 0x29a7, 0x0883, 0x0170, 0x1277, 0x1ab8, 0x1ab8, 0x1ab8, 0x1ab8, 0x1ab8, 0x1ad8, 0x1bd8, 0x1c58, 0x1c58, 0x1c58, 0x1c58, 
	0x1c58, 0x1c58, 0x1c58, 0x1bf8, 0x1ab8, 0x1ab8, 0x1ab8, 0x1ab8, 0x1ab8, 0x1ab8, 0x1ab8, 0x1ab8, 0x1ab8, 0x1ab8, 0x1ab8, 0x1ab8, 
	0x1ab8, 0x1ab8, 0x1ab8, 0x1ab8, 0x1ab8, 0x1256, 0x00e9, 0x1082, 0x428b, 0x5bb0, 0x5bb0, 0x5bb0, 0x5bb0, 0x5bb0, 0x5bb0, 0x5bb0, 
	0x5bb0, 0x5bb0, 0x5bb0, 0x5bb0, 0x5bb0, 0x5bb0, 0x5bb0, 0x5bb0, 0x5bb0, 0x5bb0, 0x5bb0, 0x5bb0, 0x5bb0, 0x5bb0, 0x5bb0, 0x5bb0, 
	0x5bb0, 0x5bb0, 0x5bb0, 0x5bb0, 0x5bb0, 0x5bb0, 0x5bb0, 0x5bb0, 0x5bb0, 0x5bb0, 0x5bb0, 0x5bb0, 0x5bb0, 0x5bb0, 0x5bb0, 0x5bb0, 
	0x5bb0, 0x5bb0, 0x5bb0, 0x5bb0, 0x5bb0, 0x5bb0, 0x5bb0, 0x5bb0, 0x5bb0, 0x5bb0, 0x5bb0, 0x5bb0, 0x5bb0, 0x5bb0, 0x5bb0, 0x7bef, 
	0x8410, 0x7c10, 0x6bcf, 0x5bb0, 0x5bb0, 0x5bb0, 0x5bb0, 0x5bb0, 0x5bb0, 0x5bb0, 0x5bb0, 0x5bb0, 0x5bb0, 0x5bb0, 0x5bb0, 0x5bb0, 
	0x5bb0, 0x5bb0, 0x5bb0, 0x5bb0, 0x5bb0, 0x5bb0, 0x5bb0, 0x5bb0, 0x5bb0, 0x5bb0, 0x5bb0, 0x5bb0, 0x5bb0, 0x5bb0, 0x5bb0, 0x5bb0, 
	0x5bb0, 0x5bb0, 0x5bb0, 0x5bb0, 0x5bb0, 0x5bb0, 0x5bb0, 0x5bb0, 0x5bb0, 0x5bb0, 0x5bb0, 0x5bb0, 0x5bb0, 0x5bb0, 0x5bb0, 0x5bb0, 
	0x5bb0, 0x5bb0, 0x5bb0, 0x5bb0, 0x5bb0, 0x5bb0, 0x5bb0, 0x5bb0, 0x5bb0, 0x5bb0, 0x5bb0, 0x5bb0, 0x5bb0, 0x5bb0, 0x5bb0, 0x5bb0, 
	0x536f, 0x2166, 0x0042, 0x11d1, 0x1a98, 0x1ab8, 0x1ab8, 0x1ab8, 0x1ab8, 0x1ad8, 0x1bb8, 0x1c38, 0x1c58, 0x1c58, 0x1c58, 0x1c58, 
	0x1c58, 0x1c58, 0x1c38, 0x1b18, 0x1ab8, 0x1ab8, 0x1ab8, 0x1ab8, 0x1ab8, 0x1ab8, 0x1ab8, 0x1ab8, 0x1ab8, 0x1ab8, 0x1ab8, 0x1ab8, 
	0x1ab8, 0x1ab8, 0x1ab8, 0x1ab8, 0x1ab8, 0x1a97, 0x092a, 0x0841, 0x3a6a, 0x5bb0, 0x5bb0, 0x5bb0, 0x5bb0, 0x5bb0, 0x5bb0, 0x5bb0, 
	0x5bb0, 0x5bb0, 0x5bb0, 0x5bb0, 0x5bb0, 0x5bb0, 0x5bb0, 0x5bb0, 0x5bb0, 0x5bb0, 0x5bb0, 0x5bb0, 0x5bb0, 0x5bb0, 0x5bb0, 0x5bb0, 
	0x5bb0, 0x5bb0, 0x5bb0, 0x5bb0, 0x5bb0, 0x5bb0, 0x5bb0, 0x5bb0, 0x5bb0, 0x5bb0, 0x5bb0, 0x5bb0, 0x5bb0, 0x5bb0, 0x5bb0, 0x5bb0, 
	0x5bb0, 0x5bb0, 0x5bb0, 0x5bb0, 0x5bb0, 0x5bb0, 0x5bb0, 0x5bb0, 0x5bb0, 0x5bb0, 0x5bb0, 0x5bb0, 0x5bb0, 0x5bb0, 0x5bb0, 0x7bef, 
	0x8410, 0x7c10, 0x6bcf, 0x5bb0, 0x5bb0, 0x5bb0, 0x5bb0, 0x5bb0, 0x5bb0, 0x5bb0, 0x5bb0, 0x5bb0, 0x5bb0, 0x5bb0, 0x5bb0, 0x5bb0, 
	0x5bb0, 0x5bb0, 0x5bb0, 0x5bb0, 0x5bb0, 0x5bb0, 0x5bb0, 0x5bb0, 0x5bb0, 0x5bb0, 0x5bb0, 0x5bb0, 0x5bb0, 0x5bb0, 0x5bb0, 0x5bb0, 
	0x5bb0, 0x5bb0, 0x5bb0, 0x5bb0, 0x5bb0, 0x5bb0, 0x5bb0, 0x5bb0, 0x5bb0, 0x5bb0, 0x5bb0, 0x5bb0, 0x5bb0, 0x5bb0, 0x5bb0, 0x5bb0, 
	0x5bb0, 0x5bb0, 0x5bb0, 0x5bb0, 0x5bb0, 0x5bb0, 0x5bb0, 0x5bb0, 0x5bb0, 0x5bb0, 0x5bb0, 0x5bb0, 0x5bb0, 0x5bb0, 0x5bb0, 0x538f, 
	0x4b2e, 0x1946, 0x0084, 0x1212, 0x1ab8, 0x1ab8, 0x1ab8, 0x1ab8, 0x1ab8, 0x1af8, 0x1c18, 0x1c58, 0x1c58, 0x1c58, 0x1c58, 0x1c58, 
	0x1c58, 0x1c58, 0x1bf8, 0x1ab8, 0x1ab8, 0x1ab8, 0x1ab8, 0x1ab8, 0x1ab8, 0x1ab8, 0x1ab8, 0x1ab8, 0x1ab8, 0x1ab8, 0x1ab8, 0x1ab8, 
	0x1ab8, 0x1ab8, 0x1ab8, 0x1ab8, 0x1ab8, 0x1a97, 0x116c, 0x0063, 0x322a, 0x534e, 0x5b90, 0x5bb0, 0x5bb0, 0x5bb0, 0x5bb0, 0x5bb0, 
	0x5bb0, 0x5bb0, 0x5bb0, 0x5bb0, 0x5bb0, 0x5bb0, 0x5bb0, 0x5bb0, 0x5bb0, 0x5bb0, 0x5bb0, 0x5bb0, 0x5bb0, 0x5bb0, 0x5bb0, 0x5bb0, 
	0x5bb0, 0x5bb0, 0x5bb0, 0x5bb0, 0x5bb0, 0x5bb0, 0x5bb0, 0x5bb0, 0x5bb0, 0x5bb0, 0x5bb0, 0x5bb0, 0x5bb0, 0x5bb0, 0x5bb0, 0x5bb0, 
	0x5bb0, 0x5bb0, 0x5bb0, 0x5bb0, 0x5bb0, 0x5bb0, 0x5bb0, 0x5bb0, 0x5bb0, 0x5bb0, 0x5bb0, 0x5bb0, 0x5bb0, 0x5bb0, 0x5bb0, 0x7bef, 
	0x8410, 0x7c10, 0x6bcf, 0x5bb0, 0x5bb0, 0x5bb0, 0x5bb0, 0x5bb0, 0x5bb0, 0x5bb0, 0x5bb0, 0x5bb0, 0x5bb0, 0x5bb0, 0x5bb0, 0x5bb0, 
	0x5bb0, 0x5bb0, 0x5bb0, 0x5bb0, 0x5bb0, 0x5bb0, 0x5bb0, 0x5bb0, 0x5bb0, 0x5bb0, 0x5bb0, 0x5bb0, 0x5bb0, 0x5bb0, 0x5bb0, 0x5bb0, 
	0x5bb0, 0x5bb0, 0x5bb0, 0x5bb0, 0x5bb0, 0x5bb0, 0x5bb0, 0x5bb0, 0x5bb0, 0x5bb0, 0x5bb0, 0x5bb0, 0x5bb0, 0x5bb0, 0x5bb0, 0x5bb0, 
	0x5bb0, 0x5bb0, 0x5bb0, 0x5bb0, 0x5bb0, 0x5bb0, 0x5bb0, 0x5bb0, 0x5bb0, 0x5bb0, 0x5bb0, 0x5bb0, 0x5bb0, 0x5bb0, 0x5b8f, 0x3a6a, 
	0x2187, 0x094c, 0x09b1, 0x1a76, 0x1ab8, 0x1ab8, 0x1ab8, 0x1ab8, 0x1ad8, 0x1bb8, 0x1c38, 0x1c58, 0x1c58, 0x1c58, 0x1c58, 0x1c58, 
	0x1c58, 0x1bf8, 0x1b18, 0x1ab8, 0x1ab8, 0x1ab8, 0x1ab8, 0x1ab8, 0x1ab8, 0x1ab8, 0x1ab8, 0x1ab8, 0x1ab8, 0x1ab8, 0x1ab8, 0x1ab8, 
	0x1ab8, 0x1ab8, 0x1ab8, 0x1ab8, 0x1ab8, 0x1ab8, 0x1a54, 0x098f, 0x1149, 0x2987, 0x4b0d, 0x5bb0, 0x5bb0, 0x5bb0, 0x5bb0, 0x5bb0, 
	0x5bb0, 0x5bb0, 0x5bb0, 0x5bb0, 0x5bb0, 0x5bb0, 0x5bb0, 0x5bb0, 0x5bb0, 0x5bb0, 0x5bb0, 0x5bb0, 0x5bb0, 0x5bb0, 0x5bb0, 0x5bb0, 
	0x5bb0, 0x5bb0, 0x5bb0, 0x5bb0, 0x5bb0, 0x5bb0, 0x5bb0, 0x5bb0, 0x5bb0, 0x5bb0, 0x5bb0, 0x5bb0, 0x5bb0, 0x5bb0, 0x5bb0, 0x5bb0, 
	0x5bb0, 0x5bb0, 0x5bb0, 0x5bb0, 0x5bb0, 0x5bb0, 0x5bb0, 0x5bb0, 0x5bb0, 0x5bb0, 0x5bb0, 0x5bb0, 0x5bb0, 0x5bb0, 0x5bb0, 0x7bef, 
	0x8410, 0x7c10, 0x6bcf, 0x5bb0, 0x5bb0, 0x5bb0, 0x5bb0, 0x5bb0, 0x5bb0, 0x5bb0, 0x5bb0, 0x5bb0, 0x5bb0, 0x5bb0, 0x5bb0, 0x5bb0, 
	0x5bb0, 0x5bb0, 0x5bb0, 0x5bb0, 0x5bb0, 0x5bb0, 0x5bb0, 0x5bb0, 0x5bb0, 0x5bb0, 0x5bb0, 0x5bb0, 0x5bb0, 0x5bb0, 0x5bb0, 0x5bb0, 
	0x5bb0, 0x5bb0, 0x5bb0, 0x5bb0, 0x5bb0, 0x5bb0, 0x5bb0, 0x5bb0, 0x5bb0, 0x5bb0, 0x5bb0, 0x5bb0, 0x5bb0, 0x5bb0, 0x5bb0, 0x5bb0, 
	0x5bb0, 0x5bb0, 0x5bb0, 0x5bb0, 0x5bb0, 0x5bb0, 0x5bb0, 0x5bb0, 0x5bb0, 0x5bb0, 0x5bb0, 0x5bb0, 0x5bb0, 0x5bb0, 0x536f, 0x31c8, 
	0x08a3, 0x014f, 0x1257, 0x1ab8, 0x1ab8, 0x1ab8, 0x1ab8, 0x1ab8, 0x1ad8, 0x1c18, 0x1c58, 0x1c58, 0x1c58, 0x1c58, 0x1c58, 0x1c58, 
	0x1bf8, 0x1b18, 0x1ab8, 0x1ab8, 0x1ab8, 0x1ab8, 0x1ab8, 0x1ab8, 0x1ab8, 0x1ab8, 0x1ab8, 0x1ab8, 0x1ab8, 0x1ab8, 0x1ab8, 0x1ab8, 
	0x1ab8, 0x1ab8, 0x1ab8, 0x1ab8, 0x1ab8, 0x1ab8, 0x1ab8, 0x1236, 0x00c8, 0x10a2, 0x42cc, 0x5bb0, 0x5bb0, 0x5bb0, 0x5bb0, 0x5bb0, 
	0x5bb0, 0x5bb0, 0x5bb0, 0x5bb0, 0x5bb0, 0x5bb0, 0x5bb0, 0x5bb0, 0x5bb0, 0x5bb0, 0x5bb0, 0x5bb0, 0x5bb0, 0x5bb0, 0x5bb0, 0x5bb0, 
	0x5bb0, 0x5bb0, 0x5bb0, 0x5bb0, 0x5bb0, 0x5bb0, 0x5bb0, 0x5bb0, 0x5bb0, 0x5bb0, 0x5bb0, 0x5bb0, 0x5bb0, 0x5bb0, 0x5bb0, 0x5bb0, 
	0x5bb0, 0x5bb0, 0x5bb0, 0x5bb0, 0x5bb0, 0x5bb0, 0x5bb0, 0x5bb0, 0x5bb0, 0x5bb0, 0x5bb0, 0x5bb0, 0x5bb0, 0x5bb0, 0x5bb0, 0x7bef, 
	0x8410, 0x7c10, 0x6bcf, 0x5bb0, 0x5bb0, 0x5bb0, 0x5bb0, 0x5bb0, 0x5bb0, 0x5bb0, 0x5bb0, 0x5bb0, 0x5bb0, 0x5bb0, 0x5bb0, 0x5bb0, 
	0x5bb0, 0x5bb0, 0x5bb0, 0x5bb0, 0x5bb0, 0x5bb0, 0x5bb0, 0x5bb0, 0x5bb0, 0x5bb0, 0x5bb0, 0x5bb0, 0x5bb0, 0x5bb0, 0x5bb0, 0x5bb0, 
	0x5bb0, 0x5bb0, 0x5bb0, 0x5bb0, 0x5bb0, 0x5bb0, 0x5bb0, 0x5bb0, 0x5bb0, 0x5bb0, 0x5bb0, 0x5bb0, 0x5bb0, 0x5bb0, 0x5bb0, 0x5bb0, 
	0x5bb0, 0x5bb0, 0x5bb0, 0x5bb0, 0x5bb0, 0x5bb0, 0x5bb0, 0x5bb0, 0x5bb0, 0x5bb0, 0x5bb0, 0x5bb0, 0x5bb0, 0x5bb0, 0x536f, 0x29c7, 
	0x0863, 0x096f, 0x1278, 0x1ab8, 0x1ab8, 0x1ab8, 0x1ab8, 0x1ab8, 0x1af8, 0x1c18, 0x1c58, 0x1c58, 0x1c58, 0x1c58, 0x1c58, 0x1bf8, 
	0x1b18, 0x1ab8, 0x1ab8, 0x1ab8, 0x1ab8, 0x1ab8, 0x1ab8, 0x1ab8, 0x1ab8, 0x1ab8, 0x1ab8, 0x1ab8, 0x1ab8, 0x1ab8, 0x1ab8, 0x1ab8, 
	0x1ab8, 0x1ab8, 0x1ab8, 0x1ab8, 0x1ab8, 0x1ab8, 0x1ab8, 0x1257, 0x08e8, 0x0882, 0x42ab, 0x5bb0, 0x5bb0, 0x5bb0, 0x5bb0, 0x5bb0, 
	0x5bb0, 0x5bb0, 0x5bb0, 0x5bb0, 0x5bb0, 0x5bb0, 0x5bb0, 0x5bb0, 0x5bb0, 0x5bb0, 0x5bb0, 0x5bb0, 0x5bb0, 0x5bb0, 0x5bb0, 0x5bb0, 
	0x5bb0, 0x5bb0, 0x5bb0, 0x5bb0, 0x5bb0, 0x5bb0, 0x5bb0, 0x5bb0, 0x5bb0, 0x5bb0, 0x5bb0, 0x5bb0, 0x5bb0, 0x5bb0, 0x5bb0, 0x5bb0, 
	0x5bb0, 0x5bb0, 0x5bb0, 0x5bb0, 0x5bb0, 0x5bb0, 0x5bb0, 0x5bb0, 0x5bb0, 0x5bb0, 0x5bb0, 0x5bb0, 0x5bb0, 0x5bb0, 0x5bb0, 0x7bef, 
	0x8410, 0x7c10, 0x6bcf, 0x5bb0, 0x5bb0, 0x5bb0, 0x5bb0, 0x5bb0, 0x5bb0, 0x5bb0, 0x5bb0, 0x5bb0, 0x5bb0, 0x5bb0, 0x5bb0, 0x5bb0, 
	0x5bb0, 0x5bb0, 0x5bb0, 0x5bb0, 0x5bb0, 0x5bb0, 0x5bb0, 0x5bb0, 0x5bb0, 0x5bb0, 0x5bb0, 0x5bb0, 0x5bb0, 0x5bb0, 0x5bb0, 0x5bb0, 
	0x5bb0, 0x5bb0, 0x5bb0, 0x5bb0, 0x5bb0, 0x5bb0, 0x5bb0, 0x5bb0, 0x5bb0, 0x5bb0, 0x5bb0, 0x5bb0, 0x5bb0, 0x5bb0, 0x5bb0, 0x5bb0, 
	0x5bb0, 0x5bb0, 0x5bb0, 0x5bb0, 0x5bb0, 0x5bb0, 0x5bb0, 0x5bb0, 0x5bb0, 0x5bb0, 0x5bb0, 0x5bb0, 0x5bb0, 0x536f, 0x4b0d, 0x21a8, 
	0x00a6, 0x11d1, 0x1a98, 0x1ab8, 0x1ab8, 0x1ab8, 0x1ab8, 0x1ad8, 0x1bb8, 0x1c38, 0x1c58, 0x1c58, 0x1c58, 0x1c58, 0x1c38, 0x1b18, 
	0x1ab8, 0x1ab8, 0x1ab8, 0x1ab8, 0x1ab8, 0x1ab8, 0x1ab8, 0x1ab8, 0x1ab8, 0x1ab8, 0x1ab8, 0x1ab8, 0x1ab8, 0x1ab8, 0x1ab8, 0x1ab8, 
	0x1ab8, 0x1ab8, 0x1ab8, 0x1ab8, 0x1ab8, 0x1ab8, 0x1ab8, 0x1a97, 0x094c, 0x08a5, 0x324b, 0x4b2e, 0x5b8f, 0x5bb0, 0x5bb0, 0x5bb0, 
	0x5bb0, 0x5bb0, 0x5bb0, 0x5bb0, 0x5bb0, 0x5bb0, 0x5bb0, 0x5bb0, 0x5bb0, 0x5bb0, 0x5bb0, 0x5bb0, 0x5bb0, 0x5bb0, 0x5bb0, 0x5bb0, 
	0x5bb0, 0x5bb0, 0x5bb0, 0x5bb0, 0x5bb0, 0x5bb0, 0x5bb0, 0x5bb0, 0x5bb0, 0x5bb0, 0x5bb0, 0x5bb0, 0x5bb0, 0x5bb0, 0x5bb0, 0x5bb0, 
	0x5bb0, 0x5bb0, 0x5bb0, 0x5bb0, 0x5bb0, 0x5bb0, 0x5bb0, 0x5bb0, 0x5bb0, 0x5bb0, 0x5bb0, 0x5bb0, 0x5bb0, 0x5bb0, 0x5bb0, 0x7bef, 
	0x8410, 0x7c10, 0x6bcf, 0x5bb0, 0x5bb0, 0x5bb0, 0x5bb0, 0x5bb0, 0x5bb0, 0x5bb0, 0x5bb0, 0x5bb0, 0x5bb0, 0x5bb0, 0x5bb0, 0x5bb0, 
	0x5bb0, 0x5bb0, 0x5bb0, 0x5bb0, 0x5bb0, 0x5bb0, 0x5bb0, 0x5bb0, 0x5bb0, 0x5bb0, 0x5bb0, 0x5bb0, 0x5bb0, 0x5bb0, 0x5bb0, 0x5bb0, 
	0x5bb0, 0x5bb0, 0x5bb0, 0x5bb0, 0x5bb0, 0x5bb0, 0x5bb0, 0x5bb0, 0x5bb0, 0x5bb0, 0x5bb0, 0x5bb0, 0x5bb0, 0x5bb0, 0x5bb0, 0x5bb0, 
	0x5bb0, 0x5bb0, 0x5bb0, 0x5bb0, 0x5bb0, 0x5bb0, 0x5bb0, 0x5bb0, 0x5bb0, 0x5bb0, 0x5bb0, 0x5bb0, 0x5b8f, 0x3a6a, 0x29a7, 0x118c, 
	0x0990, 0x1255, 0x1ab8, 0x1ab8, 0x1ab8, 0x1ab8, 0x1ab8, 0x1ad8, 0x1c18, 0x1c58, 0x1c58, 0x1c58, 0x1c58, 0x1c38, 0x1bd8, 0x1ab8, 
	0x1ab8, 0x1ab8, 0x1ab8, 0x1ab8, 0x1ab8, 0x1ab8, 0x1ab8, 0x1ab8, 0x1ab8, 0x1ab8, 0x1ab8, 0x1ab8, 0x1ab8, 0x1ab8, 0x1ab8, 0x1ab8, 
	0x1ab8, 0x1ab8, 0x1ab8, 0x1ab8, 0x1ab8, 0x1ab8, 0x1ab8, 0x1ab8, 0x1213, 0x096f, 0x1969, 0x29a7, 0x4b0d, 0x5bb0, 0x5bb0, 0x5bb0, 
	0x5bb0, 0x5bb0, 0x5bb0, 0x5bb0, 0x5bb0, 0x5bb0, 0x5bb0, 0x5bb0, 0x5bb0, 0x5bb0, 0x5bb0, 0x5bb0, 0x5bb0, 0x5bb0, 0x5bb0, 0x5bb0, 
	0x5bb0, 0x5bb0, 0x5bb0, 0x5bb0, 0x5bb0, 0x5bb0, 0x5bb0, 0x5bb0, 0x5bb0, 0x5bb0, 0x5bb0, 0x5bb0, 0x5bb0, 0x5bb0, 0x5bb0, 0x5bb0, 
	0x5bb0, 0x5bb0, 0x5bb0, 0x5bb0, 0x5bb0, 0x5bb0, 0x5bb0, 0x5bb0, 0x5bb0, 0x5bb0, 0x5bb0, 0x5bb0, 0x5bb0, 0x5bb0, 0x5bb0, 0x7bef, 
	0x8410, 0x7c10, 0x6bcf, 0x5bb0, 0x5bb0, 0x5bb0, 0x5bb0, 0x5bb0, 0x5bb0, 0x5bb0, 0x5bb0, 0x5bb0, 0x5bb0, 0x5bb0, 0x5bb0, 0x5bb0, 
	0x5bb0, 0x5bb0, 0x5bb0, 0x5bb0, 0x5bb0, 0x5bb0, 0x5bb0, 0x5bb0, 0x5bb0, 0x5bb0, 0x5bb0, 0x5bb0, 0x5bb0, 0x5bb0, 0x5bb0, 0x5bb0, 
	0x5bb0, 0x5bb0, 0x5bb0, 0x5bb0, 0x5bb0, 0x5bb0, 0x5bb0, 0x5bb0, 0x5bb0, 0x5bb0, 0x5bb0, 0x5bb0, 0x5bb0, 0x5bb0, 0x5bb0, 0x5bb0, 
	0x5bb0, 0x5bb0, 0x5bb0, 0x5bb0, 0x5bb0, 0x5bb0, 0x5bb0, 0x5bb0, 0x5bb0, 0x5bb0, 0x5bb0, 0x5bb0, 0x536f, 0x3208, 0x18e5, 0x096f, 
	0x0a16, 0x1a98, 0x1ab8, 0x1ab8, 0x1ab8, 0x1ab8, 0x1ab8, 0x1b18, 0x1c18, 0x1c58, 0x1c58, 0x1c58, 0x1c58, 0x1c38, 0x1b18, 0x1ab8, 
	0x1ab8, 0x1ab8, 0x1ab8, 0x1ab8, 0x1ab8, 0x1ab8, 0x1ab8, 0x1ab8, 0x1ab8, 0x1ab8, 0x1ab8, 0x1ab8, 0x1ab8, 0x1ab8, 0x1ab8, 0x1ab8, 
	0x1ab8, 0x1ab8, 0x1ab8, 0x1ab8, 0x1ab8, 0x1ab8, 0x1ab8, 0x1ab8, 0x1a78, 0x09f5, 0x08e8, 0x18e3, 0x4aec, 0x5bb0, 0x5bb0, 0x5bb0, 
	0x5bb0, 0x5bb0, 0x5bb0, 0x5bb0, 0x5bb0, 0x5bb0, 0x5bb0, 0x5bb0, 0x5bb0, 0x5bb0, 0x5bb0, 0x5bb0, 0x5bb0, 0x5bb0, 0x5bb0, 0x5bb0, 
	0x5bb0, 0x5bb0, 0x5bb0, 0x5bb0, 0x5bb0, 0x5bb0, 0x5bb0, 0x5bb0, 0x5bb0, 0x5bb0, 0x5bb0, 0x5bb0, 0x5bb0, 0x5bb0, 0x5bb0, 0x5bb0, 
	0x5bb0, 0x5bb0, 0x5bb0, 0x5bb0, 0x5bb0, 0x5bb0, 0x5bb0, 0x5bb0, 0x5bb0, 0x5bb0, 0x5bb0, 0x5bb0, 0x5bb0, 0x5bb0, 0x5bb0, 0x7bef, 
	0x8410, 0x7c10, 0x6bcf, 0x5bb0, 0x5bb0, 0x5bb0, 0x5bb0, 0x5bb0, 0x5bb0, 0x5bb0, 0x5bb0, 0x5bb0, 0x5bb0, 0x5bb0, 0x5bb0, 0x5bb0, 
	0x5bb0, 0x5bb0, 0x5bb0, 0x5bb0, 0x5bb0, 0x5bb0, 0x5bb0, 0x5bb0, 0x5bb0, 0x5bb0, 0x5bb0, 0x5bb0, 0x5bb0, 0x5bb0, 0x5bb0, 0x5bb0, 
	0x5bb0, 0x5bb0, 0x5bb0, 0x5bb0, 0x5bb0, 0x5bb0, 0x5bb0, 0x5bb0, 0x5bb0, 0x5bb0, 0x5bb0, 0x5bb0, 0x5bb0, 0x5bb0, 0x5bb0, 0x5bb0, 
	0x5bb0, 0x5bb0, 0x5bb0, 0x5bb0, 0x5bb0, 0x5bb0, 0x5bb0, 0x5bb0, 0x5bb0, 0x5bb0, 0x5bb0, 0x5bb0, 0x536f, 0x31e8, 0x10c4, 0x094e, 
	0x1257, 0x1a98, 0x1ab8, 0x1ab8, 0x1ab8, 0x1ab8, 0x1ad8, 0x1bb8, 0x1c38, 0x1c58, 0x1c58, 0x1c58, 0x1c58, 0x1bd8, 0x1ab8, 0x1ab8, 
	0x1ab8, 0x1ab8, 0x1ab8, 0x1ab8, 0x1ab8, 0x1ab8, 0x1ab8, 0x1ab8, 0x1ab8, 0x1ab8, 0x1ab8, 0x1ab8, 0x1ab8, 0x1ab8, 0x1ab8, 0x1ab8, 
	0x1ab8, 0x1ab8, 0x1ab8, 0x1ab8, 0x1ab8, 0x1ab8, 0x1ab8, 0x1ab8, 0x1ab8, 0x0a15, 0x08c7, 0x18c3, 0x4aec, 0x5bb0, 0x5bb0, 0x5bb0, 
	0x5bb0, 0x5bb0, 0x5bb0, 0x5bb0, 0x5bb0, 0x5bb0, 0x5bb0, 0x5bb0, 0x5bb0, 0x5bb0, 0x5bb0, 0x5bb0, 0x5bb0, 0x5bb0, 0x5bb0, 0x5bb0, 
	0x5bb0, 0x5bb0, 0x5bb0, 0x5bb0, 0x5bb0, 0x5bb0, 0x5bb0, 0x5bb0, 0x5bb0, 0x5bb0, 0x5bb0, 0x5bb0, 0x5bb0, 0x5bb0, 0x5bb0, 0x5bb0, 
	0x5bb0, 0x5bb0, 0x5bb0, 0x5bb0, 0x5bb0, 0x5bb0, 0x5bb0, 0x5bb0, 0x5bb0, 0x5bb0, 0x5bb0, 0x5bb0, 0x5bb0, 0x5bb0, 0x5bb0, 0x7bef, 
	0x8410, 0x7c10, 0x6bcf, 0x5bb0, 0x5bb0, 0x5bb0, 0x5bb0, 0x5bb0, 0x5bb0, 0x5bb0, 0x5bb0, 0x5bb0, 0x5bb0, 0x5bb0, 0x5bb0, 0x5bb0, 
	0x5bb0, 0x5bb0, 0x5bb0, 0x5bb0, 0x5bb0, 0x5bb0, 0x5bb0, 0x5bb0, 0x5bb0, 0x5bb0, 0x5bb0, 0x5bb0, 0x5bb0, 0x5bb0, 0x5bb0, 0x5bb0, 
	0x5bb0, 0x5bb0, 0x5bb0, 0x5bb0, 0x5bb0, 0x5bb0, 0x5bb0, 0x5bb0, 0x5bb0, 0x5bb0, 0x5bb0, 0x5bb0, 0x5bb0, 0x5bb0, 0x5bb0, 0x5bb0, 
	0x5bb0, 0x5bb0, 0x5bb0, 0x5bb0, 0x5bb0, 0x5bb0, 0x5bb0, 0x5bb0, 0x5bb0, 0x5bb0, 0x5bb0, 0x5bb0, 0x536f, 0x31e8, 0x0883, 0x014e, 
	0x1277, 0x1ab8, 0x1ab8, 0x1ab8, 0x1ab8, 0x1ab8, 0x1ad8, 0x1bf8, 0x1c58, 0x1c58, 0x1c58, 0x1c58, 0x1c38, 0x1b18, 0x1ab8, 0x1ab8, 
	0x1ab8, 0x1ab8, 0x1ab8, 0x1ab8, 0x1ab8, 0x1ab8, 0x1ab8, 0x1ab8, 0x1ab8, 0x1ab8, 0x1ab8, 0x1ab8, 0x1ab8, 0x1ab8, 0x1ab8, 0x1ab8, 
	0x1ab8, 0x1ab8, 0x1ab8, 0x1ab8, 0x1ab8, 0x1ab8, 0x1ab8, 0x1ab8, 0x1ab8, 0x1236, 0x00c7, 0x10a2, 0x4aec, 0x5bb0, 0x5bb0, 0x5bb0, 
	0x5bb0, 0x5bb0, 0x5bb0, 0x5bb0, 0x5bb0, 0x5bb0, 0x5bb0, 0x5bb0, 0x5bb0, 0x5bb0, 0x5bb0, 0x5bb0, 0x5bb0, 0x5bb0, 0x5bb0, 0x5bb0, 
	0x5bb0, 0x5bb0, 0x5bb0, 0x5bb0, 0x5bb0, 0x5bb0, 0x5bb0, 0x5bb0, 0x5bb0, 0x5bb0, 0x5bb0, 0x5bb0, 0x5bb0, 0x5bb0, 0x5bb0, 0x5bb0, 
	0x5bb0, 0x5bb0, 0x5bb0, 0x5bb0, 0x5bb0, 0x5bb0, 0x5bb0, 0x5bb0, 0x5bb0, 0x5bb0, 0x5bb0, 0x5bb0, 0x5bb0, 0x5bb0, 0x5bb0, 0x7bef, 
	0x8410, 0x7c10, 0x6bcf, 0x5bb0, 0x5bb0, 0x5bb0, 0x5bb0, 0x5bb0, 0x5bb0, 0x5bb0, 0x5bb0, 0x5bb0, 0x5bb0, 0x5bb0, 0x5bb0, 0x5bb0, 
	0x5bb0, 0x5bb0, 0x5bb0, 0x5bb0, 0x5bb0, 0x5bb0, 0x5bb0, 0x5bb0, 0x5bb0, 0x5bb0, 0x5bb0, 0x5bb0, 0x5bb0, 0x5bb0, 0x5bb0, 0x5bb0, 
	0x5bb0, 0x5bb0, 0x5bb0, 0x5bb0, 0x5bb0, 0x5bb0, 0x5bb0, 0x5bb0, 0x5bb0, 0x5bb0, 0x5bb0, 0x5bb0, 0x5bb0, 0x5bb0, 0x5bb0, 0x5bb0, 
	0x5bb0, 0x5bb0, 0x5bb0, 0x5bb0, 0x5bb0, 0x5bb0, 0x5bb0, 0x5bb0, 0x5bb0, 0x5bb0, 0x5bb0, 0x5bb0, 0x536f, 0x31e8, 0x0883, 0x096f, 
	0x1278, 0x1ab8, 0x1ab8, 0x1ab8, 0x1ab8, 0x1ab8, 0x1ad8, 0x1bf8, 0x1c58, 0x1c58, 0x1c58, 0x1c58, 0x1c38, 0x1ab8, 0x1ab8, 0x1ab8, 
	0x1ab8, 0x1ab8, 0x1ab8, 0x1ab8, 0x1ab8, 0x1ab8, 0x1ab8, 0x1ab8, 0x1ab8, 0x1ab8, 0x1ab8, 0x1ab8, 0x1ab8, 0x1ab8, 0x1ab8, 0x1ab8, 
	0x1ab8, 0x1ab8, 0x1ab8, 0x1ab8, 0x1ab8, 0x1ab8, 0x1ab8, 0x1ab8, 0x1ab8, 0x1277, 0x00c7, 0x1082, 0x42cc, 0x5bb0, 0x5bb0, 0x5bb0, 
	0x5bb0, 0x5bb0, 0x5bb0, 0x5bb0, 0x5bb0, 0x5bb0, 0x5bb0, 0x5bb0, 0x5bb0, 0x5bb0, 0x5bb0, 0x5bb0, 0x5bb0, 0x5bb0, 0x5bb0, 0x5bb0, 
	0x5bb0, 0x5bb0, 0x5bb0, 0x5bb0, 0x5bb0, 0x5bb0, 0x5bb0, 0x5bb0, 0x5bb0, 0x5bb0, 0x5bb0, 0x5bb0, 0x5bb0, 0x5bb0, 0x5bb0, 0x5bb0, 
	0x5bb0, 0x5bb0, 0x5bb0, 0x5bb0, 0x5bb0, 0x5bb0, 0x5bb0, 0x5bb0, 0x5bb0, 0x5bb0, 0x5bb0, 0x5bb0, 0x5bb0, 0x5bb0, 0x5bb0, 0x7bef, 
	0x8410, 0x7c10, 0x6bcf, 0x5bb0, 0x5bb0, 0x5bb0, 0x5bb0, 0x5bb0, 0x5bb0, 0x5bb0, 0x5bb0, 0x5bb0, 0x5bb0, 0x5bb0, 0x5bb0, 0x5bb0, 
	0x5bb0, 0x5bb0, 0x5bb0, 0x5bb0, 0x5bb0, 0x5bb0, 0x5bb0, 0x5bb0, 0x5bb0, 0x5bb0, 0x5bb0, 0x5bb0, 0x5bb0, 0x5bb0, 0x5bb0, 0x5bb0, 
	0x5bb0, 0x5bb0, 0x5bb0, 0x5bb0, 0x5bb0, 0x5bb0, 0x5bb0, 0x5bb0, 0x5bb0, 0x5bb0, 0x5bb0, 0x5bb0, 0x5bb0, 0x5bb0, 0x5bb0, 0x5bb0, 
	0x5bb0, 0x5bb0, 0x5bb0, 0x5bb0, 0x5bb0, 0x5bb0, 0x5bb0, 0x5bb0, 0x5bb0, 0x5bb0, 0x5bb0, 0x5bb0, 0x536f, 0x31c8, 0x0863, 0x098f, 
	0x1a98, 0x1ab8, 0x1ab8, 0x1ab8, 0x1ab8, 0x1ab8, 0x1ad8, 0x1c18, 0x1c58, 0x1c58, 0x1c58, 0x1c58, 0x1c38, 0x1ab8, 0x1ab8, 0x1ab8, 
	0x1ab8, 0x1ab8, 0x1ab8, 0x1ab8, 0x1ab8, 0x1ab8, 0x1ab8, 0x1ab8, 0x1ab8, 0x1ab8, 0x1ab8, 0x1ab8, 0x1ab8, 0x1ab8, 0x1ab8, 0x1ab8, 
	0x1ab8, 0x1ab8, 0x1ab8, 0x1ab8, 0x1ab8, 0x1ab8, 0x1ab8, 0x1ab8, 0x1ab8, 0x1a97, 0x08e8, 0x0862, 0x42cc, 0x5bb0, 0x5bb0, 0x5bb0, 
	0x5bb0, 0x5bb0, 0x5bb0, 0x5bb0, 0x5bb0, 0x5bb0, 0x5bb0, 0x5bb0, 0x5bb0, 0x5bb0, 0x5bb0, 0x5bb0, 0x5bb0, 0x5bb0, 0x5bb0, 0x5bb0, 
	0x5bb0, 0x5bb0, 0x5bb0, 0x5bb0, 0x5bb0, 0x5bb0, 0x5bb0, 0x5bb0, 0x5bb0, 0x5bb0, 0x5bb0, 0x5bb0, 0x5bb0, 0x5bb0, 0x5bb0, 0x5bb0, 
	0x5bb0, 0x5bb0, 0x5bb0, 0x5bb0, 0x5bb0, 0x5bb0, 0x5bb0, 0x5bb0, 0x5bb0, 0x5bb0, 0x5bb0, 0x5bb0, 0x5bb0, 0x5bb0, 0x5bb0, 0x7bef, 
	0x8410, 0x7c10, 0x6bcf, 0x5bb0, 0x5bb0, 0x5bb0, 0x5bb0, 0x5bb0, 0x5bb0, 0x5bb0, 0x5bb0, 0x5bb0, 0x5bb0, 0x5bb0, 0x5bb0, 0x5bb0, 
	0x5bb0, 0x5bb0, 0x5bb0, 0x5bb0, 0x5bb0, 0x5bb0, 0x5bb0, 0x5bb0, 0x5bb0, 0x5bb0, 0x5bb0, 0x5bb0, 0x5bb0, 0x5bb0, 0x5bb0, 0x5bb0, 
	0x5bb0, 0x5bb0, 0x5bb0, 0x5bb0, 0x5bb0, 0x5bb0, 0x5bb0, 0x5bb0, 0x5bb0, 0x5bb0, 0x5bb0, 0x5bb0, 0x5bb0, 0x5bb0, 0x5bb0, 0x5bb0, 
	0x5bb0, 0x5bb0, 0x5bb0, 0x5bb0, 0x5bb0, 0x5bb0, 0x5bb0, 0x5bb0, 0x5bb0, 0x5bb0, 0x5bb0, 0x5bb0, 0x536f, 0x29c7, 0x0862, 0x11af, 
	0x1ab8, 0x1ab8, 0x1ab8, 0x1ab8, 0x1ab8, 0x1ab8, 0x1ad8, 0x1c18, 0x1c58, 0x1c58, 0x1c58, 0x1c58, 0x1c38, 0x1ab8, 0x1ab8, 0x1ab8, 
	0x1ab8, 0x1ab8, 0x1ab8, 0x1ab8, 0x1ab8, 0x1ab8, 0x1ab8, 0x1ab8, 0x1ab8, 0x1ab8, 0x1ab8, 0x1ab8, 0x1ab8, 0x1ab8, 0x1ab8, 0x1ab8, 
	0x1ab8, 0x1ab8, 0x1ab8, 0x1ab8, 0x1ab8, 0x1ab8, 0x1ab8, 0x1ab8, 0x1ab8, 0x1a97, 0x08e8, 0x0861, 0x42ac, 0x5bb0, 0x5bb0, 0x5bb0, 
	0x5bb0, 0x5bb0, 0x5bb0, 0x5bb0, 0x5bb0, 0x5bb0, 0x5bb0, 0x5bb0, 0x5bb0, 0x5bb0, 0x5bb0, 0x5bb0, 0x5bb0, 0x5bb0, 0x5bb0, 0x5bb0, 
	0x5bb0, 0x5bb0, 0x5bb0, 0x5bb0, 0x5bb0, 0x5bb0, 0x5bb0, 0x5bb0, 0x5bb0, 0x5bb0, 0x5bb0, 0x5bb0, 0x5bb0, 0x5bb0, 0x5bb0, 0x5bb0, 
	0x5bb0, 0x5bb0, 0x5bb0, 0x5bb0, 0x5bb0, 0x5bb0, 0x5bb0, 0x5bb0, 0x5bb0, 0x5bb0, 0x5bb0, 0x5bb0, 0x5bb0, 0x5bb0, 0x5bb0, 0x7bef, 
	0x8410, 0x7c10, 0x6bcf, 0x5bb0, 0x5bb0, 0x5bb0, 0x5bb0, 0x5bb0, 0x5bb0, 0x5bb0, 0x5bb0, 0x5bb0, 0x5bb0, 0x5bb0, 0x5bb0, 0x5bb0, 
	0x5bb0, 0x5bb0, 0x5bb0, 0x5bb0, 0x5bb0, 0x5bb0, 0x5bb0, 0x5bb0, 0x5bb0, 0x5bb0, 0x5bb0, 0x5bb0, 0x5bb0, 0x5bb0, 0x5bb0, 0x5bb0, 
	0x5bb0, 0x5bb0, 0x5bb0, 0x5bb0, 0x5bb0, 0x5bb0, 0x5bb0, 0x5bb0, 0x5bb0, 0x5bb0, 0x5bb0, 0x5bb0, 0x5bb0, 0x5bb0, 0x5bb0, 0x5bb0, 
	0x5bb0, 0x5bb0, 0x5bb0, 0x5bb0, 0x5bb0, 0x5bb0, 0x5bb0, 0x5bb0, 0x5bb0, 0x5bb0, 0x5bb0, 0x5bb0, 0x536f, 0x29a7, 0x0042, 0x11b0, 
	0x1ab8, 0x1ab8, 0x1ab8, 0x1ab8, 0x1ab8, 0x1ab8, 0x1ad8, 0x1c18, 0x1c58, 0x1c58, 0x1c58, 0x1c58, 0x1c38, 0x1ab8, 0x1ab8, 0x1ab8, 
	0x1ab8, 0x1ab8, 0x1ab8, 0x1ab8, 0x1ab8, 0x1ab8, 0x1ab8, 0x1ab8, 0x1ab8, 0x1ab8, 0x1ab8, 0x1ab8, 0x1ab8, 0x1ab8, 0x1ab8, 0x1ab8, 
	0x1ab8, 0x1ab8, 0x1ab8, 0x1ab8, 0x1ab8, 0x1ab8, 0x1ab8, 0x1ab8, 0x1ab8, 0x1a97, 0x0908, 0x0041, 0x42ab, 0x5bb0, 0x5bb0, 0x5bb0, 
	0x5bb0, 0x5bb0, 0x5bb0, 0x5bb0, 0x5bb0, 0x5bb0, 0x5bb0, 0x5bb0, 0x5bb0, 0x5bb0, 0x5bb0, 0x5bb0, 0x5bb0, 0x5bb0, 0x5bb0, 0x5bb0, 
	0x5bb0, 0x5bb0, 0x5bb0, 0x5bb0, 0x5bb0, 0x5bb0, 0x5bb0, 0x5bb0, 0x5bb0, 0x5bb0, 0x5bb0, 0x5bb0, 0x5bb0, 0x5bb0, 0x5bb0, 0x5bb0, 
	0x5bb0, 0x5bb0, 0x5bb0, 0x5bb0, 0x5bb0, 0x5bb0, 0x5bb0, 0x5bb0, 0x5bb0, 0x5bb0, 0x5bb0, 0x5bb0, 0x5bb0, 0x5bb0, 0x5bb0, 0x7bef, 
	0x8410, 0x7c10, 0x6bcf, 0x5bb0, 0x5bb0, 0x5bb0, 0x5bb0, 0x5bb0, 0x5bb0, 0x5bb0, 0x5bb0, 0x5bb0, 0x5bb0, 0x5bb0, 0x5bb0, 0x5bb0, 
	0x5bb0, 0x5bb0, 0x5bb0, 0x5bb0, 0x5bb0, 0x5bb0, 0x5bb0, 0x5bb0, 0x5bb0, 0x5bb0, 0x5bb0, 0x5bb0, 0x5bb0, 0x5bb0, 0x5bb0, 0x5bb0, 
	0x5bb0, 0x5bb0, 0x5bb0, 0x5bb0, 0x5bb0, 0x5bb0, 0x5bb0, 0x5bb0, 0x5bb0, 0x5bb0, 0x5bb0, 0x5bb0, 0x5bb0, 0x5bb0, 0x5bb0, 0x5bb0, 
	0x5bb0, 0x5bb0, 0x5bb0, 0x5bb0, 0x5bb0, 0x5bb0, 0x5bb0, 0x5bb0, 0x5bb0, 0x5bb0, 0x5bb0, 0x532e, 0x42ac, 0x2189, 0x00c8, 0x11f2, 
	0x1ab8, 0x1ab8, 0x1ab8, 0x1ab8, 0x1ab8, 0x1ab8, 0x1ad8, 0x1c18, 0x1c58, 0x1c58, 0x1c58, 0x1c58, 0x1c38, 0x1ab8, 0x1ab8, 0x1ab8, 
	0x1ab8, 0x1ab8, 0x1ab8, 0x1ab8, 0x1ab8, 0x1ab8, 0x1ab8, 0x1ab8, 0x1ab8, 0x1ab8, 0x1ab8, 0x1ab8, 0x1ab8, 0x1ab8, 0x1ab8, 0x1ab8, 
	0x1ab8, 0x1ab8, 0x1ab8, 0x1ab8, 0x1ab8, 0x1ab8, 0x1ab8, 0x1ab8, 0x1ab8, 0x1a98, 0x116d, 0x00c7, 0x322a, 0x4acc, 0x538f, 0x5bb0, 
	0x5bb0, 0x5bb0, 0x5bb0, 0x5bb0, 0x5bb0, 0x5bb0, 0x5bb0, 0x5bb0, 0x5bb0, 0x5bb0, 0x5bb0, 0x5bb0, 0x5bb0, 0x5bb0, 0x5bb0, 0x5bb0, 
	0x5bb0, 0x5bb0, 0x5bb0, 0x5bb0, 0x5bb0, 0x5bb0, 0x5bb0, 0x5bb0, 0x5bb0, 0x5bb0, 0x5bb0, 0x5bb0, 0x5bb0, 0x5bb0, 0x5bb0, 0x5bb0, 
	0x5bb0, 0x5bb0, 0x5bb0, 0x5bb0, 0x5bb0, 0x5bb0, 0x5bb0, 0x5bb0, 0x5bb0, 0x5bb0, 0x5bb0, 0x5bb0, 0x5bb0, 0x5bb0, 0x5bb0, 0x7bef, 
	0x8410, 0x7c10, 0x6bcf, 0x5bb0, 0x5bb0, 0x5bb0, 0x5bb0, 0x5bb0, 0x5bb0, 0x5bb0, 0x5bb0, 0x5bb0, 0x5bb0, 0x5bb0, 0x5bb0, 0x5bb0, 
	0x5bb0, 0x5bb0, 0x5bb0, 0x5bb0, 0x5bb0, 0x5bb0, 0x5bb0, 0x5bb0, 0x5bb0, 0x5bb0, 0x5bb0, 0x5bb0, 0x5bb0, 0x5bb0, 0x5bb0, 0x5bb0, 
	0x5bb0, 0x5bb0, 0x5bb0, 0x5bb0, 0x5bb0, 0x5bb0, 0x5bb0, 0x5bb0, 0x5bb0, 0x5bb0, 0x5bb0, 0x5bb0, 0x5bb0, 0x5bb0, 0x5bb0, 0x5bb0, 
	0x5bb0, 0x5bb0, 0x5bb0, 0x5bb0, 0x5bb0, 0x5bb0, 0x5bb0, 0x5bb0, 0x5bb0, 0x5bb0, 0x538f, 0x3a4a, 0x2146, 0x116d, 0x09b3, 0x1256, 
	0x1ab8, 0x1ab8, 0x1ab8, 0x1ab8, 0x1ab8, 0x1ab8, 0x1ad8, 0x1bf8, 0x1c58, 0x1c58, 0x1c58, 0x1c58, 0x1c38, 0x1ab8, 0x1ab8, 0x1ab8, 
	0x1ab8, 0x1ab8, 0x1ab8, 0x1ab8, 0x1ab8, 0x1ab8, 0x1ab8, 0x1ab8, 0x1ab8, 0x1ab8, 0x1ab8, 0x1ab8, 0x1ab8, 0x1ab8, 0x1ab8, 0x1ab8, 
	0x1ab8, 0x1ab8, 0x1ab8, 0x1ab8, 0x1ab8, 0x1ab8, 0x1ab8, 0x1ab8, 0x1ab8, 0x1ab8, 0x1235, 0x0991, 0x1948, 0x2165, 0x4b2d, 0x5bb0, 
	0x5bb0, 0x5bb0, 0x5bb0, 0x5bb0, 0x5bb0, 0x5bb0, 0x5bb0, 0x5bb0, 0x5bb0, 0x5bb0, 0x5bb0, 0x5bb0, 0x5bb0, 0x5bb0, 0x5bb0, 0x5bb0, 
	0x5bb0, 0x5bb0, 0x5bb0, 0x5bb0, 0x5bb0, 0x5bb0, 0x5bb0, 0x5bb0, 0x5bb0, 0x5bb0, 0x5bb0, 0x5bb0, 0x5bb0, 0x5bb0, 0x5bb0, 0x5bb0, 
	0x5bb0, 0x5bb0, 0x5bb0, 0x5bb0, 0x5bb0, 0x5bb0, 0x5bb0, 0x5bb0, 0x5bb0, 0x5bb0, 0x5bb0, 0x5bb0, 0x5bb0, 0x5bb0, 0x5bb0, 0x7bef, 
	0x8410, 0x7c10, 0x6bcf, 0x5bb0, 0x5bb0, 0x5bb0, 0x5bb0, 0x5bb0, 0x5bb0, 0x5bb0, 0x5bb0, 0x5bb0, 0x5bb0, 0x5bb0, 0x5bb0, 0x5bb0, 
	0x5bb0, 0x5bb0, 0x5bb0, 0x5bb0, 0x5bb0, 0x5bb0, 0x5bb0, 0x5bb0, 0x5bb0, 0x5bb0, 0x5bb0, 0x5bb0, 0x5bb0, 0x5bb0, 0x5bb0, 0x5bb0, 
	0x5bb0, 0x5bb0, 0x5bb0, 0x5bb0, 0x5bb0, 0x5bb0, 0x5bb0, 0x5bb0, 0x5bb0, 0x5bb0, 0x5bb0, 0x5bb0, 0x5bb0, 0x5bb0, 0x5bb0, 0x5bb0, 
	0x5bb0, 0x5bb0, 0x5bb0, 0x5bb0, 0x5bb0, 0x5bb0, 0x5bb0, 0x5bb0, 0x5bb0, 0x5bb0, 0x538f, 0x3209, 0x18e5, 0x096e, 0x0a16, 0x1278, 
	0x1ab8, 0x1ab8, 0x1ab8, 0x1ab8, 0x1ab8, 0x1ab8, 0x1ad8, 0x1b98, 0x1c38, 0x1c58, 0x1c58, 0x1c58, 0x1c38, 0x1ab8, 0x1ab8, 0x1ab8, 
	0x1ab8, 0x1ab8, 0x1ab8, 0x1ab8, 0x1ab8, 0x1ab8, 0x1ab8, 0x1ab8, 0x1ab8, 0x1ab8, 0x1ab8, 0x1ab8, 0x1ab8, 0x1ab8, 0x1ab8, 0x1ab8, 
	0x1ab8, 0x1ab8, 0x1ab8, 0x1ab8, 0x1ab8, 0x1ab8, 0x1ab8, 0x1ab8, 0x1ab8, 0x1ab8, 0x1278, 0x09f5, 0x10e7, 0x18e3, 0x4b0d, 0x5bb0, 
	0x5bb0, 0x5bb0, 0x5bb0, 0x5bb0, 0x5bb0, 0x5bb0, 0x5bb0, 0x5bb0, 0x5bb0, 0x5bb0, 0x5bb0, 0x5bb0, 0x5bb0, 0x5bb0, 0x5bb0, 0x5bb0, 
	0x5bb0, 0x5bb0, 0x5bb0, 0x5bb0, 0x5bb0, 0x5bb0, 0x5bb0, 0x5bb0, 0x5bb0, 0x5bb0, 0x5bb0, 0x5bb0, 0x5bb0, 0x5bb0, 0x5bb0, 0x5bb0, 
	0x5bb0, 0x5bb0, 0x5bb0, 0x5bb0, 0x5bb0, 0x5bb0, 0x5bb0, 0x5bb0, 0x5bb0, 0x5bb0, 0x5bb0, 0x5bb0, 0x5bb0, 0x5bb0, 0x5bb0, 0x7bef, 
	0x8410, 0x7c10, 0x6bcf, 0x5bb0, 0x5bb0, 0x5bb0, 0x5bb0, 0x5bb0, 0x5bb0, 0x5bb0, 0x5bb0, 0x5bb0, 0x5bb0, 0x5bb0, 0x5bb0, 0x5bb0, 
	0x5bb0, 0x5bb0, 0x5bb0, 0x5bb0, 0x5bb0, 0x5bb0, 0x5bb0, 0x5bb0, 0x5bb0, 0x5bb0, 0x5bb0, 0x5bb0, 0x5bb0, 0x5bb0, 0x5bb0, 0x5bb0, 
	0x5bb0, 0x5bb0, 0x5bb0, 0x5bb0, 0x5bb0, 0x5bb0, 0x5bb0, 0x5bb0, 0x5bb0, 0x5bb0, 0x5bb0, 0x5bb0, 0x5bb0, 0x5bb0, 0x5bb0, 0x5bb0, 
	0x5bd0, 0x5bb0, 0x5bd0, 0x5bb0, 0x5bd0, 0x5bb0, 0x5bd0, 0x5bb0, 0x5bb0, 0x5bb0, 0x538f, 0x3209, 0x18e5, 0x096e, 0x0a16, 0x1a98, 
	0x1ab8, 0x1ab8, 0x1ab8, 0x1ab8, 0x1ab8, 0x1ab8, 0x1ab8, 0x1af8, 0x1c18, 0x1c58, 0x1c58, 0x1c58, 0x1c38, 0x1ab8, 0x1ab8, 0x1ab8, 
	0x1ab8, 0x1ab8, 0x1ab8, 0x1ab8, 0x1ab8, 0x1ab8, 0x1ab8, 0x1ab8, 0x1ab8, 0x1ab8, 0x1ab8, 0x1ab8, 0x1ab8, 0x1ab8, 0x1ab8, 0x1ab8, 
	0x1ab8, 0x1ab8, 0x1ab8, 0x1ab8, 0x1ab8, 0x1ab8, 0x1ab8, 0x1ab8, 0x1ab8, 0x1ab8, 0x1298, 0x09f5, 0x08e7, 0x18e3, 0x4b0d, 0x5bb0, 
	0x5bb0, 0x5bb0, 0x5bb0, 0x5bb0, 0x5bb0, 0x5bb0, 0x5bb0, 0x5bb0, 0x5bb0, 0x5bb0, 0x5bb0, 0x5bb0, 0x5bb0, 0x5bb0, 0x5bb0, 0x5bb0, 
	0x5bb0, 0x5bb0, 0x5bb0, 0x5bb0, 0x5bb0, 0x5bb0, 0x5bb0, 0x5bb0, 0x5bb0, 0x5bb0, 0x5bb0, 0x5bb0, 0x5bb0, 0x5bb0, 0x5bb0, 0x5bb0, 
	0x5bb0, 0x5bb0, 0x5bb0, 0x5bb0, 0x5bb0, 0x5bb0, 0x5bb0, 0x5bb0, 0x5bb0, 0x5bb0, 0x5bb0, 0x5bb0, 0x5bb0, 0x5bb0, 0x5bb0, 0x7bef, 
	0x8410, 0x7c10, 0x6bcf, 0x5bb0, 0x5bb0, 0x5bb0, 0x5bb0, 0x5bb0, 0x5bb0, 0x5bb0, 0x5bb0, 0x5bb0, 0x5bb0, 0x5bb0, 0x5bb0, 0x5bb0, 
	0x5bb0, 0x5bb0, 0x5bb0, 0x5bb0, 0x5bb0, 0x5bb0, 0x5bb0, 0x5bb0, 0x5bb0, 0x5bb0, 0x5bb0, 0x5bb0, 0x5bb0, 0x5bb0, 0x5bb0, 0x5bb0, 
	0x5bb0, 0x5bb0, 0x5bb0, 0x5bb0, 0x5bb0, 0x5bb0, 0x5bb0, 0x5bb0, 0x5bb0, 0x5bb0, 0x5bb0, 0x5bb0, 0x5bb0, 0x5bb0, 0x5bb0, 0x5bb0, 
	0x5bb0, 0x5bb0, 0x5bb0, 0x5bb0, 0x5bb0, 0x5bb0, 0x5bb0, 0x5bb0, 0x5bb0, 0x5bb0, 0x538f, 0x3209, 0x18e5, 0x096e, 0x0a36, 0x1a98, 
	0x1ab8, 0x1ab8, 0x1ab8, 0x1ab8, 0x1ab8, 0x1ab8, 0x1ab8, 0x1ad8, 0x1c18, 0x1c58, 0x1c58, 0x1c58, 0x1c38, 0x1ab8, 0x1ab8, 0x1ab8, 
	0x1ab8, 0x1ab8, 0x1ab8, 0x1ab8, 0x1ab8, 0x1ab8, 0x1ab8, 0x1ab8, 0x1ab8, 0x1ab8, 0x1ab8, 0x1ab8, 0x1ab8, 0x1ab8, 0x1ab8, 0x1ab8, 
	0x1ab8, 0x1ab8, 0x1ab8, 0x1ab8, 0x1ab8, 0x1ab8, 0x1ab8, 0x1ab8, 0x1ab8, 0x1ab8, 0x1a98, 0x09f5, 0x08e7, 0x18e3, 0x4b0d, 0x5bb0, 
	0x5bd0, 0x5bb0, 0x5bd0, 0x5bb0, 0x5bb0, 0x5bb0, 0x5bb0, 0x5bb0, 0x5bb0, 0x5bb0, 0x5bb0, 0x5bb0, 0x5bb0, 0x5bb0, 0x5bb0, 0x5bb0, 
	0x5bb0, 0x5bb0, 0x5bb0, 0x5bb0, 0x5bb0, 0x5bb0, 0x5bb0, 0x5bb0, 0x5bb0, 0x5bb0, 0x5bb0, 0x5bb0, 0x5bb0, 0x5bb0, 0x5bb0, 0x5bb0, 
	0x5bb0, 0x5bb0, 0x5bb0, 0x5bb0, 0x5bb0, 0x5bb0, 0x5bb0, 0x5bb0, 0x5bb0, 0x5bb0, 0x5bb0, 0x5bb0, 0x5bb0, 0x5bb0, 0x5bb0, 0x7bef, 
	0x8410, 0x7c10, 0x6bcf, 0x5bb0, 0x5bb0, 0x5bb0, 0x5bb0, 0x5bb0, 0x5bb0, 0x5bb0, 0x5bb0, 0x5bb0, 0x5bb0, 0x5bb0, 0x5bb0, 0x5bb0, 
	0x5bb0, 0x5bb0, 0x5bb0, 0x5bb0, 0x5bb0, 0x5bb0, 0x5bb0, 0x5bb0, 0x5bb0, 0x5bb0, 0x5bb0, 0x5bb0, 0x5bb0, 0x5bb0, 0x5bb0, 0x5bb0, 
	0x5bb0, 0x5bb0, 0x5bb0, 0x5bb0, 0x5bb0, 0x5bb0, 0x5bb0, 0x5bb0, 0x5bb0, 0x5bb0, 0x5bb0, 0x5bb0, 0x5bd0, 0x5bb0, 0x5bd0, 0x5bb0, 
	0x5bd0, 0x5bb0, 0x5bd0, 0x5bb0, 0x5bd0, 0x5bb0, 0x5bd0, 0x5bb0, 0x5bd0, 0x5bb0, 0x538f, 0x3209, 0x18e5, 0x096e, 0x1237, 0x1ab8, 
	0x1ab8, 0x1ab8, 0x1ab8, 0x1ab8, 0x1ab8, 0x1ab8, 0x1ab8, 0x1ad8, 0x1b98, 0x1c38, 0x1c58, 0x1c58, 0x1c38, 0x1ab8, 0x1ab8, 0x1ab8, 
	0x1ab8, 0x1ab8, 0x1ab8, 0x1ab8, 0x1ab8, 0x1ab8, 0x1ab8, 0x1ab8, 0x1ab8, 0x1ab8, 0x1ab8, 0x1ab8, 0x1ab8, 0x1ab8, 0x1ab8, 0x1ab8, 
	0x1ab8, 0x1ab8, 0x1ab8, 0x1ab8, 0x1ab8, 0x1ab8, 0x1ab8, 0x1ab8, 0x1ab8, 0x1ab8, 0x1ab8, 0x09f5, 0x08e7, 0x18e3, 0x4b0d, 0x5bb0, 
	0x5bd0, 0x5bb0, 0x5bd0, 0x5bb0, 0x5bd0, 0x5bb0, 0x5bb0, 0x5bb0, 0x5bb0, 0x5bb0, 0x5bb0, 0x5bb0, 0x5bb0, 0x5bb0, 0x5bb0, 0x5bb0, 
	0x5bb0, 0x5bb0, 0x5bb0, 0x5bb0, 0x5bb0, 0x5bb0, 0x5bb0, 0x5bb0, 0x5bb0, 0x5bb0, 0x5bb0, 0x5bb0, 0x5bb0, 0x5bb0, 0x5bb0, 0x5bb0, 
	0x5bb0, 0x5bb0, 0x5bb0, 0x5bb0, 0x5bb0, 0x5bb0, 0x5bb0, 0x5bb0, 0x5bb0, 0x5bb0, 0x5bb0, 0x5bb0, 0x5bb0, 0x5bb0, 0x5bb0, 0x7bef, 
	0x8410, 0x7c10, 0x6bcf, 0x5bb0, 0x5bb0, 0x5bb0, 0x5bb0, 0x5bb0, 0x5bb0, 0x5bb0, 0x5bb0, 0x5bb0, 0x5bb0, 0x5bb0, 0x5bb0, 0x5bb0, 
	0x5bb0, 0x5bb0, 0x5bb0, 0x5bb0, 0x5bb0, 0x5bb0, 0x5bb0, 0x5bb0, 0x5bb0, 0x5bb0, 0x5bb0, 0x5bb0, 0x5bb0, 0x5bb0, 0x5bb0, 0x5bb0, 
	0x5bb0, 0x5bb0, 0x5bb0, 0x5bb0, 0x5bb0, 0x5bb0, 0x5bb0, 0x5bb0, 0x5bb0, 0x5bb0, 0x5bb0, 0x5bb0, 0x5bb0, 0x5bb0, 0x5bb0, 0x5bb0, 
	0x5bb0, 0x5bb0, 0x5bb0, 0x5bb0, 0x5bb0, 0x5bb0, 0x5bd0, 0x5bb0, 0x5bd0, 0x5bb0, 0x538f, 0x3209, 0x18e5, 0x096e, 0x1237, 0x1ab8, 
	0x1ab8, 0x1ab8, 0x1ab8, 0x1ab8, 0x1ab8, 0x1ab8, 0x1ab8, 0x1ab8, 0x1ad8, 0x1bb8, 0x1c38, 0x1c58, 0x1c38, 0x1ab8, 0x1ab8, 0x1ab8, 
	0x1ab8, 0x1ab8, 0x1ab8, 0x1ab8, 0x1ab8, 0x1ab8, 0x1ab8, 0x1ab8, 0x1ab8, 0x1ab8, 0x1ab8, 0x1ab8, 0x1ab8, 0x1ab8, 0x1ab8, 0x1ab8, 
	0x1ab8, 0x1ab8, 0x1ab8, 0x1ab8, 0x1ab8, 0x1ab8, 0x1ab8, 0x1ab8, 0x1ab8, 0x1ab8, 0x1ab8, 0x09f5, 0x08e7, 0x18e3, 0x4b0d, 0x5bb0, 
	0x5bd0, 0x5bb0, 0x5bd0, 0x5bb0, 0x5bd0, 0x5bb0, 0x5bd0, 0x5bb0, 0x5bd0, 0x5bb0, 0x5bb0, 0x5bb0, 0x5bb0, 0x5bb0, 0x5bb0, 0x5bb0, 
	0x5bb0, 0x5bb0, 0x5bb0, 0x5bb0, 0x5bb0, 0x5bb0, 0x5bb0, 0x5bb0, 0x5bb0, 0x5bb0, 0x5bb0, 0x5bb0, 0x5bb0, 0x5bb0, 0x5bb0, 0x5bb0, 
	0x5bb0, 0x5bb0, 0x5bb0, 0x5bb0, 0x5bb0, 0x5bb0, 0x5bb0, 0x5bb0, 0x5bb0, 0x5bb0, 0x5bb0, 0x5bb0, 0x5bb0, 0x5bb0, 0x5bb0, 0x7bef, 
	0x8410, 0x7c10, 0x6bcf, 0x5bb0, 0x5bb0, 0x5bb0, 0x5bb0, 0x5bb0, 0x5bb0, 0x5bb0, 0x5bb0, 0x5bb0, 0x5bb0, 0x5bb0, 0x5bb0, 0x5bb0, 
	0x5bb0, 0x5bb0, 0x5bb0, 0x5bb0, 0x5bb0, 0x5bb0, 0x5bb0, 0x5bb0, 0x5bb0, 0x5bb0, 0x5bb0, 0x5bb0, 0x5bb0, 0x5bb0, 0x5bb0, 0x5bb0, 
	0x5bb0, 0x5bb0, 0x5bb0, 0x5bb0, 0x5bd0, 0x5bb0, 0x5bd0, 0x5bb0, 0x5bd0, 0x5bb0, 0x5bd0, 0x5bb0, 0x5bd0, 0x5bb0, 0x5bd0, 0x5bb0, 
	0x5bd0, 0x5bb0, 0x5bd0, 0x5bb0, 0x5bd0, 0x5bb0, 0x5bd0, 0x5bb0, 0x5bd0, 0x5bb0, 0x538f, 0x3209, 0x18e5, 0x096e, 0x1237, 0x1ab8, 
	0x1ab8, 0x1ab8, 0x1ab8, 0x1ab8, 0x1ab8, 0x1ab8, 0x1ab8, 0x1ab8, 0x1ab8, 0x1ad8, 0x1bb8, 0x1c38, 0x1bb8, 0x1ab8, 0x1ab8, 0x1ab8, 
	0x1ab8, 0x1ab8, 0x1ab8, 0x1ab8, 0x1ab8, 0x1ab8, 0x1ab8, 0x1ab8, 0x1ab8, 0x1ab8, 0x1ab8, 0x1ab8, 0x1ab8, 0x1ab8, 0x1ab8, 0x1ab8, 
	0x1ab8, 0x1ab8, 0x1ab8, 0x1ab8, 0x1ab8, 0x1ab8, 0x1ab8, 0x1ab8, 0x1ab8, 0x1ab8, 0x1ab8, 0x09f5, 0x08e7, 0x18e3, 0x4b0d, 0x5bb0, 
	0x5bd0, 0x5bb0, 0x5bd0, 0x5bb0, 0x5bd0, 0x5bb0, 0x5bd0, 0x5bb0, 0x5bd0, 0x5bb0, 0x5bd0, 0x5bb0, 0x5bb0, 0x5bb0, 0x5bb0, 0x5bb0, 
	0x5bb0, 0x5bb0, 0x5bb0, 0x5bb0, 0x5bb0, 0x5bb0, 0x5bb0, 0x5bb0, 0x5bb0, 0x5bb0, 0x5bb0, 0x5bb0, 0x5bb0, 0x5bb0, 0x5bb0, 0x5bb0, 
	0x5bb0, 0x5bb0, 0x5bb0, 0x5bb0, 0x5bb0, 0x5bb0, 0x5bb0, 0x5bb0, 0x5bb0, 0x5bb0, 0x5bb0, 0x5bb0, 0x5bb0, 0x5bb0, 0x5bb0, 0x7bef, 
	0x8410, 0x7c10, 0x6bcf, 0x5bb0, 0x5bb0, 0x5bb0, 0x5bb0, 0x5bb0, 0x5bb0, 0x5bb0, 0x5bb0, 0x5bb0, 0x5bb0, 0x5bb0, 0x5bb0, 0x5bb0, 
	0x5bb0, 0x5bb0, 0x5bb0, 0x5bb0, 0x5bb0, 0x5bb0, 0x5bb0, 0x5bb0, 0x5bb0, 0x5bb0, 0x5bb0, 0x5bb0, 0x5bb0, 0x5bb0, 0x5bb0, 0x5bb0, 
	0x5bb0, 0x5bb0, 0x5bb0, 0x5bb0, 0x5bb0, 0x5bb0, 0x5bb0, 0x5bb0, 0x5bb0, 0x5bb0, 0x5bb0, 0x5bb0, 0x5bb0, 0x5bb0, 0x5bb0, 0x5bb0, 
	0x5bd0, 0x5bb0, 0x5bd0, 0x5bb0, 0x5bd0, 0x5bb0, 0x5bd0, 0x5bb0, 0x5bd0, 0x5bb0, 0x538f, 0x3209, 0x10e5, 0x096e, 0x0a37, 0x1ab8, 
	0x1ab8, 0x1ab8, 0x1ab8, 0x1ab8, 0x1ab8, 0x1ab8, 0x1ab8, 0x1ab8, 0x1ab8, 0x1ab8, 0x1ad8, 0x1b98, 0x1ad8, 0x1ab8, 0x1ab8, 0x1ab8, 
	0x1ab8, 0x1ab8, 0x1ab8, 0x1ab8, 0x1ab8, 0x1ab8, 0x1ab8, 0x1ab8, 0x1ab8, 0x1ab8, 0x1ab8, 0x1ab8, 0x1ab8, 0x1ab8, 0x1ab8, 0x1ab8, 
	0x1ab8, 0x1ab8, 0x1ab8, 0x1ab8, 0x1ab8, 0x1ab8, 0x1ab8, 0x1ab8, 0x1ab8, 0x1ab8, 0x1ab8, 0x09f5, 0x08e7, 0x18e3, 0x4b0d, 0x5bb0, 
	0x5bd0, 0x5bb0, 0x5bd0, 0x5bb0, 0x5bd0, 0x5bb0, 0x5bd0, 0x5bb0, 0x5bd0, 0x5bb0, 0x5bd0, 0x5bb0, 0x5bd0, 0x5bb0, 0x5bb0, 0x5bb0, 
	0x5bb0, 0x5bb0, 0x5bb0, 0x5bb0, 0x5bb0, 0x5bb0, 0x5bb0, 0x5bb0, 0x5bb0, 0x5bb0, 0x5bb0, 0x5bb0, 0x5bb0, 0x5bb0, 0x5bb0, 0x5bb0, 
	0x5bb0, 0x5bb0, 0x5bb0, 0x5bb0, 0x5bb0, 0x5bb0, 0x5bb0, 0x5bb0, 0x5bb0, 0x5bb0, 0x5bb0, 0x5bb0, 0x5bb0, 0x5bb0, 0x5bb0, 0x7bef, 
	0x8410, 0x7c10, 0x6bcf, 0x5bb0, 0x5bb0, 0x5bb0, 0x5bb0, 0x5bb0, 0x5bb0, 0x5bb0, 0x5bb0, 0x5bb0, 0x5bb0, 0x5bb0, 0x5bb0, 0x5bb0, 
	0x5bb0, 0x5bb0, 0x5bb0, 0x5bb0, 0x5bb0, 0x5bb0, 0x5bb0, 0x5bb0, 0x5bb0, 0x5bb0, 0x5bb0, 0x5bb0, 0x5bb0, 0x5bb0, 0x5bb0, 0x5bb0, 
	0x5bd0, 0x5bb0, 0x5bd0, 0x5bb0, 0x5bd0, 0x5bb0, 0x5bd0, 0x5bb0, 0x5bd0, 0x5bb0, 0x5bd0, 0x5bb0, 0x5bd0, 0x5bb0, 0x5bd0, 0x5bb0, 
	0x5bd0, 0x5bb0, 0x5bd0, 0x5bb0, 0x5bd0, 0x5bb0, 0x5bd0, 0x5bb0, 0x5bd0, 0x5bb0, 0x538f, 0x3209, 0x18e5, 0x096e, 0x0a36, 0x1ab8, 
	0x1ab8, 0x1ab8, 0x1ab8, 0x1ab8, 0x1ab8, 0x1ab8, 0x1ab8, 0x1ab8, 0x1ab8, 0x1ab8, 0x1ab8, 0x1ab8, 0x1ab8, 0x1ab8, 0x1ab8, 0x1ab8, 
	0x1ab8, 0x1ab8, 0x1ab8, 0x1ab8, 0x1ab8, 0x1ab8, 0x1ab8, 0x1ab8, 0x1ab8, 0x1ab8, 0x1ab8, 0x1ab8, 0x1ab8, 0x1ab8, 0x1ab8, 0x1ab8, 
	0x1ab8, 0x1ab8, 0x1ab8, 0x1ab8, 0x1ab8, 0x1ab8, 0x1ab8, 0x1ab8, 0x1ab8, 0x1ab8, 0x1ab8, 0x09f5, 0x08e7, 0x18e3, 0x4b0d, 0x5bb0, 
	0x5bd0, 0x5bb0, 0x5bd0, 0x5bb0, 0x5bd0, 0x5bb0, 0x5bd0, 0x5bb0, 0x5bd0, 0x5bb0, 0x5bd0, 0x5bb0, 0x5bd0, 0x5bb0, 0x5bd0, 0x5bb0, 
	0x5bd0, 0x5bb0, 0x5bb0, 0x5bb0, 0x5bb0, 0x5bb0, 0x5bb0, 0x5bb0, 0x5bb0, 0x5bb0, 0x5bb0, 0x5bb0, 0x5bb0, 0x5bb0, 0x5bb0, 0x5bb0, 
	0x5bb0, 0x5bb0, 0x5bb0, 0x5bb0, 0x5bb0, 0x5bb0, 0x5bb0, 0x5bb0, 0x5bb0, 0x5bb0, 0x5bb0, 0x5bb0, 0x5bb0, 0x5bb0, 0x5bb0, 0x7bef, 
	0x8410, 0x7c10, 0x6bcf, 0x5bb0, 0x5bb0, 0x5bb0, 0x5bb0, 0x5bb0, 0x5bb0, 0x5bb0, 0x5bb0, 0x5bb0, 0x5bb0, 0x5bb0, 0x5bb0, 0x5bb0, 
	0x5bb0, 0x5bb0, 0x5bb0, 0x5bb0, 0x5bb0, 0x5bb0, 0x5bb0, 0x5bb0, 0x5bb0, 0x5bb0, 0x5bb0, 0x5bb0, 0x5bb0, 0x5bb0, 0x5bb0, 0x5bb0, 
	0x5bb0, 0x5bb0, 0x5bb0, 0x5bb0, 0x5bb0, 0x5bb0, 0x5bb0, 0x5bb0, 0x5bb0, 0x5bb0, 0x5bb0, 0x5bb0, 0x5bd0, 0x5bb0, 0x5bd0, 0x5bb0, 
	0x5bd0, 0x5bb0, 0x5bd0, 0x5bb0, 0x5bd0, 0x5bb0, 0x5bd0, 0x5bb0, 0x5bd0, 0x5bb0, 0x538f, 0x42ab, 0x29c8, 0x116b, 0x098f, 0x1a55, 
	0x1ab8, 0x1ab8, 0x1ab8, 0x1ab8, 0x1ab8, 0x1ab8, 0x1ab8, 0x1ab8, 0x1ab8, 0x1ab8, 0x1ab8, 0x1ab8, 0x1ab8, 0x1ab8, 0x1ab8, 0x1ab8, 
	0x1ab8, 0x1ab8, 0x1ab8, 0x1ab8, 0x1ab8, 0x1ab8, 0x1ab8, 0x1ab8, 0x1ab8, 0x1ab8, 0x1ab8, 0x1ab8, 0x1ab8, 0x1ab8, 0x1ab8, 0x1ab8, 
	0x1ab8, 0x1ab8, 0x1ab8, 0x1ab8, 0x1ab8, 0x1ab8, 0x1ab8, 0x1ab8, 0x1ab8, 0x1ab8, 0x1a33, 0x096e, 0x1968, 0x31e8, 0x534e, 0x5bb0, 
	0x5bd0, 0x5bb0, 0x5bd0, 0x5bb0, 0x5bd0, 0x5bb0, 0x5bd0, 0x5bb0, 0x5bd0, 0x5bb0, 0x5bd0, 0x5bb0, 0x5bd0, 0x5bb0, 0x5bd0, 0x5bb0, 
	0x5bd0, 0x5bb0, 0x5bd0, 0x5bb0, 0x5bb0, 0x5bb0, 0x5bb0, 0x5bb0, 0x5bb0, 0x5bb0, 0x5bb0, 0x5bb0, 0x5bb0, 0x5bb0, 0x5bb0, 0x5bb0, 
	0x5bb0, 0x5bb0, 0x5bb0, 0x5bb0, 0x5bb0, 0x5bb0, 0x5bb0, 0x5bb0, 0x5bb0, 0x5bb0, 0x5bb0, 0x5bb0, 0x5bb0, 0x5bb0, 0x5bb0, 0x7bef, 
	0x8410, 0x7c10, 0x6bcf, 0x5bb0, 0x5bb0, 0x5bb0, 0x5bb0, 0x5bb0, 0x5bb0, 0x5bb0, 0x5bb0, 0x5bb0, 0x5bb0, 0x5bb0, 0x5bb0, 0x5bb0, 
	0x5bb0, 0x5bb0, 0x5bb0, 0x5bb0, 0x5bb0, 0x5bb0, 0x5bb0, 0x5bb0, 0x5bb0, 0x5bb0, 0x5bb0, 0x5bb0, 0x5bd0, 0x5bb0, 0x5bd0, 0x5bb0, 
	0x5bd0, 0x5bb0, 0x5bd0, 0x5bb0, 0x5bd0, 0x5bb0, 0x5bd0, 0x5bb0, 0x5bd0, 0x5bb0, 0x5bd0, 0x5bb0, 0x5bd0, 0x5bb0, 0x5bd0, 0x5bb0, 
	0x5bd0, 0x5bb0, 0x5bd0, 0x5bb0, 0x5bd0, 0x5bb0, 0x5bd0, 0x5bb0, 0x5bd0, 0x5bb0, 0x5bd0, 0x5bb0, 0x536f, 0x2166, 0x0863, 0x11f0, 
	0x1ab8, 0x1ab8, 0x1ab8, 0x1ab8, 0x1ab8, 0x1ab8, 0x1ab8, 0x1ab8, 0x1ab8, 0x1ad8, 0x1b38, 0x1b58, 0x1b58, 0x1ad8, 0x1ab8, 0x1ab8, 
	0x1ab8, 0x1ab8, 0x1ab8, 0x1ab8, 0x1ab8, 0x1ab8, 0x1ab8, 0x1ab8, 0x1ab8, 0x1ab8, 0x1ab8, 0x1ab8, 0x1ab8, 0x1ab8, 0x1ab8, 0x1ab8, 
	0x1ab8, 0x1ab8, 0x1ab8, 0x1ab8, 0x1ab8, 0x1ab8, 0x1ab8, 0x1ab8, 0x1ab8, 0x1a98, 0x1149, 0x0861, 0x3a6b, 0x5bb0, 0x5bb0, 0x5bb0, 
	0x5bd0, 0x5bb0, 0x5bd0, 0x5bb0, 0x5bd0, 0x5bb0, 0x5bd0, 0x5bb0, 0x5bd0, 0x5bb0, 0x5bd0, 0x5bb0, 0x5bd0, 0x5bb0, 0x5bd0, 0x5bb0, 
	0x5bd0, 0x5bb0, 0x5bd0, 0x5bb0, 0x5bb0, 0x5bb0, 0x5bb0, 0x5bb0, 0x5bb0, 0x5bb0, 0x5bb0, 0x5bb0, 0x5bb0, 0x5bb0, 0x5bb0, 0x5bb0, 
	0x5bb0, 0x5bb0, 0x5bb0, 0x5bb0, 0x5bb0, 0x5bb0, 0x5bb0, 0x5bb0, 0x5bb0, 0x5bb0, 0x5bb0, 0x5bb0, 0x5bb0, 0x5bb0, 0x5bb0, 0x7bef, 
	0x8410, 0x7c10, 0x6bcf, 0x5bb0, 0x5bb0, 0x5bb0, 0x5bb0, 0x5bb0, 0x5bb0, 0x5bb0, 0x5bb0, 0x5bb0, 0x5bb0, 0x5bb0, 0x5bb0, 0x5bb0, 
	0x5bb0, 0x5bb0, 0x5bb0, 0x5bb0, 0x5bb0, 0x5bb0, 0x5bb0, 0x5bb0, 0x5bb0, 0x5bb0, 0x5bb0, 0x5bb0, 0x5bb0, 0x5bb0, 0x5bb0, 0x5bb0, 
	0x5bb0, 0x5bb0, 0x5bb0, 0x5bb0, 0x5bb0, 0x5bb0, 0x5bb0, 0x5bb0, 0x5bd0, 0x5bb0, 0x5bd0, 0x5bb0, 0x5bd0, 0x5bb0, 0x5bd0, 0x5bb0, 
	0x5bd0, 0x5bb0, 0x5bd0, 0x5bb0, 0x5bd0, 0x5bb0, 0x5bd0, 0x5bb0, 0x5bd0, 0x5bb0, 0x5bd0, 0x5bb0, 0x536f, 0x2166, 0x0062, 0x11d0, 
	0x1ab8, 0x1ab8, 0x1ab8, 0x1ab8, 0x1ab8, 0x1ab8, 0x1ab8, 0x1ab8, 0x1ab8, 0x1b58, 0x1c38, 0x1c58, 0x1c38, 0x1b58, 0x1ab8, 0x1ab8, 
	0x1ab8, 0x1ab8, 0x1ab8, 0x1ab8, 0x1ab8, 0x1ab8, 0x1ab8, 0x1ab8, 0x1ab8, 0x1ab8, 0x1ab8, 0x1ab8, 0x1ab8, 0x1ab8, 0x1ab8, 0x1ab8, 
	0x1ab8, 0x1ab8, 0x1ab8, 0x1ab8, 0x1ab8, 0x1ab8, 0x1ab8, 0x1ab8, 0x1ab8, 0x1a97, 0x1129, 0x0841, 0x3a8b, 0x5bb0, 0x5bd0, 0x5bb0, 
	0x5bd0, 0x5bb0, 0x5bd0, 0x5bb0, 0x5bd0, 0x5bb0, 0x5bd0, 0x5bb0, 0x5bd0, 0x5bb0, 0x5bd0, 0x5bb0, 0x5bd0, 0x5bb0, 0x5bd0, 0x5bb0, 
	0x5bd0, 0x5bb0, 0x5bd0, 0x5bb0, 0x5bd0, 0x5bb0, 0x5bd0, 0x5bb0, 0x5bb0, 0x5bb0, 0x5bb0, 0x5bb0, 0x5bb0, 0x5bb0, 0x5bb0, 0x5bb0, 
	0x5bb0, 0x5bb0, 0x5bb0, 0x5bb0, 0x5bb0, 0x5bb0, 0x5bb0, 0x5bb0, 0x5bb0, 0x5bb0, 0x5bb0, 0x5bb0, 0x5bb0, 0x5bb0, 0x5bb0, 0x7bef, 
	0x8410, 0x7c10, 0x6bcf, 0x5bb0, 0x5bb0, 0x5bb0, 0x5bb0, 0x5bb0, 0x5bb0, 0x5bb0, 0x5bb0, 0x5bb0, 0x5bb0, 0x5bb0, 0x5bb0, 0x5bb0, 
	0x5bb0, 0x5bb0, 0x5bb0, 0x5bb0, 0x5bb0, 0x5bb0, 0x5bb0, 0x5bb0, 0x5bd0, 0x5bb0, 0x5bd0, 0x5bb0, 0x5bd0, 0x5bb0, 0x5bd0, 0x5bb0, 
	0x5bd0, 0x5bb0, 0x5bd0, 0x5bb0, 0x5bd0, 0x5bb0, 0x5bd0, 0x5bb0, 0x5bd0, 0x5bb0, 0x5bd0, 0x5bb0, 0x5bd0, 0x5bb0, 0x5bd0, 0x5bb0, 
	0x5bd0, 0x5bb0, 0x5bd0, 0x5bb0, 0x5bd0, 0x5bb0, 0x5bd0, 0x5bb0, 0x5bd0, 0x5bb0, 0x5bd0, 0x5bb0, 0x536f, 0x2186, 0x0042, 0x11b0, 
	0x1ab8, 0x1ab8, 0x1ab8, 0x1ab8, 0x1ab8, 0x1ab8, 0x1ab8, 0x1ab8, 0x1ad8, 0x1c18, 0x1c58, 0x1c58, 0x1c58, 0x1c38, 0x1ad8, 0x1ab8, 
	0x1ab8, 0x1ab8, 0x1ab8, 0x1ab8, 0x1ab8, 0x1ab8, 0x1ab8, 0x1ab8, 0x1ab8, 0x1ab8, 0x1ab8, 0x1ab8, 0x1ab8, 0x1ab8, 0x1ab8, 0x1ab8, 
	0x1ab8, 0x1ab8, 0x1ab8, 0x1ab8, 0x1ab8, 0x1ab8, 0x1ab8, 0x1ab8, 0x1ab8, 0x1a97, 0x0909, 0x0041, 0x42ab, 0x5bb0, 0x5bd0, 0x5bb0, 
	0x5bd0, 0x5bb0, 0x5bd0, 0x5bb0, 0x5bd0, 0x5bb0, 0x5bd0, 0x5bb0, 0x5bd0, 0x5bb0, 0x5bd0, 0x5bb0, 0x5bd0, 0x5bb0, 0x5bd0, 0x5bb0, 
	0x5bd0, 0x5bb0, 0x5bd0, 0x5bb0, 0x5bd0, 0x5bb0, 0x5bd0, 0x5bb0, 0x5bd0, 0x5bb0, 0x5bb0, 0x5bb0, 0x5bb0, 0x5bb0, 0x5bb0, 0x5bb0, 
	0x5bb0, 0x5bb0, 0x5bb0, 0x5bb0, 0x5bb0, 0x5bb0, 0x5bb0, 0x5bb0, 0x5bb0, 0x5bb0, 0x5bb0, 0x5bb0, 0x5bb0, 0x5bb0, 0x5bb0, 0x7bef, 
	0x8410, 0x7c10, 0x6bcf, 0x5bb0, 0x5bb0, 0x5bb0, 0x5bb0, 0x5bb0, 0x5bb0, 0x5bb0, 0x5bb0, 0x5bb0, 0x5bb0, 0x5bb0, 0x5bb0, 0x5bb0, 
	0x5bb0, 0x5bb0, 0x5bb0, 0x5bb0, 0x5bb0, 0x5bb0, 0x5bb0, 0x5bb0, 0x5bb0, 0x5bb0, 0x5bb0, 0x5bb0, 0x5bb0, 0x5bb0, 0x5bb0, 0x5bb0, 
	0x5bb0, 0x5bb0, 0x5bd0, 0x5bb0, 0x5bd0, 0x5bb0, 0x5bd0, 0x5bb0, 0x5bd0, 0x5bb0, 0x5bd0, 0x5bb0, 0x5bd0, 0x5bb0, 0x5bd0, 0x5bb0, 
	0x5bd0, 0x5bb0, 0x5bd0, 0x5bb0, 0x5bd0, 0x5bb0, 0x5bd0, 0x5bb0, 0x5bd0, 0x5bb0, 0x5bd0, 0x5bb0, 0x538f, 0x29a7, 0x0042, 0x09af, 
	0x1ab8, 0x1ab8, 0x1ab8, 0x1ab8, 0x1ab8, 0x1ab8, 0x1ab8, 0x1ab8, 0x1ad8, 0x1c18, 0x1c58, 0x1c58, 0x1c58, 0x1c38, 0x1b58, 0x1ab8, 
	0x1ab8, 0x1ab8, 0x1ab8, 0x1ab8, 0x1ab8, 0x1ab8, 0x1ab8, 0x1ab8, 0x1ab8, 0x1ab8, 0x1ab8, 0x1ab8, 0x1ab8, 0x1ab8, 0x1ab8, 0x1ab8, 
	0x1ab8, 0x1ab8, 0x1ab8, 0x1ab8, 0x1ab8, 0x1ab8, 0x1ab8, 0x1ab8, 0x1ab8, 0x1a97, 0x08e8, 0x0861, 0x42ac, 0x5bb0, 0x5bd0, 0x5bb0, 
	0x5bd0, 0x5bb0, 0x5bd0, 0x5bb0, 0x5bd0, 0x5bb0, 0x5bd0, 0x5bb0, 0x5bd0, 0x5bb0, 0x5bd0, 0x5bb0, 0x5bd0, 0x5bb0, 0x5bd0, 0x5bb0, 
	0x5bd0, 0x5bb0, 0x5bd0, 0x5bb0, 0x5bd0, 0x5bb0, 0x5bd0, 0x5bb0, 0x5bd0, 0x5bb0, 0x5bd0, 0x5bb0, 0x5bb0, 0x5bb0, 0x5bb0, 0x5bb0, 
	0x5bb0, 0x5bb0, 0x5bb0, 0x5bb0, 0x5bb0, 0x5bb0, 0x5bb0, 0x5bb0, 0x5bb0, 0x5bb0, 0x5bb0, 0x5bb0, 0x5bb0, 0x5bb0, 0x5bb0, 0x7bef, 
	0x8410, 0x7c10, 0x6bcf, 0x5bb0, 0x5bb0, 0x5bb0, 0x5bb0, 0x5bb0, 0x5bb0, 0x5bb0, 0x5bb0, 0x5bb0, 0x5bb0, 0x5bb0, 0x5bb0, 0x5bb0, 
	0x5bb0, 0x5bb0, 0x5bb0, 0x5bb0, 0x5bb0, 0x5bb0, 0x5bb0, 0x5bb0, 0x5bb0, 0x5bb0, 0x5bb0, 0x5bb0, 0x5bd0, 0x5bb0, 0x5bd0, 0x5bb0, 
	0x5bd0, 0x5bb0, 0x5bd0, 0x5bb0, 0x5bd0, 0x5bb0, 0x5bd0, 0x5bb0, 0x5bd0, 0x5bb0, 0x5bd0, 0x5bb0, 0x5bd0, 0x5bb0, 0x5bd0, 0x5bb0, 
	0x5bd0, 0x5bb0, 0x5bd0, 0x5bb0, 0x5bd0, 0x5bb0, 0x5bd0, 0x5bb0, 0x5bd0, 0x5bb0, 0x5bd0, 0x5bb0, 0x538f, 0x3208, 0x08a3, 0x096e, 
	0x1277, 0x1ab8, 0x1ab8, 0x1ab8, 0x1ab8, 0x1ab8, 0x1ab8, 0x1ab8, 0x1ab8, 0x1b78, 0x1c38, 0x1c58, 0x1c58, 0x1c58, 0x1c38, 0x1ab8, 
	0x1ab8, 0x1ab8, 0x1ab8, 0x1ab8, 0x1ab8, 0x1ab8, 0x1ab8, 0x1ab8, 0x1ab8, 0x1ab8, 0x1ab8, 0x1ab8, 0x1ab8, 0x1ab8, 0x1ab8, 0x1ab8, 
	0x1ab8, 0x1ab8, 0x1ab8, 0x1ab8, 0x1ab8, 0x1ab8, 0x1ab8, 0x1ab8, 0x1a98, 0x1a56, 0x08e8, 0x10a3, 0x42ec, 0x5bb0, 0x5bd0, 0x5bb0, 
	0x5bd0, 0x5bb0, 0x5bd0, 0x5bb0, 0x5bd0, 0x5bb0, 0x5bd0, 0x5bb0, 0x5bd0, 0x5bb0, 0x5bd0, 0x5bb0, 0x5bd0, 0x5bb0, 0x5bd0, 0x5bb0, 
	0x5bd0, 0x5bb0, 0x5bd0, 0x5bb0, 0x5bd0, 0x5bb0, 0x5bd0, 0x5bb0, 0x5bd0, 0x5bb0, 0x5bd0, 0x5bb0, 0x5bb0, 0x5bb0, 0x5bb0, 0x5bb0, 
	0x5bb0, 0x5bb0, 0x5bb0, 0x5bb0, 0x5bb0, 0x5bb0, 0x5bb0, 0x5bb0, 0x5bb0, 0x5bb0, 0x5bb0, 0x5bb0, 0x5bb0, 0x5bb0, 0x5bb0, 0x7bef, 
	0x8410, 0x7c10, 0x6bcf, 0x5bb0, 0x5bb0, 0x5bb0, 0x5bb0, 0x5bb0, 0x5bb0, 0x5bb0, 0x5bb0, 0x5bb0, 0x5bb0, 0x5bb0, 0x5bb0, 0x5bb0, 
	0x5bb0, 0x5bb0, 0x5bb0, 0x5bb0, 0x5bb0, 0x5bb0, 0x5bb0, 0x5bb0, 0x5bb0, 0x5bb0, 0x5bb0, 0x5bb0, 0x5bb0, 0x5bb0, 0x5bd0, 0x5bb0, 
	0x5bd0, 0x5bb0, 0x5bd0, 0x5bb0, 0x5bd0, 0x5bb0, 0x5bd0, 0x5bb0, 0x5bd0, 0x5bb0, 0x5bd0, 0x5bb0, 0x5bd0, 0x5bb0, 0x5bd0, 0x5bb0, 
	0x5bd0, 0x5bb0, 0x5bd0, 0x5bb0, 0x5bd0, 0x5bb0, 0x5bd0, 0x5bb0, 0x5bd0, 0x5bb0, 0x5bd0, 0x5bb0, 0x5b90, 0x42cc, 0x29a8, 0x114a, 
	0x11ae, 0x1a75, 0x1ab8, 0x1ab8, 0x1ab8, 0x1ab8, 0x1ab8, 0x1ab8, 0x1ab8, 0x1ad8, 0x1c18, 0x1c58, 0x1c58, 0x1c58, 0x1c18, 0x1ab8, 
	0x1ab8, 0x1ab8, 0x1ab8, 0x1ab8, 0x1ab8, 0x1ab8, 0x1ab8, 0x1ab8, 0x1ab8, 0x1ab8, 0x1ab8, 0x1ab8, 0x1ab8, 0x1ab8, 0x1ab8, 0x1ab8, 
	0x1ab8, 0x1ab8, 0x1ab8, 0x1ab8, 0x1ab9, 0x1ab9, 0x1ab9, 0x1ab8, 0x1a32, 0x116c, 0x1948, 0x29e8, 0x4b4e, 0x5bb0, 0x5bd0, 0x5bb0, 
	0x5bd0, 0x5bb0, 0x5bd0, 0x5bb0, 0x5bd0, 0x5bb0, 0x5bd0, 0x5bb0, 0x5bd0, 0x5bb0, 0x5bd0, 0x5bb0, 0x5bd0, 0x5bb0, 0x5bd0, 0x5bb0, 
	0x5bd0, 0x5bb0, 0x5bd0, 0x5bb0, 0x5bd0, 0x5bb0, 0x5bd0, 0x5bb0, 0x5bd0, 0x5bb0, 0x5bd0, 0x5bb0, 0x5bb0, 0x5bd0, 0x5bb0, 0x5bb0, 
	0x5bb0, 0x5bb0, 0x5bb0, 0x5bb0, 0x5bb0, 0x5bb0, 0x5bb0, 0x5bb0, 0x5bb0, 0x5bb0, 0x5bb0, 0x5bb0, 0x5bb0, 0x5bb0, 0x5bb0, 0x7bef, 
	0x8410, 0x7c10, 0x6bcf, 0x5bb0, 0x5bb0, 0x5bb0, 0x5bb0, 0x5bb0, 0x5bb0, 0x5bb0, 0x5bb0, 0x5bb0, 0x5bb0, 0x5bb0, 0x5bb0, 0x5bb0, 
	0x5bb0, 0x5bb0, 0x5bb0, 0x5bb0, 0x5bb0, 0x5bb0, 0x5bb0, 0x5bb0, 0x5bd0, 0x5bb0, 0x5bd0, 0x5bb0, 0x5bd0, 0x5bb0, 0x5bd0, 0x5bb0, 
	0x5bd0, 0x5bb0, 0x5bd0, 0x5bb0, 0x5bd0, 0x5bb0, 0x5bd0, 0x5bb0, 0x5bd0, 0x5bb0, 0x5bd0, 0x5bb0, 0x5bd0, 0x5bb0, 0x5bd0, 0x5bb0, 
	0x5bd0, 0x5bb0, 0x5bd0, 0x5bb0, 0x5bd0, 0x5bb0, 0x5bd0, 0x5bb0, 0x5bd0, 0x5bb0, 0x5bd0, 0x5bb0, 0x5bb0, 0x5bb0, 0x4b2e, 0x1925, 
	0x0883, 0x1a12, 0x1ab8, 0x1ab8, 0x1ab8, 0x1ab8, 0x1ab8, 0x1ab8, 0x1ab8, 0x1ab8, 0x1b78, 0x1c18, 0x1c38, 0x1c38, 0x1b79, 0x1ab8, 
	0x1ab8, 0x1ab8, 0x1ab8, 0x1ab8, 0x1ab8, 0x1ab8, 0x1ab8, 0x1ab8, 0x1ab8, 0x1ab8, 0x1ab8, 0x1ab8, 0x1ab8, 0x1ab8, 0x1ab8, 0x1ab8, 
	0x1ab8, 0x1ab8, 0x1ab8, 0x1ab8, 0x1ab9, 0x1ab9, 0x1ab9, 0x1a98, 0x196b, 0x0861, 0x3229, 0x538f, 0x5bb0, 0x5bb0, 0x5bd0, 0x5bb0, 
	0x5bd0, 0x5bb0, 0x5bd0, 0x5bb0, 0x5bd0, 0x5bb0, 0x5bd0, 0x5bb0, 0x5bd0, 0x5bb0, 0x5bd0, 0x5bb0, 0x5bd0, 0x5bb0, 0x5bd0, 0x5bb0, 
	0x5bd0, 0x5bb0, 0x5bd0, 0x5bb0, 0x5bd0, 0x5bb0, 0x5bd0, 0x5bb0, 0x5bd0, 0x5bb0, 0x5bd0, 0x5bb0, 0x5bb0, 0x5bd0, 0x5bb0, 0x5bd0, 
	0x5bb0, 0x5bb0, 0x5bb0, 0x5bb0, 0x5bb0, 0x5bb0, 0x5bb0, 0x5bb0, 0x5bb0, 0x5bb0, 0x5bb0, 0x5bb0, 0x5bb0, 0x5bb0, 0x5bb0, 0x7bef, 
	0x8410, 0x7c10, 0x6bcf, 0x5bb0, 0x5bb0, 0x5bb0, 0x5bb0, 0x5bb0, 0x5bb0, 0x5bb0, 0x5bb0, 0x5bb0, 0x5bb0, 0x5bb0, 0x5bb0, 0x5bb0, 
	0x5bb0, 0x5bb0, 0x5bb0, 0x5bb0, 0x5bb0, 0x5bb0, 0x5bb0, 0x5bb0, 0x5bd0, 0x5bb0, 0x5bd0, 0x5bb0, 0x5bd0, 0x5bb0, 0x5bd0, 0x5bb0, 
	0x5bd0, 0x5bb0, 0x5bd0, 0x5bb0, 0x5bd0, 0x5bb0, 0x5bd0, 0x5bb0, 0x5bd0, 0x5bb0, 0x5bd0, 0x5bb0, 0x5bd0, 0x5bb0, 0x5bd0, 0x5bb0, 
	0x5bd0, 0x5bb0, 0x5bd0, 0x5bb0, 0x5bd0, 0x5bb0, 0x5bd0, 0x5bb0, 0x5bd0, 0x5bb0, 0x5bd0, 0x5bb0, 0x5bb0, 0x5bd0, 0x536f, 0x2166, 
	0x0042, 0x11d1, 0x1ab8, 0x1ab8, 0x1ab9, 0x1ab8, 0x1ab9, 0x1ab8, 0x1ab9, 0x1ab8, 0x1ab8, 0x1b58, 0x1b79, 0x1b58, 0x1ab8, 0x1ab8, 
	0x1ab8, 0x1ab8, 0x1ab8, 0x1ab8, 0x1ab8, 0x1ab8, 0x1ab9, 0x1ab8, 0x1ab8, 0x1ab8, 0x1ab9, 0x1ab8, 0x1ab9, 0x1ab8, 0x1ab9, 0x1ab9, 
	0x1ab9, 0x1ab9, 0x1ab9, 0x1ab9, 0x1ab9, 0x1ab9, 0x1ab8, 0x1a98, 0x112a, 0x0041, 0x3a6a, 0x5bb0, 0x5bd0, 0x5bb0, 0x5bd0, 0x5bb0, 
	0x5bd0, 0x5bb0, 0x5bd0, 0x5bb0, 0x5bd0, 0x5bb0, 0x5bd0, 0x5bb0, 0x5bd0, 0x5bb0, 0x5bd0, 0x5bb0, 0x5bd0, 0x5bb0, 0x5bd0, 0x5bb0, 
	0x5bd0, 0x5bb0, 0x5bd0, 0x5bb0, 0x5bd0, 0x5bb0, 0x5bd0, 0x5bb0, 0x5bd0, 0x5bb0, 0x5bd0, 0x5bb0, 0x5bb0, 0x5bd0, 0x5bb0, 0x5bd0, 
	0x5bb0, 0x5bd0, 0x5bb0, 0x5bb0, 0x5bb0, 0x5bb0, 0x5bb0, 0x5bb0, 0x5bb0, 0x5bb0, 0x5bb0, 0x5bb0, 0x5bb0, 0x5bb0, 0x5bb0, 0x7bef, 
	0x8410, 0x7c10, 0x6bcf, 0x5bb0, 0x5bb0, 0x5bb0, 0x5bb0, 0x5bb0, 0x5bb0, 0x5bb0, 0x5bb0, 0x5bb0, 0x5bb0, 0x5bb0, 0x5bb0, 0x5bb0, 
	0x5bb0, 0x5bb0, 0x5bb0, 0x5bb0, 0x5bd0, 0x5bb0, 0x5bd0, 0x5bb0, 0x5bd0, 0x5bb0, 0x5bd0, 0x5bb0, 0x5bd0, 0x5bb0, 0x5bd0, 0x5bb0, 
	0x5bd0, 0x5bb0, 0x5bd0, 0x5bb0, 0x5bd0, 0x5bb0, 0x5bd0, 0x5bb0, 0x5bd0, 0x5bb0, 0x5bd0, 0x5bb0, 0x5bd0, 0x5bb0, 0x5bd0, 0x5bb0, 
	0x5bd0, 0x5bb0, 0x5bd0, 0x5bb0, 0x5bd0, 0x5bb0, 0x5bd0, 0x5bb0, 0x5bd0, 0x5bb0, 0x5bd0, 0x5bb0, 0x5bb0, 0x5bd0, 0x538f, 0x29c7, 
	0x0883, 0x098f, 0x1a76, 0x1a98, 0x1ab9, 0x1ab8, 0x1ab9, 0x1ab8, 0x1ab8, 0x1ab8, 0x1ab8, 0x1ab8, 0x1ab8, 0x1ab8, 0x1ab8, 0x1ab8, 
	0x1ab8, 0x1ab8, 0x1ab8, 0x1ab8, 0x1ab8, 0x1ab8, 0x1ab8, 0x1ab8, 0x1ab8, 0x1ab8, 0x1ab9, 0x1ab8, 0x1ab9, 0x1ab8, 0x1ab9, 0x1ab9, 
	0x1ab9, 0x1ab9, 0x1ab9, 0x1ab9, 0x1ab9, 0x1ab9, 0x1a97, 0x1a55, 0x0909, 0x0882, 0x42ab, 0x5bb0, 0x5bd0, 0x5bb0, 0x5bd0, 0x5bb0, 
	0x5bd0, 0x5bb0, 0x5bd0, 0x5bb0, 0x5bd0, 0x5bb0, 0x5bd0, 0x5bb0, 0x5bd0, 0x5bb0, 0x5bd0, 0x5bb0, 0x5bd0, 0x5bb0, 0x5bd0, 0x5bb0, 
	0x5bd0, 0x5bb0, 0x5bd0, 0x5bb0, 0x5bd0, 0x5bb0, 0x5bd0, 0x5bb0, 0x5bd0, 0x5bb0, 0x5bd0, 0x5bb0, 0x5bb0, 0x5bd0, 0x5bb0, 0x5bd0, 
	0x5bb0, 0x5bd0, 0x5bb0, 0x5bb0, 0x5bb0, 0x5bb0, 0x5bb0, 0x5bb0, 0x5bb0, 0x5bb0, 0x5bb0, 0x5bb0, 0x5bb0, 0x5bb0, 0x5bb0, 0x7bef, 
	0x8410, 0x7c10, 0x6bcf, 0x5bb0, 0x5bb0, 0x5bb0, 0x5bb0, 0x5bb0, 0x5bb0, 0x5bb0, 0x5bb0, 0x5bb0, 0x5bb0, 0x5bb0, 0x5bb0, 0x5bb0, 
	0x5bb0, 0x5bb0, 0x5bb0, 0x5bb0, 0x5bd0, 0x5bb0, 0x5bd0, 0x5bb0, 0x5bd0, 0x5bb0, 0x5bd0, 0x5bb0, 0x5bd0, 0x5bb0, 0x5bd0, 0x5bb0, 
	0x5bd0, 0x5bb0, 0x5bd0, 0x5bb0, 0x5bd0, 0x5bb0, 0x5bd0, 0x5bb0, 0x5bd0, 0x5bb0, 0x5bd0, 0x5bb0, 0x5bd0, 0x5bb0, 0x5bd0, 0x5bb0, 
	0x5bd0, 0x5bb0, 0x5bd0, 0x5bb0, 0x5bd0, 0x5bb0, 0x5bd0, 0x5bb0, 0x5bd0, 0x5bb0, 0x5bd0, 0x5bb0, 0x5bb0, 0x5bd0, 0x5bb0, 0x4acc, 
	0x2a09, 0x1129, 0x094c, 0x1a55, 0x1ab9, 0x1ab9, 0x1ab9, 0x1ab9, 0x1ab9, 0x1ab8, 0x1ab9, 0x1ab8, 0x1ab9, 0x1ab8, 0x1ab9, 0x1ab8, 
	0x1ab9, 0x1ab8, 0x1ab9, 0x1ab8, 0x1ab9, 0x1ab8, 0x1ab9, 0x1ab9, 0x1ab9, 0x1ab9, 0x1ab9, 0x1ab9, 0x1ab9, 0x1ab9, 0x1ab9, 0x1ab9, 
	0x1ab9, 0x1ab9, 0x1ab9, 0x1ab9, 0x1ab8, 0x1ab8, 0x19f1, 0x112a, 0x1968, 0x3229, 0x4b4e, 0x5bb0, 0x5bd0, 0x5bb0, 0x5bd0, 0x5bb0, 
	0x5bd0, 0x5bb0, 0x5bd0, 0x5bb0, 0x5bd0, 0x5bb0, 0x5bd0, 0x5bb0, 0x5bd0, 0x5bb0, 0x5bd0, 0x5bb0, 0x5bd0, 0x5bb0, 0x5bd0, 0x5bb0, 
	0x5bd0, 0x5bb0, 0x5bd0, 0x5bb0, 0x5bd0, 0x5bb0, 0x5bd0, 0x5bb0, 0x5bd0, 0x5bb0, 0x5bd0, 0x5bb0, 0x5bb0, 0x5bd0, 0x5bb0, 0x5bd0, 
	0x5bb0, 0x5bd0, 0x5bb0, 0x5bd0, 0x5bb0, 0x5bb0, 0x5bb0, 0x5bb0, 0x5bb0, 0x5bb0, 0x5bb0, 0x5bb0, 0x5bb0, 0x5bb0, 0x5bb0, 0x7bef, 
	0x8410, 0x7c10, 0x6bcf, 0x5bb0, 0x5bb0, 0x5bb0, 0x5bb0, 0x5bb0, 0x5bb0, 0x5bb0, 0x5bb0, 0x5bb0, 0x5bb0, 0x5bb0, 0x5bb0, 0x5bd0, 
	0x5bb0, 0x5bd0, 0x5bb0, 0x5bd0, 0x5bd0, 0x5bb0, 0x5bd0, 0x5bb0, 0x5bd0, 0x5bb0, 0x5bd0, 0x5bb0, 0x5bd0, 0x5bb0, 0x5bd0, 0x5bb0, 
	0x5bd0, 0x5bb0, 0x5bd0, 0x5bb0, 0x5bd0, 0x5bb0, 0x5bd0, 0x5bb0, 0x5bd0, 0x5bb0, 0x5bd0, 0x5bb0, 0x5bd0, 0x5bb0, 0x5bd0, 0x5bb0, 
	0x5bd0, 0x5bb0, 0x5bd0, 0x5bb0, 0x5bd0, 0x5bb0, 0x5bd0, 0x5bb0, 0x5bd0, 0x5bb0, 0x5bd0, 0x5bb0, 0x5bb0, 0x5bd0, 0x5bb0, 0x5bb0, 
	0x536f, 0x2146, 0x0883, 0x11d0, 0x1a76, 0x1ab8, 0x1ab9, 0x1ab9, 0x1ab9, 0x1ab8, 0x1ab9, 0x1ab8, 0x1ab9, 0x1ab8, 0x1ab8, 0x1ab8, 
	0x1ab8, 0x1ab8, 0x1ab9, 0x1ab8, 0x1ab9, 0x1ab8, 0x1ab9, 0x1ab9, 0x1ab9, 0x1ab9, 0x1ab9, 0x1ab9, 0x1ab9, 0x1ab9, 0x1ab9, 0x1ab9, 
	0x1ab9, 0x1ab9, 0x1ab9, 0x1ab9, 0x1a97, 0x1a76, 0x114a, 0x0882, 0x324a, 0x5390, 0x5bb0, 0x5bb0, 0x5bd0, 0x5bb0, 0x5bd0, 0x5bb0, 
	0x5bd0, 0x5bb0, 0x5bd0, 0x5bb0, 0x5bd0, 0x5bb0, 0x5bd0, 0x5bb0, 0x5bd0, 0x5bb0, 0x5bd0, 0x5bb0, 0x5bd0, 0x5bb0, 0x5bd0, 0x5bb0, 
	0x5bd0, 0x5bb0, 0x5bd0, 0x5bb0, 0x5bd0, 0x5bb0, 0x5bd0, 0x5bb0, 0x5bd0, 0x5bb0, 0x5bd0, 0x5bb0, 0x5bb0, 0x5bd0, 0x5bb0, 0x5bd0, 
	0x5bb0, 0x5bd0, 0x5bb0, 0x5bd0, 0x5bb0, 0x5bd0, 0x5bb0, 0x5bb0, 0x5bb0, 0x5bb0, 0x5bb0, 0x5bb0, 0x5bb0, 0x5bb0, 0x5bb0, 0x7bef, 
	0x8410, 0x7c10, 0x6bcf, 0x5bb0, 0x5bb0, 0x5bb0, 0x5bb0, 0x5bb0, 0x5bb0, 0x5bb0, 0x5bb0, 0x5bb0, 0x5bb0, 0x5bb0, 0x5bb0, 0x5bd0, 
	0x5bb0, 0x5bd0, 0x5bb0, 0x5bd0, 0x5bd0, 0x5bb0, 0x5bd0, 0x5bb0, 0x5bd0, 0x5bb0, 0x5bd0, 0x5bb0, 0x5bd0, 0x5bb0, 0x5bd0, 0x5bb0, 
	0x5bd0, 0x5bb0, 0x5bd0, 0x5bb0, 0x5bd0, 0x5bb0, 0x5bd0, 0x5bb0, 0x5bd0, 0x5bb0, 0x5bd0, 0x5bb0, 0x5bd0, 0x5bb0, 0x5bd0, 0x5bb0, 
	0x5bd0, 0x5bb0, 0x5bd0, 0x5bb0, 0x5bd0, 0x5bb0, 0x5bd0, 0x5bb0, 0x5bd0, 0x5bb0, 0x5bd0, 0x5bb0, 0x5bb0, 0x5bd0, 0x5bb0, 0x5bd0, 
	0x5bb0, 0x42cc, 0x29e9, 0x1129, 0x116b, 0x1a55, 0x1ab9, 0x1ab9, 0x1ab9, 0x1ab9, 0x1ab9, 0x1ab9, 0x1ab9, 0x1ab9, 0x1ab9, 0x1ab9, 
	0x1ab9, 0x1ab9, 0x1ab9, 0x1ab9, 0x1ab9, 0x1ab9, 0x1ab9, 0x1ab9, 0x1ab9, 0x1ab9, 0x1ab9, 0x1ab9, 0x1ab9, 0x1ab9, 0x1ab9, 0x1ab9, 
	0x1ab9, 0x1ab9, 0x1ab9, 0x1ab8, 0x1a11, 0x114a, 0x1968, 0x3209, 0x4b2e, 0x5bb0, 0x5bd0, 0x5bb0, 0x5bd0, 0x5bb0, 0x5bd0, 0x5bb0, 
	0x5bd0, 0x5bb0, 0x5bd0, 0x5bb0, 0x5bd0, 0x5bb0, 0x5bd0, 0x5bb0, 0x5bd0, 0x5bb0, 0x5bd0, 0x5bb0, 0x5bd0, 0x5bb0, 0x5bd0, 0x5bb0, 
	0x5bd0, 0x5bb0, 0x5bd0, 0x5bb0, 0x5bd0, 0x5bb0, 0x5bd0, 0x5bb0, 0x5bd0, 0x5bb0, 0x5bd0, 0x5bb0, 0x5bb0, 0x5bd0, 0x5bb0, 0x5bd0, 
	0x5bb0, 0x5bd0, 0x5bb0, 0x5bd0, 0x5bb0, 0x5bd0, 0x5bb0, 0x5bd0, 0x5bb0, 0x5bb0, 0x5bb0, 0x5bb0, 0x5bb0, 0x5bb0, 0x5bb0, 0x7bef, 
	0x8410, 0x7c10, 0x6bcf, 0x5bb0, 0x5bb0, 0x5bb0, 0x5bb0, 0x5bb0, 0x5bb0, 0x5bd0, 0x5bb0, 0x5bd0, 0x5bb0, 0x5bd0, 0x5bb0, 0x5bd0, 
	0x5bb0, 0x5bd0, 0x5bb0, 0x5bd0, 0x5bd0, 0x5bb0, 0x5bd0, 0x5bb0, 0x5bd0, 0x5bb0, 0x5bd0, 0x5bb0, 0x5bd0, 0x5bb0, 0x5bd0, 0x5bb0, 
	0x5bd0, 0x5bb0, 0x5bd0, 0x5bb0, 0x5bd0, 0x5bb0, 0x5bd0, 0x5bb0, 0x5bd0, 0x5bb0, 0x5bd0, 0x5bb0, 0x5bd0, 0x5bb0, 0x5bd0, 0x5bb0, 
	0x5bd0, 0x5bb0, 0x5bd0, 0x5bb0, 0x5bd0, 0x5bb0, 0x5bd0, 0x5bb0, 0x5bd0, 0x5bb0, 0x5bd0, 0x5bb0, 0x5bb0, 0x5bd0, 0x5bb0, 0x5bd0, 
	0x5bb0, 0x5bb0, 0x4b2e, 0x1925, 0x0883, 0x11d1, 0x1a76, 0x1ab8, 0x1ab9, 0x1ab9, 0x1ab9, 0x1ab8, 0x1ab9, 0x1ab8, 0x1ab9, 0x1ab8, 
	0x1ab9, 0x1ab8, 0x1ab9, 0x1ab8, 0x1ab9, 0x1ab9, 0x1ab9, 0x1ab9, 0x1ab9, 0x1ab9, 0x1ab9, 0x1ab9, 0x1ab9, 0x1ab9, 0x1ab9, 0x1ab9, 
	0x1ab9, 0x1ab8, 0x1a98, 0x1a76, 0x116b, 0x0882, 0x2a09, 0x538f, 0x5bb0, 0x5bb0, 0x5bd0, 0x5bb0, 0x5bd0, 0x5bb0, 0x5bd0, 0x5bb0, 
	0x5bd0, 0x5bb0, 0x5bd0, 0x5bb0, 0x5bd0, 0x5bb0, 0x5bd0, 0x5bb0, 0x5bd0, 0x5bb0, 0x5bd0, 0x5bb0, 0x5bd0, 0x5bb0, 0x5bd0, 0x5bb0, 
	0x5bd0, 0x5bb0, 0x5bd0, 0x5bb0, 0x5bd0, 0x5bb0, 0x5bd0, 0x5bb0, 0x5bd0, 0x5bb0, 0x5bd0, 0x5bb0, 0x5bb0, 0x5bd0, 0x5bb0, 0x5bd0, 
	0x5bb0, 0x5bd0, 0x5bb0, 0x5bd0, 0x5bb0, 0x5bd0, 0x5bb0, 0x5bd0, 0x5bb0, 0x5bb0, 0x5bb0, 0x5bb0, 0x5bb0, 0x5bb0, 0x5bb0, 0x7bef, 
	0x8410, 0x7c10, 0x6bcf, 0x5bb0, 0x5bb0, 0x5bd0, 0x5bb0, 0x5bd0, 0x5bb0, 0x5bd0, 0x5bb0, 0x5bd0, 0x5bb0, 0x5bd0, 0x5bb0, 0x5bd0, 
	0x5bb0, 0x5bd0, 0x5bb0, 0x5bd0, 0x5bd0, 0x5bb0, 0x5bd0, 0x5bb0, 0x5bd0, 0x5bb0, 0x5bd0, 0x5bb0, 0x5bd0, 0x5bb0, 0x5bd0, 0x5bb0, 
	0x5bd0, 0x5bb0, 0x5bd0, 0x5bb0, 0x5bd0, 0x5bb0, 0x5bd0, 0x5bb0, 0x5bd0, 0x5bb0, 0x5bd0, 0x5bb0, 0x5bd0, 0x5bb0, 0x5bd0, 0x5bb0, 
	0x5bd0, 0x5bb0, 0x5bd0, 0x5bb0, 0x5bd0, 0x5bb0, 0x5bd0, 0x5bb0, 0x5bd0, 0x5bb0, 0x5bd0, 0x5bb0, 0x5bb0, 0x5bd0, 0x5bb0, 0x5bd0, 
	0x5bb0, 0x5bb0, 0x5b90, 0x42cc, 0x2a09, 0x0908, 0x0909, 0x1255, 0x1ab9, 0x1ab9, 0x1ab9, 0x1ab9, 0x1ab9, 0x1ab9, 0x1ab9, 0x1ab9, 
	0x1ab9, 0x1ab9, 0x1ab9, 0x1ab9, 0x1ab9, 0x1ab9, 0x1ab9, 0x1ab9, 0x1ab9, 0x1ab9, 0x1ab9, 0x1ab9, 0x1ab9, 0x1ab9, 0x1ab9, 0x1ab8, 
	0x1ab9, 0x1a98, 0x11f1, 0x0908, 0x1968, 0x322a, 0x4b2e, 0x5bb0, 0x5bd0, 0x5bb0, 0x5bd0, 0x5bb0, 0x5bd0, 0x5bb0, 0x5bd0, 0x5bb0, 
	0x5bd0, 0x5bb0, 0x5bd0, 0x5bb0, 0x5bd0, 0x5bb0, 0x5bd0, 0x5bb0, 0x5bd0, 0x5bb0, 0x5bd0, 0x5bb0, 0x5bd0, 0x5bb0, 0x5bd0, 0x5bb0, 
	0x5bd0, 0x5bb0, 0x5bd0, 0x5bb0, 0x5bd0, 0x5bb0, 0x5bd0, 0x5bb0, 0x5bd0, 0x5bb0, 0x5bd0, 0x5bb0, 0x5bb0, 0x5bd0, 0x5bb0, 0x5bd0, 
	0x5bb0, 0x5bd0, 0x5bb0, 0x5bd0, 0x5bb0, 0x5bd0, 0x5bb0, 0x5bd0, 0x5bb0, 0x5bd0, 0x5bb0, 0x5bd0, 0x5bb0, 0x5bb0, 0x5bb0, 0x7bef, 
	0x8410, 0x7c10, 0x6bcf, 0x5bb0, 0x5bb0, 0x5bd0, 0x5bb0, 0x5bd0, 0x5bb0, 0x5bd0, 0x5bb0, 0x5bd0, 0x5bb0, 0x5bd0, 0x5bb0, 0x5bd0, 
	0x5bb0, 0x5bd0, 0x5bb0, 0x5bd0, 0x5bd0, 0x5bb0, 0x5bd0, 0x5bb0, 0x5bd0, 0x5bb0, 0x5bd0, 0x5bb0, 0x5bd0, 0x5bb0, 0x5bd0, 0x5bb0, 
	0x5bd0, 0x5bb0, 0x5bd0, 0x5bb0, 0x5bd0, 0x5bb0, 0x5bd0, 0x5bb0, 0x5bd0, 0x5bb0, 0x5bd0, 0x5bb0, 0x5bd0, 0x5bb0, 0x5bd0, 0x5bb0, 
	0x5bd0, 0x5bb0, 0x5bd0, 0x5bb0, 0x5bd0, 0x5bb0, 0x5bd0, 0x5bb0, 0x5bd0, 0x5bb0, 0x5bd0, 0x5bb0, 0x5bb0, 0x5bd0, 0x5bb0, 0x5bd0, 
	0x5bb0, 0x5bd0, 0x5bb0, 0x5bb0, 0x534e, 0x1925, 0x0063, 0x0991, 0x1235, 0x1a76, 0x1a97, 0x1ab8, 0x1ab9, 0x1ab8, 0x1ab9, 0x1ab8, 
	0x1ab9, 0x1ab8, 0x1ab9, 0x1ab8, 0x1ab9, 0x1ab8, 0x1ab9, 0x1ab8, 0x1ab9, 0x1ab9, 0x1ab9, 0x1ab9, 0x1ab9, 0x1ab9, 0x1a98, 0x1a97, 
	0x1a76, 0x1215, 0x092b, 0x0862, 0x2a09, 0x5390, 0x5bb0, 0x5bb0, 0x5bd0, 0x5bb0, 0x5bd0, 0x5bb0, 0x5bd0, 0x5bb0, 0x5bd0, 0x5bb0, 
	0x5bd0, 0x5bb0, 0x5bd0, 0x5bb0, 0x5bd0, 0x5bb0, 0x5bd0, 0x5bb0, 0x5bd0, 0x5bb0, 0x5bd0, 0x5bb0, 0x5bd0, 0x5bb0, 0x5bd0, 0x5bb0, 
	0x5bd0, 0x5bb0, 0x5bd0, 0x5bb0, 0x5bd0, 0x5bb0, 0x5bd0, 0x5bb0, 0x5bd0, 0x5bb0, 0x5bd0, 0x5bb0, 0x5bb0, 0x5bd0, 0x5bb0, 0x5bd0, 
	0x5bb0, 0x5bd0, 0x5bb0, 0x5bd0, 0x5bb0, 0x5bd0, 0x5bb0, 0x5bd0, 0x5bb0, 0x5bd0, 0x5bb0, 0x5bd0, 0x5bb0, 0x5bd0, 0x5bb0, 0x7bef, 
	0x8410, 0x7c10, 0x6bcf, 0x5bb0, 0x5bb0, 0x5bd0, 0x5bb0, 0x5bd0, 0x5bb0, 0x5bd0, 0x5bb0, 0x5bd0, 0x5bb0, 0x5bd0, 0x5bb0, 0x5bd0, 
	0x5bb0, 0x5bd0, 0x5bb0, 0x5bd0, 0x5bd0, 0x5bb0, 0x5bd0, 0x5bb0, 0x5bd0, 0x5bb0, 0x5bd0, 0x5bb0, 0x5bd0, 0x5bb0, 0x5bd0, 0x5bb0, 
	0x5bd0, 0x5bb0, 0x5bd0, 0x5bb0, 0x5bd0, 0x5bb0, 0x5bd0, 0x5bb0, 0x5bd0, 0x5bb0, 0x5bd0, 0x5bb0, 0x5bd0, 0x5bb0, 0x5bd0, 0x5bb0, 
	0x5bd0, 0x5bb0, 0x5bd0, 0x5bb0, 0x5bd0, 0x5bb0, 0x5bd0, 0x5bb0, 0x5bd0, 0x5bb0, 0x5bd0, 0x5bb0, 0x5bb0, 0x5bd0, 0x5bb0, 0x5bd0, 
	0x5bb0, 0x5bd0, 0x5bb0, 0x5bb0, 0x5bb0, 0x4b0d, 0x3a8b, 0x1107, 0x0086, 0x08c6, 0x08e8, 0x1236, 0x1ab8, 0x1ab8, 0x1ab9, 0x1ab9, 
	0x1ab9, 0x1ab9, 0x1ab9, 0x1ab9, 0x1ab9, 0x1ab9, 0x1ab9, 0x1ab9, 0x1ab9, 0x1ab8, 0x1ab9, 0x1ab8, 0x1ab9, 0x1a98, 0x11d1, 0x08c7, 
	0x08a6, 0x00a6, 0x1988, 0x42ab, 0x4b4e, 0x5bb0, 0x5bd0, 0x5bb0, 0x5bd0, 0x5bb0, 0x5bd0, 0x5bb0, 0x5bd0, 0x5bb0, 0x5bd0, 0x5bb0, 
	0x5bd0, 0x5bb0, 0x5bd0, 0x5bb0, 0x5bd0, 0x5bb0, 0x5bd0, 0x5bb0, 0x5bd0, 0x5bb0, 0x5bd0, 0x5bb0, 0x5bd0, 0x5bb0, 0x5bd0, 0x5bb0, 
	0x5bd0, 0x5bb0, 0x5bd0, 0x5bb0, 0x5bd0, 0x5bb0, 0x5bd0, 0x5bb0, 0x5bd0, 0x5bb0, 0x5bd0, 0x5bb0, 0x5bb0, 0x5bd0, 0x5bb0, 0x5bd0, 
	0x5bb0, 0x5bd0, 0x5bb0, 0x5bd0, 0x5bb0, 0x5bd0, 0x5bb0, 0x5bd0, 0x5bb0, 0x5bd0, 0x5bb0, 0x5bd0, 0x5bb0, 0x5bd0, 0x5bb0, 0x7bef, 
	0x8410, 0x7c10, 0x6bcf, 0x5bd0, 0x5bb0, 0x5bd0, 0x5bb0, 0x5bd0, 0x5bb0, 0x5bd0, 0x5bb0, 0x5bd0, 0x5bb0, 0x5bd0, 0x5bb0, 0x5bd0, 
	0x5bb0, 0x5bd0, 0x5bb0, 0x5bd0, 0x5bd0, 0x5bb0, 0x5bd0, 0x5bb0, 0x5bd0, 0x5bb0, 0x5bd0, 0x5bb0, 0x5bd0, 0x5bb0, 0x5bd0, 0x5bb0, 
	0x5bd0, 0x5bb0, 0x5bd0, 0x5bb0, 0x5bd0, 0x5bb0, 0x5bd0, 0x5bb0, 0x5bd0, 0x5bb0, 0x5bd0, 0x5bb0, 0x5bd0, 0x5bb0, 0x5bd0, 0x5bb0, 
	0x5bd0, 0x5bb0, 0x5bd0, 0x5bb0, 0x5bd0, 0x5bb0, 0x5bd0, 0x5bb0, 0x5bd0, 0x5bb0, 0x5bd0, 0x5bb0, 0x5bb0, 0x5bd0, 0x5bb0, 0x5bd0, 
	0x5bb0, 0x5bd0, 0x5bb0, 0x5bd0, 0x5bb0, 0x5bd0, 0x536f, 0x2165, 0x10c3, 0x0861, 0x0062, 0x09b2, 0x09f4, 0x09f4, 0x1215, 0x1a76, 
	0x1a97, 0x1ab8, 0x1ab9, 0x1ab8, 0x1ab9, 0x1ab8, 0x1ab9, 0x1ab8, 0x1a98, 0x1a97, 0x1a76, 0x1215, 0x09f5, 0x09d4, 0x092c, 0x0041, 
	0x0862, 0x10c3, 0x3229, 0x5bb0, 0x5bb0, 0x5bb0, 0x5bd0, 0x5bb0, 0x5bd0, 0x5bb0, 0x5bd0, 0x5bb0, 0x5bd0, 0x5bb0, 0x5bd0, 0x5bb0, 
	0x5bd0, 0x5bb0, 0x5bd0, 0x5bb0, 0x5bd0, 0x5bb0, 0x5bd0, 0x5bb0, 0x5bd0, 0x5bb0, 0x5bd0, 0x5bb0, 0x5bd0, 0x5bb0, 0x5bd0, 0x5bb0, 
	0x5bd0, 0x5bb0, 0x5bd0, 0x5bb0, 0x5bd0, 0x5bb0, 0x5bd0, 0x5bb0, 0x5bd0, 0x5bb0, 0x5bd0, 0x5bb0, 0x5bb0, 0x5bd0, 0x5bb0, 0x5bd0, 
	0x5bb0, 0x5bd0, 0x5bb0, 0x5bd0, 0x5bb0, 0x5bd0, 0x5bb0, 0x5bd0, 0x5bb0, 0x5bd0, 0x5bb0, 0x5bd0, 0x5bb0, 0x5bd0, 0x5bb0, 0x7bef, 
	0x8410, 0x7c10, 0x6bcf, 0x5bd0, 0x5bb0, 0x5bd0, 0x5bb0, 0x5bd0, 0x5bb0, 0x5bd0, 0x5bb0, 0x5bd0, 0x5bb0, 0x5bd0, 0x5bb0, 0x5bd0, 
	0x5bb0, 0x5bd0, 0x5bb0, 0x5bd0, 0x5bd0, 0x5bb0, 0x5bd0, 0x5bb0, 0x5bd0, 0x5bb0, 0x5bd0, 0x5bb0, 0x5bd0, 0x5bb0, 0x5bd0, 0x5bb0, 
	0x5bd0, 0x5bb0, 0x5bd0, 0x5bb0, 0x5bd0, 0x5bb0, 0x5bd0, 0x5bb0, 0x5bd0, 0x5bb0, 0x5bd0, 0x5bb0, 0x5bd0, 0x5bb0, 0x5bd0, 0x5bb0, 
	0x5bd0, 0x5bb0, 0x5bd0, 0x5bb0, 0x5bd0, 0x5bb0, 0x5bd0, 0x5bb0, 0x5bd0, 0x5bb0, 0x5bd0, 0x5bb0, 0x5bb0, 0x5bd0, 0x5bb0, 0x5bd0, 
	0x5bb0, 0x5bd0, 0x5bb0, 0x5bd0, 0x5bb0, 0x5bd0, 0x5bb0, 0x532e, 0x4b0d, 0x4b0d, 0x42cc, 0x1927, 0x08a5, 0x0084, 0x0064, 0x0085, 
	0x00a6, 0x09f6, 0x0a37, 0x1257, 0x1a98, 0x1a98, 0x1257, 0x0a36, 0x09b1, 0x0885, 0x0085, 0x0064, 0x0065, 0x08c5, 0x21c9, 0x42ed, 
	0x4b0d, 0x4b2d, 0x536f, 0x5bb0, 0x5bd0, 0x5bb0, 0x5bd0, 0x5bb0, 0x5bd0, 0x5bb0, 0x5bd0, 0x5bb0, 0x5bd0, 0x5bb0, 0x5bd0, 0x5bb0, 
	0x5bd0, 0x5bb0, 0x5bd0, 0x5bb0, 0x5bd0, 0x5bb0, 0x5bd0, 0x5bb0, 0x5bd0, 0x5bb0, 0x5bd0, 0x5bb0, 0x5bd0, 0x5bb0, 0x5bd0, 0x5bb0, 
	0x5bd0, 0x5bb0, 0x5bd0, 0x5bb0, 0x5bd0, 0x5bb0, 0x5bd0, 0x5bb0, 0x5bd0, 0x5bb0, 0x5bd0, 0x5bb0, 0x5bb0, 0x5bd0, 0x5bb0, 0x5bd0, 
	0x5bb0, 0x5bd0, 0x5bb0, 0x5bd0, 0x5bb0, 0x5bd0, 0x5bb0, 0x5bd0, 0x5bb0, 0x5bd0, 0x5bb0, 0x5bd0, 0x5bb0, 0x5bd0, 0x5bb0, 0x7bef, 
	0x8410, 0x7c10, 0x6bcf, 0x5bb0, 0x5bb0, 0x5bd0, 0x5bb0, 0x5bd0, 0x5bb0, 0x5bd0, 0x5bb0, 0x5bd0, 0x5bb0, 0x5bd0, 0x5bb0, 0x5bd0, 
	0x5bb0, 0x5bd0, 0x5bb0, 0x5bd0, 0x5bd0, 0x5bb0, 0x5bd0, 0x5bb0, 0x5bd0, 0x5bb0, 0x5bd0, 0x5bb0, 0x5bd0, 0x5bb0, 0x5bd0, 0x5bb0, 
	0x5bd0, 0x5bb0, 0x5bd0, 0x5bb0, 0x5bd0, 0x5bb0, 0x5bd0, 0x5bb0, 0x5bd0, 0x5bb0, 0x5bd0, 0x5bb0, 0x5bd0, 0x5bb0, 0x5bd0, 0x5bb0, 
	0x5bd0, 0x5bb0, 0x5bd0, 0x5bb0, 0x5bd0, 0x5bb0, 0x5bd0, 0x5bb0, 0x5bd0, 0x5bb0, 0x5bd0, 0x5bb0, 0x5bb0, 0x5bd0, 0x5bb0, 0x5bd0, 
	0x5bb0, 0x5bd0, 0x5bb0, 0x5bd0, 0x5bb0, 0x5bd0, 0x5bb0, 0x5bd0, 0x5bb0, 0x5bd0, 0x538f, 0x2145, 0x18e4, 0x18e3, 0x18c3, 0x10c3, 
	0x0883, 0x01b4, 0x01b4, 0x01d4, 0x09d4, 0x09d4, 0x01d4, 0x01b3, 0x014e, 0x0862, 0x10a3, 0x18c3, 0x18e3, 0x1904, 0x3209, 0x5bb0, 
	0x5bb0, 0x5bb0, 0x5bb0, 0x5bb0, 0x5bd0, 0x5bb0, 0x5bd0, 0x5bb0, 0x5bd0, 0x5bb0, 0x5bd0, 0x5bb0, 0x5bd0, 0x5bb0, 0x5bd0, 0x5bb0, 
	0x5bd0, 0x5bb0, 0x5bd0, 0x5bb0, 0x5bd0, 0x5bb0, 0x5bd0, 0x5bb0, 0x5bd0, 0x5bb0, 0x5bd0, 0x5bb0, 0x5bd0, 0x5bb0, 0x5bd0, 0x5bb0, 
	0x5bd0, 0x5bb0, 0x5bd0, 0x5bb0, 0x5bd0, 0x5bb0, 0x5bd0, 0x5bb0, 0x5bd0, 0x5bb0, 0x5bd0, 0x5bb0, 0x5bb0, 0x5bd0, 0x5bb0, 0x5bd0, 
	0x5bb0, 0x5bd0, 0x5bb0, 0x5bd0, 0x5bb0, 0x5bd0, 0x5bb0, 0x5bd0, 0x5bb0, 0x5bd0, 0x5bb0, 0x5bd0, 0x5bb0, 0x5bd0, 0x5bb0, 0x7bef, 
	0x8410, 0x7c10, 0x6bcf, 0x5bb0, 0x5bb0, 0x5bb0, 0x5bb0, 0x5bd0, 0x5bb0, 0x5bd0, 0x5bb0, 0x5bd0, 0x5bb0, 0x5bd0, 0x5bb0, 0x5bd0, 
	0x5bb0, 0x5bd0, 0x5bb0, 0x5bd0, 0x5bd0, 0x5bb0, 0x5bd0, 0x5bb0, 0x5bd0, 0x5bb0, 0x5bd0, 0x5bb0, 0x5bd0, 0x5bb0, 0x5bd0, 0x5bb0, 
	0x5bd0, 0x5bb0, 0x5bd0, 0x5bb0, 0x5bd0, 0x5bb0, 0x5bd0, 0x5bb0, 0x5bd0, 0x5bb0, 0x5bd0, 0x5bb0, 0x5bd0, 0x5bb0, 0x5bd0, 0x5bb0, 
	0x5bd0, 0x5bb0, 0x5bd0, 0x5bb0, 0x5bd0, 0x5bb0, 0x5bd0, 0x5bb0, 0x5bd0, 0x5bb0, 0x5bd0, 0x5bb0, 0x5bb0, 0x5bd0, 0x5bb0, 0x5bd0, 
	0x5bb0, 0x5bd0, 0x5bb0, 0x5bd0, 0x5bb0, 0x5bd0, 0x5bb0, 0x5bd0, 0x5bb0, 0x5bd0, 0x5bb0, 0x536f, 0x534e, 0x534e, 0x534e, 0x534e, 
	0x4b0d, 0x1906, 0x10e5, 0x10e5, 0x10c5, 0x10c5, 0x10e5, 0x18e5, 0x2188, 0x4b4e, 0x534e, 0x534e, 0x534e, 0x534e, 0x536f, 0x5bb0, 
	0x5bb0, 0x5bd0, 0x5bb0, 0x5bd0, 0x5bd0, 0x5bb0, 0x5bd0, 0x5bb0, 0x5bd0, 0x5bb0, 0x5bd0, 0x5bb0, 0x5bd0, 0x5bb0, 0x5bd0, 0x5bb0, 
	0x5bd0, 0x5bb0, 0x5bd0, 0x5bb0, 0x5bd0, 0x5bb0, 0x5bd0, 0x5bb0, 0x5bd0, 0x5bb0, 0x5bd0, 0x5bb0, 0x5bd0, 0x5bb0, 0x5bd0, 0x5bb0, 
	0x5bd0, 0x5bb0, 0x5bd0, 0x5bb0, 0x5bd0, 0x5bb0, 0x5bd0, 0x5bb0, 0x5bd0, 0x5bb0, 0x5bd0, 0x5bb0, 0x5bb0, 0x5bd0, 0x5bb0, 0x5bd0, 
	0x5bb0, 0x5bd0, 0x5bb0, 0x5bd0, 0x5bb0, 0x5bd0, 0x5bb0, 0x5bd0, 0x5bb0, 0x5bd0, 0x5bb0, 0x5bd0, 0x5bb0, 0x5bb0, 0x5bb0, 0x7bef, 
	0x8410, 0x7c10, 0x6bcf, 0x5bb0, 0x5bb0, 0x5bd0, 0x5bb0, 0x5bd0, 0x5bb0, 0x5bd0, 0x5bb0, 0x5bd0, 0x5bb0, 0x5bd0, 0x5bb0, 0x5bd0, 
	0x5bb0, 0x5bd0, 0x5bb0, 0x5bd0, 0x5bd0, 0x5bb0, 0x5bd0, 0x5bb0, 0x5bd0, 0x5bb0, 0x5bd0, 0x5bb0, 0x5bd0, 0x5bb0, 0x5bd0, 0x5bb0, 
	0x5bd0, 0x5bb0, 0x5bd0, 0x5bb0, 0x5bd0, 0x5bb0, 0x5bd0, 0x5bb0, 0x5bd0, 0x5bb0, 0x5bd0, 0x5bb0, 0x5bd0, 0x5bb0, 0x5bd0, 0x5bb0, 
	0x5bd0, 0x5bb0, 0x5bd0, 0x5bb0, 0x5bd0, 0x5bb0, 0x5bd0, 0x5bb0, 0x5bd0, 0x5bb0, 0x5bd0, 0x5bb0, 0x5bb0, 0x5bd0, 0x5bb0, 0x5bd0, 
	0x5bb0, 0x5bd0, 0x5bb0, 0x5bd0, 0x5bb0, 0x5bd0, 0x5bb0, 0x5bd0, 0x5bb0, 0x5bd0, 0x5bb0, 0x5bd0, 0x5bb0, 0x5bd0, 0x5bb0, 0x5bd0, 
	0x538f, 0x1904, 0x1904, 0x1904, 0x1904, 0x1904, 0x1904, 0x1904, 0x29c7, 0x5bb0, 0x5bb0, 0x5bd0, 0x5bb0, 0x5bd0, 0x5bb0, 0x5bd0, 
	0x5bb0, 0x5bd0, 0x5bb0, 0x5bd0, 0x5bd0, 0x5bb0, 0x5bd0, 0x5bb0, 0x5bd0, 0x5bb0, 0x5bd0, 0x5bb0, 0x5bd0, 0x5bb0, 0x5bd0, 0x5bb0, 
	0x5bd0, 0x5bb0, 0x5bd0, 0x5bb0, 0x5bd0, 0x5bb0, 0x5bd0, 0x5bb0, 0x5bd0, 0x5bb0, 0x5bd0, 0x5bb0, 0x5bd0, 0x5bb0, 0x5bd0, 0x5bb0, 
	0x5bd0, 0x5bb0, 0x5bd0, 0x5bb0, 0x5bd0, 0x5bb0, 0x5bd0, 0x5bb0, 0x5bd0, 0x5bb0, 0x5bd0, 0x5bb0, 0x5bb0, 0x5bd0, 0x5bb0, 0x5bd0, 
	0x5bb0, 0x5bd0, 0x5bb0, 0x5bd0, 0x5bb0, 0x5bd0, 0x5bb0, 0x5bd0, 0x5bb0, 0x5bd0, 0x5bb0, 0x5bd0, 0x5bb0, 0x5bb0, 0x5bb0, 0x7bef, 
	0x8410, 0x7c10, 0x6bcf, 0x5bb0, 0x5bb0, 0x5bb0, 0x5bb0, 0x5bb0, 0x5bb0, 0x5bb0, 0x5bb0, 0x5bd0, 0x5bb0, 0x5bd0, 0x5bb0, 0x5bd0, 
	0x5bb0, 0x5bd0, 0x5bb0, 0x5bd0, 0x5bd0, 0x5bb0, 0x5bd0, 0x5bb0, 0x5bd0, 0x5bb0, 0x5bd0, 0x5bb0, 0x5bd0, 0x5bb0, 0x5bd0, 0x5bb0, 
	0x5bd0, 0x5bb0, 0x5bd0, 0x5bb0, 0x5bd0, 0x5bb0, 0x5bd0, 0x5bb0, 0x5bd0, 0x5bb0, 0x5bd0, 0x5bb0, 0x5bd0, 0x5bb0, 0x5bd0, 0x5bb0, 
	0x5bd0, 0x5bb0, 0x5bd0, 0x5bb0, 0x5bd0, 0x5bb0, 0x5bd0, 0x5bb0, 0x5bd0, 0x5bb0, 0x5bd0, 0x5bb0, 0x5bb0, 0x5bd0, 0x5bb0, 0x5bd0, 
	0x5bb0, 0x5bd0, 0x5bb0, 0x5bd0, 0x5bb0, 0x5bd0, 0x5bb0, 0x5bd0, 0x5bb0, 0x5bd0, 0x5bb0, 0x5bd0, 0x5bb0, 0x5bd0, 0x5bb0, 0x5bd0, 
	0x5bb0, 0x538f, 0x538f, 0x538f, 0x538f, 0x538f, 0x538f, 0x538f, 0x5b8f, 0x5bb0, 0x5bb0, 0x5bd0, 0x5bb0, 0x5bd0, 0x5bb0, 0x5bd0, 
	0x5bb0, 0x5bd0, 0x5bb0, 0x5bd0, 0x5bd0, 0x5bb0, 0x5bd0, 0x5bb0, 0x5bd0, 0x5bb0, 0x5bd0, 0x5bb0, 0x5bd0, 0x5bb0, 0x5bd0, 0x5bb0, 
	0x5bd0, 0x5bb0, 0x5bd0, 0x5bb0, 0x5bd0, 0x5bb0, 0x5bd0, 0x5bb0, 0x5bd0, 0x5bb0, 0x5bd0, 0x5bb0, 0x5bd0, 0x5bb0, 0x5bd0, 0x5bb0, 
	0x5bd0, 0x5bb0, 0x5bd0, 0x5bb0, 0x5bd0, 0x5bb0, 0x5bd0, 0x5bb0, 0x5bd0, 0x5bb0, 0x5bd0, 0x5bb0, 0x5bb0, 0x5bd0, 0x5bb0, 0x5bd0, 
	0x5bb0, 0x5bd0, 0x5bb0, 0x5bd0, 0x5bb0, 0x5bd0, 0x5bb0, 0x5bd0, 0x5bb0, 0x5bd0, 0x5bb0, 0x5bb0, 0x5bb0, 0x5bb0, 0x5bb0, 0x7bef, 
	0x8410, 0x7c10, 0x6bcf, 0x5bb0, 0x5bb0, 0x5bb0, 0x5bb0, 0x5bd0, 0x5bb0, 0x5bd0, 0x5bb0, 0x5bd0, 0x5bb0, 0x5bd0, 0x5bb0, 0x5bd0, 
	0x5bb0, 0x5bd0, 0x5bb0, 0x5bd0, 0x5bd0, 0x5bb0, 0x5bd0, 0x5bb0, 0x5bd0, 0x5bb0, 0x5bd0, 0x5bb0, 0x5bd0, 0x5bb0, 0x5bd0, 0x5bb0, 
	0x5bd0, 0x5bb0, 0x5bd0, 0x5bb0, 0x5bd0, 0x5bb0, 0x5bd0, 0x5bb0, 0x5bd0, 0x5bb0, 0x5bd0, 0x5bb0, 0x5bd0, 0x5bb0, 0x5bd0, 0x5bb0, 
	0x5bd0, 0x5bb0, 0x5bd0, 0x5bb0, 0x5bd0, 0x5bb0, 0x5bd0, 0x5bb0, 0x5bd0, 0x5bb0, 0x5bd0, 0x5bb0, 0x5bb0, 0x5bd0, 0x5bb0, 0x5bd0, 
	0x5bb0, 0x5bd0, 0x5bb0, 0x5bd0, 0x5bb0, 0x5bd0, 0x5bb0, 0x5bd0, 0x5bb0, 0x5bd0, 0x5bb0, 0x5bd0, 0x5bb0, 0x5bd0, 0x5bb0, 0x5bd0, 
	0x5bb0, 0x5bd0, 0x5bb0, 0x5bd0, 0x5bb0, 0x5bd0, 0x5bb0, 0x5bd0, 0x5bb0, 0x5bd0, 0x5bb0, 0x5bd0, 0x5bb0, 0x5bd0, 0x5bb0, 0x5bd0, 
	0x5bb0, 0x5bd0, 0x5bb0, 0x5bd0, 0x5bd0, 0x5bb0, 0x5bd0, 0x5bb0, 0x5bd0, 0x5bb0, 0x5bd0, 0x5bb0, 0x5bd0, 0x5bb0, 0x5bd0, 0x5bb0, 
	0x5bd0, 0x5bb0, 0x5bd0, 0x5bb0, 0x5bd0, 0x5bb0, 0x5bd0, 0x5bb0, 0x5bd0, 0x5bb0, 0x5bd0, 0x5bb0, 0x5bd0, 0x5bb0, 0x5bd0, 0x5bb0, 
	0x5bd0, 0x5bb0, 0x5bd0, 0x5bb0, 0x5bd0, 0x5bb0, 0x5bd0, 0x5bb0, 0x5bd0, 0x5bb0, 0x5bd0, 0x5bb0, 0x5bb0, 0x5bd0, 0x5bb0, 0x5bd0, 
	0x5bb0, 0x5bd0, 0x5bb0, 0x5bd0, 0x5bb0, 0x5bd0, 0x5bb0, 0x5bd0, 0x5bb0, 0x5bb0, 0x5bb0, 0x5bb0, 0x5bb0, 0x5bb0, 0x5bb0, 0x7bef, 
	0x8410, 0x7c10, 0x6bcf, 0x5bb0, 0x5bb0, 0x5bb0, 0x5bb0, 0x5bb0, 0x5bb0, 0x5bb0, 0x5bb0, 0x5bb0, 0x5bb0, 0x5bb0, 0x5bb0, 0x5bb0, 
	0x5bb0, 0x5bd0, 0x5bb0, 0x5bd0, 0x5bd0, 0x5bb0, 0x5bd0, 0x5bb0, 0x5bd0, 0x5bb0, 0x5bd0, 0x5bb0, 0x5bd0, 0x5bb0, 0x5bd0, 0x5bb0, 
	0x5bd0, 0x5bb0, 0x5bd0, 0x5bb0, 0x5bd0, 0x5bb0, 0x5bd0, 0x5bb0, 0x5bd0, 0x5bb0, 0x5bd0, 0x5bb0, 0x5bd0, 0x5bb0, 0x5bd0, 0x5bb0, 
	0x5bd0, 0x5bb0, 0x5bd0, 0x5bb0, 0x5bd0, 0x5bb0, 0x5bd0, 0x5bb0, 0x5bd0, 0x5bb0, 0x5bd0, 0x5bb0, 0x5bb0, 0x5bd0, 0x5bb0, 0x5bd0, 
	0x5bb0, 0x5bd0, 0x5bb0, 0x5bd0, 0x5bb0, 0x5bd0, 0x5bb0, 0x5bd0, 0x5bb0, 0x5bd0, 0x5bb0, 0x5bd0, 0x5bb0, 0x5bd0, 0x5bb0, 0x5bd0, 
	0x5bb0, 0x5bd0, 0x5bb0, 0x5bd0, 0x5bb0, 0x5bd0, 0x5bb0, 0x5bd0, 0x5bb0, 0x5bd0, 0x5bb0, 0x5bd0, 0x5bb0, 0x5bd0, 0x5bb0, 0x5bd0, 
	0x5bb0, 0x5bd0, 0x5bb0, 0x5bd0, 0x5bd0, 0x5bb0, 0x5bd0, 0x5bb0, 0x5bd0, 0x5bb0, 0x5bd0, 0x5bb0, 0x5bd0, 0x5bb0, 0x5bd0, 0x5bb0, 
	0x5bd0, 0x5bb0, 0x5bd0, 0x5bb0, 0x5bd0, 0x5bb0, 0x5bd0, 0x5bb0, 0x5bd0, 0x5bb0, 0x5bd0, 0x5bb0, 0x5bd0, 0x5bb0, 0x5bd0, 0x5bb0, 
	0x5bd0, 0x5bb0, 0x5bd0, 0x5bb0, 0x5bd0, 0x5bb0, 0x5bd0, 0x5bb0, 0x5bd0, 0x5bb0, 0x5bd0, 0x5bb0, 0x5bb0, 0x5bd0, 0x5bb0, 0x5bd0, 
	0x5bb0, 0x5bd0, 0x5bb0, 0x5bd0, 0x5bb0, 0x5bd0, 0x5bb0, 0x5bd0, 0x5bb0, 0x5bb0, 0x5bb0, 0x5bb0, 0x5bb0, 0x5bb0, 0x5bb0, 0x7bef, 
	0x8410, 0x7c10, 0x6bcf, 0x5bb0, 0x5bb0, 0x5bb0, 0x5bb0, 0x5bb0, 0x5bb0, 0x5bb0, 0x5bb0, 0x5bd0, 0x5bb0, 0x5bd0, 0x5bb0, 0x5bd0, 
	0x5bb0, 0x5bd0, 0x5bb0, 0x5bb0, 0x5bd0, 0x5bb0, 0x5bd0, 0x5bb0, 0x5bd0, 0x5bb0, 0x5bd0, 0x5bb0, 0x5bd0, 0x5bb0, 0x5bd0, 0x5bb0, 
	0x5bd0, 0x5bb0, 0x5bd0, 0x5bb0, 0x5bd0, 0x5bb0, 0x5bd0, 0x5bb0, 0x5bd0, 0x5bb0, 0x5bd0, 0x5bb0, 0x5bd0, 0x5bb0, 0x5bd0, 0x5bb0, 
	0x5bd0, 0x5bb0, 0x5bd0, 0x5bb0, 0x5bd0, 0x5bb0, 0x5bd0, 0x5bb0, 0x5bd0, 0x5bb0, 0x5bd0, 0x5bb0, 0x5bb0, 0x5bd0, 0x5bb0, 0x5bd0, 
	0x5bb0, 0x5bd0, 0x5bb0, 0x5bd0, 0x5bb0, 0x5bd0, 0x5bb0, 0x5bd0, 0x5bb0, 0x5bd0, 0x5bb0, 0x5bd0, 0x5bb0, 0x5bd0, 0x5bb0, 0x5bd0, 
	0x5bb0, 0x5bd0, 0x5bb0, 0x5bd0, 0x5bb0, 0x5bd0, 0x5bb0, 0x5bd0, 0x5bb0, 0x5bd0, 0x5bb0, 0x5bd0, 0x5bb0, 0x5bd0, 0x5bb0, 0x5bd0, 
	0x5bb0, 0x5bd0, 0x5bb0, 0x5bd0, 0x5bd0, 0x5bb0, 0x5bd0, 0x5bb0, 0x5bd0, 0x5bb0, 0x5bd0, 0x5bb0, 0x5bd0, 0x5bb0, 0x5bd0, 0x5bb0, 
	0x5bd0, 0x5bb0, 0x5bd0, 0x5bb0, 0x5bd0, 0x5bb0, 0x5bd0, 0x5bb0, 0x5bd0, 0x5bb0, 0x5bd0, 0x5bb0, 0x5bd0, 0x5bb0, 0x5bd0, 0x5bb0, 
	0x5bd0, 0x5bb0, 0x5bd0, 0x5bb0, 0x5bd0, 0x5bb0, 0x5bd0, 0x5bb0, 0x5bd0, 0x5bb0, 0x5bd0, 0x5bb0, 0x5bb0, 0x5bd0, 0x5bb0, 0x5bd0, 
	0x5bb0, 0x5bd0, 0x5bb0, 0x5bd0, 0x5bb0, 0x5bb0, 0x5bb0, 0x5bb0, 0x5bb0, 0x5bb0, 0x5bb0, 0x5bb0, 0x5bb0, 0x5bb0, 0x5bb0, 0x7bef, 
	0x8410, 0x7c10, 0x6bcf, 0x5bb0, 0x5bb0, 0x5bb0, 0x5bb0, 0x5bb0, 0x5bb0, 0x5bb0, 0x5bb0, 0x5bb0, 0x5bb0, 0x5bb0, 0x5bb0, 0x5bb0, 
	0x5bb0, 0x5bb0, 0x5bb0, 0x5bb0, 0x5bd0, 0x5bb0, 0x5bd0, 0x5bb0, 0x5bd0, 0x5bb0, 0x5bd0, 0x5bb0, 0x5bd0, 0x5bb0, 0x5bd0, 0x5bb0, 
	0x5bd0, 0x5bb0, 0x5bd0, 0x5bb0, 0x5bd0, 0x5bb0, 0x5bd0, 0x5bb0, 0x5bd0, 0x5bb0, 0x5bd0, 0x5bb0, 0x5bd0, 0x5bb0, 0x5bd0, 0x5bb0, 
	0x5bd0, 0x5bb0, 0x5bd0, 0x5bb0, 0x5bd0, 0x5bb0, 0x5bd0, 0x5bb0, 0x5bd0, 0x5bb0, 0x5bd0, 0x5bb0, 0x5bb0, 0x5bd0, 0x5bb0, 0x5bd0, 
	0x5bb0, 0x5bd0, 0x5bb0, 0x5bd0, 0x5bb0, 0x5bd0, 0x5bb0, 0x5bd0, 0x5bb0, 0x5bd0, 0x5bb0, 0x5bd0, 0x5bb0, 0x5bd0, 0x5bb0, 0x5bd0, 
	0x5bb0, 0x5bd0, 0x5bb0, 0x5bd0, 0x5bb0, 0x5bd0, 0x5bb0, 0x5bd0, 0x5bb0, 0x5bd0, 0x5bb0, 0x5bd0, 0x5bb0, 0x5bd0, 0x5bb0, 0x5bd0, 
	0x5bb0, 0x5bd0, 0x5bb0, 0x5bd0, 0x5bd0, 0x5bb0, 0x5bd0, 0x5bb0, 0x5bd0, 0x5bb0, 0x5bd0, 0x5bb0, 0x5bd0, 0x5bb0, 0x5bd0, 0x5bb0, 
	0x5bd0, 0x5bb0, 0x5bd0, 0x5bb0, 0x5bd0, 0x5bb0, 0x5bd0, 0x5bb0, 0x5bd0, 0x5bb0, 0x5bd0, 0x5bb0, 0x5bd0, 0x5bb0, 0x5bd0, 0x5bb0, 
	0x5bd0, 0x5bb0, 0x5bd0, 0x5bb0, 0x5bd0, 0x5bb0, 0x5bd0, 0x5bb0, 0x5bd0, 0x5bb0, 0x5bd0, 0x5bb0, 0x5bb0, 0x5bd0, 0x5bb0, 0x5bd0, 
	0x5bb0, 0x5bd0, 0x5bb0, 0x5bd0, 0x5bb0, 0x5bb0, 0x5bb0, 0x5bb0, 0x5bb0, 0x5bb0, 0x5bb0, 0x5bb0, 0x5bb0, 0x5bb0, 0x5bb0, 0x7bef, 
	0x8410, 0x7c10, 0x6bcf, 0x5bb0, 0x5bb0, 0x5bb0, 0x5bb0, 0x5bb0, 0x5bb0, 0x5bb0, 0x5bb0, 0x5bb0, 0x5bb0, 0x5bd0, 0x5bb0, 0x5bd0, 
	0x5bb0, 0x5bb0, 0x5bb0, 0x5bb0, 0x5bb0, 0x5bb0, 0x5bb0, 0x5bb0, 0x5bd0, 0x5bb0, 0x5bd0, 0x5bb0, 0x5bd0, 0x5bb0, 0x5bd0, 0x5bb0, 
	0x5bd0, 0x5bb0, 0x5bd0, 0x5bb0, 0x5bd0, 0x5bb0, 0x5bd0, 0x5bb0, 0x5bd0, 0x5bb0, 0x5bd0, 0x5bb0, 0x5bd0, 0x5bb0, 0x5bd0, 0x5bb0, 
	0x5bd0, 0x5bb0, 0x5bd0, 0x5bb0, 0x5bd0, 0x5bb0, 0x5bd0, 0x5bb0, 0x5bd0, 0x5bb0, 0x5bd0, 0x5bb0, 0x5bb0, 0x5bd0, 0x5bb0, 0x5bd0, 
	0x5bb0, 0x5bd0, 0x5bb0, 0x5bd0, 0x5bb0, 0x5bd0, 0x5bb0, 0x5bd0, 0x5bb0, 0x5bd0, 0x5bb0, 0x5bd0, 0x5bb0, 0x5bd0, 0x5bb0, 0x5bd0, 
	0x5bb0, 0x5bd0, 0x5bb0, 0x5bd0, 0x5bb0, 0x5bd0, 0x5bb0, 0x5bd0, 0x5bb0, 0x5bd0, 0x5bb0, 0x5bd0, 0x5bb0, 0x5bd0, 0x5bb0, 0x5bd0, 
	0x5bb0, 0x5bd0, 0x5bb0, 0x5bd0, 0x5bd0, 0x5bb0, 0x5bd0, 0x5bb0, 0x5bd0, 0x5bb0, 0x5bd0, 0x5bb0, 0x5bd0, 0x5bb0, 0x5bd0, 0x5bb0, 
	0x5bd0, 0x5bb0, 0x5bd0, 0x5bb0, 0x5bd0, 0x5bb0, 0x5bd0, 0x5bb0, 0x5bd0, 0x5bb0, 0x5bd0, 0x5bb0, 0x5bd0, 0x5bb0, 0x5bd0, 0x5bb0, 
	0x5bd0, 0x5bb0, 0x5bd0, 0x5bb0, 0x5bd0, 0x5bb0, 0x5bd0, 0x5bb0, 0x5bd0, 0x5bb0, 0x5bd0, 0x5bb0, 0x5bb0, 0x5bd0, 0x5bb0, 0x5bd0, 
	0x5bb0, 0x5bd0, 0x5bb0, 0x5bb0, 0x5bb0, 0x5bb0, 0x5bb0, 0x5bb0, 0x5bb0, 0x5bb0, 0x5bb0, 0x5bb0, 0x5bb0, 0x5bb0, 0x5bb0, 0x7bef, 
	0x8410, 0x7c10, 0x6bcf, 0x5bb0, 0x5bb0, 0x5bb0, 0x5bb0, 0x5bb0, 0x5bb0, 0x5bb0, 0x5bb0, 0x5bb0, 0x5bb0, 0x5bb0, 0x5bb0, 0x5bb0, 
	0x5bb0, 0x5bb0, 0x5bb0, 0x5bb0, 0x5bb0, 0x5bb0, 0x5bb0, 0x5bb0, 0x5bb0, 0x5bb0, 0x5bd0, 0x5bb0, 0x5bd0, 0x5bb0, 0x5bd0, 0x5bb0, 
	0x5bd0, 0x5bb0, 0x5bd0, 0x5bb0, 0x5bd0, 0x5bb0, 0x5bd0, 0x5bb0, 0x5bd0, 0x5bb0, 0x5bd0, 0x5bb0, 0x5bd0, 0x5bb0, 0x5bd0, 0x5bb0, 
	0x5bd0, 0x5bb0, 0x5bd0, 0x5bb0, 0x5bd0, 0x5bb0, 0x5bd0, 0x5bb0, 0x5bd0, 0x5bb0, 0x5bd0, 0x5bb0, 0x5bb0, 0x5bd0, 0x5bb0, 0x5bd0, 
	0x5bb0, 0x5bd0, 0x5bb0, 0x5bd0, 0x5bb0, 0x5bd0, 0x5bb0, 0x5bd0, 0x5bb0, 0x5bd0, 0x5bb0, 0x5bd0, 0x5bb0, 0x5bd0, 0x5bb0, 0x5bd0, 
	0x5bb0, 0x5bd0, 0x5bb0, 0x5bd0, 0x5bb0, 0x5bd0, 0x5bb0, 0x5bd0, 0x5bb0, 0x5bd0, 0x5bb0, 0x5bd0, 0x5bb0, 0x5bd0, 0x5bb0, 0x5bd0, 
	0x5bb0, 0x5bd0, 0x5bb0, 0x5bd0, 0x5bd0, 0x5bb0, 0x5bd0, 0x5bb0, 0x5bd0, 0x5bb0, 0x5bd0, 0x5bb0, 0x5bd0, 0x5bb0, 0x5bd0, 0x5bb0, 
	0x5bd0, 0x5bb0, 0x5bd0, 0x5bb0, 0x5bd0, 0x5bb0, 0x5bd0, 0x5bb0, 0x5bd0, 0x5bb0, 0x5bd0, 0x5bb0, 0x5bd0, 0x5bb0, 0x5bd0, 0x5bb0, 
	0x5bd0, 0x5bb0, 0x5bd0, 0x5bb0, 0x5bd0, 0x5bb0, 0x5bd0, 0x5bb0, 0x5bd0, 0x5bb0, 0x5bd0, 0x5bb0, 0x5bb0, 0x5bd0, 0x5bb0, 0x5bb0, 
	0x5bb0, 0x5bb0, 0x5bb0, 0x5bb0, 0x5bb0, 0x5bb0, 0x5bb0, 0x5bb0, 0x5bb0, 0x5bb0, 0x5bb0, 0x5bb0, 0x5bb0, 0x5bb0, 0x5bb0, 0x7bef, 
	0x8410, 0x7c10, 0x6bcf, 0x5bb0, 0x5bb0, 0x5bb0, 0x5bb0, 0x5bb0, 0x5bb0, 0x5bb0, 0x5bb0, 0x5bb0, 0x5bb0, 0x5bb0, 0x5bb0, 0x5bb0, 
	0x5bb0, 0x5bb0, 0x5bb0, 0x5bb0, 0x5bb0, 0x5bb0, 0x5bb0, 0x5bb0, 0x5bb0, 0x5bb0, 0x5bd0, 0x5bb0, 0x5bd0, 0x5bb0, 0x5bd0, 0x5bb0, 
	0x5bd0, 0x5bb0, 0x5bd0, 0x5bb0, 0x5bd0, 0x5bb0, 0x5bd0, 0x5bb0, 0x5bd0, 0x5bb0, 0x5bd0, 0x5bb0, 0x5bd0, 0x5bb0, 0x5bd0, 0x5bb0, 
	0x5bd0, 0x5bb0, 0x5bd0, 0x5bb0, 0x5bd0, 0x5bb0, 0x5bd0, 0x5bb0, 0x5bd0, 0x5bb0, 0x5bd0, 0x5bb0, 0x5bb0, 0x5bd0, 0x5bb0, 0x5bd0, 
	0x5bb0, 0x5bd0, 0x5bb0, 0x5bd0, 0x5bb0, 0x5bd0, 0x5bb0, 0x5bd0, 0x5bb0, 0x5bd0, 0x5bb0, 0x5bd0, 0x5bb0, 0x5bd0, 0x5bb0, 0x5bd0, 
	0x5bb0, 0x5bd0, 0x5bb0, 0x5bd0, 0x5bb0, 0x5bd0, 0x5bb0, 0x5bd0, 0x5bb0, 0x5bd0, 0x5bb0, 0x5bd0, 0x5bb0, 0x5bd0, 0x5bb0, 0x5bd0, 
	0x5bb0, 0x5bd0, 0x5bb0, 0x5bd0, 0x5bd0, 0x5bb0, 0x5bd0, 0x5bb0, 0x5bd0, 0x5bb0, 0x5bd0, 0x5bb0, 0x5bd0, 0x5bb0, 0x5bd0, 0x5bb0, 
	0x5bd0, 0x5bb0, 0x5bd0, 0x5bb0, 0x5bd0, 0x5bb0, 0x5bd0, 0x5bb0, 0x5bd0, 0x5bb0, 0x5bd0, 0x5bb0, 0x5bd0, 0x5bb0, 0x5bd0, 0x5bb0, 
	0x5bd0, 0x5bb0, 0x5bd0, 0x5bb0, 0x5bd0, 0x5bb0, 0x5bd0, 0x5bb0, 0x5bd0, 0x5bb0, 0x5bd0, 0x5bb0, 0x5bb0, 0x5bd0, 0x5bb0, 0x5bb0, 
	0x5bb0, 0x5bb0, 0x5bb0, 0x5bb0, 0x5bb0, 0x5bb0, 0x5bb0, 0x5bb0, 0x5bb0, 0x5bb0, 0x5bb0, 0x5bb0, 0x5bb0, 0x5bb0, 0x5bb0, 0x7bef, 
	0x8410, 0x7c10, 0x6bcf, 0x5bb0, 0x5bb0, 0x5bb0, 0x5bb0, 0x5bb0, 0x5bb0, 0x5bb0, 0x5bb0, 0x5bb0, 0x5bb0, 0x5bb0, 0x5bb0, 0x5bb0, 
	0x5bb0, 0x5bb0, 0x5bb0, 0x5bb0, 0x5bb0, 0x5bb0, 0x5bb0, 0x5bb0, 0x5bb0, 0x5bb0, 0x5bb0, 0x5bb0, 0x5bb0, 0x5bb0, 0x5bd0, 0x5bb0, 
	0x5bd0, 0x5bb0, 0x5bd0, 0x5bb0, 0x5bd0, 0x5bb0, 0x5bd0, 0x5bb0, 0x5bd0, 0x5bb0, 0x5bd0, 0x5bb0, 0x5bd0, 0x5bb0, 0x5bd0, 0x5bb0, 
	0x5bd0, 0x5bb0, 0x5bd0, 0x5bb0, 0x5bd0, 0x5bb0, 0x5bd0, 0x5bb0, 0x5bd0, 0x5bb0, 0x5bd0, 0x5bb0, 0x5bb0, 0x5bd0, 0x5bb0, 0x5bd0, 
	0x5bb0, 0x5bd0, 0x5bb0, 0x5bd0, 0x5bb0, 0x5bd0, 0x5bb0, 0x5bd0, 0x5bb0, 0x5bd0, 0x5bb0, 0x5bd0, 0x5bb0, 0x5bd0, 0x5bb0, 0x5bd0, 
	0x5bb0, 0x5bd0, 0x5bb0, 0x5bd0, 0x5bb0, 0x5bd0, 0x5bb0, 0x5bd0, 0x5bb0, 0x5bd0, 0x5bb0, 0x5bd0, 0x5bb0, 0x5bd0, 0x5bb0, 0x5bd0, 
	0x5bb0, 0x5bd0, 0x5bb0, 0x5bd0, 0x5bd0, 0x5bb0, 0x5bd0, 0x5bb0, 0x5bd0, 0x5bb0, 0x5bd0, 0x5bb0, 0x5bd0, 0x5bb0, 0x5bd0, 0x5bb0, 
	0x5bd0, 0x5bb0, 0x5bd0, 0x5bb0, 0x5bd0, 0x5bb0, 0x5bd0, 0x5bb0, 0x5bd0, 0x5bb0, 0x5bd0, 0x5bb0, 0x5bd0, 0x5bb0, 0x5bd0, 0x5bb0, 
	0x5bd0, 0x5bb0, 0x5bd0, 0x5bb0, 0x5bd0, 0x5bb0, 0x5bd0, 0x5bb0, 0x5bd0, 0x5bb0, 0x5bd0, 0x5bb0, 0x5bb0, 0x5bb0, 0x5bb0, 0x5bb0, 
	0x5bb0, 0x5bb0, 0x5bb0, 0x5bb0, 0x5bb0, 0x5bb0, 0x5bb0, 0x5bb0, 0x5bb0, 0x5bb0, 0x5bb0, 0x5bb0, 0x5bb0, 0x5bb0, 0x5bb0, 0x7bef, 
	0x8410, 0x7c10, 0x6bcf, 0x5bb0, 0x5bb0, 0x5bb0, 0x5bb0, 0x5bb0, 0x5bb0, 0x5bb0, 0x5bb0, 0x5bb0, 0x5bb0, 0x5bb0, 0x5bb0, 0x5bb0, 
	0x5bb0, 0x5bb0, 0x5bb0, 0x5bb0, 0x5bb0, 0x5bb0, 0x5bb0, 0x5bb0, 0x5bb0, 0x5bb0, 0x5bb0, 0x5bb0, 0x5bd0, 0x5bb0, 0x5bd0, 0x5bb0, 
	0x5bd0, 0x5bb0, 0x5bd0, 0x5bb0, 0x5bd0, 0x5bb0, 0x5bd0, 0x5bb0, 0x5bd0, 0x5bb0, 0x5bd0, 0x5bb0, 0x5bd0, 0x5bb0, 0x5bd0, 0x5bb0, 
	0x5bd0, 0x5bb0, 0x5bd0, 0x5bb0, 0x5bd0, 0x5bb0, 0x5bd0, 0x5bb0, 0x5bd0, 0x5bb0, 0x5bd0, 0x5bb0, 0x5bb0, 0x5bd0, 0x5bb0, 0x5bd0, 
	0x5bb0, 0x5bd0, 0x5bb0, 0x5bd0, 0x5bb0, 0x5bd0, 0x5bb0, 0x5bd0, 0x5bb0, 0x5bd0, 0x5bb0, 0x5bd0, 0x5bb0, 0x5bd0, 0x5bb0, 0x5bd0, 
	0x5bb0, 0x5bd0, 0x5bb0, 0x5bd0, 0x5bb0, 0x5bd0, 0x5bb0, 0x5bd0, 0x5bb0, 0x5bd0, 0x5bb0, 0x5bd0, 0x5bb0, 0x5bd0, 0x5bb0, 0x5bd0, 
	0x5bb0, 0x5bd0, 0x5bb0, 0x5bd0, 0x5bd0, 0x5bb0, 0x5bd0, 0x5bb0, 0x5bd0, 0x5bb0, 0x5bd0, 0x5bb0, 0x5bd0, 0x5bb0, 0x5bd0, 0x5bb0, 
	0x5bd0, 0x5bb0, 0x5bd0, 0x5bb0, 0x5bd0, 0x5bb0, 0x5bd0, 0x5bb0, 0x5bd0, 0x5bb0, 0x5bd0, 0x5bb0, 0x5bd0, 0x5bb0, 0x5bd0, 0x5bb0, 
	0x5bd0, 0x5bb0, 0x5bd0, 0x5bb0, 0x5bd0, 0x5bb0, 0x5bd0, 0x5bb0, 0x5bd0, 0x5bb0, 0x5bd0, 0x5bb0, 0x5bb0, 0x5bb0, 0x5bb0, 0x5bb0, 
	0x5bb0, 0x5bb0, 0x5bb0, 0x5bb0, 0x5bb0, 0x5bb0, 0x5bb0, 0x5bb0, 0x5bb0, 0x5bb0, 0x5bb0, 0x5bb0, 0x5bb0, 0x5bb0, 0x5bb0, 0x7bef, 
	0x8410, 0x7c10, 0x6bcf, 0x5bb0, 0x5bb0, 0x5bb0, 0x5bb0, 0x5bb0, 0x5bb0, 0x5bb0, 0x5bb0, 0x5bb0, 0x5bb0, 0x5bb0, 0x5bb0, 0x5bb0, 
	0x5bb0, 0x5bb0, 0x5bb0, 0x5bb0, 0x5bb0, 0x5bb0, 0x5bb0, 0x5bb0, 0x5bb0, 0x5bb0, 0x5bb0, 0x5bb0, 0x5bb0, 0x5bb0, 0x5bb0, 0x5bb0, 
	0x5bb0, 0x5bb0, 0x5bb0, 0x5bb0, 0x5bd0, 0x5bb0, 0x5bd0, 0x5bb0, 0x5bd0, 0x5bb0, 0x5bd0, 0x5bb0, 0x5bd0, 0x5bb0, 0x5bd0, 0x5bb0, 
	0x5bd0, 0x5bb0, 0x5bd0, 0x5bb0, 0x5bd0, 0x5bb0, 0x5bd0, 0x5bb0, 0x5bd0, 0x5bb0, 0x5bd0, 0x5bb0, 0x5bb0, 0x5bd0, 0x5bb0, 0x5bd0, 
	0x5bb0, 0x5bd0, 0x5bb0, 0x5bd0, 0x5bb0, 0x5bd0, 0x5bb0, 0x5bd0, 0x5bb0, 0x5bd0, 0x5bb0, 0x5bd0, 0x5bb0, 0x5bd0, 0x5bb0, 0x5bd0, 
	0x5bb0, 0x5bd0, 0x5bb0, 0x5bd0, 0x5bb0, 0x5bd0, 0x5bb0, 0x5bd0, 0x5bb0, 0x5bd0, 0x5bb0, 0x5bd0, 0x5bb0, 0x5bd0, 0x5bb0, 0x5bd0, 
	0x5bb0, 0x5bd0, 0x5bb0, 0x5bd0, 0x5bd0, 0x5bb0, 0x5bd0, 0x5bb0, 0x5bd0, 0x5bb0, 0x5bd0, 0x5bb0, 0x5bd0, 0x5bb0, 0x5bd0, 0x5bb0, 
	0x5bd0, 0x5bb0, 0x5bd0, 0x5bb0, 0x5bd0, 0x5bb0, 0x5bd0, 0x5bb0, 0x5bd0, 0x5bb0, 0x5bd0, 0x5bb0, 0x5bd0, 0x5bb0, 0x5bd0, 0x5bb0, 
	0x5bd0, 0x5bb0, 0x5bd0, 0x5bb0, 0x5bd0, 0x5bb0, 0x5bd0, 0x5bb0, 0x5bb0, 0x5bb0, 0x5bb0, 0x5bb0, 0x5bb0, 0x5bb0, 0x5bb0, 0x5bb0, 
	0x5bb0, 0x5bb0, 0x5bb0, 0x5bb0, 0x5bb0, 0x5bb0, 0x5bb0, 0x5bb0, 0x5bb0, 0x5bb0, 0x5bb0, 0x5bb0, 0x5bb0, 0x5bb0, 0x5bb0, 0x7bef, 
	0x8410, 0x7c10, 0x6bcf, 0x5bb0, 0x5bb0, 0x5bb0, 0x5bb0, 0x5bb0, 0x5bb0, 0x5bb0, 0x5bb0, 0x5bb0, 0x5bb0, 0x5bb0, 0x5bb0, 0x5bb0, 
	0x5bb0, 0x5bb0, 0x5bb0, 0x5bb0, 0x5bb0, 0x5bb0, 0x5bb0, 0x5bb0, 0x5bb0, 0x5bb0, 0x5bb0, 0x5bb0, 0x5bb0, 0x5bb0, 0x5bb0, 0x5bb0, 
	0x5bd0, 0x5bb0, 0x5bd0, 0x5bb0, 0x5bd0, 0x5bb0, 0x5bd0, 0x5bb0, 0x5bd0, 0x5bb0, 0x5bd0, 0x5bb0, 0x5bd0, 0x5bb0, 0x5bd0, 0x5bb0, 
	0x5bd0, 0x5bb0, 0x5bd0, 0x5bb0, 0x5bd0, 0x5bb0, 0x5bd0, 0x5bb0, 0x5bd0, 0x5bb0, 0x5bd0, 0x5bb0, 0x5bb0, 0x5bd0, 0x5bb0, 0x5bd0, 
	0x5bb0, 0x5bd0, 0x5bb0, 0x5bd0, 0x5bb0, 0x5bd0, 0x5bb0, 0x5bd0, 0x5bb0, 0x5bd0, 0x5bb0, 0x5bd0, 0x5bb0, 0x5bd0, 0x5bb0, 0x5bd0, 
	0x5bb0, 0x5bd0, 0x5bb0, 0x5bd0, 0x5bb0, 0x5bd0, 0x5bb0, 0x5bd0, 0x5bb0, 0x5bd0, 0x5bb0, 0x5bd0, 0x5bb0, 0x5bd0, 0x5bb0, 0x5bd0, 
	0x5bb0, 0x5bd0, 0x5bb0, 0x5bd0, 0x5bd0, 0x5bb0, 0x5bd0, 0x5bb0, 0x5bd0, 0x5bb0, 0x5bd0, 0x5bb0, 0x5bd0, 0x5bb0, 0x5bd0, 0x5bb0, 
	0x5bd0, 0x5bb0, 0x5bd0, 0x5bb0, 0x5bd0, 0x5bb0, 0x5bd0, 0x5bb0, 0x5bd0, 0x5bb0, 0x5bd0, 0x5bb0, 0x5bd0, 0x5bb0, 0x5bd0, 0x5bb0, 
	0x5bd0, 0x5bb0, 0x5bd0, 0x5bb0, 0x5bd0, 0x5bb0, 0x5bb0, 0x5bb0, 0x5bb0, 0x5bb0, 0x5bb0, 0x5bb0, 0x5bb0, 0x5bb0, 0x5bb0, 0x5bb0, 
	0x5bb0, 0x5bb0, 0x5bb0, 0x5bb0, 0x5bb0, 0x5bb0, 0x5bb0, 0x5bb0, 0x5bb0, 0x5bb0, 0x5bb0, 0x5bb0, 0x5bb0, 0x5bb0, 0x5bb0, 0x7bef, 
	0x8410, 0x7c10, 0x6bcf, 0x5bb0, 0x5bb0, 0x5bb0, 0x5bb0, 0x5bb0, 0x5bb0, 0x5bb0, 0x5bb0, 0x5bb0, 0x5bb0, 0x5bb0, 0x5bb0, 0x5bb0, 
	0x5bb0, 0x5bb0, 0x5bb0, 0x5bb0, 0x5bb0, 0x5bb0, 0x5bb0, 0x5bb0, 0x5bb0, 0x5bb0, 0x5bb0, 0x5bb0, 0x5bb0, 0x5bb0, 0x5bb0, 0x5bb0, 
	0x5bb0, 0x5bb0, 0x5bb0, 0x5bb0, 0x5bb0, 0x5bb0, 0x5bb0, 0x5bb0, 0x5bd0, 0x5bb0, 0x5bd0, 0x5bb0, 0x5bd0, 0x5bb0, 0x5bd0, 0x5bb0, 
	0x5bd0, 0x5bb0, 0x5bd0, 0x5bb0, 0x5bd0, 0x5bb0, 0x5bd0, 0x5bb0, 0x5bd0, 0x5bb0, 0x5bd0, 0x5bb0, 0x5bb0, 0x5bd0, 0x5bb0, 0x5bd0, 
	0x5bb0, 0x5bd0, 0x5bb0, 0x5bd0, 0x5bb0, 0x5bd0, 0x5bb0, 0x5bd0, 0x5bb0, 0x5bd0, 0x5bb0, 0x5bd0, 0x5bb0, 0x5bd0, 0x5bb0, 0x5bd0, 
	0x5bb0, 0x5bd0, 0x5bb0, 0x5bd0, 0x5bb0, 0x5bd0, 0x5bb0, 0x5bd0, 0x5bb0, 0x5bd0, 0x5bb0, 0x5bd0, 0x5bb0, 0x5bd0, 0x5bb0, 0x5bd0, 
	0x5bb0, 0x5bd0, 0x5bb0, 0x5bd0, 0x5bd0, 0x5bb0, 0x5bd0, 0x5bb0, 0x5bd0, 0x5bb0, 0x5bd0, 0x5bb0, 0x5bd0, 0x5bb0, 0x5bd0, 0x5bb0, 
	0x5bd0, 0x5bb0, 0x5bd0, 0x5bb0, 0x5bd0, 0x5bb0, 0x5bd0, 0x5bb0, 0x5bd0, 0x5bb0, 0x5bd0, 0x5bb0, 0x5bd0, 0x5bb0, 0x5bd0, 0x5bb0, 
	0x5bd0, 0x5bb0, 0x5bd0, 0x5bb0, 0x5bb0, 0x5bb0, 0x5bb0, 0x5bb0, 0x5bb0, 0x5bb0, 0x5bb0, 0x5bb0, 0x5bb0, 0x5bb0, 0x5bb0, 0x5bb0, 
	0x5bb0, 0x5bb0, 0x5bb0, 0x5bb0, 0x5bb0, 0x5bb0, 0x5bb0, 0x5bb0, 0x5bb0, 0x5bb0, 0x5bb0, 0x5bb0, 0x5bb0, 0x5bb0, 0x5bb0, 0x7bef, 
	0x8410, 0x7c10, 0x6bcf, 0x5bb0, 0x5bb0, 0x5bb0, 0x5bb0, 0x5bb0, 0x5bb0, 0x5bb0, 0x5bb0, 0x5bb0, 0x5bb0, 0x5bb0, 0x5bb0, 0x5bb0, 
	0x5bb0, 0x5bb0, 0x5bb0, 0x5bb0, 0x5bb0, 0x5bb0, 0x5bb0, 0x5bb0, 0x5bb0, 0x5bb0, 0x5bb0, 0x5bb0, 0x5bb0, 0x5bb0, 0x5bb0, 0x5bb0, 
	0x5bb0, 0x5bb0, 0x5bb0, 0x5bb0, 0x5bd0, 0x5bb0, 0x5bd0, 0x5bb0, 0x5bd0, 0x5bb0, 0x5bd0, 0x5bb0, 0x5bd0, 0x5bb0, 0x5bd0, 0x5bb0, 
	0x5bd0, 0x5bb0, 0x5bd0, 0x5bb0, 0x5bd0, 0x5bb0, 0x5bd0, 0x5bb0, 0x5bd0, 0x5bb0, 0x5bd0, 0x5bb0, 0x5bb0, 0x5bd0, 0x5bb0, 0x5bd0, 
	0x5bb0, 0x5bd0, 0x5bb0, 0x5bd0, 0x5bb0, 0x5bd0, 0x5bb0, 0x5bd0, 0x5bb0, 0x5bd0, 0x5bb0, 0x5bd0, 0x5bb0, 0x5bd0, 0x5bb0, 0x5bd0, 
	0x5bb0, 0x5bd0, 0x5bb0, 0x5bd0, 0x5bb0, 0x5bd0, 0x5bb0, 0x5bd0, 0x5bb0, 0x5bd0, 0x5bb0, 0x5bd0, 0x5bb0, 0x5bd0, 0x5bb0, 0x5bd0, 
	0x5bb0, 0x5bd0, 0x5bb0, 0x5bd0, 0x5bd0, 0x5bb0, 0x5bd0, 0x5bb0, 0x5bd0, 0x5bb0, 0x5bd0, 0x5bb0, 0x5bd0, 0x5bb0, 0x5bd0, 0x5bb0, 
	0x5bd0, 0x5bb0, 0x5bd0, 0x5bb0, 0x5bd0, 0x5bb0, 0x5bd0, 0x5bb0, 0x5bd0, 0x5bb0, 0x5bd0, 0x5bb0, 0x5bd0, 0x5bb0, 0x5bd0, 0x5bb0, 
	0x5bd0, 0x5bb0, 0x5bb0, 0x5bb0, 0x5bb0, 0x5bb0, 0x5bb0, 0x5bb0, 0x5bb0, 0x5bb0, 0x5bb0, 0x5bb0, 0x5bb0, 0x5bb0, 0x5bb0, 0x5bb0, 
	0x5bb0, 0x5bb0, 0x5bb0, 0x5bb0, 0x5bb0, 0x5bb0, 0x5bb0, 0x5bb0, 0x5bb0, 0x5bb0, 0x5bb0, 0x5bb0, 0x5bb0, 0x5bb0, 0x5bb0, 0x7bef, 
	0x8410, 0x7c10, 0x6bcf, 0x5bb0, 0x5bb0, 0x5bb0, 0x5bb0, 0x5bb0, 0x5bb0, 0x5bb0, 0x5bb0, 0x5bb0, 0x5bb0, 0x5bb0, 0x5bb0, 0x5bb0, 
	0x5bb0, 0x5bb0, 0x5bb0, 0x5bb0, 0x5bb0, 0x5bb0, 0x5bb0, 0x5bb0, 0x5bb0, 0x5bb0, 0x5bb0, 0x5bb0, 0x5bb0, 0x5bb0, 0x5bb0, 0x5bb0, 
	0x5bb0, 0x5bb0, 0x5bb0, 0x5bb0, 0x5bb0, 0x5bb0, 0x5bb0, 0x5bb0, 0x5bb0, 0x5bb0, 0x5bb0, 0x5bb0, 0x5bd0, 0x5bb0, 0x5bd0, 0x5bb0, 
	0x5bd0, 0x5bb0, 0x5bd0, 0x5bb0, 0x5bd0, 0x5bb0, 0x5bd0, 0x5bb0, 0x5bd0, 0x5bb0, 0x5bd0, 0x5bb0, 0x5bb0, 0x5bd0, 0x5bb0, 0x5bd0, 
	0x5bb0, 0x5bd0, 0x5bb0, 0x5bd0, 0x5bb0, 0x5bd0, 0x5bb0, 0x5bd0, 0x5bb0, 0x5bd0, 0x5bb0, 0x5bd0, 0x5bb0, 0x5bd0, 0x5bb0, 0x5bd0, 
	0x5bb0, 0x5bd0, 0x5bb0, 0x5bd0, 0x5bb0, 0x5bd0, 0x5bb0, 0x5bd0, 0x5bb0, 0x5bd0, 0x5bb0, 0x5bd0, 0x5bb0, 0x5bd0, 0x5bb0, 0x5bd0, 
	0x5bb0, 0x5bd0, 0x5bb0, 0x5bd0, 0x5bd0, 0x5bb0, 0x5bd0, 0x5bb0, 0x5bd0, 0x5bb0, 0x5bd0, 0x5bb0, 0x5bd0, 0x5bb0, 0x5bd0, 0x5bb0, 
	0x5bd0, 0x5bb0, 0x5bd0, 0x5bb0, 0x5bd0, 0x5bb0, 0x5bd0, 0x5bb0, 0x5bd0, 0x5bb0, 0x5bd0, 0x5bb0, 0x5bd0, 0x5bb0, 0x5bd0, 0x5bb0, 
	0x5bb0, 0x5bb0, 0x5bb0, 0x5bb0, 0x5bb0, 0x5bb0, 0x5bb0, 0x5bb0, 0x5bb0, 0x5bb0, 0x5bb0, 0x5bb0, 0x5bb0, 0x5bb0, 0x5bb0, 0x5bb0, 
	0x5bb0, 0x5bb0, 0x5bb0, 0x5bb0, 0x5bb0, 0x5bb0, 0x5bb0, 0x5bb0, 0x5bb0, 0x5bb0, 0x5bb0, 0x5bb0, 0x5bb0, 0x5bb0, 0x5bb0, 0x7bef, 
	0x8410, 0x7c10, 0x6bcf, 0x5bb0, 0x5bb0, 0x5bb0, 0x5bb0, 0x5bb0, 0x5bb0, 0x5bb0, 0x5bb0, 0x5bb0, 0x5bb0, 0x5bb0, 0x5bb0, 0x5bb0, 
	0x5bb0, 0x5bb0, 0x5bb0, 0x5bb0, 0x5bb0, 0x5bb0, 0x5bb0, 0x5bb0, 0x5bb0, 0x5bb0, 0x5bb0, 0x5bb0, 0x5bb0, 0x5bb0, 0x5bb0, 0x5bb0, 
	0x5bb0, 0x5bb0, 0x5bb0, 0x5bb0, 0x5bb0, 0x5bb0, 0x5bb0, 0x5bb0, 0x5bb0, 0x5bb0, 0x5bb0, 0x5bb0, 0x5bb0, 0x5bb0, 0x5bb0, 0x5bb0, 
	0x5bb0, 0x5bb0, 0x5bd0, 0x5bb0, 0x5bd0, 0x5bb0, 0x5bd0, 0x5bb0, 0x5bd0, 0x5bb0, 0x5bd0, 0x5bb0, 0x5bb0, 0x5bd0, 0x5bb0, 0x5bd0, 
	0x5bb0, 0x5bd0, 0x5bb0, 0x5bd0, 0x5bb0, 0x5bd0, 0x5bb0, 0x5bd0, 0x5bb0, 0x5bd0, 0x5bb0, 0x5bd0, 0x5bb0, 0x5bd0, 0x5bb0, 0x5bd0, 
	0x5bb0, 0x5bd0, 0x5bb0, 0x5bd0, 0x5bb0, 0x5bd0, 0x5bb0, 0x5bd0, 0x5bb0, 0x5bd0, 0x5bb0, 0x5bd0, 0x5bb0, 0x5bd0, 0x5bb0, 0x5bd0, 
	0x5bb0, 0x5bd0, 0x5bb0, 0x5bd0, 0x5bd0, 0x5bb0, 0x5bd0, 0x5bb0, 0x5bd0, 0x5bb0, 0x5bd0, 0x5bb0, 0x5bd0, 0x5bb0, 0x5bd0, 0x5bb0, 
	0x5bd0, 0x5bb0, 0x5bd0, 0x5bb0, 0x5bd0, 0x5bb0, 0x5bd0, 0x5bb0, 0x5bd0, 0x5bb0, 0x5bd0, 0x5bb0, 0x5bd0, 0x5bb0, 0x5bb0, 0x5bb0, 
	0x5bb0, 0x5bb0, 0x5bb0, 0x5bb0, 0x5bb0, 0x5bb0, 0x5bb0, 0x5bb0, 0x5bb0, 0x5bb0, 0x5bb0, 0x5bb0, 0x5bb0, 0x5bb0, 0x5bb0, 0x5bb0, 
	0x5bb0, 0x5bb0, 0x5bb0, 0x5bb0, 0x5bb0, 0x5bb0, 0x5bb0, 0x5bb0, 0x5bb0, 0x5bb0, 0x5bb0, 0x5bb0, 0x5bb0, 0x5bb0, 0x5bb0, 0x7bef, 
	0x8410, 0x7c10, 0x6bcf, 0x5bb0, 0x5bb0, 0x5bb0, 0x5bb0, 0x5bb0, 0x5bb0, 0x5bb0, 0x5bb0, 0x5bb0, 0x5bb0, 0x5bb0, 0x5bb0, 0x5bb0, 
	0x5bb0, 0x5bb0, 0x5bb0, 0x5bb0, 0x5bb0, 0x5bb0, 0x5bb0, 0x5bb0, 0x5bb0, 0x5bb0, 0x5bb0, 0x5bb0, 0x5bb0, 0x5bb0, 0x5bb0, 0x5bb0, 
	0x5bb0, 0x5bb0, 0x5bb0, 0x5bb0, 0x5bb0, 0x5bb0, 0x5bd0, 0x5bb0, 0x5bd0, 0x5bb0, 0x5bd0, 0x5bb0, 0x5bb0, 0x5bb0, 0x5bb0, 0x5bb0, 
	0x5bb0, 0x5bb0, 0x5bd0, 0x5bb0, 0x5bd0, 0x5bb0, 0x5bd0, 0x5bb0, 0x5bd0, 0x5bb0, 0x5bd0, 0x5bb0, 0x5bb0, 0x5bd0, 0x5bb0, 0x5bd0, 
	0x5bb0, 0x5bd0, 0x5bb0, 0x5bd0, 0x5bb0, 0x5bd0, 0x5bb0, 0x5bd0, 0x5bb0, 0x5bd0, 0x5bb0, 0x5bd0, 0x5bb0, 0x5bd0, 0x5bb0, 0x5bd0, 
	0x5bb0, 0x5bd0, 0x5bb0, 0x5bd0, 0x5bb0, 0x5bd0, 0x5bb0, 0x5bd0, 0x5bb0, 0x5bd0, 0x5bb0, 0x5bd0, 0x5bb0, 0x5bd0, 0x5bb0, 0x5bd0, 
	0x5bb0, 0x5bd0, 0x5bb0, 0x5bd0, 0x5bd0, 0x5bb0, 0x5bd0, 0x5bb0, 0x5bd0, 0x5bb0, 0x5bd0, 0x5bb0, 0x5bd0, 0x5bb0, 0x5bd0, 0x5bb0, 
	0x5bd0, 0x5bb0, 0x5bd0, 0x5bb0, 0x5bd0, 0x5bb0, 0x5bd0, 0x5bb0, 0x5bd0, 0x5bb0, 0x5bb0, 0x5bb0, 0x5bb0, 0x5bb0, 0x5bb0, 0x5bb0, 
	0x5bb0, 0x5bb0, 0x5bb0, 0x5bb0, 0x5bb0, 0x5bb0, 0x5bb0, 0x5bb0, 0x5bb0, 0x5bb0, 0x5bb0, 0x5bb0, 0x5bb0, 0x5bb0, 0x5bb0, 0x5bb0, 
	0x5bb0, 0x5bb0, 0x5bb0, 0x5bb0, 0x5bb0, 0x5bb0, 0x5bb0, 0x5bb0, 0x5bb0, 0x5bb0, 0x5bb0, 0x5bb0, 0x5bb0, 0x5bb0, 0x5bb0, 0x7bef, 
	0x8410, 0x7c10, 0x6bcf, 0x5bb0, 0x5bb0, 0x5bb0, 0x5bb0, 0x5bb0, 0x5bb0, 0x5bb0, 0x5bb0, 0x5bb0, 0x5bb0, 0x5bb0, 0x5bb0, 0x5bb0, 
	0x5bb0, 0x5bb0, 0x5bb0, 0x5bb0, 0x5bb0, 0x5bb0, 0x5bb0, 0x5bb0, 0x5bb0, 0x5bb0, 0x5bb0, 0x5bb0, 0x5bb0, 0x5bb0, 0x5bb0, 0x5bb0, 
	0x5bb0, 0x5bb0, 0x5bb0, 0x5bb0, 0x5bb0, 0x5bb0, 0x5bb0, 0x5bb0, 0x5bb0, 0x5bb0, 0x5bb0, 0x5bb0, 0x5bb0, 0x5bb0, 0x5bb0, 0x5bb0, 
	0x5bb0, 0x5bb0, 0x5bb0, 0x5bb0, 0x5bb0, 0x5bb0, 0x5bd0, 0x5bb0, 0x5bd0, 0x5bb0, 0x5bd0, 0x5bb0, 0x5bb0, 0x5bd0, 0x5bb0, 0x5bd0, 
	0x5bb0, 0x5bd0, 0x5bb0, 0x5bd0, 0x5bb0, 0x5bd0, 0x5bb0, 0x5bd0, 0x5bb0, 0x5bd0, 0x5bb0, 0x5bd0, 0x5bb0, 0x5bd0, 0x5bb0, 0x5bd0, 
	0x5bb0, 0x5bd0, 0x5bb0, 0x5bd0, 0x5bb0, 0x5bd0, 0x5bb0, 0x5bd0, 0x5bb0, 0x5bd0, 0x5bb0, 0x5bd0, 0x5bb0, 0x5bd0, 0x5bb0, 0x5bd0, 
	0x5bb0, 0x5bd0, 0x5bb0, 0x5bd0, 0x5bd0, 0x5bb0, 0x5bd0, 0x5bb0, 0x5bd0, 0x5bb0, 0x5bd0, 0x5bb0, 0x5bd0, 0x5bb0, 0x5bd0, 0x5bb0, 
	0x5bd0, 0x5bb0, 0x5bd0, 0x5bb0, 0x5bd0, 0x5bb0, 0x5bd0, 0x5bb0, 0x5bb0, 0x5bb0, 0x5bb0, 0x5bb0, 0x5bb0, 0x5bb0, 0x5bb0, 0x5bb0, 
	0x5bb0, 0x5bb0, 0x5bb0, 0x5bb0, 0x5bb0, 0x5bb0, 0x5bb0, 0x5bb0, 0x5bb0, 0x5bb0, 0x5bb0, 0x5bb0, 0x5bb0, 0x5bb0, 0x5bb0, 0x5bb0, 
	0x5bb0, 0x5bb0, 0x5bb0, 0x5bb0, 0x5bb0, 0x5bb0, 0x5bb0, 0x5bb0, 0x5bb0, 0x5bb0, 0x5bb0, 0x5bb0, 0x5bb0, 0x5bb0, 0x5bb0, 0x7bef, 
	0x8410, 0x7c10, 0x6bcf, 0x5bb0, 0x5bb0, 0x5bb0, 0x5bb0, 0x5bb0, 0x5bb0, 0x5bb0, 0x5bb0, 0x5bb0, 0x5bb0, 0x5bb0, 0x5bb0, 0x5bb0, 
	0x5bb0, 0x5bb0, 0x5bb0, 0x5bb0, 0x5bb0, 0x5bb0, 0x5bb0, 0x5bb0, 0x5bb0, 0x5bb0, 0x5bb0, 0x5bb0, 0x5bb0, 0x5bb0, 0x5bb0, 0x5bb0, 
	0x5bb0, 0x5bb0, 0x5bb0, 0x5bb0, 0x5bb0, 0x5bb0, 0x5bb0, 0x5bb0, 0x5bb0, 0x5bb0, 0x5bb0, 0x5bb0, 0x5bd0, 0x5bb0, 0x5bd0, 0x5bb0, 
	0x5bb0, 0x5bb0, 0x5bb0, 0x5bb0, 0x5bb0, 0x5bb0, 0x5bd0, 0x5bb0, 0x5bd0, 0x5bb0, 0x5bd0, 0x5bb0, 0x5bb0, 0x5bd0, 0x5bb0, 0x5bd0, 
	0x5bb0, 0x5bd0, 0x5bb0, 0x5bd0, 0x5bb0, 0x5bd0, 0x5bb0, 0x5bd0, 0x5bb0, 0x5bd0, 0x5bb0, 0x5bd0, 0x5bb0, 0x5bd0, 0x5bb0, 0x5bd0, 
	0x5bb0, 0x5bd0, 0x5bb0, 0x5bd0, 0x5bb0, 0x5bd0, 0x5bb0, 0x5bd0, 0x5bb0, 0x5bd0, 0x5bb0, 0x5bd0, 0x5bb0, 0x5bd0, 0x5bb0, 0x5bd0, 
	0x5bb0, 0x5bd0, 0x5bb0, 0x5bd0, 0x5bd0, 0x5bb0, 0x5bd0, 0x5bb0, 0x5bd0, 0x5bb0, 0x5bd0, 0x5bb0, 0x5bd0, 0x5bb0, 0x5bd0, 0x5bb0, 
	0x5bd0, 0x5bb0, 0x5bd0, 0x5bb0, 0x5bb0, 0x5bb0, 0x5bb0, 0x5bb0, 0x5bb0, 0x5bb0, 0x5bb0, 0x5bb0, 0x5bb0, 0x5bb0, 0x5bb0, 0x5bb0, 
	0x5bb0, 0x5bb0, 0x5bb0, 0x5bb0, 0x5bb0, 0x5bb0, 0x5bb0, 0x5bb0, 0x5bb0, 0x5bb0, 0x5bb0, 0x5bb0, 0x5bb0, 0x5bb0, 0x5bb0, 0x5bb0, 
	0x5bb0, 0x5bb0, 0x5bb0, 0x5bb0, 0x5bb0, 0x5bb0, 0x5bb0, 0x5bb0, 0x5bb0, 0x5bb0, 0x5bb0, 0x5bb0, 0x5bb0, 0x5bb0, 0x5bb0, 0x7bef, 
	0x8410, 0x7c10, 0x6bcf, 0x5bb0, 0x5bb0, 0x5bb0, 0x5bb0, 0x5bb0, 0x5bb0, 0x5bb0, 0x5bb0, 0x5bb0, 0x5bb0, 0x5bb0, 0x5bb0, 0x5bb0, 
	0x5bb0, 0x5bb0, 0x5bb0, 0x5bb0, 0x5bb0, 0x5bb0, 0x5bb0, 0x5bb0, 0x5bb0, 0x5bb0, 0x5bb0, 0x5bb0, 0x5bb0, 0x5bb0, 0x5bb0, 0x5bb0, 
	0x5bb0, 0x5bb0, 0x5bb0, 0x5bb0, 0x5bb0, 0x5bb0, 0x5bb0, 0x5bb0, 0x5bb0, 0x5bb0, 0x5bb0, 0x5bb0, 0x5bb0, 0x5bb0, 0x5bb0, 0x5bb0, 
	0x5bb0, 0x5bb0, 0x5bb0, 0x5bb0, 0x5bb0, 0x5bb0, 0x5bb0, 0x5bb0, 0x5bb0, 0x5bb0, 0x5bb0, 0x5bb0, 0x5bb0, 0x5bd0, 0x5bb0, 0x5bd0, 
	0x5bb0, 0x5bd0, 0x5bb0, 0x5bd0, 0x5bb0, 0x5bd0, 0x5bb0, 0x5bd0, 0x5bb0, 0x5bd0, 0x5bb0, 0x5bd0, 0x5bb0, 0x5bd0, 0x5bb0, 0x5bd0, 
	0x5bb0, 0x5bd0, 0x5bb0, 0x5bd0, 0x5bb0, 0x5bd0, 0x5bb0, 0x5bd0, 0x5bb0, 0x5bd0, 0x5bb0, 0x5bd0, 0x5bb0, 0x5bd0, 0x5bb0, 0x5bd0, 
	0x5bb0, 0x5bd0, 0x5bb0, 0x5bd0, 0x5bd0, 0x5bb0, 0x5bd0, 0x5bb0, 0x5bd0, 0x5bb0, 0x5bd0, 0x5bb0, 0x5bd0, 0x5bb0, 0x5bd0, 0x5bb0, 
	0x5bd0, 0x5bb0, 0x5bb0, 0x5bb0, 0x5bb0, 0x5bb0, 0x5bb0, 0x5bb0, 0x5bb0, 0x5bb0, 0x5bb0, 0x5bb0, 0x5bb0, 0x5bb0, 0x5bb0, 0x5bb0, 
	0x5bb0, 0x5bb0, 0x5bb0, 0x5bb0, 0x5bb0, 0x5bb0, 0x5bb0, 0x5bb0, 0x5bb0, 0x5bb0, 0x5bb0, 0x5bb0, 0x5bb0, 0x5bb0, 0x5bb0, 0x5bb0, 
	0x5bb0, 0x5bb0, 0x5bb0, 0x5bb0, 0x5bb0, 0x5bb0, 0x5bb0, 0x5bb0, 0x5bb0, 0x5bb0, 0x5bb0, 0x5bb0, 0x5bb0, 0x5bb0, 0x5bb0, 0x7bef, 
	0x8410, 0x7c10, 0x6bcf, 0x5bb0, 0x5bb0, 0x5bb0, 0x5bb0, 0x5bb0, 0x5bb0, 0x5bb0, 0x5bb0, 0x5bb0, 0x5bb0, 0x5bb0, 0x5bb0, 0x5bb0, 
	0x5bb0, 0x5bb0, 0x5bb0, 0x5bb0, 0x5bb0, 0x5bb0, 0x5bb0, 0x5bb0, 0x5bb0, 0x5bb0, 0x5bb0, 0x5bb0, 0x5bb0, 0x5bb0, 0x5bb0, 0x5bb0, 
	0x5bb0, 0x5bb0, 0x5bb0, 0x5bb0, 0x5bb0, 0x5bb0, 0x5bb0, 0x5bb0, 0x5bb0, 0x5bb0, 0x5bb0, 0x5bb0, 0x5bb0, 0x5bb0, 0x5bb0, 0x5bb0, 
	0x5bb0, 0x5bb0, 0x5bb0, 0x5bb0, 0x5bb0, 0x5bb0, 0x5bb0, 0x5bb0, 0x5bb0, 0x5bb0, 0x5bb0, 0x5bb0, 0x5bb0, 0x5bd0, 0x5bb0, 0x5bd0, 
	0x5bb0, 0x5bd0, 0x5bb0, 0x5bd0, 0x5bb0, 0x5bd0, 0x5bb0, 0x5bd0, 0x5bb0, 0x5bd0, 0x5bb0, 0x5bd0, 0x5bb0, 0x5bd0, 0x5bb0, 0x5bd0, 
	0x5bb0, 0x5bd0, 0x5bb0, 0x5bd0, 0x5bb0, 0x5bd0, 0x5bb0, 0x5bd0, 0x5bb0, 0x5bd0, 0x5bb0, 0x5bd0, 0x5bb0, 0x5bd0, 0x5bb0, 0x5bd0, 
	0x5bb0, 0x5bd0, 0x5bb0, 0x5bd0, 0x5bd0, 0x5bb0, 0x5bd0, 0x5bb0, 0x5bd0, 0x5bb0, 0x5bd0, 0x5bb0, 0x5bd0, 0x5bb0, 0x5bb0, 0x5bb0, 
	0x5bb0, 0x5bb0, 0x5bb0, 0x5bb0, 0x5bb0, 0x5bb0, 0x5bb0, 0x5bb0, 0x5bb0, 0x5bb0, 0x5bb0, 0x5bb0, 0x5bb0, 0x5bb0, 0x5bb0, 0x5bb0, 
	0x5bb0, 0x5bb0, 0x5bb0, 0x5bb0, 0x5bb0, 0x5bb0, 0x5bb0, 0x5bb0, 0x5bb0, 0x5bb0, 0x5bb0, 0x5bb0, 0x5bb0, 0x5bb0, 0x5bb0, 0x5bb0, 
	0x5bb0, 0x5bb0, 0x5bb0, 0x5bb0, 0x5bb0, 0x5bb0, 0x5bb0, 0x5bb0, 0x5bb0, 0x5bb0, 0x5bb0, 0x5bb0, 0x5bb0, 0x5bb0, 0x5bb0, 0x7bef, 
	0x8410, 0x7c10, 0x6bcf, 0x5bb0, 0x5bb0, 0x5bb0, 0x5bb0, 0x5bb0, 0x5bb0, 0x5bb0, 0x5bb0, 0x5bb0, 0x5bb0, 0x5bb0, 0x5bb0, 0x5bb0, 
	0x5bb0, 0x5bb0, 0x5bb0, 0x5bb0, 0x5bb0, 0x5bb0, 0x5bb0, 0x5bb0, 0x5bb0, 0x5bb0, 0x5bb0, 0x5bb0, 0x5bb0, 0x5bb0, 0x5bb0, 0x5bb0, 
	0x5bb0, 0x5bb0, 0x5bb0, 0x5bb0, 0x5bb0, 0x5bb0, 0x5bb0, 0x5bb0, 0x5bb0, 0x5bb0, 0x5bb0, 0x5bb0, 0x5bb0, 0x5bb0, 0x5bb0, 0x5bb0, 
	0x5bb0, 0x5bb0, 0x5bb0, 0x5bb0, 0x5bb0, 0x5bb0, 0x5bb0, 0x5bb0, 0x5bb0, 0x5bb0, 0x5bb0, 0x5bb0, 0x5bb0, 0x5bb0, 0x5bb0, 0x5bb0, 
	0x5bb0, 0x5bd0, 0x5bb0, 0x5bd0, 0x5bb0, 0x5bd0, 0x5bb0, 0x5bd0, 0x5bb0, 0x5bd0, 0x5bb0, 0x5bd0, 0x5bb0, 0x5bd0, 0x5bb0, 0x5bd0, 
	0x5bb0, 0x5bd0, 0x5bb0, 0x5bd0, 0x5bb0, 0x5bd0, 0x5bb0, 0x5bd0, 0x5bb0, 0x5bd0, 0x5bb0, 0x5bd0, 0x5bb0, 0x5bd0, 0x5bb0, 0x5bd0, 
	0x5bb0, 0x5bd0, 0x5bb0, 0x5bd0, 0x5bd0, 0x5bb0, 0x5bd0, 0x5bb0, 0x5bd0, 0x5bb0, 0x5bd0, 0x5bb0, 0x5bb0, 0x5bb0, 0x5bb0, 0x5bb0, 
	0x5bb0, 0x5bb0, 0x5bb0, 0x5bb0, 0x5bb0, 0x5bb0, 0x5bb0, 0x5bb0, 0x5bb0, 0x5bb0, 0x5bb0, 0x5bb0, 0x5bb0, 0x5bb0, 0x5bb0, 0x5bb0, 
	0x5bb0, 0x5bb0, 0x5bb0, 0x5bb0, 0x5bb0, 0x5bb0, 0x5bb0, 0x5bb0, 0x5bb0, 0x5bb0, 0x5bb0, 0x5bb0, 0x5bb0, 0x5bb0, 0x5bb0, 0x5bb0, 
	0x5bb0, 0x5bb0, 0x5bb0, 0x5bb0, 0x5bb0, 0x5bb0, 0x5bb0, 0x5bb0, 0x5bb0, 0x5bb0, 0x5bb0, 0x5bb0, 0x5bb0, 0x5bb0, 0x5bb0, 0x7bef, 
	0x8410, 0x7c10, 0x6bcf, 0x5bb0, 0x5bb0, 0x5bb0, 0x5bb0, 0x5bb0, 0x5bb0, 0x5bb0, 0x5bb0, 0x5bb0, 0x5bb0, 0x5bb0, 0x5bb0, 0x5bb0, 
	0x5bb0, 0x5bb0, 0x5bb0, 0x5bb0, 0x5bb0, 0x5bb0, 0x5bb0, 0x5bb0, 0x5bb0, 0x5bb0, 0x5bb0, 0x5bb0, 0x5bb0, 0x5bb0, 0x5bb0, 0x5bb0, 
	0x5bb0, 0x5bb0, 0x5bb0, 0x5bb0, 0x5bb0, 0x5bb0, 0x5bb0, 0x5bb0, 0x5bb0, 0x5bb0, 0x5bb0, 0x5bb0, 0x5bb0, 0x5bb0, 0x5bb0, 0x5bb0, 
	0x5bb0, 0x5bb0, 0x5bb0, 0x5bb0, 0x5bb0, 0x5bb0, 0x5bb0, 0x5bb0, 0x5bb0, 0x5bb0, 0x5bb0, 0x5bb0, 0x5bb0, 0x5bb0, 0x5bb0, 0x5bb0, 
	0x5bb0, 0x5bd0, 0x5bb0, 0x5bd0, 0x5bb0, 0x5bd0, 0x5bb0, 0x5bd0, 0x5bb0, 0x5bd0, 0x5bb0, 0x5bd0, 0x5bb0, 0x5bd0, 0x5bb0, 0x5bd0, 
	0x5bb0, 0x5bd0, 0x5bb0, 0x5bd0, 0x5bb0, 0x5bd0, 0x5bb0, 0x5bd0, 0x5bb0, 0x5bd0, 0x5bb0, 0x5bd0, 0x5bb0, 0x5bd0, 0x5bb0, 0x5bd0, 
	0x5bb0, 0x5bd0, 0x5bb0, 0x5bd0, 0x5bd0, 0x5bb0, 0x5bd0, 0x5bb0, 0x5bb0, 0x5bb0, 0x5bb0, 0x5bb0, 0x5bb0, 0x5bb0, 0x5bb0, 0x5bb0, 
	0x5bb0, 0x5bb0, 0x5bb0, 0x5bb0, 0x5bb0, 0x5bb0, 0x5bb0, 0x5bb0, 0x5bb0, 0x5bb0, 0x5bb0, 0x5bb0, 0x5bb0, 0x5bb0, 0x5bb0, 0x5bb0, 
	0x5bb0, 0x5bb0, 0x5bb0, 0x5bb0, 0x5bb0, 0x5bb0, 0x5bb0, 0x5bb0, 0x5bb0, 0x5bb0, 0x5bb0, 0x5bb0, 0x5bb0, 0x5bb0, 0x5bb0, 0x5bb0, 
	0x5bb0, 0x5bb0, 0x5bb0, 0x5bb0, 0x5bb0, 0x5bb0, 0x5bb0, 0x5bb0, 0x5bb0, 0x5bb0, 0x5bb0, 0x5bb0, 0x5bb0, 0x5bb0, 0x5bb0, 0x7bef, 
	0x8410, 0x7c10, 0x6bcf, 0x5bb0, 0x5bb0, 0x5bb0, 0x5bb0, 0x5bb0, 0x5bb0, 0x5bb0, 0x5bb0, 0x5bb0, 0x5bb0, 0x5bb0, 0x5bb0, 0x5bb0, 
	0x5bb0, 0x5bb0, 0x5bb0, 0x5bb0, 0x5bb0, 0x5bb0, 0x5bb0, 0x5bb0, 0x5bb0, 0x5bb0, 0x5bb0, 0x5bb0, 0x5bb0, 0x5bb0, 0x5bb0, 0x5bb0, 
	0x5bb0, 0x5bb0, 0x5bb0, 0x5bb0, 0x5bb0, 0x5bb0, 0x5bb0, 0x5bb0, 0x5bb0, 0x5bb0, 0x5bb0, 0x5bb0, 0x5bb0, 0x5bb0, 0x5bb0, 0x5bb0, 
	0x5bb0, 0x5bb0, 0x5bb0, 0x5bb0, 0x5bb0, 0x5bb0, 0x5bb0, 0x5bb0, 0x5bb0, 0x5bb0, 0x5bb0, 0x5bb0, 0x5bb0, 0x5bb0, 0x5bb0, 0x5bb0, 
	0x5bb0, 0x5bb0, 0x5bb0, 0x5bb0, 0x5bb0, 0x5bd0, 0x5bb0, 0x5bd0, 0x5bb0, 0x5bd0, 0x5bb0, 0x5bd0, 0x5bb0, 0x5bd0, 0x5bb0, 0x5bd0, 
	0x5bb0, 0x5bd0, 0x5bb0, 0x5bd0, 0x5bb0, 0x5bd0, 0x5bb0, 0x5bd0, 0x5bb0, 0x5bd0, 0x5bb0, 0x5bd0, 0x5bb0, 0x5bd0, 0x5bb0, 0x5bd0, 
	0x5bb0, 0x5bd0, 0x5bb0, 0x5bd0, 0x5bb0, 0x5bb0, 0x5bb0, 0x5bb0, 0x5bb0, 0x5bb0, 0x5bb0, 0x5bb0, 0x5bb0, 0x5bb0, 0x5bb0, 0x5bb0, 
	0x5bb0, 0x5bb0, 0x5bb0, 0x5bb0, 0x5bb0, 0x5bb0, 0x5bb0, 0x5bb0, 0x5bb0, 0x5bb0, 0x5bb0, 0x5bb0, 0x5bb0, 0x5bb0, 0x5bb0, 0x5bb0, 
	0x5bb0, 0x5bb0, 0x5bb0, 0x5bb0, 0x5bb0, 0x5bb0, 0x5bb0, 0x5bb0, 0x5bb0, 0x5bb0, 0x5bb0, 0x5bb0, 0x5bb0, 0x5bb0, 0x5bb0, 0x5bb0, 
	0x5bb0, 0x5bb0, 0x5bb0, 0x5bb0, 0x5bb0, 0x5bb0, 0x5bb0, 0x5bb0, 0x5bb0, 0x5bb0, 0x5bb0, 0x5bb0, 0x5bb0, 0x5bb0, 0x5bb0, 0x7bef, 
	0x8410, 0x7c10, 0x6bcf, 0x5bb0, 0x5bb0, 0x5bb0, 0x5bb0, 0x5bb0, 0x5bb0, 0x5bb0, 0x5bb0, 0x5bb0, 0x5bb0, 0x5bb0, 0x5bb0, 0x5bb0, 
	0x5bb0, 0x5bb0, 0x5bb0, 0x5bb0, 0x5bb0, 0x5bb0, 0x5bb0, 0x5bb0, 0x5bb0, 0x5bb0, 0x5bb0, 0x5bb0, 0x5bb0, 0x5bb0, 0x5bb0, 0x5bb0, 
	0x5bb0, 0x5bb0, 0x5bb0, 0x5bb0, 0x5bb0, 0x5bb0, 0x5bb0, 0x5bb0, 0x5bb0, 0x5bb0, 0x5bb0, 0x5bb0, 0x5bb0, 0x5bb0, 0x5bb0, 0x5bb0, 
	0x5bb0, 0x5bb0, 0x5bb0, 0x5bb0, 0x5bb0, 0x5bb0, 0x5bb0, 0x5bb0, 0x5bb0, 0x5bb0, 0x5bb0, 0x5bb0, 0x5bb0, 0x5bb0, 0x5bb0, 0x5bb0, 
	0x5bb0, 0x5bd0, 0x5bb0, 0x5bd0, 0x5bb0, 0x5bd0, 0x5bb0, 0x5bd0, 0x5bb0, 0x5bd0, 0x5bb0, 0x5bd0, 0x5bb0, 0x5bd0, 0x5bb0, 0x5bd0, 
	0x5bb0, 0x5bd0, 0x5bb0, 0x5bd0, 0x5bb0, 0x5bd0, 0x5bb0, 0x5bd0, 0x5bb0, 0x5bd0, 0x5bb0, 0x5bd0, 0x5bb0, 0x5bd0, 0x5bb0, 0x5bd0, 
	0x5bb0, 0x5bb0, 0x5bb0, 0x5bb0, 0x5bb0, 0x5bb0, 0x5bb0, 0x5bb0, 0x5bb0, 0x5bb0, 0x5bb0, 0x5bb0, 0x5bb0, 0x5bb0, 0x5bb0, 0x5bb0, 
	0x5bb0, 0x5bb0, 0x5bb0, 0x5bb0, 0x5bb0, 0x5bb0, 0x5bb0, 0x5bb0, 0x5bb0, 0x5bb0, 0x5bb0, 0x5bb0, 0x5bb0, 0x5bb0, 0x5bb0, 0x5bb0, 
	0x5bb0, 0x5bb0, 0x5bb0, 0x5bb0, 0x5bb0, 0x5bb0, 0x5bb0, 0x5bb0, 0x5bb0, 0x5bb0, 0x5bb0, 0x5bb0, 0x5bb0, 0x5bb0, 0x5bb0, 0x5bb0, 
	0x5bb0, 0x5bb0, 0x5bb0, 0x5bb0, 0x5bb0, 0x5bb0, 0x5bb0, 0x5bb0, 0x5bb0, 0x5bb0, 0x5bb0, 0x5bb0, 0x5bb0, 0x5bb0, 0x5bb0, 0x7bef, 
	0x8410, 0x7c10, 0x6bcf, 0x5bb0, 0x5bb0, 0x5bb0, 0x5bb0, 0x5bb0, 0x5bb0, 0x5bb0, 0x5bb0, 0x5bb0, 0x5bb0, 0x5bb0, 0x5bb0, 0x5bb0, 
	0x5bb0, 0x5bb0, 0x5bb0, 0x5bb0, 0x5bb0, 0x5bb0, 0x5bb0, 0x5bb0, 0x5bb0, 0x5bb0, 0x5bb0, 0x5bb0, 0x5bb0, 0x5bb0, 0x5bb0, 0x5bb0, 
	0x5bb0, 0x5bb0, 0x5bb0, 0x5bb0, 0x5bb0, 0x5bb0, 0x5bb0, 0x5bb0, 0x5bb0, 0x5bb0, 0x5bb0, 0x5bb0, 0x5bb0, 0x5bb0, 0x5bb0, 0x5bb0, 
	0x5bb0, 0x5bb0, 0x5bb0, 0x5bb0, 0x5bb0, 0x5bb0, 0x5bb0, 0x5bb0, 0x5bb0, 0x5bb0, 0x5bb0, 0x5bb0, 0x5bb0, 0x5bb0, 0x5bb0, 0x5bb0, 
	0x5bb0, 0x5bb0, 0x5bb0, 0x5bb0, 0x5bb0, 0x5bb0, 0x5bb0, 0x5bb0, 0x5bb0, 0x5bb0, 0x5bb0, 0x5bb0, 0x5bb0, 0x5bb0, 0x5bb0, 0x5bb0, 
	0x5bb0, 0x5bb0, 0x5bb0, 0x5bb0, 0x5bb0, 0x5bb0, 0x5bb0, 0x5bb0, 0x5bb0, 0x5bb0, 0x5bb0, 0x5bb0, 0x5bb0, 0x5bb0, 0x5bb0, 0x5bb0, 
	0x5bb0, 0x5bb0, 0x5bb0, 0x5bb0, 0x5bb0, 0x5bb0, 0x5bb0, 0x5bb0, 0x5bb0, 0x5bb0, 0x5bb0, 0x5bb0, 0x5bb0, 0x5bb0, 0x5bb0, 0x5bb0, 
	0x5bb0, 0x5bb0, 0x5bb0, 0x5bb0, 0x5bb0, 0x5bb0, 0x5bb0, 0x5bb0, 0x5bb0, 0x5bb0, 0x5bb0, 0x5bb0, 0x5bb0, 0x5bb0, 0x5bb0, 0x5bb0, 
	0x5bb0, 0x5bb0, 0x5bb0, 0x5bb0, 0x5bb0, 0x5bb0, 0x5bb0, 0x5bb0, 0x5bb0, 0x5bb0, 0x5bb0, 0x5bb0, 0x5bb0, 0x5bb0, 0x5bb0, 0x5bb0, 
	0x5bb0, 0x5bb0, 0x5bb0, 0x5bb0, 0x5bb0, 0x5bb0, 0x5bb0, 0x5bb0, 0x5bb0, 0x5bb0, 0x5bb0, 0x5bb0, 0x5bb0, 0x5bb0, 0x5bb0, 0x7bef, 
	0x8410, 0x8410, 0x7bef, 0x7bef, 0x7bef, 0x7bef, 0x7bef, 0x7bef, 0x7bef, 0x7bef, 0x7bef, 0x7bef, 0x7bef, 0x7bef, 0x7bef, 0x7bef, 
	0x7bef, 0x7bef, 0x7bef, 0x7bef, 0x7bef, 0x7bef, 0x7bef, 0x7bef, 0x7bef, 0x7bef, 0x7bef, 0x7bef, 0x7bef, 0x7bef, 0x7bef, 0x7bef, 
	0x7bef, 0x7bef, 0x7bef, 0x7bef, 0x7bef, 0x7bef, 0x7bef, 0x7bef, 0x7bef, 0x7bef, 0x7bef, 0x7bef, 0x7bef, 0x7bef, 0x7bef, 0x7bef, 
	0x7bef, 0x7bef, 0x7bef, 0x7bef, 0x7bef, 0x7bef, 0x7bef, 0x7bef, 0x7bef, 0x7bef, 0x7bef, 0x7bef, 0x7bef, 0x7bef, 0x7bef, 0x7bef, 
	0x7bef, 0x7bef, 0x7bef, 0x7bef, 0x7bef, 0x7bef, 0x7bef, 0x7bef, 0x7bef, 0x7bef, 0x7bef, 0x7bef, 0x7bef, 0x7bef, 0x7bef, 0x7bef, 
	0x7bef, 0x7bef, 0x7bef, 0x7bef, 0x7bef, 0x7bef, 0x7bef, 0x7bef, 0x7bef, 0x7bef, 0x7bef, 0x7bef, 0x7bef, 0x7bef, 0x7bef, 0x7bef, 
	0x7bef, 0x7bef, 0x7bef, 0x7bef, 0x7bef, 0x7bef, 0x7bef, 0x7bef, 0x7bef, 0x7bef, 0x7bef, 0x7bef, 0x7bef, 0x7bef, 0x7bef, 0x7bef, 
	0x7bef, 0x7bef, 0x7bef, 0x7bef, 0x7bef, 0x7bef, 0x7bef, 0x7bef, 0x7bef, 0x7bef, 0x7bef, 0x7bef, 0x7bef, 0x7bef, 0x7bef, 0x7bef, 
	0x7bef, 0x7bef, 0x7bef, 0x7bef, 0x7bef, 0x7bef, 0x7bef, 0x7bef, 0x7bef, 0x7bef, 0x7bef, 0x7bef, 0x7bef, 0x7bef, 0x7bef, 0x7bef, 
	0x7bef, 0x7bef, 0x7bef, 0x7bef, 0x7bef, 0x7bef, 0x7bef, 0x7bef, 0x7bef, 0x7bef, 0x7bef, 0x7bef, 0x7bef, 0x7bef, 0x7bef, 0x7bef, 
	0x8410, 0x8410, 0x8410, 0x8410, 0x8410, 0x8410, 0x8410, 0x8410, 0x8410, 0x8410, 0x8410, 0x8410, 0x8410, 0x8410, 0x8410, 0x8410, 
	0x8410, 0x8410, 0x8410, 0x8410, 0x8410, 0x8410, 0x8410, 0x8410, 0x8410, 0x8410, 0x8410, 0x8410, 0x8410, 0x8410, 0x8410, 0x8410, 
	0x8410, 0x8410, 0x8410, 0x8410, 0x8410, 0x8410, 0x8410, 0x8410, 0x8410, 0x8410, 0x8410, 0x8410, 0x8410, 0x8410, 0x8410, 0x8410, 
	0x8410, 0x8410, 0x8410, 0x8410, 0x8410, 0x8410, 0x8410, 0x8410, 0x8410, 0x8410, 0x8410, 0x8410, 0x8410, 0x8410, 0x8410, 0x8410, 
	0x8410, 0x8410, 0x8410, 0x8410, 0x8410, 0x8410, 0x8410, 0x8410, 0x8410, 0x8410, 0x8410, 0x8410, 0x8410, 0x8410, 0x8410, 0x8410, 
	0x8410, 0x8410, 0x8410, 0x8410, 0x8410, 0x8410, 0x8410, 0x8410, 0x8410, 0x8410, 0x8410, 0x8410, 0x8410, 0x8410, 0x8410, 0x8410, 
	0x8410, 0x8410, 0x8410, 0x8410, 0x8410, 0x8410, 0x8410, 0x8410, 0x8410, 0x8410, 0x8410, 0x8410, 0x8410, 0x8410, 0x8410, 0x8410, 
	0x8410, 0x8410, 0x8410, 0x8410, 0x8410, 0x8410, 0x8410, 0x8410, 0x8410, 0x8410, 0x8410, 0x8410, 0x8410, 0x8410, 0x8410, 0x8410, 
	0x8410, 0x8410, 0x8410, 0x8410, 0x8410, 0x8410, 0x8410, 0x8410, 0x8410, 0x8410, 0x8410, 0x8410, 0x8410, 0x8410, 0x8410, 0x8410, 
	0x8410, 0x8410, 0x8410, 0x8410, 0x8410, 0x8410, 0x8410, 0x8410, 0x8410, 0x8410, 0x8410, 0x8410, 0x8410, 0x8410, 0x8410, 0x8410
};

// Array of all bitmaps for convenience. (Total bytes used to store images in PROGMEM = 20496)
const int water_imgallArray_LEN = 1;
const uint16_t* water_imgallArray[1] = {
	water_img
};
